open,high,low,close,volume,thscode,time,thsname_cn,thsname_en,currency
265.99,268.15,264.011,267.74,1471146,AMT.N,2021-06-21,美国电塔,American Tower Corporation,USD
267.78,268.38,266.48,266.61,1156941,AMT.N,2021-06-22,美国电塔,American Tower Corporation,USD
266.0,266.61,263.525,264.22,1330564,AMT.N,2021-06-23,美国电塔,American Tower Corporation,USD
265.54,266.15,262.335,264.15,910646,AMT.N,2021-06-24,美国电塔,American Tower Corporation,USD
264.41,267.46,263.81,266.54,1882674,AMT.N,2021-06-25,美国电塔,American Tower Corporation,USD
268.37,272.0,268.37,271.79,1808670,AMT.N,2021-06-28,美国电塔,American Tower Corporation,USD
271.41,273.78,270.26,272.79,1624146,AMT.N,2021-06-29,美国电塔,American Tower Corporation,USD
272.97,274.81,270.03,270.14,1857973,AMT.N,2021-06-30,美国电塔,American Tower Corporation,USD
268.63,271.74,267.652,270.33,1537005,AMT.N,2021-07-01,美国电塔,American Tower Corporation,USD
271.3,273.5,271.3,272.87,1207859,AMT.N,2021-07-02,美国电塔,American Tower Corporation,USD
272.87,275.88,271.57,275.73,1742700,AMT.N,2021-07-06,美国电塔,American Tower Corporation,USD
275.25,279.66,274.01,278.17,1732328,AMT.N,2021-07-07,美国电塔,American Tower Corporation,USD
277.95,280.21,276.12,277.92,1179565,AMT.N,2021-07-08,美国电塔,American Tower Corporation,USD
277.67,278.76,275.32,278.45,1151760,AMT.N,2021-07-09,美国电塔,American Tower Corporation,USD
279.17,280.65,277.74,279.99,1323719,AMT.N,2021-07-12,美国电塔,American Tower Corporation,USD
278.14,281.62,277.64,278.53,1228229,AMT.N,2021-07-13,美国电塔,American Tower Corporation,USD
278.0,282.42,277.01,281.37,1198062,AMT.N,2021-07-14,美国电塔,American Tower Corporation,USD
282.1,283.22,279.03,281.28,1082462,AMT.N,2021-07-15,美国电塔,American Tower Corporation,USD
282.24,284.11,281.14,282.46,2100759,AMT.N,2021-07-16,美国电塔,American Tower Corporation,USD
282.9,284.65,278.56,280.89,2166943,AMT.N,2021-07-19,美国电塔,American Tower Corporation,USD
283.11,284.44,279.69,283.0,1502643,AMT.N,2021-07-20,美国电塔,American Tower Corporation,USD
282.68,283.135,279.93,280.26,1166995,AMT.N,2021-07-21,美国电塔,American Tower Corporation,USD
279.7,282.12,276.89,281.6,1152328,AMT.N,2021-07-22,美国电塔,American Tower Corporation,USD
282.25,285.74,280.73,285.26,1144241,AMT.N,2021-07-23,美国电塔,American Tower Corporation,USD
283.37,284.93,282.494,284.61,1174401,AMT.N,2021-07-26,美国电塔,American Tower Corporation,USD
285.01,287.5,284.03,286.88,1229223,AMT.N,2021-07-27,美国电塔,American Tower Corporation,USD
286.94,287.3,283.75,284.98,1636048,AMT.N,2021-07-28,美国电塔,American Tower Corporation,USD
286.0,289.512,282.26,283.0,1768233,AMT.N,2021-07-29,美国电塔,American Tower Corporation,USD
284.69,286.635,282.73,282.8,1762184,AMT.N,2021-07-30,美国电塔,American Tower Corporation,USD
283.5,286.13,283.17,283.62,1219283,AMT.N,2021-08-02,美国电塔,American Tower Corporation,USD
283.7,285.82,282.81,284.35,1000032,AMT.N,2021-08-03,美国电塔,American Tower Corporation,USD
284.79,285.76,281.71,284.87,1315122,AMT.N,2021-08-04,美国电塔,American Tower Corporation,USD
286.43,286.72,281.13,282.76,1307753,AMT.N,2021-08-05,美国电塔,American Tower Corporation,USD
281.4,283.44,281.01,282.12,1460140,AMT.N,2021-08-06,美国电塔,American Tower Corporation,USD
282.0,282.42,278.95,280.06,1093340,AMT.N,2021-08-09,美国电塔,American Tower Corporation,USD
281.55,281.98,275.0,275.3,1293233,AMT.N,2021-08-10,美国电塔,American Tower Corporation,USD
276.41,277.695,275.37,277.22,871555,AMT.N,2021-08-11,美国电塔,American Tower Corporation,USD
278.0,280.475,276.15,280.05,874399,AMT.N,2021-08-12,美国电塔,American Tower Corporation,USD
280.43,282.95,279.205,282.92,807987,AMT.N,2021-08-13,美国电塔,American Tower Corporation,USD
282.92,284.56,281.77,283.2,1068100,AMT.N,2021-08-16,美国电塔,American Tower Corporation,USD
281.14,286.73,281.14,286.53,922491,AMT.N,2021-08-17,美国电塔,American Tower Corporation,USD
285.96,287.285,283.33,283.38,1146165,AMT.N,2021-08-18,美国电塔,American Tower Corporation,USD
281.59,289.73,281.59,289.14,1203217,AMT.N,2021-08-19,美国电塔,American Tower Corporation,USD
289.4,291.82,287.75,290.82,1712846,AMT.N,2021-08-20,美国电塔,American Tower Corporation,USD
289.38,290.335,287.31,288.51,1071401,AMT.N,2021-08-23,美国电塔,American Tower Corporation,USD
289.49,289.81,283.39,284.6,977960,AMT.N,2021-08-24,美国电塔,American Tower Corporation,USD
284.65,284.69,281.72,282.9,973412,AMT.N,2021-08-25,美国电塔,American Tower Corporation,USD
282.22,284.87,281.72,283.18,960962,AMT.N,2021-08-26,美国电塔,American Tower Corporation,USD
284.82,285.81,282.205,285.5,882387,AMT.N,2021-08-27,美国电塔,American Tower Corporation,USD
285.5,291.77,285.22,291.68,1632626,AMT.N,2021-08-30,美国电塔,American Tower Corporation,USD
289.83,292.73,288.795,292.17,2327071,AMT.N,2021-08-31,美国电塔,American Tower Corporation,USD
292.85,298.44,291.99,297.96,1658529,AMT.N,2021-09-01,美国电塔,American Tower Corporation,USD
298.1,300.98,295.69,300.89,1796038,AMT.N,2021-09-02,美国电塔,American Tower Corporation,USD
300.05,302.3,297.17,302.01,1645280,AMT.N,2021-09-03,美国电塔,American Tower Corporation,USD
300.5,301.94,295.1,299.22,1535395,AMT.N,2021-09-07,美国电塔,American Tower Corporation,USD
298.66,303.72,298.37,303.62,1512682,AMT.N,2021-09-08,美国电塔,American Tower Corporation,USD
302.5,303.71,296.69,296.82,1243084,AMT.N,2021-09-09,美国电塔,American Tower Corporation,USD
296.49,297.155,290.06,293.88,1488665,AMT.N,2021-09-10,美国电塔,American Tower Corporation,USD
296.51,298.42,293.18,294.61,1270086,AMT.N,2021-09-13,美国电塔,American Tower Corporation,USD
295.29,297.79,294.81,296.4,1109712,AMT.N,2021-09-14,美国电塔,American Tower Corporation,USD
296.62,297.83,294.25,297.26,1044162,AMT.N,2021-09-15,美国电塔,American Tower Corporation,USD
296.79,298.0,292.84,297.14,906556,AMT.N,2021-09-16,美国电塔,American Tower Corporation,USD
293.84,297.55,293.57,293.75,2995194,AMT.N,2021-09-17,美国电塔,American Tower Corporation,USD
291.54,294.15,287.61,291.19,2374735,AMT.N,2021-09-20,美国电塔,American Tower Corporation,USD
292.25,294.22,290.67,291.87,1161580,AMT.N,2021-09-21,美国电塔,American Tower Corporation,USD
292.1,294.92,290.19,293.55,1172896,AMT.N,2021-09-22,美国电塔,American Tower Corporation,USD
293.5,293.5,285.43,288.0,1634089,AMT.N,2021-09-23,美国电塔,American Tower Corporation,USD
287.89,288.425,281.357,282.18,2318706,AMT.N,2021-09-24,美国电塔,American Tower Corporation,USD
280.91,281.85,273.67,274.1,1776671,AMT.N,2021-09-27,美国电塔,American Tower Corporation,USD
270.8,271.99,266.77,268.75,2317616,AMT.N,2021-09-28,美国电塔,American Tower Corporation,USD
269.9,271.388,268.19,270.01,1448475,AMT.N,2021-09-29,美国电塔,American Tower Corporation,USD
271.37,272.37,265.27,265.41,2090777,AMT.N,2021-09-30,美国电塔,American Tower Corporation,USD
267.01,269.016,265.087,266.61,1784730,AMT.N,2021-10-01,美国电塔,American Tower Corporation,USD
265.91,267.38,262.15,265.23,1387676,AMT.N,2021-10-04,美国电塔,American Tower Corporation,USD
265.4,266.92,262.31,264.55,1649207,AMT.N,2021-10-05,美国电塔,American Tower Corporation,USD
263.38,268.45,261.11,267.96,1421116,AMT.N,2021-10-06,美国电塔,American Tower Corporation,USD
269.2,271.78,265.61,266.11,1185130,AMT.N,2021-10-07,美国电塔,American Tower Corporation,USD
266.08,266.135,261.41,262.08,1064294,AMT.N,2021-10-08,美国电塔,American Tower Corporation,USD
261.92,263.47,260.523,261.6,1074783,AMT.N,2021-10-11,美国电塔,American Tower Corporation,USD
262.77,265.89,261.57,264.55,1352670,AMT.N,2021-10-12,美国电塔,American Tower Corporation,USD
263.3,264.39,259.32,264.18,1646662,AMT.N,2021-10-13,美国电塔,American Tower Corporation,USD
265.45,268.39,265.07,267.87,1370049,AMT.N,2021-10-14,美国电塔,American Tower Corporation,USD
269.79,271.38,267.08,269.33,3091326,AMT.N,2021-10-15,美国电塔,American Tower Corporation,USD
268.44,270.25,266.93,268.0,1354372,AMT.N,2021-10-18,美国电塔,American Tower Corporation,USD
269.72,277.46,269.04,272.9,1816952,AMT.N,2021-10-19,美国电塔,American Tower Corporation,USD
274.1,276.875,274.1,276.04,1109764,AMT.N,2021-10-20,美国电塔,American Tower Corporation,USD
275.79,279.38,273.28,279.04,1269131,AMT.N,2021-10-21,美国电塔,American Tower Corporation,USD
279.78,285.31,279.0,284.45,1496558,AMT.N,2021-10-22,美国电塔,American Tower Corporation,USD
284.5,285.68,280.62,284.58,1194663,AMT.N,2021-10-25,美国电塔,American Tower Corporation,USD
286.0,289.56,285.4,286.94,1742322,AMT.N,2021-10-26,美国电塔,American Tower Corporation,USD
288.22,291.17,285.31,285.42,1280336,AMT.N,2021-10-27,美国电塔,American Tower Corporation,USD
285.5,289.99,282.85,286.01,1391588,AMT.N,2021-10-28,美国电塔,American Tower Corporation,USD
284.23,284.93,279.64,281.97,2532004,AMT.N,2021-10-29,美国电塔,American Tower Corporation,USD
282.86,283.16,276.41,282.1,1520492,AMT.N,2021-11-01,美国电塔,American Tower Corporation,USD
282.81,285.29,279.51,282.65,1532480,AMT.N,2021-11-02,美国电塔,American Tower Corporation,USD
283.72,285.42,276.465,280.6,1133581,AMT.N,2021-11-03,美国电塔,American Tower Corporation,USD
281.8,283.45,277.64,278.95,1381144,AMT.N,2021-11-04,美国电塔,American Tower Corporation,USD
280.94,281.44,276.7,277.83,1213952,AMT.N,2021-11-05,美国电塔,American Tower Corporation,USD
278.25,279.22,273.43,278.76,1014052,AMT.N,2021-11-08,美国电塔,American Tower Corporation,USD
279.89,281.61,278.8,279.92,823290,AMT.N,2021-11-09,美国电塔,American Tower Corporation,USD
278.63,281.48,275.56,275.88,925317,AMT.N,2021-11-10,美国电塔,American Tower Corporation,USD
276.13,276.7,270.37,272.48,1221771,AMT.N,2021-11-11,美国电塔,American Tower Corporation,USD
274.49,275.22,271.6,272.1,991162,AMT.N,2021-11-12,美国电塔,American Tower Corporation,USD
267.33,268.535,259.14,260.5,3467573,AMT.N,2021-11-15,美国电塔,American Tower Corporation,USD
262.13,262.33,258.63,259.04,2783241,AMT.N,2021-11-16,美国电塔,American Tower Corporation,USD
259.1,260.4,254.7,257.53,3451709,AMT.N,2021-11-17,美国电塔,American Tower Corporation,USD
257.6,259.77,253.4,258.96,2436834,AMT.N,2021-11-18,美国电塔,American Tower Corporation,USD
260.9,264.29,259.61,260.98,2036752,AMT.N,2021-11-19,美国电塔,American Tower Corporation,USD
260.0,261.06,256.63,257.63,1835349,AMT.N,2021-11-22,美国电塔,American Tower Corporation,USD
258.26,262.21,256.75,262.0,2071114,AMT.N,2021-11-23,美国电塔,American Tower Corporation,USD
262.88,266.01,260.5,265.48,1321092,AMT.N,2021-11-24,美国电塔,American Tower Corporation,USD
266.58,267.5,262.27,262.87,1161752,AMT.N,2021-11-26,美国电塔,American Tower Corporation,USD
264.13,269.31,261.49,266.94,1842963,AMT.N,2021-11-29,美国电塔,American Tower Corporation,USD
264.16,268.15,262.36,262.48,2759474,AMT.N,2021-11-30,美国电塔,American Tower Corporation,USD
263.98,267.54,258.51,258.95,2629364,AMT.N,2021-12-01,美国电塔,American Tower Corporation,USD
259.73,267.74,259.27,266.24,1902620,AMT.N,2021-12-02,美国电塔,American Tower Corporation,USD
265.72,269.23,263.46,266.96,1804005,AMT.N,2021-12-03,美国电塔,American Tower Corporation,USD
268.53,272.9,267.34,269.57,1864992,AMT.N,2021-12-06,美国电塔,American Tower Corporation,USD
271.25,277.32,271.25,276.81,2133034,AMT.N,2021-12-07,美国电塔,American Tower Corporation,USD
276.39,277.92,273.54,275.85,1327825,AMT.N,2021-12-08,美国电塔,American Tower Corporation,USD
275.88,276.99,270.93,271.06,1116096,AMT.N,2021-12-09,美国电塔,American Tower Corporation,USD
270.91,274.175,269.45,272.57,1352392,AMT.N,2021-12-10,美国电塔,American Tower Corporation,USD
272.0,277.33,270.35,276.02,1836423,AMT.N,2021-12-13,美国电塔,American Tower Corporation,USD
274.47,278.1,271.01,273.41,2225072,AMT.N,2021-12-14,美国电塔,American Tower Corporation,USD
274.16,276.19,271.12,274.35,1932577,AMT.N,2021-12-15,美国电塔,American Tower Corporation,USD
274.8,279.67,274.715,279.47,1791520,AMT.N,2021-12-16,美国电塔,American Tower Corporation,USD
279.25,283.75,277.82,278.86,3248735,AMT.N,2021-12-17,美国电塔,American Tower Corporation,USD
275.85,279.535,275.01,278.46,1551152,AMT.N,2021-12-20,美国电塔,American Tower Corporation,USD
280.3,282.04,276.58,277.85,1382015,AMT.N,2021-12-21,美国电塔,American Tower Corporation,USD
278.95,281.34,277.705,281.25,914341,AMT.N,2021-12-22,美国电塔,American Tower Corporation,USD
280.0,280.46,276.461,278.74,1016008,AMT.N,2021-12-23,美国电塔,American Tower Corporation,USD
280.06,285.91,278.46,285.76,1235254,AMT.N,2021-12-27,美国电塔,American Tower Corporation,USD
285.76,288.94,284.72,288.49,1065659,AMT.N,2021-12-28,美国电塔,American Tower Corporation,USD
286.8,289.5,286.8,288.88,1430584,AMT.N,2021-12-29,美国电塔,American Tower Corporation,USD
289.61,291.99,287.41,291.14,1370264,AMT.N,2021-12-30,美国电塔,American Tower Corporation,USD
291.4,294.4,289.94,292.5,1274218,AMT.N,2021-12-31,美国电塔,American Tower Corporation,USD
292.37,292.545,280.284,286.38,1598003,AMT.N,2022-01-03,美国电塔,American Tower Corporation,USD
287.19,288.25,282.456,282.77,1813438,AMT.N,2022-01-04,美国电塔,American Tower Corporation,USD
278.97,279.44,262.227,264.57,4486313,AMT.N,2022-01-05,美国电塔,American Tower Corporation,USD
263.91,265.38,256.77,264.89,2473075,AMT.N,2022-01-06,美国电塔,American Tower Corporation,USD
264.03,269.24,261.0,266.58,2244354,AMT.N,2022-01-07,美国电塔,American Tower Corporation,USD
267.35,267.35,258.61,264.41,2113599,AMT.N,2022-01-10,美国电塔,American Tower Corporation,USD
259.41,261.61,256.1,260.49,1884349,AMT.N,2022-01-11,美国电塔,American Tower Corporation,USD
259.88,264.5,258.85,259.39,1876905,AMT.N,2022-01-12,美国电塔,American Tower Corporation,USD
260.0,260.23,255.06,255.44,1728049,AMT.N,2022-01-13,美国电塔,American Tower Corporation,USD
253.64,254.2,246.085,250.62,2549879,AMT.N,2022-01-14,美国电塔,American Tower Corporation,USD
248.63,250.968,247.78,250.23,2523662,AMT.N,2022-01-18,美国电塔,American Tower Corporation,USD
251.212,253.26,248.08,249.0,2200027,AMT.N,2022-01-19,美国电塔,American Tower Corporation,USD
249.89,252.855,245.54,245.94,2120932,AMT.N,2022-01-20,美国电塔,American Tower Corporation,USD
249.73,250.78,243.76,244.76,3504960,AMT.N,2022-01-21,美国电塔,American Tower Corporation,USD
241.31,249.33,239.0,248.4,2708795,AMT.N,2022-01-24,美国电塔,American Tower Corporation,USD
245.79,252.4,245.39,250.53,2065760,AMT.N,2022-01-25,美国电塔,American Tower Corporation,USD
250.63,254.37,240.399,242.6,2325038,AMT.N,2022-01-26,美国电塔,American Tower Corporation,USD
241.55,245.05,235.22,236.43,2722376,AMT.N,2022-01-27,美国电塔,American Tower Corporation,USD
237.57,246.85,233.67,246.77,2106710,AMT.N,2022-01-28,美国电塔,American Tower Corporation,USD
245.91,251.68,244.98,251.5,2664999,AMT.N,2022-01-31,美国电塔,American Tower Corporation,USD
251.07,252.45,247.59,250.15,1665909,AMT.N,2022-02-01,美国电塔,American Tower Corporation,USD
251.88,254.47,251.55,252.34,1446026,AMT.N,2022-02-02,美国电塔,American Tower Corporation,USD
250.9,252.69,249.86,250.7,1367343,AMT.N,2022-02-03,美国电塔,American Tower Corporation,USD
248.16,250.0,245.045,246.43,1275922,AMT.N,2022-02-04,美国电塔,American Tower Corporation,USD
245.77,248.36,244.5,246.26,1171570,AMT.N,2022-02-07,美国电塔,American Tower Corporation,USD
245.59,247.33,243.07,245.32,1303881,AMT.N,2022-02-08,美国电塔,American Tower Corporation,USD
248.15,250.46,246.73,249.89,1824658,AMT.N,2022-02-09,美国电塔,American Tower Corporation,USD
246.63,249.46,241.18,242.51,1453093,AMT.N,2022-02-10,美国电塔,American Tower Corporation,USD
242.96,244.95,235.49,236.9,2379643,AMT.N,2022-02-11,美国电塔,American Tower Corporation,USD
237.9,238.56,232.75,234.29,1810113,AMT.N,2022-02-14,美国电塔,American Tower Corporation,USD
237.06,237.15,232.275,233.39,1696356,AMT.N,2022-02-15,美国电塔,American Tower Corporation,USD
233.4,233.75,229.75,232.33,1275667,AMT.N,2022-02-16,美国电塔,American Tower Corporation,USD
232.01,232.51,227.76,228.67,1721132,AMT.N,2022-02-17,美国电塔,American Tower Corporation,USD
228.82,231.3,226.71,228.44,2705423,AMT.N,2022-02-18,美国电塔,American Tower Corporation,USD
228.24,230.9,224.53,228.37,2521584,AMT.N,2022-02-22,美国电塔,American Tower Corporation,USD
229.89,231.45,226.731,227.45,1934035,AMT.N,2022-02-23,美国电塔,American Tower Corporation,USD
221.81,232.62,220.0,231.75,2699757,AMT.N,2022-02-24,美国电塔,American Tower Corporation,USD
231.7,234.45,226.79,233.66,2309531,AMT.N,2022-02-25,美国电塔,American Tower Corporation,USD
231.15,231.395,223.395,226.87,3690443,AMT.N,2022-02-28,美国电塔,American Tower Corporation,USD
228.0,230.915,226.68,228.55,2467253,AMT.N,2022-03-01,美国电塔,American Tower Corporation,USD
228.31,232.77,227.74,231.0,2160356,AMT.N,2022-03-02,美国电塔,American Tower Corporation,USD
233.48,236.8,231.52,235.24,2702699,AMT.N,2022-03-03,美国电塔,American Tower Corporation,USD
233.97,239.23,233.97,238.28,2396600,AMT.N,2022-03-04,美国电塔,American Tower Corporation,USD
237.12,237.865,231.03,232.02,1499174,AMT.N,2022-03-07,美国电塔,American Tower Corporation,USD
232.52,236.65,227.51,227.97,2058048,AMT.N,2022-03-08,美国电塔,American Tower Corporation,USD
231.65,236.47,231.25,233.11,1481262,AMT.N,2022-03-09,美国电塔,American Tower Corporation,USD
230.93,233.48,227.1,232.8,1300343,AMT.N,2022-03-10,美国电塔,American Tower Corporation,USD
235.31,238.03,234.68,234.84,1889183,AMT.N,2022-03-11,美国电塔,American Tower Corporation,USD
235.97,237.16,232.45,234.93,1652426,AMT.N,2022-03-14,美国电塔,American Tower Corporation,USD
236.63,238.36,234.08,236.21,1422307,AMT.N,2022-03-15,美国电塔,American Tower Corporation,USD
237.82,240.42,235.67,239.63,1902024,AMT.N,2022-03-16,美国电塔,American Tower Corporation,USD
238.49,245.24,238.49,245.14,1876346,AMT.N,2022-03-17,美国电塔,American Tower Corporation,USD
247.17,248.46,241.8,242.53,3668166,AMT.N,2022-03-18,美国电塔,American Tower Corporation,USD
241.81,245.0,240.03,241.64,1601436,AMT.N,2022-03-21,美国电塔,American Tower Corporation,USD
242.23,243.29,239.11,239.67,1909859,AMT.N,2022-03-22,美国电塔,American Tower Corporation,USD
239.07,240.22,233.71,234.0,1968581,AMT.N,2022-03-23,美国电塔,American Tower Corporation,USD
233.6,235.56,230.67,235.49,2081191,AMT.N,2022-03-24,美国电塔,American Tower Corporation,USD
237.42,241.325,236.54,240.69,1530214,AMT.N,2022-03-25,美国电塔,American Tower Corporation,USD
241.75,245.19,241.0,245.03,1382794,AMT.N,2022-03-28,美国电塔,American Tower Corporation,USD
247.64,251.23,247.265,250.55,1917462,AMT.N,2022-03-29,美国电塔,American Tower Corporation,USD
249.15,250.92,247.37,250.87,1385431,AMT.N,2022-03-30,美国电塔,American Tower Corporation,USD
251.91,254.07,250.695,251.22,3315586,AMT.N,2022-03-31,美国电塔,American Tower Corporation,USD
251.22,257.385,250.1,256.95,1636310,AMT.N,2022-04-01,美国电塔,American Tower Corporation,USD
256.98,259.37,256.13,257.83,1989813,AMT.N,2022-04-04,美国电塔,American Tower Corporation,USD
257.55,265.355,257.04,262.92,1956269,AMT.N,2022-04-05,美国电塔,American Tower Corporation,USD
261.19,269.14,260.51,268.62,2749739,AMT.N,2022-04-06,美国电塔,American Tower Corporation,USD
265.96,267.85,264.02,265.73,1752353,AMT.N,2022-04-07,美国电塔,American Tower Corporation,USD
266.16,268.49,264.03,266.41,1559108,AMT.N,2022-04-08,美国电塔,American Tower Corporation,USD
266.59,267.74,262.59,263.31,2158648,AMT.N,2022-04-11,美国电塔,American Tower Corporation,USD
258.88,260.15,255.63,257.18,1518083,AMT.N,2022-04-12,美国电塔,American Tower Corporation,USD
258.07,258.23,254.94,257.16,1317790,AMT.N,2022-04-13,美国电塔,American Tower Corporation,USD
257.94,258.345,255.0,255.54,2312312,AMT.N,2022-04-14,美国电塔,American Tower Corporation,USD
254.14,257.38,252.15,253.91,1072713,AMT.N,2022-04-18,美国电塔,American Tower Corporation,USD
254.85,259.55,254.78,258.77,1308493,AMT.N,2022-04-19,美国电塔,American Tower Corporation,USD
259.75,267.95,259.14,267.59,1807562,AMT.N,2022-04-20,美国电塔,American Tower Corporation,USD
268.89,271.527,266.16,266.75,1712477,AMT.N,2022-04-21,美国电塔,American Tower Corporation,USD
267.13,267.13,261.85,261.9,1664695,AMT.N,2022-04-22,美国电塔,American Tower Corporation,USD
262.1,263.0,255.11,259.52,1656756,AMT.N,2022-04-25,美国电塔,American Tower Corporation,USD
258.83,261.21,254.44,254.82,1883330,AMT.N,2022-04-26,美国电塔,American Tower Corporation,USD
256.01,258.0,251.55,252.85,2049618,AMT.N,2022-04-27,美国电塔,American Tower Corporation,USD
252.62,253.86,245.21,252.18,2417451,AMT.N,2022-04-28,美国电塔,American Tower Corporation,USD
250.31,251.313,240.68,241.02,2151909,AMT.N,2022-04-29,美国电塔,American Tower Corporation,USD
241.38,245.275,232.73,236.95,2127652,AMT.N,2022-05-02,美国电塔,American Tower Corporation,USD
236.95,243.0,235.32,241.01,1367134,AMT.N,2022-05-03,美国电塔,American Tower Corporation,USD
240.63,246.04,238.67,245.64,1098650,AMT.N,2022-05-04,美国电塔,American Tower Corporation,USD
244.98,246.47,239.7,241.48,1375959,AMT.N,2022-05-05,美国电塔,American Tower Corporation,USD
239.25,245.12,238.8,244.07,1843149,AMT.N,2022-05-06,美国电塔,American Tower Corporation,USD
242.13,242.13,229.96,231.09,2423354,AMT.N,2022-05-09,美国电塔,American Tower Corporation,USD
232.63,234.14,222.333,224.75,2411709,AMT.N,2022-05-10,美国电塔,American Tower Corporation,USD
226.45,229.38,223.93,224.72,2104272,AMT.N,2022-05-11,美国电塔,American Tower Corporation,USD
224.67,226.57,222.02,225.5,2193756,AMT.N,2022-05-12,美国电塔,American Tower Corporation,USD
227.18,232.89,226.185,232.66,2229477,AMT.N,2022-05-13,美国电塔,American Tower Corporation,USD
232.61,234.89,230.03,230.22,1203104,AMT.N,2022-05-16,美国电塔,American Tower Corporation,USD
233.2,233.63,229.4,233.0,1728456,AMT.N,2022-05-17,美国电塔,American Tower Corporation,USD
232.57,233.3,229.51,230.63,1623960,AMT.N,2022-05-18,美国电塔,American Tower Corporation,USD
230.0,236.188,229.21,233.25,1825919,AMT.N,2022-05-19,美国电塔,American Tower Corporation,USD
235.45,245.17,234.305,244.28,2853943,AMT.N,2022-05-20,美国电塔,American Tower Corporation,USD
245.59,249.72,243.54,249.42,1697449,AMT.N,2022-05-23,美国电塔,American Tower Corporation,USD
249.49,259.305,248.69,258.52,2174398,AMT.N,2022-05-24,美国电塔,American Tower Corporation,USD
256.79,261.19,252.58,260.29,2392874,AMT.N,2022-05-25,美国电塔,American Tower Corporation,USD
260.72,262.27,253.96,254.69,1487229,AMT.N,2022-05-26,美国电塔,American Tower Corporation,USD
256.52,262.56,254.83,260.96,1786270,AMT.N,2022-05-27,美国电塔,American Tower Corporation,USD
257.76,259.04,255.23,256.13,2829603,AMT.N,2022-05-31,美国电塔,American Tower Corporation,USD
256.13,256.13,250.85,252.56,1418093,AMT.N,2022-06-01,美国电塔,American Tower Corporation,USD
246.06,263.19,245.68,262.36,2781835,AMT.N,2022-06-02,美国电塔,American Tower Corporation,USD
261.82,269.5,260.75,266.73,7332223,AMT.N,2022-06-03,美国电塔,American Tower Corporation,USD
269.79,271.09,266.17,267.36,4197136,AMT.N,2022-06-06,美国电塔,American Tower Corporation,USD
266.18,266.99,259.16,266.15,2135157,AMT.N,2022-06-07,美国电塔,American Tower Corporation,USD
265.64,269.04,263.32,264.46,1550443,AMT.N,2022-06-08,美国电塔,American Tower Corporation,USD
261.17,267.73,260.02,260.2,2051225,AMT.N,2022-06-09,美国电塔,American Tower Corporation,USD
257.01,257.84,250.11,251.01,2188222,AMT.N,2022-06-10,美国电塔,American Tower Corporation,USD
245.0,247.145,238.97,240.03,2272946,AMT.N,2022-06-13,美国电塔,American Tower Corporation,USD
239.18,240.48,232.66,234.49,2584892,AMT.N,2022-06-14,美国电塔,American Tower Corporation,USD
235.4,244.5,235.01,241.4,2076667,AMT.N,2022-06-15,美国电塔,American Tower Corporation,USD
234.78,236.99,232.31,234.18,1668510,AMT.N,2022-06-16,美国电塔,American Tower Corporation,USD
233.7,238.265,232.12,236.17,4291846,AMT.N,2022-06-17,美国电塔,American Tower Corporation,USD
242.0,248.54,241.89,246.85,2502006,AMT.N,2022-06-21,美国电塔,American Tower Corporation,USD
242.32,258.82,242.25,252.01,3130202,AMT.N,2022-06-22,美国电塔,American Tower Corporation,USD
253.06,259.795,252.73,258.31,2553123,AMT.N,2022-06-23,美国电塔,American Tower Corporation,USD
260.76,262.13,256.58,261.65,3131490,AMT.N,2022-06-24,美国电塔,American Tower Corporation,USD
262.23,264.09,258.14,259.33,2018918,AMT.N,2022-06-27,美国电塔,American Tower Corporation,USD
260.0,260.48,252.12,252.93,1601891,AMT.N,2022-06-28,美国电塔,American Tower Corporation,USD
250.03,253.93,247.15,253.16,1863735,AMT.N,2022-06-29,美国电塔,American Tower Corporation,USD
251.61,257.705,250.21,255.59,1938097,AMT.N,2022-06-30,美国电塔,American Tower Corporation,USD
254.53,259.035,252.44,258.4,1363377,AMT.N,2022-07-01,美国电塔,American Tower Corporation,USD
255.49,256.06,249.63,255.94,1321658,AMT.N,2022-07-05,美国电塔,American Tower Corporation,USD
257.96,260.58,256.695,258.23,1170899,AMT.N,2022-07-06,美国电塔,American Tower Corporation,USD
258.5,260.58,255.415,257.18,1089631,AMT.N,2022-07-07,美国电塔,American Tower Corporation,USD
255.32,257.88,253.72,255.01,936028,AMT.N,2022-07-08,美国电塔,American Tower Corporation,USD
255.0,258.46,252.49,257.99,1299534,AMT.N,2022-07-11,美国电塔,American Tower Corporation,USD
256.95,258.74,253.15,255.49,1650918,AMT.N,2022-07-12,美国电塔,American Tower Corporation,USD
252.41,258.21,251.17,255.92,1188505,AMT.N,2022-07-13,美国电塔,American Tower Corporation,USD
251.75,257.85,251.43,256.51,1579240,AMT.N,2022-07-14,美国电塔,American Tower Corporation,USD
259.88,260.785,255.33,257.2,1181127,AMT.N,2022-07-15,美国电塔,American Tower Corporation,USD
256.91,257.79,248.58,249.25,1608197,AMT.N,2022-07-18,美国电塔,American Tower Corporation,USD
251.61,257.27,251.5,257.16,1506361,AMT.N,2022-07-19,美国电塔,American Tower Corporation,USD
256.0,257.93,249.43,249.74,1573621,AMT.N,2022-07-20,美国电塔,American Tower Corporation,USD
250.17,255.99,248.19,255.4,1290350,AMT.N,2022-07-21,美国电塔,American Tower Corporation,USD
256.55,260.36,255.763,259.6,1587501,AMT.N,2022-07-22,美国电塔,American Tower Corporation,USD
259.35,259.66,255.9,257.34,1593317,AMT.N,2022-07-25,美国电塔,American Tower Corporation,USD
258.56,263.07,257.82,258.98,1579766,AMT.N,2022-07-26,美国电塔,American Tower Corporation,USD
259.52,261.238,255.375,258.28,1505440,AMT.N,2022-07-27,美国电塔,American Tower Corporation,USD
261.46,269.56,260.06,268.9,2589510,AMT.N,2022-07-28,美国电塔,American Tower Corporation,USD
270.35,273.95,267.51,270.83,1821179,AMT.N,2022-07-29,美国电塔,American Tower Corporation,USD
270.28,271.755,266.26,268.62,1323131,AMT.N,2022-08-01,美国电塔,American Tower Corporation,USD
269.1,271.18,266.03,266.63,1681063,AMT.N,2022-08-02,美国电塔,American Tower Corporation,USD
267.84,269.93,264.87,268.83,1370203,AMT.N,2022-08-03,美国电塔,American Tower Corporation,USD
269.15,271.72,268.0,271.27,1257846,AMT.N,2022-08-04,美国电塔,American Tower Corporation,USD
268.37,272.43,267.035,272.19,1156388,AMT.N,2022-08-05,美国电塔,American Tower Corporation,USD
274.75,276.875,271.33,273.0,968855,AMT.N,2022-08-08,美国电塔,American Tower Corporation,USD
273.83,277.32,270.35,276.18,1459759,AMT.N,2022-08-09,美国电塔,American Tower Corporation,USD
279.97,279.97,275.07,277.79,1351227,AMT.N,2022-08-10,美国电塔,American Tower Corporation,USD
278.92,278.92,273.27,273.95,1260462,AMT.N,2022-08-11,美国电塔,American Tower Corporation,USD
275.68,277.905,274.64,277.72,1110090,AMT.N,2022-08-12,美国电塔,American Tower Corporation,USD
278.39,282.47,278.13,281.52,1329151,AMT.N,2022-08-15,美国电塔,American Tower Corporation,USD
278.85,280.08,275.89,278.45,1183534,AMT.N,2022-08-16,美国电塔,American Tower Corporation,USD
276.85,278.98,275.44,277.46,1059047,AMT.N,2022-08-17,美国电塔,American Tower Corporation,USD
277.52,279.199,272.92,275.49,1139050,AMT.N,2022-08-18,美国电塔,American Tower Corporation,USD
274.99,277.59,273.39,274.41,2110662,AMT.N,2022-08-19,美国电塔,American Tower Corporation,USD
272.32,274.15,268.925,269.75,946886,AMT.N,2022-08-22,美国电塔,American Tower Corporation,USD
268.32,268.9,263.32,265.23,971044,AMT.N,2022-08-23,美国电塔,American Tower Corporation,USD
266.29,266.71,264.1,264.48,1372907,AMT.N,2022-08-24,美国电塔,American Tower Corporation,USD
265.75,268.46,262.31,268.24,1367408,AMT.N,2022-08-25,美国电塔,American Tower Corporation,USD
267.87,268.31,261.07,261.19,1227396,AMT.N,2022-08-26,美国电塔,American Tower Corporation,USD
259.8,262.64,258.19,259.72,1577915,AMT.N,2022-08-29,美国电塔,American Tower Corporation,USD
259.9,260.68,252.698,253.4,1211175,AMT.N,2022-08-30,美国电塔,American Tower Corporation,USD
253.86,256.21,252.97,254.05,2005133,AMT.N,2022-08-31,美国电塔,American Tower Corporation,USD
252.94,257.75,251.62,257.64,1590489,AMT.N,2022-09-01,美国电塔,American Tower Corporation,USD
259.54,260.975,250.48,250.85,1387679,AMT.N,2022-09-02,美国电塔,American Tower Corporation,USD
252.11,256.47,251.0,254.18,1163730,AMT.N,2022-09-06,美国电塔,American Tower Corporation,USD
254.93,260.05,253.65,259.5,1095808,AMT.N,2022-09-07,美国电塔,American Tower Corporation,USD
259.66,262.0,257.26,261.67,1518728,AMT.N,2022-09-08,美国电塔,American Tower Corporation,USD
262.49,263.212,259.67,261.59,880074,AMT.N,2022-09-09,美国电塔,American Tower Corporation,USD
262.06,265.56,261.96,265.09,946188,AMT.N,2022-09-12,美国电塔,American Tower Corporation,USD
260.55,262.215,253.96,254.63,1711368,AMT.N,2022-09-13,美国电塔,American Tower Corporation,USD
251.43,255.09,249.78,251.82,2087005,AMT.N,2022-09-14,美国电塔,American Tower Corporation,USD
251.59,251.985,244.59,245.06,1561437,AMT.N,2022-09-15,美国电塔,American Tower Corporation,USD
244.43,247.65,243.97,245.89,3287522,AMT.N,2022-09-16,美国电塔,American Tower Corporation,USD
244.4,247.78,241.58,247.5,1249352,AMT.N,2022-09-19,美国电塔,American Tower Corporation,USD
245.35,245.85,237.325,237.9,2093034,AMT.N,2022-09-20,美国电塔,American Tower Corporation,USD
239.97,242.44,234.045,234.15,1942407,AMT.N,2022-09-21,美国电塔,American Tower Corporation,USD
232.71,236.46,232.21,232.78,1446047,AMT.N,2022-09-22,美国电塔,American Tower Corporation,USD
230.91,231.88,225.63,228.81,1907135,AMT.N,2022-09-23,美国电塔,American Tower Corporation,USD
229.14,229.14,218.13,221.37,2146859,AMT.N,2022-09-26,美国电塔,American Tower Corporation,USD
223.88,226.5,219.47,220.6,1900882,AMT.N,2022-09-27,美国电塔,American Tower Corporation,USD
223.59,223.93,219.81,221.06,1988815,AMT.N,2022-09-28,美国电塔,American Tower Corporation,USD
218.34,220.17,211.38,213.72,2096505,AMT.N,2022-09-29,美国电塔,American Tower Corporation,USD
215.86,217.32,212.03,214.7,2501939,AMT.N,2022-09-30,美国电塔,American Tower Corporation,USD
216.89,219.2,212.35,217.17,2102261,AMT.N,2022-10-03,美国电塔,American Tower Corporation,USD
218.95,224.34,217.965,220.08,2032978,AMT.N,2022-10-04,美国电塔,American Tower Corporation,USD
217.14,217.54,211.38,214.14,1518768,AMT.N,2022-10-05,美国电塔,American Tower Corporation,USD
213.62,214.16,202.78,203.07,2908664,AMT.N,2022-10-06,美国电塔,American Tower Corporation,USD
199.12,201.03,193.41,194.63,3165300,AMT.N,2022-10-07,美国电塔,American Tower Corporation,USD
196.0,198.17,188.96,189.58,1992344,AMT.N,2022-10-10,美国电塔,American Tower Corporation,USD
189.44,191.98,185.27,189.27,2463256,AMT.N,2022-10-11,美国电塔,American Tower Corporation,USD
188.58,189.35,182.3,183.79,2572497,AMT.N,2022-10-12,美国电塔,American Tower Corporation,USD
179.87,191.44,178.17,189.85,3518266,AMT.N,2022-10-13,美国电塔,American Tower Corporation,USD
191.61,192.67,185.06,185.78,2466536,AMT.N,2022-10-14,美国电塔,American Tower Corporation,USD
189.76,195.9,188.83,192.49,3040978,AMT.N,2022-10-17,美国电塔,American Tower Corporation,USD
194.52,197.94,194.22,197.22,3253609,AMT.N,2022-10-18,美国电塔,American Tower Corporation,USD
195.01,196.19,190.51,190.99,1824883,AMT.N,2022-10-19,美国电塔,American Tower Corporation,USD
191.15,191.155,185.37,188.0,2515648,AMT.N,2022-10-20,美国电塔,American Tower Corporation,USD
188.97,188.97,183.127,187.56,2078086,AMT.N,2022-10-21,美国电塔,American Tower Corporation,USD
189.69,191.43,184.18,185.4,1856435,AMT.N,2022-10-24,美国电塔,American Tower Corporation,USD
185.96,196.05,185.92,195.53,2495243,AMT.N,2022-10-25,美国电塔,American Tower Corporation,USD
195.0,199.31,194.21,196.92,2512311,AMT.N,2022-10-26,美国电塔,American Tower Corporation,USD
198.87,203.95,196.18,198.68,3414473,AMT.N,2022-10-27,美国电塔,American Tower Corporation,USD
197.3,208.37,197.3,204.71,2613812,AMT.N,2022-10-28,美国电塔,American Tower Corporation,USD
201.65,209.88,200.7,207.19,2513463,AMT.N,2022-10-31,美国电塔,American Tower Corporation,USD
209.41,213.315,206.59,207.88,1907060,AMT.N,2022-11-01,美国电塔,American Tower Corporation,USD
206.73,212.01,202.345,205.19,2655696,AMT.N,2022-11-02,美国电塔,American Tower Corporation,USD
203.21,204.56,201.08,201.33,1703849,AMT.N,2022-11-03,美国电塔,American Tower Corporation,USD
202.91,204.38,199.14,203.92,1788136,AMT.N,2022-11-04,美国电塔,American Tower Corporation,USD
204.64,205.99,201.7,202.02,1828829,AMT.N,2022-11-07,美国电塔,American Tower Corporation,USD
202.02,205.488,201.1,203.02,2071794,AMT.N,2022-11-08,美国电塔,American Tower Corporation,USD
204.01,206.73,200.4,201.04,1530293,AMT.N,2022-11-09,美国电塔,American Tower Corporation,USD
213.11,221.58,209.64,220.9,2781282,AMT.N,2022-11-10,美国电塔,American Tower Corporation,USD
222.81,225.44,221.02,223.26,1915700,AMT.N,2022-11-11,美国电塔,American Tower Corporation,USD
221.78,222.165,215.23,215.38,1628136,AMT.N,2022-11-14,美国电塔,American Tower Corporation,USD
215.4,219.82,215.07,219.58,2152341,AMT.N,2022-11-15,美国电塔,American Tower Corporation,USD
220.09,223.06,218.125,219.15,2400809,AMT.N,2022-11-16,美国电塔,American Tower Corporation,USD
217.72,219.59,214.385,216.34,2144778,AMT.N,2022-11-17,美国电塔,American Tower Corporation,USD
217.63,220.21,214.63,215.93,2360692,AMT.N,2022-11-18,美国电塔,American Tower Corporation,USD
215.59,220.24,215.59,219.91,1682406,AMT.N,2022-11-21,美国电塔,American Tower Corporation,USD
220.73,221.2,215.47,218.13,1562378,AMT.N,2022-11-22,美国电塔,American Tower Corporation,USD
218.2,220.42,216.26,218.25,1210527,AMT.N,2022-11-23,美国电塔,American Tower Corporation,USD
219.64,221.24,218.38,220.08,566461,AMT.N,2022-11-25,美国电塔,American Tower Corporation,USD
218.71,220.37,213.04,213.9,1367286,AMT.N,2022-11-28,美国电塔,American Tower Corporation,USD
214.81,217.27,213.32,217.22,1848103,AMT.N,2022-11-29,美国电塔,American Tower Corporation,USD
215.88,221.34,214.67,221.25,3889213,AMT.N,2022-11-30,美国电塔,American Tower Corporation,USD
224.42,225.965,219.89,221.3,1708694,AMT.N,2022-12-01,美国电塔,American Tower Corporation,USD
218.27,220.91,216.27,219.37,1354622,AMT.N,2022-12-02,美国电塔,American Tower Corporation,USD
215.95,218.49,214.58,215.61,1454287,AMT.N,2022-12-05,美国电塔,American Tower Corporation,USD
216.27,216.845,211.76,212.52,1672297,AMT.N,2022-12-06,美国电塔,American Tower Corporation,USD
211.93,215.6,209.46,211.11,1624784,AMT.N,2022-12-07,美国电塔,American Tower Corporation,USD
210.39,213.83,209.22,212.25,2465283,AMT.N,2022-12-08,美国电塔,American Tower Corporation,USD
211.97,216.39,211.27,213.84,1646866,AMT.N,2022-12-09,美国电塔,American Tower Corporation,USD
214.88,215.93,211.97,215.87,1847664,AMT.N,2022-12-12,美国电塔,American Tower Corporation,USD
222.96,227.97,220.91,223.39,2179126,AMT.N,2022-12-13,美国电塔,American Tower Corporation,USD
222.72,226.97,219.742,219.85,1902769,AMT.N,2022-12-14,美国电塔,American Tower Corporation,USD
217.32,221.39,216.541,218.22,1693552,AMT.N,2022-12-15,美国电塔,American Tower Corporation,USD
215.09,215.15,208.08,213.45,3724220,AMT.N,2022-12-16,美国电塔,American Tower Corporation,USD
213.15,213.15,207.76,209.62,1401770,AMT.N,2022-12-19,美国电塔,American Tower Corporation,USD
207.96,210.43,205.76,208.69,1307461,AMT.N,2022-12-20,美国电塔,American Tower Corporation,USD
209.79,213.39,209.49,210.6,1410201,AMT.N,2022-12-21,美国电塔,American Tower Corporation,USD
209.36,211.1,206.4,210.6,2212186,AMT.N,2022-12-22,美国电塔,American Tower Corporation,USD
209.41,212.59,209.01,212.45,1146744,AMT.N,2022-12-23,美国电塔,American Tower Corporation,USD
211.0,211.68,208.635,210.9,1550053,AMT.N,2022-12-27,美国电塔,American Tower Corporation,USD
211.35,214.25,209.99,210.1,1411720,AMT.N,2022-12-28,美国电塔,American Tower Corporation,USD
211.85,216.7,210.13,215.74,1323910,AMT.N,2022-12-29,美国电塔,American Tower Corporation,USD
214.33,215.2,209.177,211.86,1450509,AMT.N,2022-12-30,美国电塔,American Tower Corporation,USD
214.0,215.25,210.97,214.67,1812441,AMT.N,2023-01-03,美国电塔,American Tower Corporation,USD
217.41,222.54,215.51,219.0,1796147,AMT.N,2023-01-04,美国电塔,American Tower Corporation,USD
217.07,217.81,211.5,212.13,1494990,AMT.N,2023-01-05,美国电塔,American Tower Corporation,USD
213.4,219.34,210.925,218.5,1980390,AMT.N,2023-01-06,美国电塔,American Tower Corporation,USD
220.85,223.46,219.14,219.3,1727437,AMT.N,2023-01-09,美国电塔,American Tower Corporation,USD
221.09,222.95,219.75,221.95,1691259,AMT.N,2023-01-10,美国电塔,American Tower Corporation,USD
223.71,228.81,223.71,228.12,1894016,AMT.N,2023-01-11,美国电塔,American Tower Corporation,USD
229.3,232.8,225.56,232.21,2364724,AMT.N,2023-01-12,美国电塔,American Tower Corporation,USD
229.25,234.87,229.25,232.81,2007337,AMT.N,2023-01-13,美国电塔,American Tower Corporation,USD
234.23,235.57,230.96,231.05,2204636,AMT.N,2023-01-17,美国电塔,American Tower Corporation,USD
231.26,232.51,224.24,225.19,2212952,AMT.N,2023-01-18,美国电塔,American Tower Corporation,USD
224.07,227.11,222.965,223.35,1864404,AMT.N,2023-01-19,美国电塔,American Tower Corporation,USD
221.36,221.76,214.46,221.41,2990400,AMT.N,2023-01-20,美国电塔,American Tower Corporation,USD
218.89,219.99,215.1,215.67,2723609,AMT.N,2023-01-23,美国电塔,American Tower Corporation,USD
214.93,216.56,212.64,215.17,1991885,AMT.N,2023-01-24,美国电塔,American Tower Corporation,USD
213.91,219.4,212.79,218.66,1985144,AMT.N,2023-01-25,美国电塔,American Tower Corporation,USD
219.84,221.5,218.5,221.03,1126119,AMT.N,2023-01-26,美国电塔,American Tower Corporation,USD
220.71,221.925,219.43,220.79,1360244,AMT.N,2023-01-27,美国电塔,American Tower Corporation,USD
219.99,222.58,217.85,218.06,1422213,AMT.N,2023-01-30,美国电塔,American Tower Corporation,USD
218.05,223.42,218.05,223.39,1548484,AMT.N,2023-01-31,美国电塔,American Tower Corporation,USD
221.89,228.97,221.065,227.14,2601470,AMT.N,2023-02-01,美国电塔,American Tower Corporation,USD
230.21,235.49,225.54,227.39,2195833,AMT.N,2023-02-02,美国电塔,American Tower Corporation,USD
224.41,225.38,218.04,222.06,2485767,AMT.N,2023-02-03,美国电塔,American Tower Corporation,USD
218.88,221.53,216.52,220.57,1797855,AMT.N,2023-02-06,美国电塔,American Tower Corporation,USD
218.93,220.21,215.8,219.47,1834467,AMT.N,2023-02-07,美国电塔,American Tower Corporation,USD
218.88,219.99,216.87,218.47,1936139,AMT.N,2023-02-08,美国电塔,American Tower Corporation,USD
219.43,220.49,214.62,215.19,1220039,AMT.N,2023-02-09,美国电塔,American Tower Corporation,USD
213.15,217.2,212.35,216.72,1929886,AMT.N,2023-02-10,美国电塔,American Tower Corporation,USD
217.56,219.01,215.39,217.26,1352755,AMT.N,2023-02-13,美国电塔,American Tower Corporation,USD
216.92,217.52,213.145,215.15,1017286,AMT.N,2023-02-14,美国电塔,American Tower Corporation,USD
213.51,216.63,213.01,216.6,1381596,AMT.N,2023-02-15,美国电塔,American Tower Corporation,USD
213.83,214.76,210.36,212.0,1719821,AMT.N,2023-02-16,美国电塔,American Tower Corporation,USD
210.96,211.97,208.49,210.26,1793731,AMT.N,2023-02-17,美国电塔,American Tower Corporation,USD
208.66,208.66,203.29,204.65,1888502,AMT.N,2023-02-21,美国电塔,American Tower Corporation,USD
205.08,205.11,198.59,199.28,3564534,AMT.N,2023-02-22,美国电塔,American Tower Corporation,USD
201.25,203.96,200.0,201.96,3234006,AMT.N,2023-02-23,美国电塔,American Tower Corporation,USD
198.79,200.28,194.08,195.73,2727006,AMT.N,2023-02-24,美国电塔,American Tower Corporation,USD
198.57,199.86,192.96,195.08,2348110,AMT.N,2023-02-27,美国电塔,American Tower Corporation,USD
195.1,199.6,194.34,198.01,2741611,AMT.N,2023-02-28,美国电塔,American Tower Corporation,USD
196.52,198.81,192.86,194.89,3261010,AMT.N,2023-03-01,美国电塔,American Tower Corporation,USD
193.32,198.18,193.32,197.53,1884904,AMT.N,2023-03-02,美国电塔,American Tower Corporation,USD
199.26,202.58,199.085,202.5,2044803,AMT.N,2023-03-03,美国电塔,American Tower Corporation,USD
203.88,204.16,198.14,198.57,1788930,AMT.N,2023-03-06,美国电塔,American Tower Corporation,USD
198.12,198.26,192.04,192.37,1907035,AMT.N,2023-03-07,美国电塔,American Tower Corporation,USD
192.13,197.231,191.37,195.77,1603067,AMT.N,2023-03-08,美国电塔,American Tower Corporation,USD
195.59,197.77,190.75,191.2,1463930,AMT.N,2023-03-09,美国电塔,American Tower Corporation,USD
191.16,194.54,190.38,191.27,2357959,AMT.N,2023-03-10,美国电塔,American Tower Corporation,USD
190.9,200.99,189.55,196.33,2325323,AMT.N,2023-03-13,美国电塔,American Tower Corporation,USD
199.07,200.01,195.32,199.83,2461552,AMT.N,2023-03-14,美国电塔,American Tower Corporation,USD
197.9,203.21,197.74,202.32,3117498,AMT.N,2023-03-15,美国电塔,American Tower Corporation,USD
201.99,206.15,201.41,205.05,2622423,AMT.N,2023-03-16,美国电塔,American Tower Corporation,USD
205.41,207.65,200.87,201.35,3456929,AMT.N,2023-03-17,美国电塔,American Tower Corporation,USD
200.94,203.68,199.79,201.95,2000732,AMT.N,2023-03-20,美国电塔,American Tower Corporation,USD
201.54,202.34,194.63,198.19,2578260,AMT.N,2023-03-21,美国电塔,American Tower Corporation,USD
196.05,197.685,191.92,192.12,1943534,AMT.N,2023-03-22,美国电塔,American Tower Corporation,USD
192.3,195.3,190.37,191.62,2053220,AMT.N,2023-03-23,美国电塔,American Tower Corporation,USD
190.89,199.68,189.37,199.62,1897744,AMT.N,2023-03-24,美国电塔,American Tower Corporation,USD
200.19,201.34,192.76,193.15,2389878,AMT.N,2023-03-27,美国电塔,American Tower Corporation,USD
191.99,194.25,190.96,192.87,1480223,AMT.N,2023-03-28,美国电塔,American Tower Corporation,USD
195.36,198.57,195.08,198.49,1784192,AMT.N,2023-03-29,美国电塔,American Tower Corporation,USD
201.66,202.74,200.02,201.18,1477845,AMT.N,2023-03-30,美国电塔,American Tower Corporation,USD
201.14,204.49,201.01,204.34,2558038,AMT.N,2023-03-31,美国电塔,American Tower Corporation,USD
203.19,204.95,199.12,201.1,2876208,AMT.N,2023-04-03,美国电塔,American Tower Corporation,USD
201.26,204.11,200.81,203.45,3431571,AMT.N,2023-04-04,美国电塔,American Tower Corporation,USD
203.51,207.76,203.44,204.69,2060205,AMT.N,2023-04-05,美国电塔,American Tower Corporation,USD
205.37,207.01,203.53,206.69,1273382,AMT.N,2023-04-06,美国电塔,American Tower Corporation,USD
205.13,208.73,203.77,208.35,1728792,AMT.N,2023-04-10,美国电塔,American Tower Corporation,USD
208.32,212.51,207.3,210.38,2115059,AMT.N,2023-04-11,美国电塔,American Tower Corporation,USD
212.0,213.48,210.43,211.26,2306315,AMT.N,2023-04-12,美国电塔,American Tower Corporation,USD
210.12,211.95,208.81,210.81,1686105,AMT.N,2023-04-13,美国电塔,American Tower Corporation,USD
210.49,210.77,205.305,206.89,1174764,AMT.N,2023-04-14,美国电塔,American Tower Corporation,USD
207.77,211.94,207.08,208.83,1857915,AMT.N,2023-04-17,美国电塔,American Tower Corporation,USD
208.45,208.86,206.17,208.18,2116106,AMT.N,2023-04-18,美国电塔,American Tower Corporation,USD
207.13,210.64,206.78,208.12,1186696,AMT.N,2023-04-19,美国电塔,American Tower Corporation,USD
207.81,207.81,204.71,205.59,1472334,AMT.N,2023-04-20,美国电塔,American Tower Corporation,USD
206.59,206.59,202.83,204.14,2177379,AMT.N,2023-04-21,美国电塔,American Tower Corporation,USD
204.29,205.01,201.75,203.94,1356696,AMT.N,2023-04-24,美国电塔,American Tower Corporation,USD
203.38,205.12,201.59,201.74,1339909,AMT.N,2023-04-25,美国电塔,American Tower Corporation,USD
202.55,206.47,200.08,200.34,1789358,AMT.N,2023-04-26,美国电塔,American Tower Corporation,USD
200.34,205.96,200.34,205.64,1744746,AMT.N,2023-04-27,美国电塔,American Tower Corporation,USD
205.66,206.61,203.32,204.39,2082284,AMT.N,2023-04-28,美国电塔,American Tower Corporation,USD
203.29,203.992,199.36,199.5,2135963,AMT.N,2023-05-01,美国电塔,American Tower Corporation,USD
199.67,201.74,195.68,196.13,2133831,AMT.N,2023-05-02,美国电塔,American Tower Corporation,USD
196.45,197.45,191.6,191.97,1491315,AMT.N,2023-05-03,美国电塔,American Tower Corporation,USD
191.27,196.42,191.27,194.4,1984321,AMT.N,2023-05-04,美国电塔,American Tower Corporation,USD
194.94,197.643,193.635,196.75,1210905,AMT.N,2023-05-05,美国电塔,American Tower Corporation,USD
195.51,196.44,192.553,193.21,1311512,AMT.N,2023-05-08,美国电塔,American Tower Corporation,USD
192.31,194.94,190.85,193.52,1511522,AMT.N,2023-05-09,美国电塔,American Tower Corporation,USD
195.49,198.16,194.82,196.36,1628776,AMT.N,2023-05-10,美国电塔,American Tower Corporation,USD
195.65,195.98,192.79,195.69,1714523,AMT.N,2023-05-11,美国电塔,American Tower Corporation,USD
195.89,200.41,195.64,200.29,2130700,AMT.N,2023-05-12,美国电塔,American Tower Corporation,USD
200.77,202.4,194.3,195.46,2134852,AMT.N,2023-05-15,美国电塔,American Tower Corporation,USD
195.23,196.145,190.97,191.04,1395580,AMT.N,2023-05-16,美国电塔,American Tower Corporation,USD
192.0,194.865,190.79,194.76,1181172,AMT.N,2023-05-17,美国电塔,American Tower Corporation,USD
193.74,194.26,187.57,191.03,2387553,AMT.N,2023-05-18,美国电塔,American Tower Corporation,USD
191.42,192.88,189.58,190.73,1250608,AMT.N,2023-05-19,美国电塔,American Tower Corporation,USD
191.0,195.03,190.28,193.47,1753997,AMT.N,2023-05-22,美国电塔,American Tower Corporation,USD
192.52,193.91,187.65,188.15,1755539,AMT.N,2023-05-23,美国电塔,American Tower Corporation,USD
187.75,188.13,183.17,183.39,2011483,AMT.N,2023-05-24,美国电塔,American Tower Corporation,USD
184.58,184.65,181.65,182.56,2597937,AMT.N,2023-05-25,美国电塔,American Tower Corporation,USD
182.0,183.0,180.16,182.18,2692181,AMT.N,2023-05-26,美国电塔,American Tower Corporation,USD
184.27,188.35,181.31,182.0,2483454,AMT.N,2023-05-30,美国电塔,American Tower Corporation,USD
182.26,185.64,178.53,184.44,7074825,AMT.N,2023-05-31,美国电塔,American Tower Corporation,USD
184.19,188.815,184.15,187.01,2618295,AMT.N,2023-06-01,美国电塔,American Tower Corporation,USD
190.28,192.073,189.065,191.15,2188214,AMT.N,2023-06-02,美国电塔,American Tower Corporation,USD
191.92,193.71,188.37,188.64,1383058,AMT.N,2023-06-05,美国电塔,American Tower Corporation,USD
189.79,189.79,186.27,189.11,1390364,AMT.N,2023-06-06,美国电塔,American Tower Corporation,USD
190.0,193.69,189.03,190.93,1823216,AMT.N,2023-06-07,美国电塔,American Tower Corporation,USD
190.21,191.12,187.661,190.02,1184640,AMT.N,2023-06-08,美国电塔,American Tower Corporation,USD
189.98,189.98,184.82,187.3,1825379,AMT.N,2023-06-09,美国电塔,American Tower Corporation,USD
187.5,188.71,185.89,188.56,1533473,AMT.N,2023-06-12,美国电塔,American Tower Corporation,USD
188.23,191.25,186.94,191.02,1946308,AMT.N,2023-06-13,美国电塔,American Tower Corporation,USD
192.25,193.77,190.285,193.02,2510060,AMT.N,2023-06-14,美国电塔,American Tower Corporation,USD
191.55,194.945,189.29,194.27,2432474,AMT.N,2023-06-15,美国电塔,American Tower Corporation,USD
192.29,194.44,191.55,192.89,3283334,AMT.N,2023-06-16,美国电塔,American Tower Corporation,USD
191.59,193.21,189.95,190.05,2139416,AMT.N,2023-06-20,美国电塔,American Tower Corporation,USD
188.87,190.07,185.99,189.34,2127628,AMT.N,2023-06-21,美国电塔,American Tower Corporation,USD
189.62,189.62,186.3,186.43,2431584,AMT.N,2023-06-22,美国电塔,American Tower Corporation,USD
186.01,189.24,185.24,186.03,4173278,AMT.N,2023-06-23,美国电塔,American Tower Corporation,USD
185.65,188.83,184.82,188.13,2308833,AMT.N,2023-06-26,美国电塔,American Tower Corporation,USD
188.97,189.42,187.18,187.72,1776339,AMT.N,2023-06-27,美国电塔,American Tower Corporation,USD
187.74,191.75,185.93,191.61,2600277,AMT.N,2023-06-28,美国电塔,American Tower Corporation,USD
189.81,193.02,188.68,192.73,2674172,AMT.N,2023-06-29,美国电塔,American Tower Corporation,USD
194.27,195.3,191.19,193.94,3243175,AMT.N,2023-06-30,美国电塔,American Tower Corporation,USD
193.4,196.32,192.66,195.04,970958,AMT.N,2023-07-03,美国电塔,American Tower Corporation,USD
195.0,199.32,194.82,198.36,2179047,AMT.N,2023-07-05,美国电塔,American Tower Corporation,USD
196.0,197.44,193.77,196.01,1605642,AMT.N,2023-07-06,美国电塔,American Tower Corporation,USD
194.89,197.11,191.885,195.55,1830201,AMT.N,2023-07-07,美国电塔,American Tower Corporation,USD
194.35,195.63,192.95,193.55,1615726,AMT.N,2023-07-10,美国电塔,American Tower Corporation,USD
193.64,195.02,192.665,194.6,1484250,AMT.N,2023-07-11,美国电塔,American Tower Corporation,USD
197.26,198.33,194.59,195.43,1649199,AMT.N,2023-07-12,美国电塔,American Tower Corporation,USD
195.08,196.945,192.8,196.84,1750014,AMT.N,2023-07-13,美国电塔,American Tower Corporation,USD
196.1,196.664,193.61,193.97,1712215,AMT.N,2023-07-14,美国电塔,American Tower Corporation,USD
192.93,193.205,184.9,186.26,4360153,AMT.N,2023-07-17,美国电塔,American Tower Corporation,USD
186.0,188.941,182.16,185.79,3090639,AMT.N,2023-07-18,美国电塔,American Tower Corporation,USD
189.33,193.61,188.62,189.11,3380765,AMT.N,2023-07-19,美国电塔,American Tower Corporation,USD
182.82,184.86,179.21,184.65,4163961,AMT.N,2023-07-20,美国电塔,American Tower Corporation,USD
184.92,186.04,181.605,184.89,4474303,AMT.N,2023-07-21,美国电塔,American Tower Corporation,USD
185.92,191.32,184.03,190.83,3420677,AMT.N,2023-07-24,美国电塔,American Tower Corporation,USD
191.0,191.485,186.66,186.79,2353660,AMT.N,2023-07-25,美国电塔,American Tower Corporation,USD
187.04,190.24,186.85,189.98,3158566,AMT.N,2023-07-26,美国电塔,American Tower Corporation,USD
194.42,200.81,193.19,193.23,2969643,AMT.N,2023-07-27,美国电塔,American Tower Corporation,USD
194.93,196.18,188.94,188.97,1714587,AMT.N,2023-07-28,美国电塔,American Tower Corporation,USD
189.34,191.685,189.0,190.31,1812772,AMT.N,2023-07-31,美国电塔,American Tower Corporation,USD
190.75,192.345,189.66,191.24,2243800,AMT.N,2023-08-01,美国电塔,American Tower Corporation,USD
190.17,191.94,188.13,190.62,2236423,AMT.N,2023-08-02,美国电塔,American Tower Corporation,USD
189.34,190.3,183.68,185.75,2493049,AMT.N,2023-08-03,美国电塔,American Tower Corporation,USD
184.17,187.795,183.35,184.77,1687502,AMT.N,2023-08-04,美国电塔,American Tower Corporation,USD
185.0,186.01,182.24,183.52,1559571,AMT.N,2023-08-07,美国电塔,American Tower Corporation,USD
182.2,184.89,179.85,184.61,2047317,AMT.N,2023-08-08,美国电塔,American Tower Corporation,USD
183.93,187.195,183.47,187.1,1475752,AMT.N,2023-08-09,美国电塔,American Tower Corporation,USD
187.17,189.325,186.5,186.94,1618379,AMT.N,2023-08-10,美国电塔,American Tower Corporation,USD
185.83,187.9,185.82,187.11,1073113,AMT.N,2023-08-11,美国电塔,American Tower Corporation,USD
185.87,187.39,184.94,187.15,1341963,AMT.N,2023-08-14,美国电塔,American Tower Corporation,USD
185.34,187.15,184.19,185.65,1487825,AMT.N,2023-08-15,美国电塔,American Tower Corporation,USD
185.75,186.17,177.4,177.99,2200417,AMT.N,2023-08-16,美国电塔,American Tower Corporation,USD
177.65,179.655,175.92,176.31,2370199,AMT.N,2023-08-17,美国电塔,American Tower Corporation,USD
174.69,177.88,174.3,176.45,1511325,AMT.N,2023-08-18,美国电塔,American Tower Corporation,USD
175.22,175.88,172.55,175.02,1998504,AMT.N,2023-08-21,美国电塔,American Tower Corporation,USD
175.16,176.38,173.21,175.73,1658405,AMT.N,2023-08-22,美国电塔,American Tower Corporation,USD
177.46,178.49,176.725,177.84,1655773,AMT.N,2023-08-23,美国电塔,American Tower Corporation,USD
178.4,179.525,176.28,177.15,1055717,AMT.N,2023-08-24,美国电塔,American Tower Corporation,USD
177.09,178.55,175.67,177.53,1174703,AMT.N,2023-08-25,美国电塔,American Tower Corporation,USD
178.15,179.05,176.795,178.17,1381865,AMT.N,2023-08-28,美国电塔,American Tower Corporation,USD
178.68,181.65,177.78,181.5,1573109,AMT.N,2023-08-29,美国电塔,American Tower Corporation,USD
182.5,184.188,181.81,182.28,1858341,AMT.N,2023-08-30,美国电塔,American Tower Corporation,USD
183.08,183.52,180.73,181.32,1567089,AMT.N,2023-08-31,美国电塔,American Tower Corporation,USD
182.49,182.49,179.29,180.79,1654106,AMT.N,2023-09-01,美国电塔,American Tower Corporation,USD
180.56,182.44,179.5,180.42,1715242,AMT.N,2023-09-05,美国电塔,American Tower Corporation,USD
180.19,180.19,176.14,178.01,2313336,AMT.N,2023-09-06,美国电塔,American Tower Corporation,USD
177.62,183.53,177.34,182.55,2404518,AMT.N,2023-09-07,美国电塔,American Tower Corporation,USD
182.89,183.3,178.861,180.89,1645781,AMT.N,2023-09-08,美国电塔,American Tower Corporation,USD
180.76,181.04,177.55,180.28,1393106,AMT.N,2023-09-11,美国电塔,American Tower Corporation,USD
179.35,179.615,175.4,179.19,1341477,AMT.N,2023-09-12,美国电塔,American Tower Corporation,USD
178.48,178.93,176.37,176.95,1639014,AMT.N,2023-09-13,美国电塔,American Tower Corporation,USD
178.63,182.22,178.63,181.08,1444605,AMT.N,2023-09-14,美国电塔,American Tower Corporation,USD
180.97,182.43,179.235,180.14,3514612,AMT.N,2023-09-15,美国电塔,American Tower Corporation,USD
179.91,181.64,178.7,179.53,1499122,AMT.N,2023-09-18,美国电塔,American Tower Corporation,USD
178.47,179.99,177.07,177.36,1612620,AMT.N,2023-09-19,美国电塔,American Tower Corporation,USD
178.99,179.71,177.04,177.41,1885806,AMT.N,2023-09-20,美国电塔,American Tower Corporation,USD
176.76,176.761,169.15,169.32,2499682,AMT.N,2023-09-21,美国电塔,American Tower Corporation,USD
169.04,169.77,165.91,166.21,3732843,AMT.N,2023-09-22,美国电塔,American Tower Corporation,USD
165.05,165.91,163.08,165.72,2681106,AMT.N,2023-09-25,美国电塔,American Tower Corporation,USD
163.34,164.89,162.65,162.91,2702810,AMT.N,2023-09-26,美国电塔,American Tower Corporation,USD
162.91,163.45,158.17,159.69,3178788,AMT.N,2023-09-27,美国电塔,American Tower Corporation,USD
160.4,163.3,158.85,162.32,2694052,AMT.N,2023-09-28,美国电塔,American Tower Corporation,USD
165.61,165.99,163.71,164.45,2529281,AMT.N,2023-09-29,美国电塔,American Tower Corporation,USD
163.63,164.0,160.61,161.71,2061141,AMT.N,2023-10-02,美国电塔,American Tower Corporation,USD
161.0,161.97,157.72,158.1,1783473,AMT.N,2023-10-03,美国电塔,American Tower Corporation,USD
158.47,159.447,155.634,157.68,2217239,AMT.N,2023-10-04,美国电塔,American Tower Corporation,USD
156.97,159.29,155.61,158.71,1485980,AMT.N,2023-10-05,美国电塔,American Tower Corporation,USD
156.8,160.46,154.58,159.57,1878736,AMT.N,2023-10-06,美国电塔,American Tower Corporation,USD
158.76,162.72,158.755,162.02,1952110,AMT.N,2023-10-09,美国电塔,American Tower Corporation,USD
159.89,160.75,158.29,158.56,2794018,AMT.N,2023-10-10,美国电塔,American Tower Corporation,USD
159.69,165.8,158.83,165.62,2782469,AMT.N,2023-10-11,美国电塔,American Tower Corporation,USD
165.87,166.52,162.57,164.24,1765097,AMT.N,2023-10-12,美国电塔,American Tower Corporation,USD
166.17,168.55,165.47,166.96,1969368,AMT.N,2023-10-13,美国电塔,American Tower Corporation,USD
166.39,170.32,164.52,169.18,2062229,AMT.N,2023-10-16,美国电塔,American Tower Corporation,USD
167.32,169.92,165.77,166.91,1732545,AMT.N,2023-10-17,美国电塔,American Tower Corporation,USD
167.01,167.545,162.7,162.78,1728695,AMT.N,2023-10-18,美国电塔,American Tower Corporation,USD
158.47,162.54,158.006,159.43,2672217,AMT.N,2023-10-19,美国电塔,American Tower Corporation,USD
160.77,162.215,159.72,160.09,2560764,AMT.N,2023-10-20,美国电塔,American Tower Corporation,USD
158.51,161.25,157.25,159.29,2187737,AMT.N,2023-10-23,美国电塔,American Tower Corporation,USD
159.91,163.7,159.91,163.23,2404561,AMT.N,2023-10-24,美国电塔,American Tower Corporation,USD
162.22,163.3,160.49,161.93,2448369,AMT.N,2023-10-25,美国电塔,American Tower Corporation,USD
163.0,177.22,162.55,175.06,5013466,AMT.N,2023-10-26,美国电塔,American Tower Corporation,USD
175.5,176.03,170.2,171.99,2829577,AMT.N,2023-10-27,美国电塔,American Tower Corporation,USD
171.92,173.97,169.7,172.64,2568591,AMT.N,2023-10-30,美国电塔,American Tower Corporation,USD
174.07,178.655,174.0,178.19,2930740,AMT.N,2023-10-31,美国电塔,American Tower Corporation,USD
178.48,179.27,177.0,178.38,1781318,AMT.N,2023-11-01,美国电塔,American Tower Corporation,USD
181.32,186.54,180.62,184.15,2908013,AMT.N,2023-11-02,美国电塔,American Tower Corporation,USD
186.07,193.2,185.86,190.57,3417103,AMT.N,2023-11-03,美国电塔,American Tower Corporation,USD
189.94,190.76,185.27,186.7,1943821,AMT.N,2023-11-06,美国电塔,American Tower Corporation,USD
187.52,187.63,185.17,185.45,1544400,AMT.N,2023-11-07,美国电塔,American Tower Corporation,USD
185.69,185.69,183.18,184.42,1447454,AMT.N,2023-11-08,美国电塔,American Tower Corporation,USD
184.6,185.27,180.905,181.84,1949344,AMT.N,2023-11-09,美国电塔,American Tower Corporation,USD
183.54,184.544,179.315,183.79,1738751,AMT.N,2023-11-10,美国电塔,American Tower Corporation,USD
182.24,185.28,181.03,183.62,1425176,AMT.N,2023-11-13,美国电塔,American Tower Corporation,USD
192.96,195.98,190.89,194.2,2910453,AMT.N,2023-11-14,美国电塔,American Tower Corporation,USD
193.11,198.75,192.72,195.88,3803043,AMT.N,2023-11-15,美国电塔,American Tower Corporation,USD
196.8,199.85,195.15,199.11,3260589,AMT.N,2023-11-16,美国电塔,American Tower Corporation,USD
200.12,200.51,197.045,197.74,2593655,AMT.N,2023-11-17,美国电塔,American Tower Corporation,USD
197.45,199.8,195.34,199.64,1945537,AMT.N,2023-11-20,美国电塔,American Tower Corporation,USD
199.56,199.567,196.82,197.54,1989324,AMT.N,2023-11-21,美国电塔,American Tower Corporation,USD
200.18,200.58,197.83,198.79,1393260,AMT.N,2023-11-22,美国电塔,American Tower Corporation,USD
197.99,199.33,196.4,199.32,614123,AMT.N,2023-11-24,美国电塔,American Tower Corporation,USD
200.48,202.84,199.02,201.21,2525270,AMT.N,2023-11-27,美国电塔,American Tower Corporation,USD
200.78,203.52,200.525,203.22,2105310,AMT.N,2023-11-28,美国电塔,American Tower Corporation,USD
205.0,208.82,203.99,206.18,2933423,AMT.N,2023-11-29,美国电塔,American Tower Corporation,USD
205.54,208.96,204.28,208.78,2943345,AMT.N,2023-11-30,美国电塔,American Tower Corporation,USD
208.4,210.835,206.13,210.47,2093350,AMT.N,2023-12-01,美国电塔,American Tower Corporation,USD
209.21,209.835,207.69,208.73,2668581,AMT.N,2023-12-04,美国电塔,American Tower Corporation,USD
208.92,211.06,207.41,210.41,1738062,AMT.N,2023-12-05,美国电塔,American Tower Corporation,USD
211.79,213.31,210.615,210.76,2037797,AMT.N,2023-12-06,美国电塔,American Tower Corporation,USD
211.6,212.05,210.25,210.72,1964478,AMT.N,2023-12-07,美国电塔,American Tower Corporation,USD
209.8,210.29,204.05,206.45,2364324,AMT.N,2023-12-08,美国电塔,American Tower Corporation,USD
205.9,207.99,204.11,205.6,2468644,AMT.N,2023-12-11,美国电塔,American Tower Corporation,USD
205.85,205.98,203.58,205.05,1712877,AMT.N,2023-12-12,美国电塔,American Tower Corporation,USD
204.98,212.43,203.66,211.04,2244544,AMT.N,2023-12-13,美国电塔,American Tower Corporation,USD
215.46,218.48,211.24,212.17,2975050,AMT.N,2023-12-14,美国电塔,American Tower Corporation,USD
210.13,212.79,208.33,212.15,3722435,AMT.N,2023-12-15,美国电塔,American Tower Corporation,USD
212.04,214.04,209.91,210.69,1805046,AMT.N,2023-12-18,美国电塔,American Tower Corporation,USD
211.45,213.23,210.65,211.0,1776883,AMT.N,2023-12-19,美国电塔,American Tower Corporation,USD
211.51,214.51,209.27,211.11,2991192,AMT.N,2023-12-20,美国电塔,American Tower Corporation,USD
212.99,214.34,211.54,214.28,1685487,AMT.N,2023-12-21,美国电塔,American Tower Corporation,USD
214.96,217.11,213.66,215.19,1106416,AMT.N,2023-12-22,美国电塔,American Tower Corporation,USD
215.28,216.99,214.44,216.24,1053089,AMT.N,2023-12-26,美国电塔,American Tower Corporation,USD
214.01,217.11,214.01,216.72,1860666,AMT.N,2023-12-27,美国电塔,American Tower Corporation,USD
216.71,218.32,215.58,217.16,1125411,AMT.N,2023-12-28,美国电塔,American Tower Corporation,USD
215.98,216.8,215.0,215.88,1584433,AMT.N,2023-12-29,美国电塔,American Tower Corporation,USD
214.41,219.1,214.41,218.81,1566330,AMT.N,2024-01-02,美国电塔,American Tower Corporation,USD
217.49,218.99,214.61,214.69,1533506,AMT.N,2024-01-03,美国电塔,American Tower Corporation,USD
213.64,217.67,212.677,215.46,2032973,AMT.N,2024-01-04,美国电塔,American Tower Corporation,USD
213.7,216.25,213.04,214.28,1884018,AMT.N,2024-01-05,美国电塔,American Tower Corporation,USD
213.42,216.215,212.52,216.08,1703214,AMT.N,2024-01-08,美国电塔,American Tower Corporation,USD
214.35,214.422,210.27,211.86,1578869,AMT.N,2024-01-09,美国电塔,American Tower Corporation,USD
211.61,212.085,208.37,208.97,2088949,AMT.N,2024-01-10,美国电塔,American Tower Corporation,USD
208.29,208.74,206.09,207.65,2271646,AMT.N,2024-01-11,美国电塔,American Tower Corporation,USD
209.67,211.82,208.46,209.43,1763449,AMT.N,2024-01-12,美国电塔,American Tower Corporation,USD
208.97,210.838,207.55,208.05,2400038,AMT.N,2024-01-16,美国电塔,American Tower Corporation,USD
205.4,210.39,202.72,204.95,2629464,AMT.N,2024-01-17,美国电塔,American Tower Corporation,USD
205.25,206.79,202.54,203.91,2881022,AMT.N,2024-01-18,美国电塔,American Tower Corporation,USD
204.66,205.14,202.78,203.87,1986366,AMT.N,2024-01-19,美国电塔,American Tower Corporation,USD
204.1,206.69,201.95,204.02,2185510,AMT.N,2024-01-22,美国电塔,American Tower Corporation,USD
204.76,205.29,201.38,202.26,2108946,AMT.N,2024-01-23,美国电塔,American Tower Corporation,USD
203.1,203.4,195.96,196.76,3308619,AMT.N,2024-01-24,美国电塔,American Tower Corporation,USD
199.39,201.635,198.0,200.21,2510687,AMT.N,2024-01-25,美国电塔,American Tower Corporation,USD
199.2,199.83,197.08,197.29,1831069,AMT.N,2024-01-26,美国电塔,American Tower Corporation,USD
197.08,199.3,195.76,199.11,2466044,AMT.N,2024-01-29,美国电塔,American Tower Corporation,USD
198.5,199.0,195.36,195.56,2428092,AMT.N,2024-01-30,美国电塔,American Tower Corporation,USD
196.9,200.87,194.75,195.65,2454201,AMT.N,2024-01-31,美国电塔,American Tower Corporation,USD
195.335,198.43,193.37,198.39,2700870,AMT.N,2024-02-01,美国电塔,American Tower Corporation,USD
195.0,195.55,189.33,193.51,2913979,AMT.N,2024-02-02,美国电塔,American Tower Corporation,USD
191.05,191.69,187.82,189.47,2489076,AMT.N,2024-02-05,美国电塔,American Tower Corporation,USD
189.47,192.57,189.15,191.67,1777672,AMT.N,2024-02-06,美国电塔,American Tower Corporation,USD
192.29,193.86,190.55,193.62,2254848,AMT.N,2024-02-07,美国电塔,American Tower Corporation,USD
192.63,194.25,191.63,193.64,2001165,AMT.N,2024-02-08,美国电塔,American Tower Corporation,USD
193.4,194.51,191.64,194.44,1903969,AMT.N,2024-02-09,美国电塔,American Tower Corporation,USD
194.99,195.41,191.44,191.77,1589691,AMT.N,2024-02-12,美国电塔,American Tower Corporation,USD
188.17,188.7,184.05,188.42,3512561,AMT.N,2024-02-13,美国电塔,American Tower Corporation,USD
188.85,190.028,186.84,188.49,1818138,AMT.N,2024-02-14,美国电塔,American Tower Corporation,USD
189.97,190.725,187.74,189.46,2412001,AMT.N,2024-02-15,美国电塔,American Tower Corporation,USD
186.78,187.61,185.015,187.13,2127509,AMT.N,2024-02-16,美国电塔,American Tower Corporation,USD
187.09,188.71,185.77,188.4,2241019,AMT.N,2024-02-20,美国电塔,American Tower Corporation,USD
189.22,189.66,186.63,188.22,1863180,AMT.N,2024-02-21,美国电塔,American Tower Corporation,USD
189.01,189.01,185.605,188.01,2149718,AMT.N,2024-02-22,美国电塔,American Tower Corporation,USD
188.12,191.27,187.45,189.93,1458552,AMT.N,2024-02-23,美国电塔,American Tower Corporation,USD
189.2,191.375,186.72,187.72,3310691,AMT.N,2024-02-26,美国电塔,American Tower Corporation,USD
189.19,190.61,181.16,186.68,4672171,AMT.N,2024-02-27,美国电塔,American Tower Corporation,USD
186.5,195.83,186.5,193.76,4059122,AMT.N,2024-02-28,美国电塔,American Tower Corporation,USD
195.2,200.8,195.14,198.86,4676993,AMT.N,2024-02-29,美国电塔,American Tower Corporation,USD
198.9,202.05,196.15,201.76,3473494,AMT.N,2024-03-01,美国电塔,American Tower Corporation,USD
201.43,206.52,198.99,206.15,2851856,AMT.N,2024-03-04,美国电塔,American Tower Corporation,USD
205.94,209.61,204.64,205.42,2469875,AMT.N,2024-03-05,美国电塔,American Tower Corporation,USD
206.46,207.23,204.99,206.01,1865480,AMT.N,2024-03-06,美国电塔,American Tower Corporation,USD
207.63,207.93,203.795,204.73,2085790,AMT.N,2024-03-07,美国电塔,American Tower Corporation,USD
206.6,209.16,205.89,207.31,2155964,AMT.N,2024-03-08,美国电塔,American Tower Corporation,USD
205.93,208.32,204.86,206.75,2006252,AMT.N,2024-03-11,美国电塔,American Tower Corporation,USD
205.71,206.24,201.58,204.18,1746177,AMT.N,2024-03-12,美国电塔,American Tower Corporation,USD
204.3,205.05,201.29,202.35,1690392,AMT.N,2024-03-13,美国电塔,American Tower Corporation,USD
201.02,202.55,196.21,199.19,2010395,AMT.N,2024-03-14,美国电塔,American Tower Corporation,USD
195.58,198.75,195.13,197.34,3346948,AMT.N,2024-03-15,美国电塔,American Tower Corporation,USD
196.6,197.83,195.51,195.91,1833532,AMT.N,2024-03-18,美国电塔,American Tower Corporation,USD
196.17,196.88,194.695,196.63,1463536,AMT.N,2024-03-19,美国电塔,American Tower Corporation,USD
195.42,196.72,193.81,194.63,2154994,AMT.N,2024-03-20,美国电塔,American Tower Corporation,USD
195.86,196.55,193.66,193.94,2658145,AMT.N,2024-03-21,美国电塔,American Tower Corporation,USD
194.74,194.74,191.55,192.79,2581885,AMT.N,2024-03-22,美国电塔,American Tower Corporation,USD
193.69,196.22,193.53,195.56,2144835,AMT.N,2024-03-25,美国电塔,American Tower Corporation,USD
195.26,195.47,193.9,194.1,1823364,AMT.N,2024-03-26,美国电塔,American Tower Corporation,USD
195.645,197.75,194.02,197.38,2494193,AMT.N,2024-03-27,美国电塔,American Tower Corporation,USD
198.37,198.37,196.005,197.59,2170518,AMT.N,2024-03-28,美国电塔,American Tower Corporation,USD
196.55,196.58,192.185,193.01,2195793,AMT.N,2024-04-01,美国电塔,American Tower Corporation,USD
191.83,193.83,191.34,192.18,2321286,AMT.N,2024-04-02,美国电塔,American Tower Corporation,USD
191.37,193.25,190.18,192.31,2270398,AMT.N,2024-04-03,美国电塔,American Tower Corporation,USD
194.09,194.8,190.09,190.3,2265425,AMT.N,2024-04-04,美国电塔,American Tower Corporation,USD
189.25,192.24,188.78,190.17,2538781,AMT.N,2024-04-05,美国电塔,American Tower Corporation,USD
190.1,190.488,186.635,188.21,2296949,AMT.N,2024-04-08,美国电塔,American Tower Corporation,USD
189.37,192.99,188.84,192.81,1962968,AMT.N,2024-04-09,美国电塔,American Tower Corporation,USD
187.19,187.485,180.54,181.96,4136543,AMT.N,2024-04-10,美国电塔,American Tower Corporation,USD
182.01,182.28,178.33,178.64,3688596,AMT.N,2024-04-11,美国电塔,American Tower Corporation,USD
178.78,179.675,177.13,179.2,3839228,AMT.N,2024-04-12,美国电塔,American Tower Corporation,USD
179.2,180.28,176.02,178.12,2563028,AMT.N,2024-04-15,美国电塔,American Tower Corporation,USD
177.95,177.95,171.76,172.21,3848820,AMT.N,2024-04-16,美国电塔,American Tower Corporation,USD
172.96,173.36,171.08,172.02,2732832,AMT.N,2024-04-17,美国电塔,American Tower Corporation,USD
173.73,174.06,170.67,171.0,2276185,AMT.N,2024-04-18,美国电塔,American Tower Corporation,USD
171.8,173.01,170.69,171.3,2867595,AMT.N,2024-04-19,美国电塔,American Tower Corporation,USD
171.63,172.94,171.01,172.3,2603759,AMT.N,2024-04-22,美国电塔,American Tower Corporation,USD
172.49,176.07,171.43,174.18,2659034,AMT.N,2024-04-23,美国电塔,American Tower Corporation,USD
172.67,175.44,172.355,173.35,3029333,AMT.N,2024-04-24,美国电塔,American Tower Corporation,USD
171.75,173.22,171.28,172.9,1862294,AMT.N,2024-04-25,美国电塔,American Tower Corporation,USD
172.72,174.94,171.33,171.69,1701397,AMT.N,2024-04-26,美国电塔,American Tower Corporation,USD
173.26,175.56,173.2,174.99,2115182,AMT.N,2024-04-29,美国电塔,American Tower Corporation,USD
175.53,176.92,170.46,171.56,3710749,AMT.N,2024-04-30,美国电塔,American Tower Corporation,USD
173.28,178.81,171.495,176.84,3877575,AMT.N,2024-05-01,美国电塔,American Tower Corporation,USD
178.01,179.7,175.365,179.64,3278182,AMT.N,2024-05-02,美国电塔,American Tower Corporation,USD
183.5,184.89,181.17,181.74,3130327,AMT.N,2024-05-03,美国电塔,American Tower Corporation,USD
182.28,182.7,177.52,178.69,2297894,AMT.N,2024-05-06,美国电塔,American Tower Corporation,USD
179.98,181.45,179.23,181.28,2594855,AMT.N,2024-05-07,美国电塔,American Tower Corporation,USD
179.95,181.52,178.51,181.33,2014399,AMT.N,2024-05-08,美国电塔,American Tower Corporation,USD
182.64,187.75,181.96,186.37,2588033,AMT.N,2024-05-09,美国电塔,American Tower Corporation,USD
186.47,186.71,182.5,184.49,3158133,AMT.N,2024-05-10,美国电塔,American Tower Corporation,USD
185.36,186.23,183.05,185.0,1842738,AMT.N,2024-05-13,美国电塔,American Tower Corporation,USD
186.36,187.61,185.4,186.96,2008358,AMT.N,2024-05-14,美国电塔,American Tower Corporation,USD
191.15,194.255,191.15,192.02,2815317,AMT.N,2024-05-15,美国电塔,American Tower Corporation,USD
191.65,196.21,191.506,194.94,2616921,AMT.N,2024-05-16,美国电塔,American Tower Corporation,USD
195.56,195.56,193.19,194.51,2157303,AMT.N,2024-05-17,美国电塔,American Tower Corporation,USD
194.0,195.09,191.66,191.76,1733508,AMT.N,2024-05-20,美国电塔,American Tower Corporation,USD
191.5,194.33,190.28,194.13,1527286,AMT.N,2024-05-21,美国电塔,American Tower Corporation,USD
193.59,194.24,190.22,191.34,1681095,AMT.N,2024-05-22,美国电塔,American Tower Corporation,USD
189.78,191.57,186.51,186.6,1768802,AMT.N,2024-05-23,美国电塔,American Tower Corporation,USD
187.15,188.51,185.54,185.93,1257941,AMT.N,2024-05-24,美国电塔,American Tower Corporation,USD
186.56,187.71,184.87,185.03,1828433,AMT.N,2024-05-28,美国电塔,American Tower Corporation,USD
183.35,186.48,183.04,185.32,1977702,AMT.N,2024-05-29,美国电塔,American Tower Corporation,USD
186.4,191.02,185.34,190.78,2850462,AMT.N,2024-05-30,美国电塔,American Tower Corporation,USD
191.88,197.19,191.17,195.74,7332012,AMT.N,2024-05-31,美国电塔,American Tower Corporation,USD
196.0,197.83,194.99,196.97,2333298,AMT.N,2024-06-03,美国电塔,American Tower Corporation,USD
198.0,201.58,197.0,200.41,3236297,AMT.N,2024-06-04,美国电塔,American Tower Corporation,USD
200.26,200.89,197.696,198.19,1737070,AMT.N,2024-06-05,美国电塔,American Tower Corporation,USD
198.0,200.03,196.76,199.49,1865862,AMT.N,2024-06-06,美国电塔,American Tower Corporation,USD
195.87,196.475,191.75,194.26,2143410,AMT.N,2024-06-07,美国电塔,American Tower Corporation,USD
193.86,196.07,192.7,194.72,2874742,AMT.N,2024-06-10,美国电塔,American Tower Corporation,USD
194.72,196.34,193.14,193.27,2781808,AMT.N,2024-06-11,美国电塔,American Tower Corporation,USD
197.95,198.84,193.65,193.82,3331545,AMT.N,2024-06-12,美国电塔,American Tower Corporation,USD
194.02,197.5,193.99,196.78,1531260,AMT.N,2024-06-13,美国电塔,American Tower Corporation,USD
194.93,197.745,194.93,197.03,1933243,AMT.N,2024-06-14,美国电塔,American Tower Corporation,USD
194.86,194.98,192.191,192.28,1779925,AMT.N,2024-06-17,美国电塔,American Tower Corporation,USD
192.58,195.98,192.56,192.78,2407868,AMT.N,2024-06-18,美国电塔,American Tower Corporation,USD
191.84,194.65,191.515,194.17,2236362,AMT.N,2024-06-20,美国电塔,American Tower Corporation,USD
194.1,196.37,192.91,194.85,2837037,AMT.N,2024-06-21,美国电塔,American Tower Corporation,USD
194.7,198.71,193.715,196.39,1792183,AMT.N,2024-06-24,美国电塔,American Tower Corporation,USD
196.35,197.43,192.19,192.68,1364437,AMT.N,2024-06-25,美国电塔,American Tower Corporation,USD
191.35,193.265,190.38,192.67,1828480,AMT.N,2024-06-26,美国电塔,American Tower Corporation,USD
193.25,195.41,192.17,195.32,1599526,AMT.N,2024-06-27,美国电塔,American Tower Corporation,USD
196.18,197.88,193.79,194.38,2393894,AMT.N,2024-06-28,美国电塔,American Tower Corporation,USD
194.4,195.905,191.62,194.02,1691747,AMT.N,2024-07-01,美国电塔,American Tower Corporation,USD
194.35,195.24,191.55,192.27,1913583,AMT.N,2024-07-02,美国电塔,American Tower Corporation,USD
193.07,195.08,192.47,194.79,1182562,AMT.N,2024-07-03,美国电塔,American Tower Corporation,USD
194.98,196.36,193.47,195.64,1018567,AMT.N,2024-07-05,美国电塔,American Tower Corporation,USD
195.13,197.39,194.51,196.17,1508837,AMT.N,2024-07-08,美国电塔,American Tower Corporation,USD
195.55,196.226,192.74,195.96,1577224,AMT.N,2024-07-09,美国电塔,American Tower Corporation,USD
197.39,197.49,193.8,196.77,1576905,AMT.N,2024-07-10,美国电塔,American Tower Corporation,USD
201.09,207.39,200.0,207.2,2256189,AMT.N,2024-07-11,美国电塔,American Tower Corporation,USD
209.06,212.19,207.5,210.61,2238589,AMT.N,2024-07-12,美国电塔,American Tower Corporation,USD
210.0,211.21,206.93,208.84,1585429,AMT.N,2024-07-15,美国电塔,American Tower Corporation,USD
210.44,211.21,207.1,210.15,1329375,AMT.N,2024-07-16,美国电塔,American Tower Corporation,USD
210.3,213.18,209.61,213.12,1759861,AMT.N,2024-07-17,美国电塔,American Tower Corporation,USD
210.81,214.46,209.675,210.65,1736359,AMT.N,2024-07-18,美国电塔,American Tower Corporation,USD
211.87,211.87,209.32,210.14,1404055,AMT.N,2024-07-19,美国电塔,American Tower Corporation,USD
209.97,212.43,208.23,209.37,1476193,AMT.N,2024-07-22,美国电塔,American Tower Corporation,USD
209.56,212.185,208.97,209.52,1123621,AMT.N,2024-07-23,美国电塔,American Tower Corporation,USD
210.25,212.81,208.57,209.39,1922843,AMT.N,2024-07-24,美国电塔,American Tower Corporation,USD
210.54,215.86,209.12,209.92,1926727,AMT.N,2024-07-25,美国电塔,American Tower Corporation,USD
210.81,214.12,210.06,213.72,1548313,AMT.N,2024-07-26,美国电塔,American Tower Corporation,USD
213.72,215.59,211.0,214.93,1607965,AMT.N,2024-07-29,美国电塔,American Tower Corporation,USD
220.0,223.46,217.61,223.05,2447841,AMT.N,2024-07-30,美国电塔,American Tower Corporation,USD
221.5,222.33,218.0,220.4,2924228,AMT.N,2024-07-31,美国电塔,American Tower Corporation,USD
222.8,229.22,222.01,227.93,3047037,AMT.N,2024-08-01,美国电塔,American Tower Corporation,USD
230.0,236.0,228.785,234.64,4750517,AMT.N,2024-08-02,美国电塔,American Tower Corporation,USD
231.88,236.13,226.01,226.19,4329568,AMT.N,2024-08-05,美国电塔,American Tower Corporation,USD
225.02,230.65,224.31,228.16,2823195,AMT.N,2024-08-06,美国电塔,American Tower Corporation,USD
226.35,229.77,225.05,225.97,3315841,AMT.N,2024-08-07,美国电塔,American Tower Corporation,USD
223.86,225.55,221.5,223.61,2942192,AMT.N,2024-08-08,美国电塔,American Tower Corporation,USD
224.84,225.395,222.34,222.59,2071509,AMT.N,2024-08-09,美国电塔,American Tower Corporation,USD
221.58,225.66,219.79,225.54,1455653,AMT.N,2024-08-12,美国电塔,American Tower Corporation,USD
225.86,226.16,222.03,222.66,5449941,AMT.N,2024-08-13,美国电塔,American Tower Corporation,USD
223.22,225.22,222.8,223.18,2313737,AMT.N,2024-08-14,美国电塔,American Tower Corporation,USD
221.27,221.45,217.5,218.06,1858378,AMT.N,2024-08-15,美国电塔,American Tower Corporation,USD
217.9,220.439,217.0,219.85,1986252,AMT.N,2024-08-16,美国电塔,American Tower Corporation,USD
219.42,220.9,219.04,219.66,1262046,AMT.N,2024-08-19,美国电塔,American Tower Corporation,USD
219.66,220.98,218.3,220.38,1630990,AMT.N,2024-08-20,美国电塔,American Tower Corporation,USD
218.37,220.0,217.02,219.49,2262630,AMT.N,2024-08-21,美国电塔,American Tower Corporation,USD
219.01,220.615,218.45,220.1,1926500,AMT.N,2024-08-22,美国电塔,American Tower Corporation,USD
220.97,227.68,220.56,227.0,1803979,AMT.N,2024-08-23,美国电塔,American Tower Corporation,USD
227.73,228.39,225.02,225.31,1142472,AMT.N,2024-08-26,美国电塔,American Tower Corporation,USD
222.19,226.29,222.19,226.16,921558,AMT.N,2024-08-27,美国电塔,American Tower Corporation,USD
226.45,227.65,224.18,225.25,1105576,AMT.N,2024-08-28,美国电塔,American Tower Corporation,USD
224.24,226.25,221.25,223.52,2003196,AMT.N,2024-08-29,美国电塔,American Tower Corporation,USD
223.88,225.68,221.43,224.06,1796764,AMT.N,2024-08-30,美国电塔,American Tower Corporation,USD
222.85,231.69,222.81,230.37,2660171,AMT.N,2024-09-03,美国电塔,American Tower Corporation,USD
231.43,236.125,230.26,232.52,2261861,AMT.N,2024-09-04,美国电塔,American Tower Corporation,USD
234.39,235.43,232.13,233.64,1990837,AMT.N,2024-09-05,美国电塔,American Tower Corporation,USD
234.0,236.44,232.53,236.16,2749994,AMT.N,2024-09-06,美国电塔,American Tower Corporation,USD
235.4,239.215,235.04,238.53,1983964,AMT.N,2024-09-09,美国电塔,American Tower Corporation,USD
239.35,243.56,239.15,242.83,2016794,AMT.N,2024-09-10,美国电塔,American Tower Corporation,USD
240.21,241.16,236.8,238.97,2216503,AMT.N,2024-09-11,美国电塔,American Tower Corporation,USD
239.0,239.5,233.94,237.14,2003818,AMT.N,2024-09-12,美国电塔,American Tower Corporation,USD
237.77,238.78,235.355,238.5,1983420,AMT.N,2024-09-13,美国电塔,American Tower Corporation,USD
238.92,241.97,238.92,240.32,2255500,AMT.N,2024-09-16,美国电塔,American Tower Corporation,USD
240.18,241.46,239.16,239.45,1526006,AMT.N,2024-09-17,美国电塔,American Tower Corporation,USD
238.86,240.28,235.355,235.95,1828121,AMT.N,2024-09-18,美国电塔,American Tower Corporation,USD
234.0,234.56,227.7,232.31,3434476,AMT.N,2024-09-19,美国电塔,American Tower Corporation,USD
231.66,235.34,230.74,235.06,3682951,AMT.N,2024-09-20,美国电塔,American Tower Corporation,USD
236.03,236.889,233.19,236.27,1762013,AMT.N,2024-09-23,美国电塔,American Tower Corporation,USD
234.24,237.02,233.74,236.47,1616104,AMT.N,2024-09-24,美国电塔,American Tower Corporation,USD
236.58,238.34,235.16,235.63,1447232,AMT.N,2024-09-25,美国电塔,American Tower Corporation,USD
233.12,234.02,230.26,231.77,2312538,AMT.N,2024-09-26,美国电塔,American Tower Corporation,USD
233.11,233.5,229.915,230.32,3051009,AMT.N,2024-09-27,美国电塔,American Tower Corporation,USD
230.52,232.78,228.75,232.56,2256722,AMT.N,2024-09-30,美国电塔,American Tower Corporation,USD
233.49,234.47,231.1,232.07,2279933,AMT.N,2024-10-01,美国电塔,American Tower Corporation,USD
230.99,233.05,229.52,231.88,2229583,AMT.N,2024-10-02,美国电塔,American Tower Corporation,USD
231.6,231.71,227.705,229.28,1590914,AMT.N,2024-10-03,美国电塔,American Tower Corporation,USD
225.87,226.0,221.51,223.66,1942688,AMT.N,2024-10-04,美国电塔,American Tower Corporation,USD
222.28,223.54,221.38,223.37,1658097,AMT.N,2024-10-07,美国电塔,American Tower Corporation,USD
223.53,225.62,223.19,224.28,1630902,AMT.N,2024-10-08,美国电塔,American Tower Corporation,USD
222.0,222.6872,219.41,220.78,1573997,AMT.N,2024-10-09,美国电塔,American Tower Corporation,USD
219.58,221.52,216.51,217.9,1924286,AMT.N,2024-10-10,美国电塔,American Tower Corporation,USD
219.06,219.68,217.59,219.27,1614001,AMT.N,2024-10-11,美国电塔,American Tower Corporation,USD
217.71,221.99,217.013,221.7,1501964,AMT.N,2024-10-14,美国电塔,American Tower Corporation,USD
224.0,229.73,223.37,229.43,2310128,AMT.N,2024-10-15,美国电塔,American Tower Corporation,USD
228.26,231.05,226.81,227.52,1518104,AMT.N,2024-10-16,美国电塔,American Tower Corporation,USD
226.2,227.52,223.29,224.16,2021729,AMT.N,2024-10-17,美国电塔,American Tower Corporation,USD
225.87,227.06,224.19,226.3,1441933,AMT.N,2024-10-18,美国电塔,American Tower Corporation,USD
225.09,228.0,220.28,221.47,1295730,AMT.N,2024-10-21,美国电塔,American Tower Corporation,USD
219.6,222.482,219.25,221.46,1971495,AMT.N,2024-10-22,美国电塔,American Tower Corporation,USD
221.5,226.76,221.5,226.27,2712931,AMT.N,2024-10-23,美国电塔,American Tower Corporation,USD
226.0,228.8,225.8,225.93,1618292,AMT.N,2024-10-24,美国电塔,American Tower Corporation,USD
225.66,227.91,221.89,222.8,2054209,AMT.N,2024-10-25,美国电塔,American Tower Corporation,USD
225.33,225.64,221.84,222.22,1934987,AMT.N,2024-10-28,美国电塔,American Tower Corporation,USD
215.16,220.0,211.55,212.91,3591423,AMT.N,2024-10-29,美国电塔,American Tower Corporation,USD
213.59,217.1,212.435,213.48,2437824,AMT.N,2024-10-30,美国电塔,American Tower Corporation,USD
211.28,216.29,209.7,213.54,1961938,AMT.N,2024-10-31,美国电塔,American Tower Corporation,USD
217.76,218.92,210.92,211.26,1989131,AMT.N,2024-11-01,美国电塔,American Tower Corporation,USD
213.05,214.44,209.66,212.11,2333808,AMT.N,2024-11-04,美国电塔,American Tower Corporation,USD
210.93,213.94,209.5,213.85,1302803,AMT.N,2024-11-05,美国电塔,American Tower Corporation,USD
200.8,203.15,194.42,197.47,8133504,AMT.N,2024-11-06,美国电塔,American Tower Corporation,USD
199.46,200.92,196.04,197.87,4924462,AMT.N,2024-11-07,美国电塔,American Tower Corporation,USD
199.2,203.22,198.165,201.8,3981626,AMT.N,2024-11-08,美国电塔,American Tower Corporation,USD
199.71,202.16,195.85,196.08,2698987,AMT.N,2024-11-11,美国电塔,American Tower Corporation,USD
195.11,195.99,191.74,193.72,2953442,AMT.N,2024-11-12,美国电塔,American Tower Corporation,USD
196.2,197.79,195.02,195.16,2355020,AMT.N,2024-11-13,美国电塔,American Tower Corporation,USD
194.91,196.8099,193.5,194.77,2282842,AMT.N,2024-11-14,美国电塔,American Tower Corporation,USD
194.995,196.73,193.75,196.45,2587387,AMT.N,2024-11-15,美国电塔,American Tower Corporation,USD
194.65,199.11,194.125,198.84,2375058,AMT.N,2024-11-18,美国电塔,American Tower Corporation,USD
199.25,201.77,198.23,201.15,2514423,AMT.N,2024-11-19,美国电塔,American Tower Corporation,USD
200.0,201.55,198.92,200.88,2243613,AMT.N,2024-11-20,美国电塔,American Tower Corporation,USD
200.32,203.51,198.71,202.81,1961716,AMT.N,2024-11-21,美国电塔,American Tower Corporation,USD
203.1,205.185,202.8,204.31,2016051,AMT.N,2024-11-22,美国电塔,American Tower Corporation,USD
205.325,208.04,204.7019,207.55,3606003,AMT.N,2024-11-25,美国电塔,American Tower Corporation,USD
206.57,208.83,205.3668,208.0,1791455,AMT.N,2024-11-26,美国电塔,American Tower Corporation,USD
207.875,209.665,207.83,209.3,1669442,AMT.N,2024-11-27,美国电塔,American Tower Corporation,USD
209.3,209.77,207.53,209.0,1610156,AMT.N,2024-11-29,美国电塔,American Tower Corporation,USD
207.54,208.51,205.71,207.33,2374861,AMT.N,2024-12-02,美国电塔,American Tower Corporation,USD
208.0,209.37,206.53,207.79,2551463,AMT.N,2024-12-03,美国电塔,American Tower Corporation,USD
206.53,207.94,204.678,207.5,2529178,AMT.N,2024-12-04,美国电塔,American Tower Corporation,USD
205.3,209.31,205.3,209.16,2291117,AMT.N,2024-12-05,美国电塔,American Tower Corporation,USD
209.45,210.6589,205.02,207.1,2677955,AMT.N,2024-12-06,美国电塔,American Tower Corporation,USD
206.69,210.05,206.1,209.04,2854255,AMT.N,2024-12-09,美国电塔,American Tower Corporation,USD
207.34,208.04,198.8,199.53,2653352,AMT.N,2024-12-10,美国电塔,American Tower Corporation,USD
200.22,200.5914,198.08,199.59,2356879,AMT.N,2024-12-11,美国电塔,American Tower Corporation,USD
199.56,200.59,197.38,197.85,1922615,AMT.N,2024-12-12,美国电塔,American Tower Corporation,USD
197.18,198.58,196.12,197.16,1995540,AMT.N,2024-12-13,美国电塔,American Tower Corporation,USD
196.51,198.74,193.57,193.73,2219154,AMT.N,2024-12-16,美国电塔,American Tower Corporation,USD
191.2,196.75,190.405,193.26,2637513,AMT.N,2024-12-17,美国电塔,American Tower Corporation,USD
191.77,192.9,184.54,184.85,4186148,AMT.N,2024-12-18,美国电塔,American Tower Corporation,USD
183.44,184.5,179.04,179.4,4709995,AMT.N,2024-12-19,美国电塔,American Tower Corporation,USD
182.08,186.51,181.83,183.73,5750257,AMT.N,2024-12-20,美国电塔,American Tower Corporation,USD
182.64,184.61,181.04,184.38,2594197,AMT.N,2024-12-23,美国电塔,American Tower Corporation,USD
182.62,184.75,182.54,184.71,788396,AMT.N,2024-12-24,美国电塔,American Tower Corporation,USD
184.4,184.4,182.59,183.98,1464729,AMT.N,2024-12-26,美国电塔,American Tower Corporation,USD
182.0,184.33,181.51,181.87,1640928,AMT.N,2024-12-27,美国电塔,American Tower Corporation,USD
181.87,182.2323,179.85,181.92,1887056,AMT.N,2024-12-30,美国电塔,American Tower Corporation,USD
182.95,184.05,181.19,183.41,2115492,AMT.N,2024-12-31,美国电塔,American Tower Corporation,USD
184.09,184.6883,180.57,181.03,3142972,AMT.N,2025-01-02,美国电塔,American Tower Corporation,USD
181.25,183.73,180.11,182.56,1817315,AMT.N,2025-01-03,美国电塔,American Tower Corporation,USD
181.57,183.48,179.87,180.26,2262657,AMT.N,2025-01-06,美国电塔,American Tower Corporation,USD
180.13,180.96,176.9,177.17,2096053,AMT.N,2025-01-07,美国电塔,American Tower Corporation,USD
176.55,179.32,174.78,179.19,2048382,AMT.N,2025-01-08,美国电塔,American Tower Corporation,USD
173.56,176.52,172.51,173.46,3539246,AMT.N,2025-01-10,美国电塔,American Tower Corporation,USD
174.66,177.2,173.78,176.94,2409816,AMT.N,2025-01-13,美国电塔,American Tower Corporation,USD
176.88,180.3,176.26,178.8,2124347,AMT.N,2025-01-14,美国电塔,American Tower Corporation,USD
184.05,185.295,180.07,180.32,2230902,AMT.N,2025-01-15,美国电塔,American Tower Corporation,USD
181.0,190.53,180.411,190.07,3544868,AMT.N,2025-01-16,美国电塔,American Tower Corporation,USD
190.76,191.75,189.43,190.39,2882498,AMT.N,2025-01-17,美国电塔,American Tower Corporation,USD
191.31,193.77,189.33,189.93,2460864,AMT.N,2025-01-21,美国电塔,American Tower Corporation,USD
188.46,188.97,183.65,185.29,2753713,AMT.N,2025-01-22,美国电塔,American Tower Corporation,USD
185.79,186.62,183.36,186.39,1683990,AMT.N,2025-01-23,美国电塔,American Tower Corporation,USD
186.0,186.95,184.89,185.08,1218209,AMT.N,2025-01-24,美国电塔,American Tower Corporation,USD
190.0,192.85,187.97,192.04,2862670,AMT.N,2025-01-27,美国电塔,American Tower Corporation,USD
190.22,191.31,186.17,186.93,1997239,AMT.N,2025-01-28,美国电塔,American Tower Corporation,USD
186.84,187.79,183.12,183.63,1735117,AMT.N,2025-01-29,美国电塔,American Tower Corporation,USD
186.23,187.31,184.05,185.82,1457077,AMT.N,2025-01-30,美国电塔,American Tower Corporation,USD
185.28,187.63,184.34,184.95,1570262,AMT.N,2025-01-31,美国电塔,American Tower Corporation,USD
184.82,186.5,182.15,185.37,1832160,AMT.N,2025-02-03,美国电塔,American Tower Corporation,USD
183.77,184.83,182.1421,184.13,1450167,AMT.N,2025-02-04,美国电塔,American Tower Corporation,USD
186.81,188.22,184.818,187.46,1869739,AMT.N,2025-02-05,美国电塔,American Tower Corporation,USD
188.305,189.87,186.72,189.75,1407034,AMT.N,2025-02-06,美国电塔,American Tower Corporation,USD
189.78,189.78,186.685,188.84,1588160,AMT.N,2025-02-07,美国电塔,American Tower Corporation,USD
189.57,190.09,187.23,189.88,1957946,AMT.N,2025-02-10,美国电塔,American Tower Corporation,USD
189.18,193.5,189.0,193.42,1825675,AMT.N,2025-02-11,美国电塔,American Tower Corporation,USD
189.4,190.505,187.0708,189.52,1766431,AMT.N,2025-02-12,美国电塔,American Tower Corporation,USD
189.91,190.75,189.138,189.99,1855006,AMT.N,2025-02-13,美国电塔,American Tower Corporation,USD
190.65,193.55,189.11,189.38,1776115,AMT.N,2025-02-14,美国电塔,American Tower Corporation,USD
188.56,190.65,188.18,189.55,2301184,AMT.N,2025-02-18,美国电塔,American Tower Corporation,USD
189.4,190.84,188.35,188.56,2470179,AMT.N,2025-02-19,美国电塔,American Tower Corporation,USD
188.52,192.97,187.02,192.38,2848927,AMT.N,2025-02-20,美国电塔,American Tower Corporation,USD
192.31,193.0,190.53,191.55,3304319,AMT.N,2025-02-21,美国电塔,American Tower Corporation,USD
190.7,193.63,189.45,192.0,2393268,AMT.N,2025-02-24,美国电塔,American Tower Corporation,USD
197.51,206.27,195.02,203.75,5179858,AMT.N,2025-02-25,美国电塔,American Tower Corporation,USD
204.59,205.4,199.59,200.73,2512124,AMT.N,2025-02-26,美国电塔,American Tower Corporation,USD
200.05,204.17,199.325,203.97,2553227,AMT.N,2025-02-27,美国电塔,American Tower Corporation,USD
205.0,206.34,202.605,205.62,3466958,AMT.N,2025-02-28,美国电塔,American Tower Corporation,USD
205.0,210.29,204.985,209.61,2229861,AMT.N,2025-03-03,美国电塔,American Tower Corporation,USD
211.75,215.15,206.935,207.12,4031285,AMT.N,2025-03-04,美国电塔,American Tower Corporation,USD
204.4,209.57,202.7121,208.69,1969765,AMT.N,2025-03-05,美国电塔,American Tower Corporation,USD
208.37,209.02,204.28,206.93,2416333,AMT.N,2025-03-06,美国电塔,American Tower Corporation,USD
208.0,212.99,206.89,212.29,3599432,AMT.N,2025-03-07,美国电塔,American Tower Corporation,USD
213.49,217.315,212.31,213.07,4156922,AMT.N,2025-03-10,美国电塔,American Tower Corporation,USD
213.11,214.6,209.22,209.78,2698103,AMT.N,2025-03-11,美国电塔,American Tower Corporation,USD
208.01,208.83,205.19,206.69,2519764,AMT.N,2025-03-12,美国电塔,American Tower Corporation,USD
206.94,208.995,205.01,207.77,2691194,AMT.N,2025-03-13,美国电塔,American Tower Corporation,USD
207.77,211.23,205.98,210.93,3789022,AMT.N,2025-03-14,美国电塔,American Tower Corporation,USD
212.2,216.33,211.35,212.69,3097574,AMT.N,2025-03-17,美国电塔,American Tower Corporation,USD
212.69,216.29,211.365,214.87,3996494,AMT.N,2025-03-18,美国电塔,American Tower Corporation,USD
214.26,215.62,211.64,213.76,2244277,AMT.N,2025-03-19,美国电塔,American Tower Corporation,USD
214.9,215.13,212.66,214.27,1839298,AMT.N,2025-03-20,美国电塔,American Tower Corporation,USD
213.86,219.61,212.64,216.23,6326237,AMT.N,2025-03-21,美国电塔,American Tower Corporation,USD
213.91,217.01,212.41,212.8,2879932,AMT.N,2025-03-24,美国电塔,American Tower Corporation,USD
212.02,212.58,208.195,209.5,2646666,AMT.N,2025-03-25,美国电塔,American Tower Corporation,USD
209.5,211.55,207.65,210.02,1607440,AMT.N,2025-03-26,美国电塔,American Tower Corporation,USD
211.07,215.05,209.66,214.04,2458419,AMT.N,2025-03-27,美国电塔,American Tower Corporation,USD
215.64,215.815,213.36,215.56,1907555,AMT.N,2025-03-28,美国电塔,American Tower Corporation,USD
216.55,219.37,215.72,217.6,3281511,AMT.N,2025-03-31,美国电塔,American Tower Corporation,USD
220.08,220.7,217.6,219.44,2124797,AMT.N,2025-04-01,美国电塔,American Tower Corporation,USD
219.88,220.48,216.29,217.9,2794050,AMT.N,2025-04-02,美国电塔,American Tower Corporation,USD
225.0,231.03,220.0,228.19,5853310,AMT.N,2025-04-03,美国电塔,American Tower Corporation,USD
233.15,233.8,220.03,220.17,9877429,AMT.N,2025-04-04,美国电塔,American Tower Corporation,USD
217.35,221.91,211.64,213.39,5082227,AMT.N,2025-04-07,美国电塔,American Tower Corporation,USD
215.09,216.69,202.01,204.66,5455242,AMT.N,2025-04-08,美国电塔,American Tower Corporation,USD
202.11,211.94,197.5,207.48,5646870,AMT.N,2025-04-09,美国电塔,American Tower Corporation,USD
207.75,213.165,203.495,208.32,3565253,AMT.N,2025-04-10,美国电塔,American Tower Corporation,USD
206.52,213.75,205.1549,213.22,2555449,AMT.N,2025-04-11,美国电塔,American Tower Corporation,USD
213.0,218.83,211.1593,217.79,2080597,AMT.N,2025-04-14,美国电塔,American Tower Corporation,USD
219.28,220.82,216.02,218.01,3854864,AMT.N,2025-04-15,美国电塔,American Tower Corporation,USD
220.3,220.54,216.51,218.0,3376803,AMT.N,2025-04-16,美国电塔,American Tower Corporation,USD
218.94,224.36,218.26,222.66,2599062,AMT.N,2025-04-17,美国电塔,American Tower Corporation,USD
221.33,223.55,215.13,217.99,2781044,AMT.N,2025-04-21,美国电塔,American Tower Corporation,USD
219.78,222.22,217.83,220.97,2747401,AMT.N,2025-04-22,美国电塔,American Tower Corporation,USD
219.77,219.92,209.37,212.6,7046015,AMT.N,2025-04-23,美国电塔,American Tower Corporation,USD
214.33,215.2839,210.76,210.91,2885704,AMT.N,2025-04-24,美国电塔,American Tower Corporation,USD
211.48,211.79,208.45,210.82,2464547,AMT.N,2025-04-25,美国电塔,American Tower Corporation,USD
210.45,213.6,209.36,211.3,3390269,AMT.N,2025-04-28,美国电塔,American Tower Corporation,USD
211.64,221.77,210.36,221.33,3174890,AMT.N,2025-04-29,美国电塔,American Tower Corporation,USD
221.36,226.09,220.59,225.41,3491488,AMT.N,2025-04-30,美国电塔,American Tower Corporation,USD
224.87,225.84,223.07,224.03,2252975,AMT.N,2025-05-01,美国电塔,American Tower Corporation,USD
225.53,225.98,221.19,223.6,2732560,AMT.N,2025-05-02,美国电塔,American Tower Corporation,USD
225.1,226.02,222.4473,223.87,1832956,AMT.N,2025-05-05,美国电塔,American Tower Corporation,USD
224.31,225.62,222.36,223.81,1637069,AMT.N,2025-05-06,美国电塔,American Tower Corporation,USD
222.58,224.96,219.27,219.49,3571688,AMT.N,2025-05-07,美国电塔,American Tower Corporation,USD
218.94,219.9,217.55,217.88,3007593,AMT.N,2025-05-08,美国电塔,American Tower Corporation,USD
217.07,220.585,216.58,219.97,2499850,AMT.N,2025-05-09,美国电塔,American Tower Corporation,USD
217.44,217.44,206.92,207.92,4450863,AMT.N,2025-05-12,美国电塔,American Tower Corporation,USD
208.5,208.5,201.72,203.96,4525363,AMT.N,2025-05-13,美国电塔,American Tower Corporation,USD
202.9,205.185,201.01,204.5,4060445,AMT.N,2025-05-14,美国电塔,American Tower Corporation,USD
206.24,211.77,205.0,211.68,3115633,AMT.N,2025-05-15,美国电塔,American Tower Corporation,USD
212.96,213.46,211.4,213.38,2812716,AMT.N,2025-05-16,美国电塔,American Tower Corporation,USD
213.64,215.5,211.95,215.13,1733618,AMT.N,2025-05-19,美国电塔,American Tower Corporation,USD
213.51,215.86,213.42,215.4,1755977,AMT.N,2025-05-20,美国电塔,American Tower Corporation,USD
215.64,216.56,213.46,213.73,2231515,AMT.N,2025-05-21,美国电塔,American Tower Corporation,USD
214.43,215.66,209.07,210.27,1969848,AMT.N,2025-05-22,美国电塔,American Tower Corporation,USD
213.12,213.53,210.555,211.86,1573189,AMT.N,2025-05-23,美国电塔,American Tower Corporation,USD
211.02,214.99,211.02,213.7,1867026,AMT.N,2025-05-27,美国电塔,American Tower Corporation,USD
213.0,213.1,210.73,212.46,1787967,AMT.N,2025-05-28,美国电塔,American Tower Corporation,USD
211.66,214.1,210.65,213.71,1790593,AMT.N,2025-05-29,美国电塔,American Tower Corporation,USD
213.12,215.37,212.32,214.65,5861528,AMT.N,2025-05-30,美国电塔,American Tower Corporation,USD
213.38,214.435,210.9,214.11,2142649,AMT.N,2025-06-02,美国电塔,American Tower Corporation,USD
213.15,214.38,211.73,213.39,2035496,AMT.N,2025-06-03,美国电塔,American Tower Corporation,USD
213.25,216.47,212.19,214.36,1579002,AMT.N,2025-06-04,美国电塔,American Tower Corporation,USD
215.13,217.19,214.07,216.22,2526905,AMT.N,2025-06-05,美国电塔,American Tower Corporation,USD
215.32,216.125,212.09,212.54,2516318,AMT.N,2025-06-06,美国电塔,American Tower Corporation,USD
212.11,213.93,210.38,212.83,1777763,AMT.N,2025-06-09,美国电塔,American Tower Corporation,USD
213.94,215.4,212.73,214.61,1625003,AMT.N,2025-06-10,美国电塔,American Tower Corporation,USD
214.61,215.71,212.94,214.36,1577890,AMT.N,2025-06-11,美国电塔,American Tower Corporation,USD
215.78,217.77,214.55,217.7,1738066,AMT.N,2025-06-12,美国电塔,American Tower Corporation,USD
215.5,217.36,214.0689,214.8,2455578,AMT.N,2025-06-13,美国电塔,American Tower Corporation,USD
213.0,217.32,213.0,214.98,2424545,AMT.N,2025-06-16,美国电塔,American Tower Corporation,USD
215.12,215.755,212.78,215.14,1659540,AMT.N,2025-06-17,美国电塔,American Tower Corporation,USD
215.61,216.6575,213.59,215.48,1665653,AMT.N,2025-06-18,美国电塔,American Tower Corporation,USD
215.14,218.85,214.3,217.48,4018901,AMT.N,2025-06-20,美国电塔,American Tower Corporation,USD
218.65,222.61,217.545,221.63,2618039,AMT.N,2025-06-23,美国电塔,American Tower Corporation,USD
220.87,225.03,219.0037,223.91,2219043,AMT.N,2025-06-24,美国电塔,American Tower Corporation,USD
221.74,222.825,219.51,220.22,1727397,AMT.N,2025-06-25,美国电塔,American Tower Corporation,USD
220.79,221.58,215.82,217.52,2040073,AMT.N,2025-06-26,美国电塔,American Tower Corporation,USD
216.3,219.88,215.87,217.78,2086256,AMT.N,2025-06-27,美国电塔,American Tower Corporation,USD
217.39,221.13,215.26,221.02,2071771,AMT.N,2025-06-30,美国电塔,American Tower Corporation,USD
220.9,225.26,220.62,224.47,2567656,AMT.N,2025-07-01,美国电塔,American Tower Corporation,USD
222.82,224.96,222.5428,222.83,1938032,AMT.N,2025-07-02,美国电塔,American Tower Corporation,USD
222.48,223.156,217.9,221.75,1369114,AMT.N,2025-07-03,美国电塔,American Tower Corporation,USD
222.3,222.98,218.05,220.02,1894952,AMT.N,2025-07-07,美国电塔,American Tower Corporation,USD
218.02,221.16,217.63,220.7,2022636,AMT.N,2025-07-08,美国电塔,American Tower Corporation,USD
219.71,222.0,217.37,221.83,1712871,AMT.N,2025-07-09,美国电塔,American Tower Corporation,USD
220.49,223.68,220.1979,221.01,1459193,AMT.N,2025-07-10,美国电塔,American Tower Corporation,USD
220.08,221.41,217.5086,219.24,1358562,AMT.N,2025-07-11,美国电塔,American Tower Corporation,USD
218.95,222.3,218.865,221.78,1475875,AMT.N,2025-07-14,美国电塔,American Tower Corporation,USD
221.25,221.3,217.98,218.92,1754318,AMT.N,2025-07-15,美国电塔,American Tower Corporation,USD
219.66,223.44,219.1,223.36,2426480,AMT.N,2025-07-16,美国电塔,American Tower Corporation,USD
222.81,224.2831,221.83,223.04,1522498,AMT.N,2025-07-17,美国电塔,American Tower Corporation,USD
223.42,225.77,223.17,224.77,1253823,AMT.N,2025-07-18,美国电塔,American Tower Corporation,USD
226.0,227.75,225.36,226.5,1458806,AMT.N,2025-07-21,美国电塔,American Tower Corporation,USD
229.59,232.55,227.96,232.35,2274580,AMT.N,2025-07-22,美国电塔,American Tower Corporation,USD
230.94,232.47,229.59,230.18,1839691,AMT.N,2025-07-23,美国电塔,American Tower Corporation,USD
230.72,234.33,228.48,231.24,2034743,AMT.N,2025-07-24,美国电塔,American Tower Corporation,USD
230.62,231.545,228.25,229.87,1031271,AMT.N,2025-07-25,美国电塔,American Tower Corporation,USD
227.72,229.07,223.345,224.21,2176277,AMT.N,2025-07-28,美国电塔,American Tower Corporation,USD
219.0,219.0,211.8,214.71,3704037,AMT.N,2025-07-29,美国电塔,American Tower Corporation,USD
211.56,215.08,207.66,208.74,3693319,AMT.N,2025-07-30,美国电塔,American Tower Corporation,USD
207.22,209.6,205.71,208.39,2774165,AMT.N,2025-07-31,美国电塔,American Tower Corporation,USD
211.405,217.39,211.13,212.1,3232199,AMT.N,2025-08-01,美国电塔,American Tower Corporation,USD
211.36,214.335,211.0,212.98,2804487,AMT.N,2025-08-04,美国电塔,American Tower Corporation,USD
212.26,212.785,207.78,210.05,1854859,AMT.N,2025-08-05,美国电塔,American Tower Corporation,USD
210.5,211.5785,208.5,208.9,1634081,AMT.N,2025-08-06,美国电塔,American Tower Corporation,USD
208.92,211.07,208.0,210.01,2025761,AMT.N,2025-08-07,美国电塔,American Tower Corporation,USD
210.33,210.89,205.8066,206.51,1727528,AMT.N,2025-08-08,美国电塔,American Tower Corporation,USD
205.93,207.88,204.85,206.08,2339198,AMT.N,2025-08-11,美国电塔,American Tower Corporation,USD
206.15,206.78,203.22,204.62,1757141,AMT.N,2025-08-12,美国电塔,American Tower Corporation,USD
204.88,205.31,202.95,204.15,2717887,AMT.N,2025-08-13,美国电塔,American Tower Corporation,USD
203.2,204.185,200.79,203.46,2636914,AMT.N,2025-08-14,美国电塔,American Tower Corporation,USD
204.19,208.21,203.19,206.12,2640464,AMT.N,2025-08-15,美国电塔,American Tower Corporation,USD
206.6,207.02,202.66,203.13,3227734,AMT.N,2025-08-18,美国电塔,American Tower Corporation,USD
203.54,206.83,203.23,206.65,1669449,AMT.N,2025-08-19,美国电塔,American Tower Corporation,USD
208.49,211.14,207.68,209.5,2217546,AMT.N,2025-08-20,美国电塔,American Tower Corporation,USD
208.37,211.0,208.37,209.73,1483376,AMT.N,2025-08-21,美国电塔,American Tower Corporation,USD
210.9,214.79,210.25,211.88,2343137,AMT.N,2025-08-22,美国电塔,American Tower Corporation,USD
211.0,211.915,209.91,211.12,1239066,AMT.N,2025-08-25,美国电塔,American Tower Corporation,USD
209.1,209.1,204.55,207.45,3538827,AMT.N,2025-08-26,美国电塔,American Tower Corporation,USD
207.75,208.03,203.21,203.27,3083647,AMT.N,2025-08-27,美国电塔,American Tower Corporation,USD
203.26,204.4351,201.71,202.56,2978276,AMT.N,2025-08-28,美国电塔,American Tower Corporation,USD
203.0,203.86,201.6819,203.85,2618104,AMT.N,2025-08-29,美国电塔,American Tower Corporation,USD
202.6,205.215,198.75,200.49,2601302,AMT.N,2025-09-02,美国电塔,American Tower Corporation,USD
201.49,202.8,195.2,196.26,3630866,AMT.N,2025-09-03,美国电塔,American Tower Corporation,USD
197.92,198.19,193.05,195.09,3523767,AMT.N,2025-09-04,美国电塔,American Tower Corporation,USD
197.07,199.4,196.28,198.32,4126180,AMT.N,2025-09-05,美国电塔,American Tower Corporation,USD
194.38,195.47,189.01,193.64,5376775,AMT.N,2025-09-08,美国电塔,American Tower Corporation,USD
193.93,194.78,192.0,194.6,3384046,AMT.N,2025-09-09,美国电塔,American Tower Corporation,USD
194.01,195.745,193.32,193.76,2539122,AMT.N,2025-09-10,美国电塔,American Tower Corporation,USD
194.32,197.085,193.07,196.55,2277439,AMT.N,2025-09-11,美国电塔,American Tower Corporation,USD
195.75,196.55,194.5925,195.08,3096567,AMT.N,2025-09-12,美国电塔,American Tower Corporation,USD
196.06,196.7297,188.55,192.5,3883694,AMT.N,2025-09-15,美国电塔,American Tower Corporation,USD
192.0,195.15,191.48,194.73,3253839,AMT.N,2025-09-16,美国电塔,American Tower Corporation,USD
194.96,199.1297,194.4258,197.22,3041947,AMT.N,2025-09-17,美国电塔,American Tower Corporation,USD
195.23,196.455,192.23,193.03,2368743,AMT.N,2025-09-18,美国电塔,American Tower Corporation,USD
193.55,194.6369,192.09,193.31,5329760,AMT.N,2025-09-19,美国电塔,American Tower Corporation,USD
194.29,196.54,191.95,193.21,3471492,AMT.N,2025-09-22,美国电塔,American Tower Corporation,USD
193.42,194.75,192.72,194.28,2774712,AMT.N,2025-09-23,美国电塔,American Tower Corporation,USD
193.74,195.56,192.55,192.93,2963774,AMT.N,2025-09-24,美国电塔,American Tower Corporation,USD
194.43,197.405,193.14,193.71,3022734,AMT.N,2025-09-25,美国电塔,American Tower Corporation,USD
194.33,195.45,193.38,194.27,2608327,AMT.N,2025-09-26,美国电塔,American Tower Corporation,USD
194.56,195.5,192.31,194.55,3314260,AMT.N,2025-09-29,美国电塔,American Tower Corporation,USD
192.885,193.795,191.13,192.32,3426976,AMT.N,2025-09-30,美国电塔,American Tower Corporation,USD
192.28,194.5,192.105,193.32,2960678,AMT.N,2025-10-01,美国电塔,American Tower Corporation,USD
190.95,193.21,188.88,191.17,2822385,AMT.N,2025-10-02,美国电塔,American Tower Corporation,USD
191.0,192.405,189.455,190.21,2863138,AMT.N,2025-10-03,美国电塔,American Tower Corporation,USD
189.45,189.45,185.33,185.57,2968081,AMT.N,2025-10-06,美国电塔,American Tower Corporation,USD
186.26,186.99,183.945,186.97,2741749,AMT.N,2025-10-07,美国电塔,American Tower Corporation,USD
186.71,188.89,183.7727,185.59,3329812,AMT.N,2025-10-08,美国电塔,American Tower Corporation,USD
186.3,186.51,183.99,185.32,2211084,AMT.N,2025-10-09,美国电塔,American Tower Corporation,USD
186.77,187.99,184.01,186.68,3154639,AMT.N,2025-10-10,美国电塔,American Tower Corporation,USD
184.36,186.07,182.5,183.2,3243051,AMT.N,2025-10-13,美国电塔,American Tower Corporation,USD
183.81,186.52,183.1316,186.51,4174977,AMT.N,2025-10-14,美国电塔,American Tower Corporation,USD
185.92,190.19,185.755,190.03,3353976,AMT.N,2025-10-15,美国电塔,American Tower Corporation,USD
190.57,194.08,190.235,191.47,3394739,AMT.N,2025-10-16,美国电塔,American Tower Corporation,USD
192.075,192.51,188.16,191.29,1981427,AMT.N,2025-10-17,美国电塔,American Tower Corporation,USD
191.95,193.12,190.616,193.08,1782171,AMT.N,2025-10-20,美国电塔,American Tower Corporation,USD
192.15,194.4,190.845,192.37,1749692,AMT.N,2025-10-21,美国电塔,American Tower Corporation,USD
192.03,193.43,190.87,191.19,1535863,AMT.N,2025-10-22,美国电塔,American Tower Corporation,USD
191.27,192.22,187.47,190.3,2280063,AMT.N,2025-10-23,美国电塔,American Tower Corporation,USD
191.31,192.73,189.97,191.52,1721858,AMT.N,2025-10-24,美国电塔,American Tower Corporation,USD
190.0,191.09,188.74,189.73,2979496,AMT.N,2025-10-27,美国电塔,American Tower Corporation,USD
185.94,186.34,177.49,182.72,6047486,AMT.N,2025-10-28,美国电塔,American Tower Corporation,USD
182.67,183.92,178.745,179.08,4501527,AMT.N,2025-10-29,美国电塔,American Tower Corporation,USD
180.25,182.58,178.47,179.45,2954907,AMT.N,2025-10-30,美国电塔,American Tower Corporation,USD
177.13,180.06,176.89,178.98,2604780,AMT.N,2025-10-31,美国电塔,American Tower Corporation,USD
177.75,178.02,175.0,176.64,3481705,AMT.N,2025-11-03,美国电塔,American Tower Corporation,USD
178.65,180.77,177.441,180.35,2663773,AMT.N,2025-11-04,美国电塔,American Tower Corporation,USD
180.6,182.03,178.72,179.43,2330718,AMT.N,2025-11-05,美国电塔,American Tower Corporation,USD
178.88,182.11,177.85,178.09,1960522,AMT.N,2025-11-06,美国电塔,American Tower Corporation,USD
177.75,178.48,175.38,177.95,4255838,AMT.N,2025-11-07,美国电塔,American Tower Corporation,USD
176.24,180.97,176.0,179.72,2911330,AMT.N,2025-11-10,美国电塔,American Tower Corporation,USD
181.48,184.96,180.81,184.79,2429603,AMT.N,2025-11-11,美国电塔,American Tower Corporation,USD
184.0,185.38,181.93,183.35,2947606,AMT.N,2025-11-12,美国电塔,American Tower Corporation,USD
183.02,184.24,180.85,181.13,3071996,AMT.N,2025-11-13,美国电塔,American Tower Corporation,USD
182.85,184.4,179.61,183.59,3807225,AMT.N,2025-11-14,美国电塔,American Tower Corporation,USD
183.69,184.7,179.955,180.47,3253679,AMT.N,2025-11-17,美国电塔,American Tower Corporation,USD
180.0,182.36,178.94,181.55,3436750,AMT.N,2025-11-18,美国电塔,American Tower Corporation,USD
181.54,182.36,178.92,180.5,2673233,AMT.N,2025-11-19,美国电塔,American Tower Corporation,USD
180.5,180.66,178.01,179.12,3094626,AMT.N,2025-11-20,美国电塔,American Tower Corporation,USD
180.37,181.99,179.01,179.56,2609950,AMT.N,2025-11-21,美国电塔,American Tower Corporation,USD
179.58,180.36,176.575,179.57,6032465,AMT.N,2025-11-24,美国电塔,American Tower Corporation,USD
180.23,182.0,179.47,179.76,2005141,AMT.N,2025-11-25,美国电塔,American Tower Corporation,USD
180.02,182.2999,178.5,181.24,1941656,AMT.N,2025-11-26,美国电塔,American Tower Corporation,USD
180.41,182.05,180.02,181.27,1088840,AMT.N,2025-11-28,美国电塔,American Tower Corporation,USD
178.5,179.095,174.91,176.27,3329695,AMT.N,2025-12-01,美国电塔,American Tower Corporation,USD
177.06,177.73,175.2,175.81,2467212,AMT.N,2025-12-02,美国电塔,American Tower Corporation,USD
176.03,176.77,174.35,176.18,2693011,AMT.N,2025-12-03,美国电塔,American Tower Corporation,USD
175.57,179.105,175.4,178.83,2804263,AMT.N,2025-12-04,美国电塔,American Tower Corporation,USD
178.82,180.365,178.1,178.86,2998120,AMT.N,2025-12-05,美国电塔,American Tower Corporation,USD
178.54,183.31,176.9,183.2,5804255,AMT.N,2025-12-08,美国电塔,American Tower Corporation,USD
183.2,184.61,179.35,179.55,3161350,AMT.N,2025-12-09,美国电塔,American Tower Corporation,USD
179.81,182.63,179.55,180.26,2501239,AMT.N,2025-12-10,美国电塔,American Tower Corporation,USD
181.66,183.205,180.735,181.71,4370161,AMT.N,2025-12-11,美国电塔,American Tower Corporation,USD
182.17,183.16,180.32,180.7,5329424,AMT.N,2025-12-12,美国电塔,American Tower Corporation,USD
181.74,181.94,177.91,180.26,5020819,AMT.N,2025-12-15,美国电塔,American Tower Corporation,USD
180.27,180.98,178.7,179.13,3198332,AMT.N,2025-12-16,美国电塔,American Tower Corporation,USD
178.54,180.77,177.8,178.49,4084774,AMT.N,2025-12-17,美国电塔,American Tower Corporation,USD
178.6,179.36,174.19,174.29,3950828,AMT.N,2025-12-18,美国电塔,American Tower Corporation,USD
174.21,174.84,171.95,172.41,6032964,AMT.N,2025-12-19,美国电塔,American Tower Corporation,USD
171.63,173.3673,170.77,172.53,4154513,AMT.N,2025-12-22,美国电塔,American Tower Corporation,USD
172.95,174.58,172.13,174.51,3358210,AMT.N,2025-12-23,美国电塔,American Tower Corporation,USD
174.72,175.18,174.29,174.8,1040032,AMT.N,2025-12-24,美国电塔,American Tower Corporation,USD
174.5,176.7,174.5,176.41,1463216,AMT.N,2025-12-26,美国电塔,American Tower Corporation,USD
175.065,176.51,174.875,175.83,2177313,AMT.N,2025-12-29,美国电塔,American Tower Corporation,USD
175.67,176.85,175.0,176.72,1718910,AMT.N,2025-12-30,美国电塔,American Tower Corporation,USD
175.92,176.76,175.4,175.57,1680246,AMT.N,2025-12-31,美国电塔,American Tower Corporation,USD
175.26,175.81,173.17,174.8,1786630,AMT.N,2026-01-02,美国电塔,American Tower Corporation,USD
174.26,176.27,171.035,176.25,3433472,AMT.N,2026-01-05,美国电塔,American Tower Corporation,USD
175.38,177.8,174.77,175.82,2362338,AMT.N,2026-01-06,美国电塔,American Tower Corporation,USD
176.99,177.0,169.4,169.44,2756753,AMT.N,2026-01-07,美国电塔,American Tower Corporation,USD
168.57,171.32,168.34,170.33,2714707,AMT.N,2026-01-08,美国电塔,American Tower Corporation,USD
169.44,170.07,166.88,168.51,2360032,AMT.N,2026-01-09,美国电塔,American Tower Corporation,USD
169.4,172.88,169.4,171.53,2732803,AMT.N,2026-01-12,美国电塔,American Tower Corporation,USD
171.4,174.12,169.71,173.96,2870456,AMT.N,2026-01-13,美国电塔,American Tower Corporation,USD
174.48,180.605,174.255,177.48,3604750,AMT.N,2026-01-14,美国电塔,American Tower Corporation,USD
177.45,181.81,176.37,181.55,3868344,AMT.N,2026-01-15,美国电塔,American Tower Corporation,USD
179.68,184.17,178.65,183.57,4130813,AMT.N,2026-01-16,美国电塔,American Tower Corporation,USD
182.9,183.96,177.63,177.75,5038711,AMT.N,2026-01-20,美国电塔,American Tower Corporation,USD
178.985,179.68,176.685,178.17,2755767,AMT.N,2026-01-21,美国电塔,American Tower Corporation,USD
177.29,181.08,176.515,176.95,3741506,AMT.N,2026-01-22,美国电塔,American Tower Corporation,USD
176.38,179.7,175.15,178.75,2869844,AMT.N,2026-01-23,美国电塔,American Tower Corporation,USD
179.82,182.64,178.985,179.46,4304259,AMT.N,2026-01-26,美国电塔,American Tower Corporation,USD
178.59,181.3599,177.08,180.07,2867089,AMT.N,2026-01-27,美国电塔,American Tower Corporation,USD
180.07,180.88,176.23,177.51,3437969,AMT.N,2026-01-28,美国电塔,American Tower Corporation,USD
177.51,181.89,176.81,181.34,3496516,AMT.N,2026-01-29,美国电塔,American Tower Corporation,USD
181.21,181.21,175.301,179.28,3504309,AMT.N,2026-01-30,美国电塔,American Tower Corporation,USD
178.98,179.82,173.59,173.7,2968816,AMT.N,2026-02-02,美国电塔,American Tower Corporation,USD
173.04,174.23,171.44,173.13,3147306,AMT.N,2026-02-03,美国电塔,American Tower Corporation,USD
174.13,177.92,172.3837,176.55,4518901,AMT.N,2026-02-04,美国电塔,American Tower Corporation,USD
172.58,173.72,169.3,171.49,4729951,AMT.N,2026-02-05,美国电塔,American Tower Corporation,USD
172.77,173.6,168.68,171.27,3481899,AMT.N,2026-02-06,美国电塔,American Tower Corporation,USD
171.05,174.26,169.315,173.71,2507787,AMT.N,2026-02-09,美国电塔,American Tower Corporation,USD
174.35,179.67,173.59,178.51,2681045,AMT.N,2026-02-10,美国电塔,American Tower Corporation,USD
177.51,180.54,175.6,180.48,2089188,AMT.N,2026-02-11,美国电塔,American Tower Corporation,USD
182.47,190.34,181.85,188.19,4537023,AMT.N,2026-02-12,美国电塔,American Tower Corporation,USD
188.67,192.21,188.1,192.1,3413310,AMT.N,2026-02-13,美国电塔,American Tower Corporation,USD
192.5,193.62,189.925,193.09,3166158,AMT.N,2026-02-17,美国电塔,American Tower Corporation,USD
192.07,192.18,185.63,186.62,2636213,AMT.N,2026-02-18,美国电塔,American Tower Corporation,USD
186.58,188.375,184.4,184.79,2257678,AMT.N,2026-02-19,美国电塔,American Tower Corporation,USD
186.0,187.42,183.41,187.31,2484143,AMT.N,2026-02-20,美国电塔,American Tower Corporation,USD
187.5,191.49,186.675,190.05,2966440,AMT.N,2026-02-23,美国电塔,American Tower Corporation,USD
188.15,195.45,187.03,190.19,3535258,AMT.N,2026-02-24,美国电塔,American Tower Corporation,USD
191.6,191.65,182.29,182.48,3406316,AMT.N,2026-02-25,美国电塔,American Tower Corporation,USD
183.17,187.39,181.18,185.01,2918226,AMT.N,2026-02-26,美国电塔,American Tower Corporation,USD
186.16,191.97,184.68,191.86,4964780,AMT.N,2026-02-27,美国电塔,American Tower Corporation,USD
190.02,192.24,188.54,190.2,3390459,AMT.N,2026-03-02,美国电塔,American Tower Corporation,USD
187.53,191.175,186.25,190.25,2361190,AMT.N,2026-03-03,美国电塔,American Tower Corporation,USD
188.51,190.99,187.22,190.8,2457262,AMT.N,2026-03-04,美国电塔,American Tower Corporation,USD
189.0,189.025,185.03,187.64,3430430,AMT.N,2026-03-05,美国电塔,American Tower Corporation,USD
187.89,190.15,185.86,188.59,2747363,AMT.N,2026-03-06,美国电塔,American Tower Corporation,USD
188.23,189.53,185.3,186.64,2801081,AMT.N,2026-03-09,美国电塔,American Tower Corporation,USD
186.5,187.99,184.53,186.12,3288697,AMT.N,2026-03-10,美国电塔,American Tower Corporation,USD
185.61,185.61,182.49,182.85,1588183,AMT.N,2026-03-11,美国电塔,American Tower Corporation,USD
181.06,184.175,179.6,179.86,3070613,AMT.N,2026-03-12,美国电塔,American Tower Corporation,USD
182.1,184.54,181.01,184.41,3194344,AMT.N,2026-03-13,美国电塔,American Tower Corporation,USD
185.73,186.209,184.1475,184.71,2267321,AMT.N,2026-03-16,美国电塔,American Tower Corporation,USD
185.6,187.84,184.14,185.07,2728935,AMT.N,2026-03-17,美国电塔,American Tower Corporation,USD
183.14,184.195,180.2,180.69,3654907,AMT.N,2026-03-18,美国电塔,American Tower Corporation,USD
180.29,183.065,178.35,182.76,3615259,AMT.N,2026-03-19,美国电塔,American Tower Corporation,USD
184.02,185.72,175.6,176.79,6368009,AMT.N,2026-03-20,美国电塔,American Tower Corporation,USD
179.195,179.625,173.15,176.5,4363182,AMT.N,2026-03-23,美国电塔,American Tower Corporation,USD
175.49,176.38,170.1,170.36,4558299,AMT.N,2026-03-24,美国电塔,American Tower Corporation,USD
169.48,171.99,165.08,167.27,4107818,AMT.N,2026-03-25,美国电塔,American Tower Corporation,USD
167.29,169.07,165.75,168.92,2890433,AMT.N,2026-03-26,美国电塔,American Tower Corporation,USD
168.79,171.66,167.97,169.52,2468596,AMT.N,2026-03-27,美国电塔,American Tower Corporation,USD
171.54,173.03,169.78,170.36,3106512,AMT.N,2026-03-30,美国电塔,American Tower Corporation,USD
172.63,173.11,170.48,172.58,4425844,AMT.N,2026-03-31,美国电塔,American Tower Corporation,USD
172.67,173.91,169.79,171.02,2311150,AMT.N,2026-04-01,美国电塔,American Tower Corporation,USD
171.49,176.47,170.34,173.73,4241560,AMT.N,2026-04-02,美国电塔,American Tower Corporation,USD
172.74,177.23,171.7169,176.14,2898930,AMT.N,2026-04-06,美国电塔,American Tower Corporation,USD
175.82,176.38,172.885,174.08,3617106,AMT.N,2026-04-07,美国电塔,American Tower Corporation,USD
175.0,177.2,173.73,176.18,3465380,AMT.N,2026-04-08,美国电塔,American Tower Corporation,USD
175.24,182.36,175.24,179.93,3273998,AMT.N,2026-04-09,美国电塔,American Tower Corporation,USD
180.55,181.58,178.31,179.29,3179859,AMT.N,2026-04-10,美国电塔,American Tower Corporation,USD
179.48,181.21,178.48,180.94,2598059,AMT.N,2026-04-13,美国电塔,American Tower Corporation,USD
178.44,178.8365,173.0,176.41,2887549,AMT.N,2026-04-14,美国电塔,American Tower Corporation,USD
177.77,178.7,176.2201,176.99,2129148,AMT.N,2026-04-15,美国电塔,American Tower Corporation,USD
177.17,178.64,176.58,178.6,1916017,AMT.N,2026-04-16,美国电塔,American Tower Corporation,USD
178.29,183.07,177.41,182.36,4708628,AMT.N,2026-04-17,美国电塔,American Tower Corporation,USD
181.37,183.425,180.5,181.66,2778873,AMT.N,2026-04-20,美国电塔,American Tower Corporation,USD
181.74,181.88,174.31,174.76,3564039,AMT.N,2026-04-21,美国电塔,American Tower Corporation,USD
176.93,178.19,174.82,176.31,2269508,AMT.N,2026-04-22,美国电塔,American Tower Corporation,USD
177.55,179.21,176.38,179.01,2433888,AMT.N,2026-04-23,美国电塔,American Tower Corporation,USD
178.89,179.62,176.26,178.21,3065032,AMT.N,2026-04-24,美国电塔,American Tower Corporation,USD
178.64,178.9,174.7,175.3,3046874,AMT.N,2026-04-27,美国电塔,American Tower Corporation,USD
176.5,180.18,174.29,178.4,4484665,AMT.N,2026-04-28,美国电塔,American Tower Corporation,USD
177.54,179.22,176.59,178.19,2775028,AMT.N,2026-04-29,美国电塔,American Tower Corporation,USD
177.99,182.98,177.07,182.71,3006551,AMT.N,2026-04-30,美国电塔,American Tower Corporation,USD
183.77,184.11,180.87,181.61,1943196,AMT.N,2026-05-01,美国电塔,American Tower Corporation,USD
180.67,182.63,179.23,180.88,1625501,AMT.N,2026-05-04,美国电塔,American Tower Corporation,USD
180.0,180.68,176.71,178.12,2244234,AMT.N,2026-05-05,美国电塔,American Tower Corporation,USD
179.15,181.25,178.4101,180.16,2115970,AMT.N,2026-05-06,美国电塔,American Tower Corporation,USD
179.495,180.97,178.425,179.77,2589507,AMT.N,2026-05-07,美国电塔,American Tower Corporation,USD
179.83,179.83,176.11,176.53,3510339,AMT.N,2026-05-08,美国电塔,American Tower Corporation,USD
177.05,178.99,176.145,177.47,2456447,AMT.N,2026-05-11,美国电塔,American Tower Corporation,USD
174.59,180.51,174.53,178.82,3384156,AMT.N,2026-05-12,美国电塔,American Tower Corporation,USD
176.77,176.81,171.01,173.87,3271248,AMT.N,2026-05-13,美国电塔,American Tower Corporation,USD
174.63,175.3,170.19,170.5,2922522,AMT.N,2026-05-14,美国电塔,American Tower Corporation,USD
170.18,172.35,167.37,170.63,4632974,AMT.N,2026-05-15,美国电塔,American Tower Corporation,USD
170.89,177.78,170.63,177.28,3242449,AMT.N,2026-05-18,美国电塔,American Tower Corporation,USD
178.81,184.12,177.6975,183.0,4660091,AMT.N,2026-05-19,美国电塔,American Tower Corporation,USD
181.96,184.02,180.66,184.02,2812863,AMT.N,2026-05-20,美国电塔,American Tower Corporation,USD
183.2,184.84,181.9901,183.78,2929368,AMT.N,2026-05-21,美国电塔,American Tower Corporation,USD
185.02,185.06,181.62,183.85,2070031,AMT.N,2026-05-22,美国电塔,American Tower Corporation,USD
183.79,186.99,182.97,184.95,2795446,AMT.N,2026-05-26,美国电塔,American Tower Corporation,USD
185.28,188.59,184.71,184.98,2741565,AMT.N,2026-05-27,美国电塔,American Tower Corporation,USD
185.56,188.3,184.01,186.68,2411251,AMT.N,2026-05-28,美国电塔,American Tower Corporation,USD
186.93,187.6,185.0,186.96,4326961,AMT.N,2026-05-29,美国电塔,American Tower Corporation,USD
184.82,187.9,184.01,187.53,2479298,AMT.N,2026-06-01,美国电塔,American Tower Corporation,USD
187.32,187.37,183.07,185.53,2610551,AMT.N,2026-06-02,美国电塔,American Tower Corporation,USD
184.22,188.585,181.47,182.24,5585842,AMT.N,2026-06-03,美国电塔,American Tower Corporation,USD
187.2,194.965,185.05,193.91,4071563,AMT.N,2026-06-04,美国电塔,American Tower Corporation,USD
193.98,196.08,193.02,194.12,3061058,AMT.N,2026-06-05,美国电塔,American Tower Corporation,USD
193.0,193.48,188.88,189.1,2800233,AMT.N,2026-06-08,美国电塔,American Tower Corporation,USD
189.16,193.93,188.73,190.83,2665770,AMT.N,2026-06-09,美国电塔,American Tower Corporation,USD
192.29,192.9399,188.59,192.5,2179019,AMT.N,2026-06-10,美国电塔,American Tower Corporation,USD
192.1,192.94,188.05,189.31,3337729,AMT.N,2026-06-11,美国电塔,American Tower Corporation,USD
187.73,190.14,186.79,187.18,2985968,AMT.N,2026-06-12,美国电塔,American Tower Corporation,USD
186.12,188.02,183.69,185.76,3906383,AMT.N,2026-06-15,美国电塔,American Tower Corporation,USD
186.49,187.36,183.47,184.47,2682190,AMT.N,2026-06-16,美国电塔,American Tower Corporation,USD
182.64,183.85,180.79,181.09,2007927,AMT.N,2026-06-17,美国电塔,American Tower Corporation,USD
181.64,181.8979,175.0,176.05,4453095,AMT.N,2026-06-18,美国电塔,American Tower Corporation,USD
175.73,178.43,173.99,176.43,3031833,AMT.N,2026-06-22,美国电塔,American Tower Corporation,USD
178.49,179.75,175.99,179.38,3508209,AMT.N,2026-06-23,美国电塔,American Tower Corporation,USD
179.9,180.47,173.34,174.46,4636504,AMT.N,2026-06-24,美国电塔,American Tower Corporation,USD
175.23,175.29,167.235,168.72,3382272,AMT.N,2026-06-25,美国电塔,American Tower Corporation,USD
172.37,176.605,171.14,175.59,7260704,AMT.N,2026-06-26,美国电塔,American Tower Corporation,USD
174.94,175.82,167.64,168.67,3600289,AMT.N,2026-06-29,美国电塔,American Tower Corporation,USD
167.69,168.6,162.4,163.57,5369060,AMT.N,2026-06-30,美国电塔,American Tower Corporation,USD
163.53,168.145,162.27,166.08,4626505,AMT.N,2026-07-01,美国电塔,American Tower Corporation,USD
167.16,169.7,165.44,166.03,3857609,AMT.N,2026-07-02,美国电塔,American Tower Corporation,USD
165.0,165.79,160.06,162.11,3989444,AMT.N,2026-07-06,美国电塔,American Tower Corporation,USD
164.23,166.42,163.9301,165.25,2737142,AMT.N,2026-07-07,美国电塔,American Tower Corporation,USD
165.6,166.73,163.84,165.04,3625713,AMT.N,2026-07-08,美国电塔,American Tower Corporation,USD
164.08,166.07,163.66,165.0,3132787,AMT.N,2026-07-09,美国电塔,American Tower Corporation,USD
166.5,168.93,166.18,168.59,2458190,AMT.N,2026-07-10,美国电塔,American Tower Corporation,USD
170.0,170.9,168.969,169.5,2135722,AMT.N,2026-07-13,美国电塔,American Tower Corporation,USD
169.0,169.39,166.7,168.83,2200506,AMT.N,2026-07-14,美国电塔,American Tower Corporation,USD
168.2,171.3,167.78,168.63,2072325,AMT.N,2026-07-15,美国电塔,American Tower Corporation,USD
169.78,170.1,167.56,168.92,2375483,AMT.N,2026-07-16,美国电塔,American Tower Corporation,USD
171.94,172.68,168.9,170.06,2849583,AMT.N,2026-07-17,美国电塔,American Tower Corporation,USD
168.23,169.77,166.3631,167.06,2570607,AMT.N,2026-07-20,美国电塔,American Tower Corporation,USD
165.31,166.605,163.07,163.39,2758712,AMT.N,2026-07-21,美国电塔,American Tower Corporation,USD
163.74,166.82,163.47,166.06,2702333,AMT.N,2026-07-22,美国电塔,American Tower Corporation,USD
166.18,168.23,163.59,164.65,3619803,AMT.N,2026-07-23,美国电塔,American Tower Corporation,USD
166.53,169.49,166.42,166.67,3343514,AMT.N,2026-07-24,美国电塔,American Tower Corporation,USD
166.42,168.23,165.55,166.74,3520868,AMT.N,2026-07-27,美国电塔,American Tower Corporation,USD
