open,high,low,close,volume,thscode,time,thsname_cn,thsname_en,currency
207.26,212.87,206.61,212.1,799602,AVB.N,2021-06-21,阿湾物产,"Avalonbay Communities, Inc.",USD
212.18,212.33,210.19,211.58,790403,AVB.N,2021-06-22,阿湾物产,"Avalonbay Communities, Inc.",USD
211.94,213.23,210.52,212.71,1107805,AVB.N,2021-06-23,阿湾物产,"Avalonbay Communities, Inc.",USD
212.71,213.23,210.7,212.03,778267,AVB.N,2021-06-24,阿湾物产,"Avalonbay Communities, Inc.",USD
211.81,214.015,211.563,213.94,835957,AVB.N,2021-06-25,阿湾物产,"Avalonbay Communities, Inc.",USD
214.12,214.12,210.87,212.38,689887,AVB.N,2021-06-28,阿湾物产,"Avalonbay Communities, Inc.",USD
210.26,212.57,210.01,210.31,888198,AVB.N,2021-06-29,阿湾物产,"Avalonbay Communities, Inc.",USD
210.02,211.81,207.93,208.69,930643,AVB.N,2021-06-30,阿湾物产,"Avalonbay Communities, Inc.",USD
209.04,212.33,208.15,210.51,672714,AVB.N,2021-07-01,阿湾物产,"Avalonbay Communities, Inc.",USD
210.9,212.704,210.9,211.33,467442,AVB.N,2021-07-02,阿湾物产,"Avalonbay Communities, Inc.",USD
211.24,213.895,209.41,213.55,680355,AVB.N,2021-07-06,阿湾物产,"Avalonbay Communities, Inc.",USD
213.73,216.25,212.35,215.73,690612,AVB.N,2021-07-07,阿湾物产,"Avalonbay Communities, Inc.",USD
214.44,217.71,213.8,217.27,596845,AVB.N,2021-07-08,阿湾物产,"Avalonbay Communities, Inc.",USD
218.92,221.08,217.33,220.83,656501,AVB.N,2021-07-09,阿湾物产,"Avalonbay Communities, Inc.",USD
220.83,224.41,220.37,223.97,645083,AVB.N,2021-07-12,阿湾物产,"Avalonbay Communities, Inc.",USD
223.51,223.7,220.36,221.22,346027,AVB.N,2021-07-13,阿湾物产,"Avalonbay Communities, Inc.",USD
222.0,224.31,221.54,224.07,345881,AVB.N,2021-07-14,阿湾物产,"Avalonbay Communities, Inc.",USD
223.33,225.305,223.1,224.93,618150,AVB.N,2021-07-15,阿湾物产,"Avalonbay Communities, Inc.",USD
226.24,227.16,225.17,225.87,613461,AVB.N,2021-07-16,阿湾物产,"Avalonbay Communities, Inc.",USD
223.2,225.24,221.15,223.17,703075,AVB.N,2021-07-19,阿湾物产,"Avalonbay Communities, Inc.",USD
224.44,229.45,223.97,228.74,604239,AVB.N,2021-07-20,阿湾物产,"Avalonbay Communities, Inc.",USD
229.19,230.6,227.91,228.18,609095,AVB.N,2021-07-21,阿湾物产,"Avalonbay Communities, Inc.",USD
227.04,227.115,224.03,224.45,938583,AVB.N,2021-07-22,阿湾物产,"Avalonbay Communities, Inc.",USD
224.46,226.95,224.18,226.8,803267,AVB.N,2021-07-23,阿湾物产,"Avalonbay Communities, Inc.",USD
226.16,227.81,225.26,226.2,333536,AVB.N,2021-07-26,阿湾物产,"Avalonbay Communities, Inc.",USD
226.2,229.47,224.95,228.28,457993,AVB.N,2021-07-27,阿湾物产,"Avalonbay Communities, Inc.",USD
228.34,229.5,227.09,227.45,604686,AVB.N,2021-07-28,阿湾物产,"Avalonbay Communities, Inc.",USD
227.55,232.25,227.55,229.92,416405,AVB.N,2021-07-29,阿湾物产,"Avalonbay Communities, Inc.",USD
230.99,232.72,227.75,227.83,784051,AVB.N,2021-07-30,阿湾物产,"Avalonbay Communities, Inc.",USD
229.71,231.89,227.5,228.81,588610,AVB.N,2021-08-02,阿湾物产,"Avalonbay Communities, Inc.",USD
229.22,229.235,226.28,228.9,344079,AVB.N,2021-08-03,阿湾物产,"Avalonbay Communities, Inc.",USD
229.0,229.67,227.11,227.88,405021,AVB.N,2021-08-04,阿湾物产,"Avalonbay Communities, Inc.",USD
229.45,230.11,226.77,229.19,324456,AVB.N,2021-08-05,阿湾物产,"Avalonbay Communities, Inc.",USD
230.0,230.0,227.63,228.92,299207,AVB.N,2021-08-06,阿湾物产,"Avalonbay Communities, Inc.",USD
228.63,228.66,226.35,227.54,414383,AVB.N,2021-08-09,阿湾物产,"Avalonbay Communities, Inc.",USD
227.53,227.61,222.73,222.78,705408,AVB.N,2021-08-10,阿湾物产,"Avalonbay Communities, Inc.",USD
223.99,224.46,221.56,222.2,641098,AVB.N,2021-08-11,阿湾物产,"Avalonbay Communities, Inc.",USD
222.97,223.75,221.73,222.3,412152,AVB.N,2021-08-12,阿湾物产,"Avalonbay Communities, Inc.",USD
223.07,225.2,222.31,224.55,401324,AVB.N,2021-08-13,阿湾物产,"Avalonbay Communities, Inc.",USD
224.16,226.72,223.02,225.11,474326,AVB.N,2021-08-16,阿湾物产,"Avalonbay Communities, Inc.",USD
223.89,225.35,222.3,224.59,324617,AVB.N,2021-08-17,阿湾物产,"Avalonbay Communities, Inc.",USD
223.85,224.74,221.81,222.87,356567,AVB.N,2021-08-18,阿湾物产,"Avalonbay Communities, Inc.",USD
221.55,224.61,220.67,223.95,415949,AVB.N,2021-08-19,阿湾物产,"Avalonbay Communities, Inc.",USD
223.46,225.73,222.06,224.63,473798,AVB.N,2021-08-20,阿湾物产,"Avalonbay Communities, Inc.",USD
225.24,225.91,222.05,223.15,332699,AVB.N,2021-08-23,阿湾物产,"Avalonbay Communities, Inc.",USD
223.25,223.25,220.31,221.79,425739,AVB.N,2021-08-24,阿湾物产,"Avalonbay Communities, Inc.",USD
221.55,224.285,220.47,222.26,339860,AVB.N,2021-08-25,阿湾物产,"Avalonbay Communities, Inc.",USD
223.5,224.92,222.46,224.39,450992,AVB.N,2021-08-26,阿湾物产,"Avalonbay Communities, Inc.",USD
225.48,226.81,224.61,225.62,271128,AVB.N,2021-08-27,阿湾物产,"Avalonbay Communities, Inc.",USD
225.68,228.46,224.82,228.22,451436,AVB.N,2021-08-30,阿湾物产,"Avalonbay Communities, Inc.",USD
227.54,229.69,226.75,229.58,662416,AVB.N,2021-08-31,阿湾物产,"Avalonbay Communities, Inc.",USD
229.19,232.7,228.34,232.6,572946,AVB.N,2021-09-01,阿湾物产,"Avalonbay Communities, Inc.",USD
232.62,233.45,230.41,233.02,820860,AVB.N,2021-09-02,阿湾物产,"Avalonbay Communities, Inc.",USD
232.4,233.48,229.94,232.85,480656,AVB.N,2021-09-03,阿湾物产,"Avalonbay Communities, Inc.",USD
232.25,232.25,226.31,227.59,655442,AVB.N,2021-09-07,阿湾物产,"Avalonbay Communities, Inc.",USD
226.72,231.757,226.2,230.49,412008,AVB.N,2021-09-08,阿湾物产,"Avalonbay Communities, Inc.",USD
229.77,230.06,225.93,226.0,544351,AVB.N,2021-09-09,阿湾物产,"Avalonbay Communities, Inc.",USD
226.89,226.89,223.42,223.55,488468,AVB.N,2021-09-10,阿湾物产,"Avalonbay Communities, Inc.",USD
225.87,227.32,223.18,223.71,626501,AVB.N,2021-09-13,阿湾物产,"Avalonbay Communities, Inc.",USD
224.95,225.61,222.82,224.29,305492,AVB.N,2021-09-14,阿湾物产,"Avalonbay Communities, Inc.",USD
224.37,226.3,223.68,224.75,470338,AVB.N,2021-09-15,阿湾物产,"Avalonbay Communities, Inc.",USD
224.52,225.47,222.2,223.68,560061,AVB.N,2021-09-16,阿湾物产,"Avalonbay Communities, Inc.",USD
222.32,223.95,219.3,219.89,1239095,AVB.N,2021-09-17,阿湾物产,"Avalonbay Communities, Inc.",USD
218.12,221.09,216.71,220.48,529062,AVB.N,2021-09-20,阿湾物产,"Avalonbay Communities, Inc.",USD
222.01,223.87,220.64,220.71,399053,AVB.N,2021-09-21,阿湾物产,"Avalonbay Communities, Inc.",USD
222.78,224.71,222.45,223.48,566331,AVB.N,2021-09-22,阿湾物产,"Avalonbay Communities, Inc.",USD
225.01,229.315,224.71,227.27,798387,AVB.N,2021-09-23,阿湾物产,"Avalonbay Communities, Inc.",USD
227.43,230.145,225.98,226.41,770220,AVB.N,2021-09-24,阿湾物产,"Avalonbay Communities, Inc.",USD
226.89,228.25,221.43,221.66,495543,AVB.N,2021-09-27,阿湾物产,"Avalonbay Communities, Inc.",USD
220.2,223.04,218.7,222.15,551213,AVB.N,2021-09-28,阿湾物产,"Avalonbay Communities, Inc.",USD
223.45,227.31,222.88,225.0,479381,AVB.N,2021-09-29,阿湾物产,"Avalonbay Communities, Inc.",USD
225.18,226.47,221.51,221.64,577241,AVB.N,2021-09-30,阿湾物产,"Avalonbay Communities, Inc.",USD
221.85,224.08,218.77,222.76,338614,AVB.N,2021-10-01,阿湾物产,"Avalonbay Communities, Inc.",USD
221.91,225.46,221.91,224.79,568225,AVB.N,2021-10-04,阿湾物产,"Avalonbay Communities, Inc.",USD
225.73,225.91,222.665,224.46,847223,AVB.N,2021-10-05,阿湾物产,"Avalonbay Communities, Inc.",USD
223.75,226.96,219.96,226.35,442163,AVB.N,2021-10-06,阿湾物产,"Avalonbay Communities, Inc.",USD
227.91,228.635,225.29,226.04,446834,AVB.N,2021-10-07,阿湾物产,"Avalonbay Communities, Inc.",USD
226.14,226.41,223.42,223.85,251620,AVB.N,2021-10-08,阿湾物产,"Avalonbay Communities, Inc.",USD
224.49,225.14,221.67,223.81,294142,AVB.N,2021-10-11,阿湾物产,"Avalonbay Communities, Inc.",USD
225.54,227.31,222.7,226.5,388259,AVB.N,2021-10-12,阿湾物产,"Avalonbay Communities, Inc.",USD
225.8,228.425,224.44,228.3,376058,AVB.N,2021-10-13,阿湾物产,"Avalonbay Communities, Inc.",USD
229.52,232.76,229.25,232.39,416991,AVB.N,2021-10-14,阿湾物产,"Avalonbay Communities, Inc.",USD
234.0,234.0,229.03,230.63,484968,AVB.N,2021-10-15,阿湾物产,"Avalonbay Communities, Inc.",USD
229.23,231.22,228.6,230.0,494328,AVB.N,2021-10-18,阿湾物产,"Avalonbay Communities, Inc.",USD
230.81,230.94,227.31,228.5,457004,AVB.N,2021-10-19,阿湾物产,"Avalonbay Communities, Inc.",USD
228.97,233.13,228.5,233.0,419445,AVB.N,2021-10-20,阿湾物产,"Avalonbay Communities, Inc.",USD
233.0,233.32,231.04,232.01,390240,AVB.N,2021-10-21,阿湾物产,"Avalonbay Communities, Inc.",USD
232.72,234.61,232.12,232.76,367927,AVB.N,2021-10-22,阿湾物产,"Avalonbay Communities, Inc.",USD
232.63,233.63,230.73,232.77,393141,AVB.N,2021-10-25,阿湾物产,"Avalonbay Communities, Inc.",USD
233.04,235.82,231.5,234.41,355127,AVB.N,2021-10-26,阿湾物产,"Avalonbay Communities, Inc.",USD
235.0,238.5,233.633,236.63,602125,AVB.N,2021-10-27,阿湾物产,"Avalonbay Communities, Inc.",USD
236.14,241.635,235.061,239.2,776931,AVB.N,2021-10-28,阿湾物产,"Avalonbay Communities, Inc.",USD
238.41,239.86,236.03,236.68,923756,AVB.N,2021-10-29,阿湾物产,"Avalonbay Communities, Inc.",USD
237.32,237.32,230.74,235.1,589766,AVB.N,2021-11-01,阿湾物产,"Avalonbay Communities, Inc.",USD
236.52,237.1,233.87,235.6,631519,AVB.N,2021-11-02,阿湾物产,"Avalonbay Communities, Inc.",USD
236.54,237.11,234.192,236.73,785456,AVB.N,2021-11-03,阿湾物产,"Avalonbay Communities, Inc.",USD
236.77,237.89,231.45,233.72,518119,AVB.N,2021-11-04,阿湾物产,"Avalonbay Communities, Inc.",USD
235.7,238.68,234.47,237.84,770976,AVB.N,2021-11-05,阿湾物产,"Avalonbay Communities, Inc.",USD
240.75,241.0,235.352,238.38,644227,AVB.N,2021-11-08,阿湾物产,"Avalonbay Communities, Inc.",USD
238.68,240.22,237.7,240.13,457859,AVB.N,2021-11-09,阿湾物产,"Avalonbay Communities, Inc.",USD
239.5,241.22,239.5,240.36,389883,AVB.N,2021-11-10,阿湾物产,"Avalonbay Communities, Inc.",USD
240.72,241.09,238.74,241.02,533833,AVB.N,2021-11-11,阿湾物产,"Avalonbay Communities, Inc.",USD
241.32,242.165,239.62,241.01,386246,AVB.N,2021-11-12,阿湾物产,"Avalonbay Communities, Inc.",USD
241.05,245.47,240.38,245.43,383096,AVB.N,2021-11-15,阿湾物产,"Avalonbay Communities, Inc.",USD
245.43,245.9,241.18,241.89,471121,AVB.N,2021-11-16,阿湾物产,"Avalonbay Communities, Inc.",USD
240.84,244.03,235.22,243.9,623845,AVB.N,2021-11-17,阿湾物产,"Avalonbay Communities, Inc.",USD
244.1,246.34,242.83,246.12,551306,AVB.N,2021-11-18,阿湾物产,"Avalonbay Communities, Inc.",USD
246.18,246.18,241.55,242.01,495526,AVB.N,2021-11-19,阿湾物产,"Avalonbay Communities, Inc.",USD
242.21,242.5,238.29,238.38,717815,AVB.N,2021-11-22,阿湾物产,"Avalonbay Communities, Inc.",USD
239.16,243.595,237.33,242.73,795825,AVB.N,2021-11-23,阿湾物产,"Avalonbay Communities, Inc.",USD
242.47,247.45,242.27,246.86,323735,AVB.N,2021-11-24,阿湾物产,"Avalonbay Communities, Inc.",USD
243.13,244.05,237.894,239.39,395465,AVB.N,2021-11-26,阿湾物产,"Avalonbay Communities, Inc.",USD
241.6,243.39,239.296,240.78,1087021,AVB.N,2021-11-29,阿湾物产,"Avalonbay Communities, Inc.",USD
239.63,241.71,238.19,238.87,1285777,AVB.N,2021-11-30,阿湾物产,"Avalonbay Communities, Inc.",USD
241.26,241.26,230.0,230.1,1386171,AVB.N,2021-12-01,阿湾物产,"Avalonbay Communities, Inc.",USD
231.83,239.19,230.74,238.42,1077483,AVB.N,2021-12-02,阿湾物产,"Avalonbay Communities, Inc.",USD
239.14,239.68,235.72,237.96,772824,AVB.N,2021-12-03,阿湾物产,"Avalonbay Communities, Inc.",USD
240.64,244.79,240.05,240.86,569711,AVB.N,2021-12-06,阿湾物产,"Avalonbay Communities, Inc.",USD
241.25,243.8,237.715,241.23,1655077,AVB.N,2021-12-07,阿湾物产,"Avalonbay Communities, Inc.",USD
241.41,246.66,240.55,245.46,1022026,AVB.N,2021-12-08,阿湾物产,"Avalonbay Communities, Inc.",USD
244.81,245.53,242.23,242.52,625875,AVB.N,2021-12-09,阿湾物产,"Avalonbay Communities, Inc.",USD
246.06,246.06,242.8,244.87,711120,AVB.N,2021-12-10,阿湾物产,"Avalonbay Communities, Inc.",USD
244.82,249.38,243.31,248.07,606264,AVB.N,2021-12-13,阿湾物产,"Avalonbay Communities, Inc.",USD
247.92,248.42,242.36,244.24,700407,AVB.N,2021-12-14,阿湾物产,"Avalonbay Communities, Inc.",USD
245.27,249.79,244.822,248.9,894069,AVB.N,2021-12-15,阿湾物产,"Avalonbay Communities, Inc.",USD
249.05,250.23,244.18,245.91,1085975,AVB.N,2021-12-16,阿湾物产,"Avalonbay Communities, Inc.",USD
246.0,248.49,243.93,244.53,1547921,AVB.N,2021-12-17,阿湾物产,"Avalonbay Communities, Inc.",USD
242.4,244.695,240.06,241.55,807225,AVB.N,2021-12-20,阿湾物产,"Avalonbay Communities, Inc.",USD
242.89,247.22,242.55,245.17,557250,AVB.N,2021-12-21,阿湾物产,"Avalonbay Communities, Inc.",USD
244.92,247.91,244.865,247.18,319923,AVB.N,2021-12-22,阿湾物产,"Avalonbay Communities, Inc.",USD
247.51,248.26,244.63,245.77,404496,AVB.N,2021-12-23,阿湾物产,"Avalonbay Communities, Inc.",USD
246.63,249.89,245.086,249.7,396846,AVB.N,2021-12-27,阿湾物产,"Avalonbay Communities, Inc.",USD
249.12,251.42,248.915,250.41,384526,AVB.N,2021-12-28,阿湾物产,"Avalonbay Communities, Inc.",USD
251.14,253.45,248.56,252.55,393842,AVB.N,2021-12-29,阿湾物产,"Avalonbay Communities, Inc.",USD
251.0,252.58,249.875,251.26,563993,AVB.N,2021-12-30,阿湾物产,"Avalonbay Communities, Inc.",USD
251.42,254.61,251.42,252.59,452415,AVB.N,2021-12-31,阿湾物产,"Avalonbay Communities, Inc.",USD
255.91,255.91,248.72,252.62,626254,AVB.N,2022-01-03,阿湾物产,"Avalonbay Communities, Inc.",USD
253.07,257.52,253.07,255.12,651432,AVB.N,2022-01-04,阿湾物产,"Avalonbay Communities, Inc.",USD
254.57,255.36,250.51,251.15,826747,AVB.N,2022-01-05,阿湾物产,"Avalonbay Communities, Inc.",USD
251.99,253.745,250.08,251.93,623190,AVB.N,2022-01-06,阿湾物产,"Avalonbay Communities, Inc.",USD
250.7,251.28,248.61,248.87,612661,AVB.N,2022-01-07,阿湾物产,"Avalonbay Communities, Inc.",USD
248.5,250.15,246.39,248.64,734118,AVB.N,2022-01-10,阿湾物产,"Avalonbay Communities, Inc.",USD
248.86,250.12,245.29,249.21,504193,AVB.N,2022-01-11,阿湾物产,"Avalonbay Communities, Inc.",USD
249.26,251.33,248.71,250.72,455062,AVB.N,2022-01-12,阿湾物产,"Avalonbay Communities, Inc.",USD
250.93,253.0,250.48,251.07,426318,AVB.N,2022-01-13,阿湾物产,"Avalonbay Communities, Inc.",USD
250.81,250.81,245.89,248.68,637321,AVB.N,2022-01-14,阿湾物产,"Avalonbay Communities, Inc.",USD
249.38,249.4,244.31,247.98,810449,AVB.N,2022-01-18,阿湾物产,"Avalonbay Communities, Inc.",USD
248.94,250.05,245.74,245.97,715336,AVB.N,2022-01-19,阿湾物产,"Avalonbay Communities, Inc.",USD
245.95,248.6,242.94,243.37,830350,AVB.N,2022-01-20,阿湾物产,"Avalonbay Communities, Inc.",USD
244.94,245.91,240.61,242.0,671872,AVB.N,2022-01-21,阿湾物产,"Avalonbay Communities, Inc.",USD
240.0,241.46,232.56,240.39,805746,AVB.N,2022-01-24,阿湾物产,"Avalonbay Communities, Inc.",USD
237.57,242.38,233.94,241.5,1126927,AVB.N,2022-01-25,阿湾物产,"Avalonbay Communities, Inc.",USD
241.51,246.69,238.63,240.5,699806,AVB.N,2022-01-26,阿湾物产,"Avalonbay Communities, Inc.",USD
242.51,244.21,237.15,237.21,971388,AVB.N,2022-01-27,阿湾物产,"Avalonbay Communities, Inc.",USD
237.26,243.77,234.01,243.36,853693,AVB.N,2022-01-28,阿湾物产,"Avalonbay Communities, Inc.",USD
242.335,244.891,240.25,244.23,1193684,AVB.N,2022-01-31,阿湾物产,"Avalonbay Communities, Inc.",USD
244.22,245.51,241.93,244.48,590580,AVB.N,2022-02-01,阿湾物产,"Avalonbay Communities, Inc.",USD
244.53,252.76,243.95,251.63,983977,AVB.N,2022-02-02,阿湾物产,"Avalonbay Communities, Inc.",USD
248.66,253.09,245.21,250.21,696117,AVB.N,2022-02-03,阿湾物产,"Avalonbay Communities, Inc.",USD
248.79,250.81,245.04,247.3,641665,AVB.N,2022-02-04,阿湾物产,"Avalonbay Communities, Inc.",USD
246.96,249.505,244.06,244.37,597345,AVB.N,2022-02-07,阿湾物产,"Avalonbay Communities, Inc.",USD
245.65,245.72,239.73,240.49,750074,AVB.N,2022-02-08,阿湾物产,"Avalonbay Communities, Inc.",USD
242.54,249.43,242.54,248.75,710654,AVB.N,2022-02-09,阿湾物产,"Avalonbay Communities, Inc.",USD
245.89,248.722,240.31,242.0,881033,AVB.N,2022-02-10,阿湾物产,"Avalonbay Communities, Inc.",USD
243.35,243.93,238.58,240.67,712215,AVB.N,2022-02-11,阿湾物产,"Avalonbay Communities, Inc.",USD
241.02,242.55,236.81,238.15,538826,AVB.N,2022-02-14,阿湾物产,"Avalonbay Communities, Inc.",USD
239.6,241.485,238.67,239.96,562767,AVB.N,2022-02-15,阿湾物产,"Avalonbay Communities, Inc.",USD
240.5,240.63,236.77,239.87,518969,AVB.N,2022-02-16,阿湾物产,"Avalonbay Communities, Inc.",USD
238.27,239.32,235.245,236.14,455391,AVB.N,2022-02-17,阿湾物产,"Avalonbay Communities, Inc.",USD
237.0,238.665,234.84,235.09,1150324,AVB.N,2022-02-18,阿湾物产,"Avalonbay Communities, Inc.",USD
235.0,237.72,233.8,236.25,610241,AVB.N,2022-02-22,阿湾物产,"Avalonbay Communities, Inc.",USD
236.59,239.65,234.15,234.38,709980,AVB.N,2022-02-23,阿湾物产,"Avalonbay Communities, Inc.",USD
230.79,237.39,229.0,236.37,663219,AVB.N,2022-02-24,阿湾物产,"Avalonbay Communities, Inc.",USD
237.81,244.21,236.52,244.05,685352,AVB.N,2022-02-25,阿湾物产,"Avalonbay Communities, Inc.",USD
240.07,242.85,235.5,238.59,893043,AVB.N,2022-02-28,阿湾物产,"Avalonbay Communities, Inc.",USD
239.02,239.77,232.7,234.18,778320,AVB.N,2022-03-01,阿湾物产,"Avalonbay Communities, Inc.",USD
236.08,242.03,234.26,240.68,818390,AVB.N,2022-03-02,阿湾物产,"Avalonbay Communities, Inc.",USD
242.06,243.81,239.79,243.1,716184,AVB.N,2022-03-03,阿湾物产,"Avalonbay Communities, Inc.",USD
240.54,247.37,240.54,247.34,803648,AVB.N,2022-03-04,阿湾物产,"Avalonbay Communities, Inc.",USD
247.42,249.88,244.53,244.58,670711,AVB.N,2022-03-07,阿湾物产,"Avalonbay Communities, Inc.",USD
244.72,244.72,238.9,239.95,605947,AVB.N,2022-03-08,阿湾物产,"Avalonbay Communities, Inc.",USD
244.25,246.64,242.665,244.46,523754,AVB.N,2022-03-09,阿湾物产,"Avalonbay Communities, Inc.",USD
241.95,244.55,240.58,244.02,467717,AVB.N,2022-03-10,阿湾物产,"Avalonbay Communities, Inc.",USD
245.79,246.98,240.64,241.12,449982,AVB.N,2022-03-11,阿湾物产,"Avalonbay Communities, Inc.",USD
242.0,243.67,238.28,239.32,406624,AVB.N,2022-03-14,阿湾物产,"Avalonbay Communities, Inc.",USD
241.59,242.075,237.22,240.22,533789,AVB.N,2022-03-15,阿湾物产,"Avalonbay Communities, Inc.",USD
241.51,244.81,237.85,243.01,601428,AVB.N,2022-03-16,阿湾物产,"Avalonbay Communities, Inc.",USD
241.44,245.97,241.27,245.97,554293,AVB.N,2022-03-17,阿湾物产,"Avalonbay Communities, Inc.",USD
248.0,248.0,243.98,245.38,1081764,AVB.N,2022-03-18,阿湾物产,"Avalonbay Communities, Inc.",USD
246.16,247.46,243.1,244.83,468555,AVB.N,2022-03-21,阿湾物产,"Avalonbay Communities, Inc.",USD
246.01,246.88,241.63,243.07,566316,AVB.N,2022-03-22,阿湾物产,"Avalonbay Communities, Inc.",USD
243.26,243.26,240.415,241.44,433817,AVB.N,2022-03-23,阿湾物产,"Avalonbay Communities, Inc.",USD
240.68,243.35,240.5,243.2,390725,AVB.N,2022-03-24,阿湾物产,"Avalonbay Communities, Inc.",USD
244.59,247.39,243.61,247.24,550003,AVB.N,2022-03-25,阿湾物产,"Avalonbay Communities, Inc.",USD
247.91,250.26,246.21,249.99,457412,AVB.N,2022-03-28,阿湾物产,"Avalonbay Communities, Inc.",USD
252.47,259.05,252.47,258.26,1088648,AVB.N,2022-03-29,阿湾物产,"Avalonbay Communities, Inc.",USD
255.71,255.71,249.94,251.95,566691,AVB.N,2022-03-30,阿湾物产,"Avalonbay Communities, Inc.",USD
252.42,253.73,248.17,248.37,943039,AVB.N,2022-03-31,阿湾物产,"Avalonbay Communities, Inc.",USD
249.44,254.52,249.02,254.44,460350,AVB.N,2022-04-01,阿湾物产,"Avalonbay Communities, Inc.",USD
254.03,255.515,248.84,251.01,431865,AVB.N,2022-04-04,阿湾物产,"Avalonbay Communities, Inc.",USD
250.32,254.36,248.22,249.44,665710,AVB.N,2022-04-05,阿湾物产,"Avalonbay Communities, Inc.",USD
249.41,255.04,246.57,254.95,596460,AVB.N,2022-04-06,阿湾物产,"Avalonbay Communities, Inc.",USD
247.6,250.44,246.03,249.34,1975246,AVB.N,2022-04-07,阿湾物产,"Avalonbay Communities, Inc.",USD
249.0,250.63,247.32,249.61,726549,AVB.N,2022-04-08,阿湾物产,"Avalonbay Communities, Inc.",USD
250.0,250.606,244.76,246.25,1204067,AVB.N,2022-04-11,阿湾物产,"Avalonbay Communities, Inc.",USD
246.06,248.225,244.51,246.48,649681,AVB.N,2022-04-12,阿湾物产,"Avalonbay Communities, Inc.",USD
246.47,248.28,245.39,247.62,564575,AVB.N,2022-04-13,阿湾物产,"Avalonbay Communities, Inc.",USD
248.58,249.475,246.166,246.61,618900,AVB.N,2022-04-14,阿湾物产,"Avalonbay Communities, Inc.",USD
246.54,248.495,242.5,244.05,754899,AVB.N,2022-04-18,阿湾物产,"Avalonbay Communities, Inc.",USD
245.84,248.54,245.56,246.92,592659,AVB.N,2022-04-19,阿湾物产,"Avalonbay Communities, Inc.",USD
247.71,254.07,247.64,253.5,1008314,AVB.N,2022-04-20,阿湾物产,"Avalonbay Communities, Inc.",USD
255.24,258.81,253.95,256.01,1181609,AVB.N,2022-04-21,阿湾物产,"Avalonbay Communities, Inc.",USD
256.17,256.17,250.69,250.85,874765,AVB.N,2022-04-22,阿湾物产,"Avalonbay Communities, Inc.",USD
250.98,250.98,246.02,248.42,951244,AVB.N,2022-04-25,阿湾物产,"Avalonbay Communities, Inc.",USD
248.04,250.31,243.96,244.35,783491,AVB.N,2022-04-26,阿湾物产,"Avalonbay Communities, Inc.",USD
244.2,245.85,240.54,240.78,620303,AVB.N,2022-04-27,阿湾物产,"Avalonbay Communities, Inc.",USD
238.93,241.795,236.5,239.5,694259,AVB.N,2022-04-28,阿湾物产,"Avalonbay Communities, Inc.",USD
237.35,238.62,226.89,227.48,1427120,AVB.N,2022-04-29,阿湾物产,"Avalonbay Communities, Inc.",USD
228.48,229.69,216.97,221.15,1363174,AVB.N,2022-05-02,阿湾物产,"Avalonbay Communities, Inc.",USD
222.15,224.11,219.86,222.44,851855,AVB.N,2022-05-03,阿湾物产,"Avalonbay Communities, Inc.",USD
222.42,223.03,215.55,222.48,855466,AVB.N,2022-05-04,阿湾物产,"Avalonbay Communities, Inc.",USD
222.63,223.09,214.33,216.72,1107940,AVB.N,2022-05-05,阿湾物产,"Avalonbay Communities, Inc.",USD
214.27,215.11,209.57,212.43,1167399,AVB.N,2022-05-06,阿湾物产,"Avalonbay Communities, Inc.",USD
211.0,211.0,202.405,203.72,1140047,AVB.N,2022-05-09,阿湾物产,"Avalonbay Communities, Inc.",USD
205.3,206.43,199.0,200.09,1098093,AVB.N,2022-05-10,阿湾物产,"Avalonbay Communities, Inc.",USD
200.88,206.86,200.59,203.48,1036987,AVB.N,2022-05-11,阿湾物产,"Avalonbay Communities, Inc.",USD
203.5,204.99,202.035,204.09,1103433,AVB.N,2022-05-12,阿湾物产,"Avalonbay Communities, Inc.",USD
205.62,207.51,203.776,207.21,692916,AVB.N,2022-05-13,阿湾物产,"Avalonbay Communities, Inc.",USD
207.62,208.545,204.59,204.85,568601,AVB.N,2022-05-16,阿湾物产,"Avalonbay Communities, Inc.",USD
206.79,207.93,203.375,207.84,1032226,AVB.N,2022-05-17,阿湾物产,"Avalonbay Communities, Inc.",USD
207.65,208.76,200.68,201.56,838299,AVB.N,2022-05-18,阿湾物产,"Avalonbay Communities, Inc.",USD
199.84,201.77,197.615,199.36,712108,AVB.N,2022-05-19,阿湾物产,"Avalonbay Communities, Inc.",USD
201.34,201.55,197.892,200.95,846640,AVB.N,2022-05-20,阿湾物产,"Avalonbay Communities, Inc.",USD
203.16,204.601,199.09,204.19,576680,AVB.N,2022-05-23,阿湾物产,"Avalonbay Communities, Inc.",USD
204.02,205.51,200.17,205.01,490200,AVB.N,2022-05-24,阿湾物产,"Avalonbay Communities, Inc.",USD
203.89,205.62,202.48,204.94,578435,AVB.N,2022-05-25,阿湾物产,"Avalonbay Communities, Inc.",USD
206.19,207.38,205.18,205.45,625938,AVB.N,2022-05-26,阿湾物产,"Avalonbay Communities, Inc.",USD
206.29,211.32,205.47,210.91,702282,AVB.N,2022-05-27,阿湾物产,"Avalonbay Communities, Inc.",USD
209.07,209.56,206.495,207.96,1272625,AVB.N,2022-05-31,阿湾物产,"Avalonbay Communities, Inc.",USD
208.23,208.85,203.15,207.57,538282,AVB.N,2022-06-01,阿湾物产,"Avalonbay Communities, Inc.",USD
207.6,209.28,204.29,208.97,609335,AVB.N,2022-06-02,阿湾物产,"Avalonbay Communities, Inc.",USD
207.69,208.28,204.75,205.02,683161,AVB.N,2022-06-03,阿湾物产,"Avalonbay Communities, Inc.",USD
206.39,206.39,199.74,200.8,750461,AVB.N,2022-06-06,阿湾物产,"Avalonbay Communities, Inc.",USD
200.0,205.07,198.84,204.85,577580,AVB.N,2022-06-07,阿湾物产,"Avalonbay Communities, Inc.",USD
202.91,204.32,198.615,200.49,719726,AVB.N,2022-06-08,阿湾物产,"Avalonbay Communities, Inc.",USD
199.91,200.39,194.69,194.87,635778,AVB.N,2022-06-09,阿湾物产,"Avalonbay Communities, Inc.",USD
192.74,196.39,190.85,194.44,870097,AVB.N,2022-06-10,阿湾物产,"Avalonbay Communities, Inc.",USD
190.88,192.03,185.81,186.76,1087767,AVB.N,2022-06-13,阿湾物产,"Avalonbay Communities, Inc.",USD
187.53,188.9,184.26,185.19,969256,AVB.N,2022-06-14,阿湾物产,"Avalonbay Communities, Inc.",USD
186.81,190.23,185.36,187.58,628486,AVB.N,2022-06-15,阿湾物产,"Avalonbay Communities, Inc.",USD
183.85,187.21,183.35,186.39,683559,AVB.N,2022-06-16,阿湾物产,"Avalonbay Communities, Inc.",USD
186.86,191.98,186.84,190.99,2294398,AVB.N,2022-06-17,阿湾物产,"Avalonbay Communities, Inc.",USD
191.74,196.24,191.19,191.4,1087877,AVB.N,2022-06-21,阿湾物产,"Avalonbay Communities, Inc.",USD
190.11,194.45,189.43,191.89,693452,AVB.N,2022-06-22,阿湾物产,"Avalonbay Communities, Inc.",USD
192.36,196.76,192.36,196.49,678253,AVB.N,2022-06-23,阿湾物产,"Avalonbay Communities, Inc.",USD
196.58,197.01,194.26,195.15,1164260,AVB.N,2022-06-24,阿湾物产,"Avalonbay Communities, Inc.",USD
194.43,201.71,194.03,198.77,1126491,AVB.N,2022-06-27,阿湾物产,"Avalonbay Communities, Inc.",USD
199.09,202.12,196.6,197.06,469984,AVB.N,2022-06-28,阿湾物产,"Avalonbay Communities, Inc.",USD
194.9,195.56,193.55,195.08,386632,AVB.N,2022-06-29,阿湾物产,"Avalonbay Communities, Inc.",USD
193.43,197.52,191.93,194.25,867535,AVB.N,2022-06-30,阿湾物产,"Avalonbay Communities, Inc.",USD
193.97,196.74,192.79,196.25,996589,AVB.N,2022-07-01,阿湾物产,"Avalonbay Communities, Inc.",USD
195.11,195.11,188.71,194.21,852169,AVB.N,2022-07-05,阿湾物产,"Avalonbay Communities, Inc.",USD
195.12,196.81,192.905,194.02,600467,AVB.N,2022-07-06,阿湾物产,"Avalonbay Communities, Inc.",USD
194.65,195.49,191.895,192.59,1231346,AVB.N,2022-07-07,阿湾物产,"Avalonbay Communities, Inc.",USD
192.19,192.82,189.54,190.56,749768,AVB.N,2022-07-08,阿湾物产,"Avalonbay Communities, Inc.",USD
189.8,191.38,189.32,190.55,611851,AVB.N,2022-07-11,阿湾物产,"Avalonbay Communities, Inc.",USD
189.03,193.31,189.03,191.34,614784,AVB.N,2022-07-12,阿湾物产,"Avalonbay Communities, Inc.",USD
189.76,191.45,187.227,190.55,484550,AVB.N,2022-07-13,阿湾物产,"Avalonbay Communities, Inc.",USD
187.11,190.315,187.11,189.14,559850,AVB.N,2022-07-14,阿湾物产,"Avalonbay Communities, Inc.",USD
192.17,193.65,190.3,192.79,563422,AVB.N,2022-07-15,阿湾物产,"Avalonbay Communities, Inc.",USD
193.54,193.545,190.43,191.24,542408,AVB.N,2022-07-18,阿湾物产,"Avalonbay Communities, Inc.",USD
192.86,195.8,191.75,195.46,425595,AVB.N,2022-07-19,阿湾物产,"Avalonbay Communities, Inc.",USD
194.91,197.1,193.626,194.63,451239,AVB.N,2022-07-20,阿湾物产,"Avalonbay Communities, Inc.",USD
194.35,196.208,193.03,196.05,573762,AVB.N,2022-07-21,阿湾物产,"Avalonbay Communities, Inc.",USD
196.94,199.52,196.01,198.25,472360,AVB.N,2022-07-22,阿湾物产,"Avalonbay Communities, Inc.",USD
197.78,200.03,197.015,197.54,619857,AVB.N,2022-07-25,阿湾物产,"Avalonbay Communities, Inc.",USD
197.47,199.206,196.45,197.54,488541,AVB.N,2022-07-26,阿湾物产,"Avalonbay Communities, Inc.",USD
197.66,202.39,197.66,202.09,818740,AVB.N,2022-07-27,阿湾物产,"Avalonbay Communities, Inc.",USD
202.97,213.85,202.67,212.24,1618952,AVB.N,2022-07-28,阿湾物产,"Avalonbay Communities, Inc.",USD
212.93,215.63,211.695,213.94,890147,AVB.N,2022-07-29,阿湾物产,"Avalonbay Communities, Inc.",USD
213.7,213.7,207.235,207.77,837168,AVB.N,2022-08-01,阿湾物产,"Avalonbay Communities, Inc.",USD
207.64,209.78,203.71,204.58,910930,AVB.N,2022-08-02,阿湾物产,"Avalonbay Communities, Inc.",USD
205.51,207.38,201.22,202.05,961143,AVB.N,2022-08-03,阿湾物产,"Avalonbay Communities, Inc.",USD
201.63,204.04,199.59,203.8,716064,AVB.N,2022-08-04,阿湾物产,"Avalonbay Communities, Inc.",USD
202.98,205.07,201.38,204.91,431245,AVB.N,2022-08-05,阿湾物产,"Avalonbay Communities, Inc.",USD
206.47,208.435,205.46,206.44,352109,AVB.N,2022-08-08,阿湾物产,"Avalonbay Communities, Inc.",USD
207.26,211.04,206.49,210.42,538899,AVB.N,2022-08-09,阿湾物产,"Avalonbay Communities, Inc.",USD
212.95,214.52,211.29,213.72,464364,AVB.N,2022-08-10,阿湾物产,"Avalonbay Communities, Inc.",USD
214.99,218.06,214.6,215.08,663268,AVB.N,2022-08-11,阿湾物产,"Avalonbay Communities, Inc.",USD
216.56,218.385,216.11,218.16,343653,AVB.N,2022-08-12,阿湾物产,"Avalonbay Communities, Inc.",USD
218.37,219.704,216.25,218.38,310541,AVB.N,2022-08-15,阿湾物产,"Avalonbay Communities, Inc.",USD
217.45,220.325,217.45,219.24,292021,AVB.N,2022-08-16,阿湾物产,"Avalonbay Communities, Inc.",USD
217.68,220.42,217.185,220.22,406510,AVB.N,2022-08-17,阿湾物产,"Avalonbay Communities, Inc.",USD
220.01,220.25,215.435,216.52,475300,AVB.N,2022-08-18,阿湾物产,"Avalonbay Communities, Inc.",USD
215.85,216.21,213.972,214.98,574579,AVB.N,2022-08-19,阿湾物产,"Avalonbay Communities, Inc.",USD
213.67,214.0,206.21,210.33,452519,AVB.N,2022-08-22,阿湾物产,"Avalonbay Communities, Inc.",USD
210.24,210.24,205.23,206.67,422268,AVB.N,2022-08-23,阿湾物产,"Avalonbay Communities, Inc.",USD
207.27,210.42,206.7,209.97,739291,AVB.N,2022-08-24,阿湾物产,"Avalonbay Communities, Inc.",USD
211.33,213.52,210.13,213.39,589115,AVB.N,2022-08-25,阿湾物产,"Avalonbay Communities, Inc.",USD
213.39,214.95,209.02,209.32,691972,AVB.N,2022-08-26,阿湾物产,"Avalonbay Communities, Inc.",USD
208.61,208.61,205.49,205.68,585140,AVB.N,2022-08-29,阿湾物产,"Avalonbay Communities, Inc.",USD
206.01,206.9,202.27,203.11,748700,AVB.N,2022-08-30,阿湾物产,"Avalonbay Communities, Inc.",USD
204.65,205.48,200.65,200.91,1108428,AVB.N,2022-08-31,阿湾物产,"Avalonbay Communities, Inc.",USD
199.92,204.155,197.8,203.96,711740,AVB.N,2022-09-01,阿湾物产,"Avalonbay Communities, Inc.",USD
204.54,207.12,202.2,202.51,689206,AVB.N,2022-09-02,阿湾物产,"Avalonbay Communities, Inc.",USD
203.9,207.55,203.55,207.13,536952,AVB.N,2022-09-06,阿湾物产,"Avalonbay Communities, Inc.",USD
207.21,210.64,207.21,210.45,557990,AVB.N,2022-09-07,阿湾物产,"Avalonbay Communities, Inc.",USD
209.29,212.45,209.16,211.83,358196,AVB.N,2022-09-08,阿湾物产,"Avalonbay Communities, Inc.",USD
212.22,215.55,210.46,214.46,557107,AVB.N,2022-09-09,阿湾物产,"Avalonbay Communities, Inc.",USD
215.26,216.11,213.75,214.22,793220,AVB.N,2022-09-12,阿湾物产,"Avalonbay Communities, Inc.",USD
210.68,211.84,207.26,207.85,730930,AVB.N,2022-09-13,阿湾物产,"Avalonbay Communities, Inc.",USD
207.03,207.45,202.34,205.08,644890,AVB.N,2022-09-14,阿湾物产,"Avalonbay Communities, Inc.",USD
205.08,205.34,201.22,201.32,433958,AVB.N,2022-09-15,阿湾物产,"Avalonbay Communities, Inc.",USD
201.81,202.36,198.63,201.98,1654108,AVB.N,2022-09-16,阿湾物产,"Avalonbay Communities, Inc.",USD
199.84,200.0,195.52,199.63,627036,AVB.N,2022-09-19,阿湾物产,"Avalonbay Communities, Inc.",USD
197.8,197.8,190.85,192.88,839060,AVB.N,2022-09-20,阿湾物产,"Avalonbay Communities, Inc.",USD
194.48,195.03,188.955,188.97,652994,AVB.N,2022-09-21,阿湾物产,"Avalonbay Communities, Inc.",USD
188.89,189.56,186.67,188.48,787570,AVB.N,2022-09-22,阿湾物产,"Avalonbay Communities, Inc.",USD
186.47,191.9,186.21,188.82,703309,AVB.N,2022-09-23,阿湾物产,"Avalonbay Communities, Inc.",USD
187.93,187.93,182.3,184.19,749148,AVB.N,2022-09-26,阿湾物产,"Avalonbay Communities, Inc.",USD
185.52,186.19,181.43,181.8,757077,AVB.N,2022-09-27,阿湾物产,"Avalonbay Communities, Inc.",USD
183.88,187.14,181.67,186.41,710056,AVB.N,2022-09-28,阿湾物产,"Avalonbay Communities, Inc.",USD
183.0,184.175,180.005,181.5,694149,AVB.N,2022-09-29,阿湾物产,"Avalonbay Communities, Inc.",USD
183.26,185.41,181.56,184.19,1123415,AVB.N,2022-09-30,阿湾物产,"Avalonbay Communities, Inc.",USD
186.64,187.48,184.18,186.62,612445,AVB.N,2022-10-03,阿湾物产,"Avalonbay Communities, Inc.",USD
187.54,189.81,185.64,188.16,791613,AVB.N,2022-10-04,阿湾物产,"Avalonbay Communities, Inc.",USD
185.47,185.77,180.2,182.51,626767,AVB.N,2022-10-05,阿湾物产,"Avalonbay Communities, Inc.",USD
182.16,182.69,177.12,177.63,679382,AVB.N,2022-10-06,阿湾物产,"Avalonbay Communities, Inc.",USD
175.95,176.82,171.01,172.28,728733,AVB.N,2022-10-07,阿湾物产,"Avalonbay Communities, Inc.",USD
173.28,173.66,170.76,170.86,650165,AVB.N,2022-10-10,阿湾物产,"Avalonbay Communities, Inc.",USD
171.17,175.23,169.88,174.71,652239,AVB.N,2022-10-11,阿湾物产,"Avalonbay Communities, Inc.",USD
174.39,174.39,170.755,171.67,835366,AVB.N,2022-10-12,阿湾物产,"Avalonbay Communities, Inc.",USD
169.2,176.41,168.05,175.87,748736,AVB.N,2022-10-13,阿湾物产,"Avalonbay Communities, Inc.",USD
178.11,178.641,169.39,169.58,711856,AVB.N,2022-10-14,阿湾物产,"Avalonbay Communities, Inc.",USD
172.97,175.81,172.05,175.38,1001471,AVB.N,2022-10-17,阿湾物产,"Avalonbay Communities, Inc.",USD
178.09,180.845,176.02,177.76,596455,AVB.N,2022-10-18,阿湾物产,"Avalonbay Communities, Inc.",USD
175.47,176.31,171.59,173.35,572328,AVB.N,2022-10-19,阿湾物产,"Avalonbay Communities, Inc.",USD
174.07,175.65,171.88,172.03,1038615,AVB.N,2022-10-20,阿湾物产,"Avalonbay Communities, Inc.",USD
172.46,174.99,170.15,174.89,663711,AVB.N,2022-10-21,阿湾物产,"Avalonbay Communities, Inc.",USD
176.1,177.229,172.743,173.2,837921,AVB.N,2022-10-24,阿湾物产,"Avalonbay Communities, Inc.",USD
174.22,178.88,174.195,178.8,617754,AVB.N,2022-10-25,阿湾物产,"Avalonbay Communities, Inc.",USD
179.35,179.74,173.71,174.56,1078019,AVB.N,2022-10-26,阿湾物产,"Avalonbay Communities, Inc.",USD
175.39,176.873,170.95,172.34,1173191,AVB.N,2022-10-27,阿湾物产,"Avalonbay Communities, Inc.",USD
171.12,175.905,170.3,175.6,1123947,AVB.N,2022-10-28,阿湾物产,"Avalonbay Communities, Inc.",USD
174.5,176.32,173.64,175.12,937895,AVB.N,2022-10-31,阿湾物产,"Avalonbay Communities, Inc.",USD
176.27,177.595,174.84,175.29,741807,AVB.N,2022-11-01,阿湾物产,"Avalonbay Communities, Inc.",USD
174.46,176.56,171.1,171.18,958538,AVB.N,2022-11-02,阿湾物产,"Avalonbay Communities, Inc.",USD
169.84,172.18,166.47,170.1,847750,AVB.N,2022-11-03,阿湾物产,"Avalonbay Communities, Inc.",USD
164.44,168.42,160.625,167.29,1839545,AVB.N,2022-11-04,阿湾物产,"Avalonbay Communities, Inc.",USD
164.45,167.28,160.7,162.02,1349150,AVB.N,2022-11-07,阿湾物产,"Avalonbay Communities, Inc.",USD
163.2,163.285,160.0,161.05,907206,AVB.N,2022-11-08,阿湾物产,"Avalonbay Communities, Inc.",USD
161.14,161.96,158.35,158.98,1011864,AVB.N,2022-11-09,阿湾物产,"Avalonbay Communities, Inc.",USD
165.69,171.96,165.5,171.82,1099511,AVB.N,2022-11-10,阿湾物产,"Avalonbay Communities, Inc.",USD
171.51,172.03,166.875,167.11,753217,AVB.N,2022-11-11,阿湾物产,"Avalonbay Communities, Inc.",USD
166.94,170.5,165.72,166.4,1711601,AVB.N,2022-11-14,阿湾物产,"Avalonbay Communities, Inc.",USD
168.61,169.6,166.7,168.97,1070708,AVB.N,2022-11-15,阿湾物产,"Avalonbay Communities, Inc.",USD
168.64,169.775,166.0,166.08,754793,AVB.N,2022-11-16,阿湾物产,"Avalonbay Communities, Inc.",USD
163.83,166.31,163.44,165.13,612679,AVB.N,2022-11-17,阿湾物产,"Avalonbay Communities, Inc.",USD
167.39,169.56,166.95,169.19,1210768,AVB.N,2022-11-18,阿湾物产,"Avalonbay Communities, Inc.",USD
168.68,171.45,167.5,168.69,813804,AVB.N,2022-11-21,阿湾物产,"Avalonbay Communities, Inc.",USD
169.5,169.64,167.9,168.9,478270,AVB.N,2022-11-22,阿湾物产,"Avalonbay Communities, Inc.",USD
168.22,169.91,166.94,168.52,559726,AVB.N,2022-11-23,阿湾物产,"Avalonbay Communities, Inc.",USD
169.24,170.24,169.115,170.06,220012,AVB.N,2022-11-25,阿湾物产,"Avalonbay Communities, Inc.",USD
169.38,172.05,167.64,168.07,1788230,AVB.N,2022-11-28,阿湾物产,"Avalonbay Communities, Inc.",USD
167.81,171.07,167.33,170.79,707778,AVB.N,2022-11-29,阿湾物产,"Avalonbay Communities, Inc.",USD
169.7,174.97,168.65,174.9,1176259,AVB.N,2022-11-30,阿湾物产,"Avalonbay Communities, Inc.",USD
176.48,177.675,172.38,174.18,706175,AVB.N,2022-12-01,阿湾物产,"Avalonbay Communities, Inc.",USD
170.85,173.08,170.59,172.57,734533,AVB.N,2022-12-02,阿湾物产,"Avalonbay Communities, Inc.",USD
170.95,172.615,169.62,170.3,919057,AVB.N,2022-12-05,阿湾物产,"Avalonbay Communities, Inc.",USD
171.07,171.08,166.119,166.89,599040,AVB.N,2022-12-06,阿湾物产,"Avalonbay Communities, Inc.",USD
166.6,170.21,166.6,167.97,1021672,AVB.N,2022-12-07,阿湾物产,"Avalonbay Communities, Inc.",USD
167.31,171.33,167.23,169.6,666829,AVB.N,2022-12-08,阿湾物产,"Avalonbay Communities, Inc.",USD
169.34,171.28,169.18,169.58,483744,AVB.N,2022-12-09,阿湾物产,"Avalonbay Communities, Inc.",USD
169.18,171.56,166.91,171.55,680930,AVB.N,2022-12-12,阿湾物产,"Avalonbay Communities, Inc.",USD
176.53,176.761,171.17,173.4,791362,AVB.N,2022-12-13,阿湾物产,"Avalonbay Communities, Inc.",USD
173.72,175.35,170.8,172.08,715984,AVB.N,2022-12-14,阿湾物产,"Avalonbay Communities, Inc.",USD
170.08,171.36,167.9,168.79,1083458,AVB.N,2022-12-15,阿湾物产,"Avalonbay Communities, Inc.",USD
165.83,166.87,162.05,165.0,2021845,AVB.N,2022-12-16,阿湾物产,"Avalonbay Communities, Inc.",USD
164.8,164.8,160.4,162.22,783887,AVB.N,2022-12-19,阿湾物产,"Avalonbay Communities, Inc.",USD
161.5,161.82,159.69,161.21,642858,AVB.N,2022-12-20,阿湾物产,"Avalonbay Communities, Inc.",USD
162.71,163.859,161.38,162.37,718998,AVB.N,2022-12-21,阿湾物产,"Avalonbay Communities, Inc.",USD
161.24,162.59,159.49,161.85,650339,AVB.N,2022-12-22,阿湾物产,"Avalonbay Communities, Inc.",USD
161.83,163.12,160.45,163.03,396380,AVB.N,2022-12-23,阿湾物产,"Avalonbay Communities, Inc.",USD
163.45,163.75,161.37,162.8,455981,AVB.N,2022-12-27,阿湾物产,"Avalonbay Communities, Inc.",USD
163.21,164.015,160.575,161.08,420863,AVB.N,2022-12-28,阿湾物产,"Avalonbay Communities, Inc.",USD
160.99,163.12,159.75,162.65,839913,AVB.N,2022-12-29,阿湾物产,"Avalonbay Communities, Inc.",USD
161.84,162.37,159.56,161.52,613082,AVB.N,2022-12-30,阿湾物产,"Avalonbay Communities, Inc.",USD
162.3,163.69,159.56,161.5,646025,AVB.N,2023-01-03,阿湾物产,"Avalonbay Communities, Inc.",USD
161.9,165.71,161.365,164.32,539808,AVB.N,2023-01-04,阿湾物产,"Avalonbay Communities, Inc.",USD
162.62,163.18,157.69,157.98,890106,AVB.N,2023-01-05,阿湾物产,"Avalonbay Communities, Inc.",USD
158.29,164.08,158.01,163.63,586457,AVB.N,2023-01-06,阿湾物产,"Avalonbay Communities, Inc.",USD
163.19,165.04,161.66,162.47,1787280,AVB.N,2023-01-09,阿湾物产,"Avalonbay Communities, Inc.",USD
162.02,163.57,161.64,162.99,661323,AVB.N,2023-01-10,阿湾物产,"Avalonbay Communities, Inc.",USD
164.46,170.21,164.27,169.88,764188,AVB.N,2023-01-11,阿湾物产,"Avalonbay Communities, Inc.",USD
170.88,171.42,168.52,170.27,650856,AVB.N,2023-01-12,阿湾物产,"Avalonbay Communities, Inc.",USD
168.33,169.85,166.9,167.85,555004,AVB.N,2023-01-13,阿湾物产,"Avalonbay Communities, Inc.",USD
169.48,171.455,168.34,170.01,736211,AVB.N,2023-01-17,阿湾物产,"Avalonbay Communities, Inc.",USD
170.31,170.92,167.24,168.65,1061054,AVB.N,2023-01-18,阿湾物产,"Avalonbay Communities, Inc.",USD
167.89,170.702,167.634,168.7,879484,AVB.N,2023-01-19,阿湾物产,"Avalonbay Communities, Inc.",USD
168.73,170.57,166.96,170.35,1568378,AVB.N,2023-01-20,阿湾物产,"Avalonbay Communities, Inc.",USD
171.39,171.95,169.61,170.36,715883,AVB.N,2023-01-23,阿湾物产,"Avalonbay Communities, Inc.",USD
171.69,173.83,169.885,173.09,454345,AVB.N,2023-01-24,阿湾物产,"Avalonbay Communities, Inc.",USD
172.86,174.165,172.175,173.36,802115,AVB.N,2023-01-25,阿湾物产,"Avalonbay Communities, Inc.",USD
174.07,175.76,172.96,173.45,681854,AVB.N,2023-01-26,阿湾物产,"Avalonbay Communities, Inc.",USD
173.33,178.55,173.33,177.52,835630,AVB.N,2023-01-27,阿湾物产,"Avalonbay Communities, Inc.",USD
176.16,177.425,173.16,173.27,554495,AVB.N,2023-01-30,阿湾物产,"Avalonbay Communities, Inc.",USD
173.1,177.44,173.07,177.44,1746583,AVB.N,2023-01-31,阿湾物产,"Avalonbay Communities, Inc.",USD
176.38,178.92,174.7,178.02,762839,AVB.N,2023-02-01,阿湾物产,"Avalonbay Communities, Inc.",USD
180.0,185.78,179.795,184.5,1058850,AVB.N,2023-02-02,阿湾物产,"Avalonbay Communities, Inc.",USD
181.0,181.315,178.3,180.25,936475,AVB.N,2023-02-03,阿湾物产,"Avalonbay Communities, Inc.",USD
178.35,179.47,177.04,178.79,750562,AVB.N,2023-02-06,阿湾物产,"Avalonbay Communities, Inc.",USD
177.23,180.76,176.49,179.71,652151,AVB.N,2023-02-07,阿湾物产,"Avalonbay Communities, Inc.",USD
178.36,182.41,178.09,181.6,1064666,AVB.N,2023-02-08,阿湾物产,"Avalonbay Communities, Inc.",USD
184.47,184.57,178.82,180.37,881444,AVB.N,2023-02-09,阿湾物产,"Avalonbay Communities, Inc.",USD
179.68,180.64,177.933,180.28,793764,AVB.N,2023-02-10,阿湾物产,"Avalonbay Communities, Inc.",USD
180.42,182.99,180.41,181.19,1215543,AVB.N,2023-02-13,阿湾物产,"Avalonbay Communities, Inc.",USD
181.12,182.49,179.015,180.08,990499,AVB.N,2023-02-14,阿湾物产,"Avalonbay Communities, Inc.",USD
179.15,181.16,178.55,181.14,621528,AVB.N,2023-02-15,阿湾物产,"Avalonbay Communities, Inc.",USD
178.92,182.56,178.11,180.12,766921,AVB.N,2023-02-16,阿湾物产,"Avalonbay Communities, Inc.",USD
180.12,180.12,176.43,179.27,2510020,AVB.N,2023-02-17,阿湾物产,"Avalonbay Communities, Inc.",USD
179.02,179.02,175.12,175.86,746818,AVB.N,2023-02-21,阿湾物产,"Avalonbay Communities, Inc.",USD
176.73,178.02,175.58,176.58,732607,AVB.N,2023-02-22,阿湾物产,"Avalonbay Communities, Inc.",USD
177.43,178.93,175.705,177.83,577454,AVB.N,2023-02-23,阿湾物产,"Avalonbay Communities, Inc.",USD
175.61,176.355,173.83,175.0,737280,AVB.N,2023-02-24,阿湾物产,"Avalonbay Communities, Inc.",USD
176.96,177.27,172.54,173.24,623564,AVB.N,2023-02-27,阿湾物产,"Avalonbay Communities, Inc.",USD
173.05,175.23,172.41,172.52,945496,AVB.N,2023-02-28,阿湾物产,"Avalonbay Communities, Inc.",USD
171.07,172.05,166.47,168.21,614362,AVB.N,2023-03-01,阿湾物产,"Avalonbay Communities, Inc.",USD
167.03,170.21,166.37,169.69,697365,AVB.N,2023-03-02,阿湾物产,"Avalonbay Communities, Inc.",USD
171.0,173.63,170.72,172.68,759160,AVB.N,2023-03-03,阿湾物产,"Avalonbay Communities, Inc.",USD
173.94,175.22,173.4,174.7,539984,AVB.N,2023-03-06,阿湾物产,"Avalonbay Communities, Inc.",USD
174.61,174.715,170.34,170.75,676632,AVB.N,2023-03-07,阿湾物产,"Avalonbay Communities, Inc.",USD
170.57,174.83,170.57,173.7,550288,AVB.N,2023-03-08,阿湾物产,"Avalonbay Communities, Inc.",USD
173.95,174.69,170.865,170.98,1030492,AVB.N,2023-03-09,阿湾物产,"Avalonbay Communities, Inc.",USD
171.0,172.12,163.68,165.53,1079047,AVB.N,2023-03-10,阿湾物产,"Avalonbay Communities, Inc.",USD
165.0,170.02,164.45,168.38,874595,AVB.N,2023-03-13,阿湾物产,"Avalonbay Communities, Inc.",USD
170.93,171.99,168.71,170.21,1218660,AVB.N,2023-03-14,阿湾物产,"Avalonbay Communities, Inc.",USD
168.91,171.009,166.84,169.93,727308,AVB.N,2023-03-15,阿湾物产,"Avalonbay Communities, Inc.",USD
169.04,169.04,164.28,165.46,930707,AVB.N,2023-03-16,阿湾物产,"Avalonbay Communities, Inc.",USD
165.34,165.72,161.24,161.51,1099324,AVB.N,2023-03-17,阿湾物产,"Avalonbay Communities, Inc.",USD
161.61,163.025,160.31,162.66,709882,AVB.N,2023-03-20,阿湾物产,"Avalonbay Communities, Inc.",USD
163.46,164.0,159.31,161.08,879576,AVB.N,2023-03-21,阿湾物产,"Avalonbay Communities, Inc.",USD
159.49,160.55,155.61,155.79,847528,AVB.N,2023-03-22,阿湾物产,"Avalonbay Communities, Inc.",USD
156.07,157.76,154.03,154.07,735239,AVB.N,2023-03-23,阿湾物产,"Avalonbay Communities, Inc.",USD
153.2,157.79,153.07,157.73,679908,AVB.N,2023-03-24,阿湾物产,"Avalonbay Communities, Inc.",USD
158.77,160.23,158.3,158.61,803100,AVB.N,2023-03-27,阿湾物产,"Avalonbay Communities, Inc.",USD
157.19,159.38,156.535,157.32,805300,AVB.N,2023-03-28,阿湾物产,"Avalonbay Communities, Inc.",USD
160.09,162.45,159.57,162.2,814555,AVB.N,2023-03-29,阿湾物产,"Avalonbay Communities, Inc.",USD
162.52,163.9,162.27,163.26,520667,AVB.N,2023-03-30,阿湾物产,"Avalonbay Communities, Inc.",USD
164.17,168.28,164.17,168.06,1381432,AVB.N,2023-03-31,阿湾物产,"Avalonbay Communities, Inc.",USD
168.26,170.33,166.6,167.08,1225028,AVB.N,2023-04-03,阿湾物产,"Avalonbay Communities, Inc.",USD
167.62,168.17,164.18,166.29,1206241,AVB.N,2023-04-04,阿湾物产,"Avalonbay Communities, Inc.",USD
165.93,167.61,165.6,166.32,1099927,AVB.N,2023-04-05,阿湾物产,"Avalonbay Communities, Inc.",USD
167.72,168.21,165.6,168.19,544583,AVB.N,2023-04-06,阿湾物产,"Avalonbay Communities, Inc.",USD
168.0,168.88,166.635,168.62,842029,AVB.N,2023-04-10,阿湾物产,"Avalonbay Communities, Inc.",USD
168.42,171.615,168.31,170.3,867631,AVB.N,2023-04-11,阿湾物产,"Avalonbay Communities, Inc.",USD
171.87,173.36,169.81,170.09,1056680,AVB.N,2023-04-12,阿湾物产,"Avalonbay Communities, Inc.",USD
170.17,171.17,168.16,170.07,857231,AVB.N,2023-04-13,阿湾物产,"Avalonbay Communities, Inc.",USD
170.49,171.44,168.13,169.86,836100,AVB.N,2023-04-14,阿湾物产,"Avalonbay Communities, Inc.",USD
170.18,174.03,169.85,174.02,1425650,AVB.N,2023-04-17,阿湾物产,"Avalonbay Communities, Inc.",USD
173.67,174.69,172.97,173.32,921679,AVB.N,2023-04-18,阿湾物产,"Avalonbay Communities, Inc.",USD
172.35,175.34,172.35,175.26,737044,AVB.N,2023-04-19,阿湾物产,"Avalonbay Communities, Inc.",USD
174.88,175.46,172.24,173.23,707021,AVB.N,2023-04-20,阿湾物产,"Avalonbay Communities, Inc.",USD
174.12,174.12,171.12,173.33,423658,AVB.N,2023-04-21,阿湾物产,"Avalonbay Communities, Inc.",USD
173.5,173.675,171.41,173.08,1177459,AVB.N,2023-04-24,阿湾物产,"Avalonbay Communities, Inc.",USD
172.39,172.7,170.895,171.59,587916,AVB.N,2023-04-25,阿湾物产,"Avalonbay Communities, Inc.",USD
170.89,173.455,170.16,171.06,1164884,AVB.N,2023-04-26,阿湾物产,"Avalonbay Communities, Inc.",USD
174.53,177.94,174.11,177.65,1575704,AVB.N,2023-04-27,阿湾物产,"Avalonbay Communities, Inc.",USD
178.85,182.97,177.33,180.37,1095382,AVB.N,2023-04-28,阿湾物产,"Avalonbay Communities, Inc.",USD
180.8,182.25,180.05,181.67,672543,AVB.N,2023-05-01,阿湾物产,"Avalonbay Communities, Inc.",USD
180.69,181.469,175.46,178.25,896303,AVB.N,2023-05-02,阿湾物产,"Avalonbay Communities, Inc.",USD
179.52,180.47,177.53,177.8,676621,AVB.N,2023-05-03,阿湾物产,"Avalonbay Communities, Inc.",USD
177.64,179.17,176.175,178.27,625618,AVB.N,2023-05-04,阿湾物产,"Avalonbay Communities, Inc.",USD
178.72,181.22,178.02,179.75,755671,AVB.N,2023-05-05,阿湾物产,"Avalonbay Communities, Inc.",USD
178.58,180.74,178.19,180.36,533176,AVB.N,2023-05-08,阿湾物产,"Avalonbay Communities, Inc.",USD
178.85,180.07,177.31,179.32,340135,AVB.N,2023-05-09,阿湾物产,"Avalonbay Communities, Inc.",USD
180.8,181.75,178.97,180.15,489296,AVB.N,2023-05-10,阿湾物产,"Avalonbay Communities, Inc.",USD
178.83,180.65,177.58,180.36,573819,AVB.N,2023-05-11,阿湾物产,"Avalonbay Communities, Inc.",USD
180.87,180.87,178.56,180.18,404234,AVB.N,2023-05-12,阿湾物产,"Avalonbay Communities, Inc.",USD
180.89,181.778,177.74,178.66,703475,AVB.N,2023-05-15,阿湾物产,"Avalonbay Communities, Inc.",USD
178.66,178.86,175.23,175.28,611211,AVB.N,2023-05-16,阿湾物产,"Avalonbay Communities, Inc.",USD
175.91,177.27,174.87,177.17,582350,AVB.N,2023-05-17,阿湾物产,"Avalonbay Communities, Inc.",USD
176.16,177.41,174.445,175.93,567946,AVB.N,2023-05-18,阿湾物产,"Avalonbay Communities, Inc.",USD
177.42,178.5,175.49,176.24,598166,AVB.N,2023-05-19,阿湾物产,"Avalonbay Communities, Inc.",USD
176.19,177.87,175.51,176.72,529468,AVB.N,2023-05-22,阿湾物产,"Avalonbay Communities, Inc.",USD
176.87,177.96,174.86,175.14,528052,AVB.N,2023-05-23,阿湾物产,"Avalonbay Communities, Inc.",USD
174.7,174.7,171.3,172.05,773535,AVB.N,2023-05-24,阿湾物产,"Avalonbay Communities, Inc.",USD
172.88,172.985,169.94,170.47,577245,AVB.N,2023-05-25,阿湾物产,"Avalonbay Communities, Inc.",USD
169.27,171.8,167.61,171.73,767580,AVB.N,2023-05-26,阿湾物产,"Avalonbay Communities, Inc.",USD
172.59,174.28,171.53,172.73,557523,AVB.N,2023-05-30,阿湾物产,"Avalonbay Communities, Inc.",USD
173.2,175.06,172.53,173.98,1204485,AVB.N,2023-05-31,阿湾物产,"Avalonbay Communities, Inc.",USD
173.89,177.04,172.07,176.69,783214,AVB.N,2023-06-01,阿湾物产,"Avalonbay Communities, Inc.",USD
178.46,181.75,178.41,181.2,702004,AVB.N,2023-06-02,阿湾物产,"Avalonbay Communities, Inc.",USD
181.5,183.36,180.61,181.51,663987,AVB.N,2023-06-05,阿湾物产,"Avalonbay Communities, Inc.",USD
182.42,183.45,180.59,183.07,463028,AVB.N,2023-06-06,阿湾物产,"Avalonbay Communities, Inc.",USD
183.87,186.865,183.11,186.11,452413,AVB.N,2023-06-07,阿湾物产,"Avalonbay Communities, Inc.",USD
185.18,186.64,183.232,186.4,606750,AVB.N,2023-06-08,阿湾物产,"Avalonbay Communities, Inc.",USD
187.26,188.8,186.67,188.31,696992,AVB.N,2023-06-09,阿湾物产,"Avalonbay Communities, Inc.",USD
188.12,188.24,186.322,187.53,619528,AVB.N,2023-06-12,阿湾物产,"Avalonbay Communities, Inc.",USD
186.35,189.445,185.98,189.08,525644,AVB.N,2023-06-13,阿湾物产,"Avalonbay Communities, Inc.",USD
189.78,191.0,188.56,190.16,723566,AVB.N,2023-06-14,阿湾物产,"Avalonbay Communities, Inc.",USD
190.3,190.9,188.43,190.53,599470,AVB.N,2023-06-15,阿湾物产,"Avalonbay Communities, Inc.",USD
191.42,192.895,190.79,192.45,1636377,AVB.N,2023-06-16,阿湾物产,"Avalonbay Communities, Inc.",USD
191.87,192.08,189.27,190.2,975217,AVB.N,2023-06-20,阿湾物产,"Avalonbay Communities, Inc.",USD
188.98,189.59,187.16,189.38,741482,AVB.N,2023-06-21,阿湾物产,"Avalonbay Communities, Inc.",USD
189.51,189.51,182.63,184.99,617120,AVB.N,2023-06-22,阿湾物产,"Avalonbay Communities, Inc.",USD
184.52,184.75,181.19,181.37,965832,AVB.N,2023-06-23,阿湾物产,"Avalonbay Communities, Inc.",USD
179.82,186.16,179.5,186.02,605586,AVB.N,2023-06-26,阿湾物产,"Avalonbay Communities, Inc.",USD
186.67,188.42,185.351,187.91,445283,AVB.N,2023-06-27,阿湾物产,"Avalonbay Communities, Inc.",USD
187.22,188.65,185.845,186.76,577764,AVB.N,2023-06-28,阿湾物产,"Avalonbay Communities, Inc.",USD
184.84,188.51,184.04,188.04,583134,AVB.N,2023-06-29,阿湾物产,"Avalonbay Communities, Inc.",USD
189.26,190.47,186.34,189.27,1160170,AVB.N,2023-06-30,阿湾物产,"Avalonbay Communities, Inc.",USD
188.53,191.45,188.245,190.5,412370,AVB.N,2023-07-03,阿湾物产,"Avalonbay Communities, Inc.",USD
189.92,192.48,187.74,190.15,740672,AVB.N,2023-07-05,阿湾物产,"Avalonbay Communities, Inc.",USD
187.99,192.72,184.67,192.41,761554,AVB.N,2023-07-06,阿湾物产,"Avalonbay Communities, Inc.",USD
191.52,192.33,190.53,191.07,537416,AVB.N,2023-07-07,阿湾物产,"Avalonbay Communities, Inc.",USD
190.13,192.585,189.93,192.31,558942,AVB.N,2023-07-10,阿湾物产,"Avalonbay Communities, Inc.",USD
193.11,194.23,191.86,194.17,607290,AVB.N,2023-07-11,阿湾物产,"Avalonbay Communities, Inc.",USD
196.48,198.2,194.13,194.33,710734,AVB.N,2023-07-12,阿湾物产,"Avalonbay Communities, Inc.",USD
194.33,195.83,193.63,195.72,402593,AVB.N,2023-07-13,阿湾物产,"Avalonbay Communities, Inc.",USD
195.76,198.03,195.01,197.91,639832,AVB.N,2023-07-14,阿湾物产,"Avalonbay Communities, Inc.",USD
197.35,197.82,193.44,194.07,984953,AVB.N,2023-07-17,阿湾物产,"Avalonbay Communities, Inc.",USD
194.56,194.56,191.34,193.05,831000,AVB.N,2023-07-18,阿湾物产,"Avalonbay Communities, Inc.",USD
194.17,194.48,191.62,194.43,956557,AVB.N,2023-07-19,阿湾物产,"Avalonbay Communities, Inc.",USD
194.78,196.99,192.64,196.79,551066,AVB.N,2023-07-20,阿湾物产,"Avalonbay Communities, Inc.",USD
197.1,198.0,196.59,197.37,527708,AVB.N,2023-07-21,阿湾物产,"Avalonbay Communities, Inc.",USD
197.5,198.655,196.015,196.48,512178,AVB.N,2023-07-24,阿湾物产,"Avalonbay Communities, Inc.",USD
195.75,196.7,192.18,192.46,757575,AVB.N,2023-07-25,阿湾物产,"Avalonbay Communities, Inc.",USD
192.25,194.14,190.03,191.75,963437,AVB.N,2023-07-26,阿湾物产,"Avalonbay Communities, Inc.",USD
192.15,192.23,185.27,186.38,984343,AVB.N,2023-07-27,阿湾物产,"Avalonbay Communities, Inc.",USD
187.92,189.07,184.24,186.13,770319,AVB.N,2023-07-28,阿湾物产,"Avalonbay Communities, Inc.",USD
186.44,189.88,186.1,188.65,1542852,AVB.N,2023-07-31,阿湾物产,"Avalonbay Communities, Inc.",USD
189.49,190.325,186.635,187.87,801448,AVB.N,2023-08-01,阿湾物产,"Avalonbay Communities, Inc.",USD
186.7,188.23,185.35,186.12,828023,AVB.N,2023-08-02,阿湾物产,"Avalonbay Communities, Inc.",USD
185.53,185.53,180.36,184.39,880374,AVB.N,2023-08-03,阿湾物产,"Avalonbay Communities, Inc.",USD
184.55,187.28,184.04,184.85,615484,AVB.N,2023-08-04,阿湾物产,"Avalonbay Communities, Inc.",USD
185.96,188.285,184.96,187.86,574961,AVB.N,2023-08-07,阿湾物产,"Avalonbay Communities, Inc.",USD
185.77,186.83,184.11,185.44,563692,AVB.N,2023-08-08,阿湾物产,"Avalonbay Communities, Inc.",USD
184.69,186.24,184.2,185.33,454245,AVB.N,2023-08-09,阿湾物产,"Avalonbay Communities, Inc.",USD
185.79,188.43,184.765,185.17,371718,AVB.N,2023-08-10,阿湾物产,"Avalonbay Communities, Inc.",USD
184.58,187.669,184.44,187.28,426319,AVB.N,2023-08-11,阿湾物产,"Avalonbay Communities, Inc.",USD
187.14,187.14,182.52,182.74,676288,AVB.N,2023-08-14,阿湾物产,"Avalonbay Communities, Inc.",USD
181.57,181.81,179.615,180.45,495005,AVB.N,2023-08-15,阿湾物产,"Avalonbay Communities, Inc.",USD
180.51,181.29,179.4,179.94,461501,AVB.N,2023-08-16,阿湾物产,"Avalonbay Communities, Inc.",USD
180.01,182.1,178.98,179.01,604754,AVB.N,2023-08-17,阿湾物产,"Avalonbay Communities, Inc.",USD
178.11,180.38,177.236,179.31,365764,AVB.N,2023-08-18,阿湾物产,"Avalonbay Communities, Inc.",USD
179.29,179.56,175.99,177.59,458616,AVB.N,2023-08-21,阿湾物产,"Avalonbay Communities, Inc.",USD
178.82,179.7,177.44,177.69,651857,AVB.N,2023-08-22,阿湾物产,"Avalonbay Communities, Inc.",USD
178.96,180.7,177.62,180.65,317308,AVB.N,2023-08-23,阿湾物产,"Avalonbay Communities, Inc.",USD
180.88,184.45,180.41,180.86,550102,AVB.N,2023-08-24,阿湾物产,"Avalonbay Communities, Inc.",USD
181.63,183.13,181.18,181.45,398728,AVB.N,2023-08-25,阿湾物产,"Avalonbay Communities, Inc.",USD
182.04,184.079,182.04,182.29,335949,AVB.N,2023-08-28,阿湾物产,"Avalonbay Communities, Inc.",USD
182.3,184.08,181.525,183.92,551835,AVB.N,2023-08-29,阿湾物产,"Avalonbay Communities, Inc.",USD
184.76,186.03,184.045,185.16,390439,AVB.N,2023-08-30,阿湾物产,"Avalonbay Communities, Inc.",USD
185.27,185.29,183.31,183.82,750542,AVB.N,2023-08-31,阿湾物产,"Avalonbay Communities, Inc.",USD
184.59,185.1,180.945,181.35,552051,AVB.N,2023-09-01,阿湾物产,"Avalonbay Communities, Inc.",USD
181.55,182.52,179.75,179.78,641243,AVB.N,2023-09-05,阿湾物产,"Avalonbay Communities, Inc.",USD
179.6,180.075,177.815,179.37,519344,AVB.N,2023-09-06,阿湾物产,"Avalonbay Communities, Inc.",USD
179.0,183.36,178.33,181.22,822646,AVB.N,2023-09-07,阿湾物产,"Avalonbay Communities, Inc.",USD
181.59,181.684,178.81,179.28,520846,AVB.N,2023-09-08,阿湾物产,"Avalonbay Communities, Inc.",USD
179.85,180.1,178.11,179.53,435279,AVB.N,2023-09-11,阿湾物产,"Avalonbay Communities, Inc.",USD
179.05,181.32,177.49,180.95,482760,AVB.N,2023-09-12,阿湾物产,"Avalonbay Communities, Inc.",USD
180.97,181.83,179.04,180.0,481846,AVB.N,2023-09-13,阿湾物产,"Avalonbay Communities, Inc.",USD
182.24,184.0,181.14,183.46,717868,AVB.N,2023-09-14,阿湾物产,"Avalonbay Communities, Inc.",USD
183.53,184.54,182.73,183.89,1391249,AVB.N,2023-09-15,阿湾物产,"Avalonbay Communities, Inc.",USD
184.07,184.07,180.63,181.98,450917,AVB.N,2023-09-18,阿湾物产,"Avalonbay Communities, Inc.",USD
182.3,182.84,180.34,181.25,381350,AVB.N,2023-09-19,阿湾物产,"Avalonbay Communities, Inc.",USD
182.88,183.94,181.88,182.68,500289,AVB.N,2023-09-20,阿湾物产,"Avalonbay Communities, Inc.",USD
181.73,181.93,179.4,179.51,690029,AVB.N,2023-09-21,阿湾物产,"Avalonbay Communities, Inc.",USD
179.48,179.96,177.39,177.64,772505,AVB.N,2023-09-22,阿湾物产,"Avalonbay Communities, Inc.",USD
177.01,178.33,176.29,177.59,841442,AVB.N,2023-09-25,阿湾物产,"Avalonbay Communities, Inc.",USD
176.05,177.25,174.45,174.97,715331,AVB.N,2023-09-26,阿湾物产,"Avalonbay Communities, Inc.",USD
175.42,176.26,171.42,172.44,872090,AVB.N,2023-09-27,阿湾物产,"Avalonbay Communities, Inc.",USD
171.32,173.345,171.0,171.29,732779,AVB.N,2023-09-28,阿湾物产,"Avalonbay Communities, Inc.",USD
173.5,174.5,169.92,171.74,930182,AVB.N,2023-09-29,阿湾物产,"Avalonbay Communities, Inc.",USD
170.8,172.02,167.16,168.09,713747,AVB.N,2023-10-02,阿湾物产,"Avalonbay Communities, Inc.",USD
166.54,167.89,165.65,167.41,658050,AVB.N,2023-10-03,阿湾物产,"Avalonbay Communities, Inc.",USD
168.67,169.316,166.25,168.3,906193,AVB.N,2023-10-04,阿湾物产,"Avalonbay Communities, Inc.",USD
168.03,170.51,168.0,170.26,741682,AVB.N,2023-10-05,阿湾物产,"Avalonbay Communities, Inc.",USD
168.9,173.4,167.3,172.0,556821,AVB.N,2023-10-06,阿湾物产,"Avalonbay Communities, Inc.",USD
170.94,174.84,170.94,174.21,438252,AVB.N,2023-10-09,阿湾物产,"Avalonbay Communities, Inc.",USD
173.6,176.216,173.485,173.99,558859,AVB.N,2023-10-10,阿湾物产,"Avalonbay Communities, Inc.",USD
175.23,177.575,174.645,177.42,794771,AVB.N,2023-10-11,阿湾物产,"Avalonbay Communities, Inc.",USD
176.86,177.06,175.33,176.65,461409,AVB.N,2023-10-12,阿湾物产,"Avalonbay Communities, Inc.",USD
177.36,177.5,175.47,176.42,603785,AVB.N,2023-10-13,阿湾物产,"Avalonbay Communities, Inc.",USD
177.82,178.8,175.39,178.28,648396,AVB.N,2023-10-16,阿湾物产,"Avalonbay Communities, Inc.",USD
177.16,179.77,177.105,179.28,815831,AVB.N,2023-10-17,阿湾物产,"Avalonbay Communities, Inc.",USD
178.17,178.77,175.08,175.45,545813,AVB.N,2023-10-18,阿湾物产,"Avalonbay Communities, Inc.",USD
174.26,176.395,172.69,173.05,773920,AVB.N,2023-10-19,阿湾物产,"Avalonbay Communities, Inc.",USD
174.25,174.405,169.43,169.61,831113,AVB.N,2023-10-20,阿湾物产,"Avalonbay Communities, Inc.",USD
168.21,169.77,166.68,166.83,842467,AVB.N,2023-10-23,阿湾物产,"Avalonbay Communities, Inc.",USD
167.58,169.48,167.205,169.3,655267,AVB.N,2023-10-24,阿湾物产,"Avalonbay Communities, Inc.",USD
168.07,168.85,165.115,165.18,716610,AVB.N,2023-10-25,阿湾物产,"Avalonbay Communities, Inc.",USD
166.14,169.78,164.74,167.78,1336874,AVB.N,2023-10-26,阿湾物产,"Avalonbay Communities, Inc.",USD
167.92,169.31,161.98,162.59,1053454,AVB.N,2023-10-27,阿湾物产,"Avalonbay Communities, Inc.",USD
164.32,165.235,160.45,162.65,767919,AVB.N,2023-10-30,阿湾物产,"Avalonbay Communities, Inc.",USD
163.98,165.82,161.99,165.74,1082075,AVB.N,2023-10-31,阿湾物产,"Avalonbay Communities, Inc.",USD
165.23,165.63,161.85,163.87,747065,AVB.N,2023-11-01,阿湾物产,"Avalonbay Communities, Inc.",USD
166.54,169.455,165.88,167.92,924209,AVB.N,2023-11-02,阿湾物产,"Avalonbay Communities, Inc.",USD
170.85,174.81,170.39,171.32,609351,AVB.N,2023-11-03,阿湾物产,"Avalonbay Communities, Inc.",USD
170.01,170.33,167.315,169.12,567974,AVB.N,2023-11-06,阿湾物产,"Avalonbay Communities, Inc.",USD
169.45,170.34,166.97,167.39,492833,AVB.N,2023-11-07,阿湾物产,"Avalonbay Communities, Inc.",USD
168.01,169.49,167.48,168.99,494176,AVB.N,2023-11-08,阿湾物产,"Avalonbay Communities, Inc.",USD
169.5,169.5,165.7,166.37,526128,AVB.N,2023-11-09,阿湾物产,"Avalonbay Communities, Inc.",USD
167.8,168.65,165.635,168.2,456976,AVB.N,2023-11-10,阿湾物产,"Avalonbay Communities, Inc.",USD
166.88,167.545,164.76,165.29,512018,AVB.N,2023-11-13,阿湾物产,"Avalonbay Communities, Inc.",USD
170.09,175.02,169.646,171.87,1245276,AVB.N,2023-11-14,阿湾物产,"Avalonbay Communities, Inc.",USD
171.51,173.11,170.74,170.96,701915,AVB.N,2023-11-15,阿湾物产,"Avalonbay Communities, Inc.",USD
171.72,172.245,169.57,169.82,670801,AVB.N,2023-11-16,阿湾物产,"Avalonbay Communities, Inc.",USD
171.45,171.45,167.37,169.04,832963,AVB.N,2023-11-17,阿湾物产,"Avalonbay Communities, Inc.",USD
168.28,171.19,166.6,171.17,1035819,AVB.N,2023-11-20,阿湾物产,"Avalonbay Communities, Inc.",USD
170.73,172.18,169.86,170.75,682821,AVB.N,2023-11-21,阿湾物产,"Avalonbay Communities, Inc.",USD
172.85,173.21,171.55,172.52,799622,AVB.N,2023-11-22,阿湾物产,"Avalonbay Communities, Inc.",USD
172.3,173.37,171.53,173.37,414797,AVB.N,2023-11-24,阿湾物产,"Avalonbay Communities, Inc.",USD
172.86,173.46,171.59,171.88,881133,AVB.N,2023-11-27,阿湾物产,"Avalonbay Communities, Inc.",USD
171.2,173.59,170.29,172.17,890424,AVB.N,2023-11-28,阿湾物产,"Avalonbay Communities, Inc.",USD
174.831,175.13,170.53,170.83,899702,AVB.N,2023-11-29,阿湾物产,"Avalonbay Communities, Inc.",USD
170.88,173.15,170.55,172.94,1353370,AVB.N,2023-11-30,阿湾物产,"Avalonbay Communities, Inc.",USD
172.9,177.98,172.3,177.94,1174601,AVB.N,2023-12-01,阿湾物产,"Avalonbay Communities, Inc.",USD
176.67,179.07,176.67,177.74,1011020,AVB.N,2023-12-04,阿湾物产,"Avalonbay Communities, Inc.",USD
176.78,177.385,174.36,175.76,1195948,AVB.N,2023-12-05,阿湾物产,"Avalonbay Communities, Inc.",USD
176.25,177.07,174.75,174.99,933798,AVB.N,2023-12-06,阿湾物产,"Avalonbay Communities, Inc.",USD
175.23,176.23,173.79,175.38,679019,AVB.N,2023-12-07,阿湾物产,"Avalonbay Communities, Inc.",USD
175.0,175.81,173.95,175.75,588550,AVB.N,2023-12-08,阿湾物产,"Avalonbay Communities, Inc.",USD
174.94,175.64,173.66,175.41,691802,AVB.N,2023-12-11,阿湾物产,"Avalonbay Communities, Inc.",USD
175.7,176.735,174.23,174.83,842118,AVB.N,2023-12-12,阿湾物产,"Avalonbay Communities, Inc.",USD
174.7,185.31,174.7,183.98,954614,AVB.N,2023-12-13,阿湾物产,"Avalonbay Communities, Inc.",USD
187.16,193.325,187.16,191.44,1794511,AVB.N,2023-12-14,阿湾物产,"Avalonbay Communities, Inc.",USD
190.58,190.68,185.09,187.89,1646975,AVB.N,2023-12-15,阿湾物产,"Avalonbay Communities, Inc.",USD
188.0,190.61,186.857,189.84,844404,AVB.N,2023-12-18,阿湾物产,"Avalonbay Communities, Inc.",USD
190.45,191.5,187.64,189.6,834750,AVB.N,2023-12-19,阿湾物产,"Avalonbay Communities, Inc.",USD
189.6,190.33,186.08,186.2,902594,AVB.N,2023-12-20,阿湾物产,"Avalonbay Communities, Inc.",USD
187.87,188.25,185.55,186.65,841425,AVB.N,2023-12-21,阿湾物产,"Avalonbay Communities, Inc.",USD
187.86,189.46,187.0,187.29,627118,AVB.N,2023-12-22,阿湾物产,"Avalonbay Communities, Inc.",USD
187.1,188.81,187.1,188.23,700356,AVB.N,2023-12-26,阿湾物产,"Avalonbay Communities, Inc.",USD
188.48,189.62,187.58,189.49,637962,AVB.N,2023-12-27,阿湾物产,"Avalonbay Communities, Inc.",USD
187.29,189.67,187.055,189.6,538947,AVB.N,2023-12-28,阿湾物产,"Avalonbay Communities, Inc.",USD
188.78,189.58,187.11,187.22,800716,AVB.N,2023-12-29,阿湾物产,"Avalonbay Communities, Inc.",USD
185.77,188.27,185.76,188.17,758582,AVB.N,2024-01-02,阿湾物产,"Avalonbay Communities, Inc.",USD
186.88,186.88,182.83,183.29,1105224,AVB.N,2024-01-03,阿湾物产,"Avalonbay Communities, Inc.",USD
182.97,184.57,182.26,183.59,661553,AVB.N,2024-01-04,阿湾物产,"Avalonbay Communities, Inc.",USD
181.64,184.33,181.54,182.67,678116,AVB.N,2024-01-05,阿湾物产,"Avalonbay Communities, Inc.",USD
182.08,185.14,182.08,184.54,814818,AVB.N,2024-01-08,阿湾物产,"Avalonbay Communities, Inc.",USD
182.72,184.24,181.65,183.11,787561,AVB.N,2024-01-09,阿湾物产,"Avalonbay Communities, Inc.",USD
184.09,184.495,182.955,183.71,800021,AVB.N,2024-01-10,阿湾物产,"Avalonbay Communities, Inc.",USD
182.51,184.135,181.785,182.75,1018770,AVB.N,2024-01-11,阿湾物产,"Avalonbay Communities, Inc.",USD
184.7,185.65,182.29,182.54,1002650,AVB.N,2024-01-12,阿湾物产,"Avalonbay Communities, Inc.",USD
181.62,182.26,179.325,180.15,862734,AVB.N,2024-01-16,阿湾物产,"Avalonbay Communities, Inc.",USD
177.45,180.555,175.1,178.38,1353840,AVB.N,2024-01-17,阿湾物产,"Avalonbay Communities, Inc.",USD
177.78,178.96,176.14,177.5,986071,AVB.N,2024-01-18,阿湾物产,"Avalonbay Communities, Inc.",USD
177.5,180.915,177.01,180.43,1046564,AVB.N,2024-01-19,阿湾物产,"Avalonbay Communities, Inc.",USD
180.96,182.24,179.13,181.22,701690,AVB.N,2024-01-22,阿湾物产,"Avalonbay Communities, Inc.",USD
181.51,182.025,178.085,179.59,639449,AVB.N,2024-01-23,阿湾物产,"Avalonbay Communities, Inc.",USD
181.03,181.03,175.87,176.03,908929,AVB.N,2024-01-24,阿湾物产,"Avalonbay Communities, Inc.",USD
177.78,178.115,175.42,176.12,1041741,AVB.N,2024-01-25,阿湾物产,"Avalonbay Communities, Inc.",USD
177.03,177.65,175.37,177.5,789952,AVB.N,2024-01-26,阿湾物产,"Avalonbay Communities, Inc.",USD
177.59,179.08,176.72,178.28,667435,AVB.N,2024-01-29,阿湾物产,"Avalonbay Communities, Inc.",USD
177.52,179.585,177.03,178.44,709419,AVB.N,2024-01-30,阿湾物产,"Avalonbay Communities, Inc.",USD
180.08,182.73,177.84,179.01,1542473,AVB.N,2024-01-31,阿湾物产,"Avalonbay Communities, Inc.",USD
172.31,178.68,172.0,178.15,1716180,AVB.N,2024-02-01,阿湾物产,"Avalonbay Communities, Inc.",USD
176.01,177.185,173.31,175.06,1446399,AVB.N,2024-02-02,阿湾物产,"Avalonbay Communities, Inc.",USD
172.82,173.405,169.87,169.99,874887,AVB.N,2024-02-05,阿湾物产,"Avalonbay Communities, Inc.",USD
170.0,172.97,170.0,172.75,1291410,AVB.N,2024-02-06,阿湾物产,"Avalonbay Communities, Inc.",USD
172.9,173.81,170.95,173.42,995481,AVB.N,2024-02-07,阿湾物产,"Avalonbay Communities, Inc.",USD
173.25,174.78,172.87,174.53,818525,AVB.N,2024-02-08,阿湾物产,"Avalonbay Communities, Inc.",USD
174.16,174.63,173.18,174.63,799582,AVB.N,2024-02-09,阿湾物产,"Avalonbay Communities, Inc.",USD
174.88,175.67,173.43,174.36,625706,AVB.N,2024-02-12,阿湾物产,"Avalonbay Communities, Inc.",USD
171.6,172.28,169.37,172.11,825455,AVB.N,2024-02-13,阿湾物产,"Avalonbay Communities, Inc.",USD
173.03,174.32,172.16,173.21,830422,AVB.N,2024-02-14,阿湾物产,"Avalonbay Communities, Inc.",USD
173.54,177.98,173.54,177.8,673489,AVB.N,2024-02-15,阿湾物产,"Avalonbay Communities, Inc.",USD
175.91,177.87,175.585,177.12,627630,AVB.N,2024-02-16,阿湾物产,"Avalonbay Communities, Inc.",USD
176.32,178.16,175.105,176.34,738619,AVB.N,2024-02-20,阿湾物产,"Avalonbay Communities, Inc.",USD
176.69,178.71,176.28,178.27,543654,AVB.N,2024-02-21,阿湾物产,"Avalonbay Communities, Inc.",USD
178.31,178.4,176.04,176.12,818103,AVB.N,2024-02-22,阿湾物产,"Avalonbay Communities, Inc.",USD
175.99,176.38,175.045,175.4,601353,AVB.N,2024-02-23,阿湾物产,"Avalonbay Communities, Inc.",USD
175.57,176.74,173.0,173.62,581665,AVB.N,2024-02-26,阿湾物产,"Avalonbay Communities, Inc.",USD
174.81,176.0,173.76,174.37,735932,AVB.N,2024-02-27,阿湾物产,"Avalonbay Communities, Inc.",USD
173.3,177.6,172.85,176.37,750482,AVB.N,2024-02-28,阿湾物产,"Avalonbay Communities, Inc.",USD
177.94,178.89,175.96,177.03,1445944,AVB.N,2024-02-29,阿湾物产,"Avalonbay Communities, Inc.",USD
176.04,178.485,174.455,178.14,832846,AVB.N,2024-03-01,阿湾物产,"Avalonbay Communities, Inc.",USD
178.67,185.29,178.39,185.17,910916,AVB.N,2024-03-04,阿湾物产,"Avalonbay Communities, Inc.",USD
184.11,185.44,182.815,183.74,729913,AVB.N,2024-03-05,阿湾物产,"Avalonbay Communities, Inc.",USD
184.83,184.84,182.65,184.24,778060,AVB.N,2024-03-06,阿湾物产,"Avalonbay Communities, Inc.",USD
185.1,186.405,183.88,185.03,665124,AVB.N,2024-03-07,阿湾物产,"Avalonbay Communities, Inc.",USD
186.37,187.041,184.35,186.95,781868,AVB.N,2024-03-08,阿湾物产,"Avalonbay Communities, Inc.",USD
186.95,187.32,184.63,184.69,507611,AVB.N,2024-03-11,阿湾物产,"Avalonbay Communities, Inc.",USD
183.95,185.43,182.44,183.83,578858,AVB.N,2024-03-12,阿湾物产,"Avalonbay Communities, Inc.",USD
184.04,186.92,183.96,186.24,742281,AVB.N,2024-03-13,阿湾物产,"Avalonbay Communities, Inc.",USD
185.35,185.35,180.93,182.38,648999,AVB.N,2024-03-14,阿湾物产,"Avalonbay Communities, Inc.",USD
179.95,184.48,179.95,183.82,1318304,AVB.N,2024-03-15,阿湾物产,"Avalonbay Communities, Inc.",USD
184.05,184.655,182.12,182.55,839632,AVB.N,2024-03-18,阿湾物产,"Avalonbay Communities, Inc.",USD
182.88,183.47,181.35,182.16,386792,AVB.N,2024-03-19,阿湾物产,"Avalonbay Communities, Inc.",USD
180.81,184.14,179.88,183.68,751152,AVB.N,2024-03-20,阿湾物产,"Avalonbay Communities, Inc.",USD
184.52,186.22,183.175,184.79,570231,AVB.N,2024-03-21,阿湾物产,"Avalonbay Communities, Inc.",USD
185.11,185.4,182.69,183.17,544585,AVB.N,2024-03-22,阿湾物产,"Avalonbay Communities, Inc.",USD
184.19,184.19,181.83,182.01,481169,AVB.N,2024-03-25,阿湾物产,"Avalonbay Communities, Inc.",USD
182.43,182.56,180.65,180.67,552334,AVB.N,2024-03-26,阿湾物产,"Avalonbay Communities, Inc.",USD
180.92,183.99,180.44,183.69,984631,AVB.N,2024-03-27,阿湾物产,"Avalonbay Communities, Inc.",USD
184.81,186.72,184.81,185.56,730692,AVB.N,2024-03-28,阿湾物产,"Avalonbay Communities, Inc.",USD
185.33,185.33,181.22,181.32,456939,AVB.N,2024-04-01,阿湾物产,"Avalonbay Communities, Inc.",USD
180.09,180.93,178.8,179.85,581039,AVB.N,2024-04-02,阿湾物产,"Avalonbay Communities, Inc.",USD
179.25,180.65,178.305,180.17,531993,AVB.N,2024-04-03,阿湾物产,"Avalonbay Communities, Inc.",USD
182.05,183.04,179.6,180.17,414384,AVB.N,2024-04-04,阿湾物产,"Avalonbay Communities, Inc.",USD
179.4,181.81,179.205,181.08,392267,AVB.N,2024-04-05,阿湾物产,"Avalonbay Communities, Inc.",USD
182.69,186.707,181.79,186.18,635527,AVB.N,2024-04-08,阿湾物产,"Avalonbay Communities, Inc.",USD
186.85,188.95,186.85,188.86,873840,AVB.N,2024-04-09,阿湾物产,"Avalonbay Communities, Inc.",USD
184.27,186.42,183.35,186.1,1004484,AVB.N,2024-04-10,阿湾物产,"Avalonbay Communities, Inc.",USD
187.26,187.725,183.85,185.95,1033572,AVB.N,2024-04-11,阿湾物产,"Avalonbay Communities, Inc.",USD
185.38,185.86,182.73,183.78,1393618,AVB.N,2024-04-12,阿湾物产,"Avalonbay Communities, Inc.",USD
185.08,185.08,179.765,180.72,658476,AVB.N,2024-04-15,阿湾物产,"Avalonbay Communities, Inc.",USD
179.95,180.21,177.4,178.98,901183,AVB.N,2024-04-16,阿湾物产,"Avalonbay Communities, Inc.",USD
179.73,182.18,178.29,180.95,790449,AVB.N,2024-04-17,阿湾物产,"Avalonbay Communities, Inc.",USD
181.47,182.79,180.17,182.02,671424,AVB.N,2024-04-18,阿湾物产,"Avalonbay Communities, Inc.",USD
183.07,184.555,182.82,184.13,543043,AVB.N,2024-04-19,阿湾物产,"Avalonbay Communities, Inc.",USD
184.59,187.67,183.92,186.87,633780,AVB.N,2024-04-22,阿湾物产,"Avalonbay Communities, Inc.",USD
187.08,189.82,187.08,188.66,746334,AVB.N,2024-04-23,阿湾物产,"Avalonbay Communities, Inc.",USD
187.01,192.5,186.34,191.34,904545,AVB.N,2024-04-24,阿湾物产,"Avalonbay Communities, Inc.",USD
190.29,191.68,188.94,191.32,1073207,AVB.N,2024-04-25,阿湾物产,"Avalonbay Communities, Inc.",USD
193.8,196.07,191.23,191.45,945647,AVB.N,2024-04-26,阿湾物产,"Avalonbay Communities, Inc.",USD
193.03,193.29,190.31,191.02,903468,AVB.N,2024-04-29,阿湾物产,"Avalonbay Communities, Inc.",USD
189.43,191.33,188.89,189.57,809150,AVB.N,2024-04-30,阿湾物产,"Avalonbay Communities, Inc.",USD
188.66,191.03,187.375,187.93,657239,AVB.N,2024-05-01,阿湾物产,"Avalonbay Communities, Inc.",USD
189.14,193.71,187.93,192.45,798368,AVB.N,2024-05-02,阿湾物产,"Avalonbay Communities, Inc.",USD
194.48,195.44,191.5,192.81,573069,AVB.N,2024-05-03,阿湾物产,"Avalonbay Communities, Inc.",USD
193.66,196.175,192.69,195.18,505426,AVB.N,2024-05-06,阿湾物产,"Avalonbay Communities, Inc.",USD
196.54,196.74,195.14,195.89,486380,AVB.N,2024-05-07,阿湾物产,"Avalonbay Communities, Inc.",USD
195.81,196.66,194.45,194.9,436094,AVB.N,2024-05-08,阿湾物产,"Avalonbay Communities, Inc.",USD
195.51,197.35,194.6,197.14,375995,AVB.N,2024-05-09,阿湾物产,"Avalonbay Communities, Inc.",USD
197.84,198.0,196.458,196.89,305321,AVB.N,2024-05-10,阿湾物产,"Avalonbay Communities, Inc.",USD
196.34,198.6,196.34,196.99,333738,AVB.N,2024-05-13,阿湾物产,"Avalonbay Communities, Inc.",USD
198.35,198.9,196.76,197.49,490978,AVB.N,2024-05-14,阿湾物产,"Avalonbay Communities, Inc.",USD
200.37,200.705,197.72,198.46,802128,AVB.N,2024-05-15,阿湾物产,"Avalonbay Communities, Inc.",USD
198.28,199.86,197.38,198.05,468582,AVB.N,2024-05-16,阿湾物产,"Avalonbay Communities, Inc.",USD
198.97,199.54,197.25,198.89,442589,AVB.N,2024-05-17,阿湾物产,"Avalonbay Communities, Inc.",USD
199.0,199.606,197.02,197.41,648428,AVB.N,2024-05-20,阿湾物产,"Avalonbay Communities, Inc.",USD
197.61,198.65,197.15,198.47,422679,AVB.N,2024-05-21,阿湾物产,"Avalonbay Communities, Inc.",USD
198.19,200.69,197.37,197.6,568166,AVB.N,2024-05-22,阿湾物产,"Avalonbay Communities, Inc.",USD
197.19,197.19,193.67,193.96,495175,AVB.N,2024-05-23,阿湾物产,"Avalonbay Communities, Inc.",USD
195.05,195.925,194.53,195.34,388866,AVB.N,2024-05-24,阿湾物产,"Avalonbay Communities, Inc.",USD
196.41,196.94,192.13,192.25,514357,AVB.N,2024-05-28,阿湾物产,"Avalonbay Communities, Inc.",USD
189.49,189.57,186.18,188.59,674312,AVB.N,2024-05-29,阿湾物产,"Avalonbay Communities, Inc.",USD
189.79,190.67,189.0,189.98,653685,AVB.N,2024-05-30,阿湾物产,"Avalonbay Communities, Inc.",USD
191.39,193.15,190.0,192.68,1495049,AVB.N,2024-05-31,阿湾物产,"Avalonbay Communities, Inc.",USD
194.14,195.73,193.02,194.46,796654,AVB.N,2024-06-03,阿湾物产,"Avalonbay Communities, Inc.",USD
194.38,197.99,194.38,196.93,614356,AVB.N,2024-06-04,阿湾物产,"Avalonbay Communities, Inc.",USD
196.6,198.54,194.76,198.48,396031,AVB.N,2024-06-05,阿湾物产,"Avalonbay Communities, Inc.",USD
197.46,199.03,196.805,198.27,376345,AVB.N,2024-06-06,阿湾物产,"Avalonbay Communities, Inc.",USD
195.74,198.345,195.74,197.21,557513,AVB.N,2024-06-07,阿湾物产,"Avalonbay Communities, Inc.",USD
197.2,200.51,196.87,199.34,612791,AVB.N,2024-06-10,阿湾物产,"Avalonbay Communities, Inc.",USD
198.79,199.31,196.596,197.2,533127,AVB.N,2024-06-11,阿湾物产,"Avalonbay Communities, Inc.",USD
200.47,201.14,198.0,198.76,445278,AVB.N,2024-06-12,阿湾物产,"Avalonbay Communities, Inc.",USD
199.3,200.35,198.02,199.91,555664,AVB.N,2024-06-13,阿湾物产,"Avalonbay Communities, Inc.",USD
199.26,201.961,198.42,201.89,409989,AVB.N,2024-06-14,阿湾物产,"Avalonbay Communities, Inc.",USD
199.95,202.12,198.71,201.6,478797,AVB.N,2024-06-17,阿湾物产,"Avalonbay Communities, Inc.",USD
202.03,203.0,200.85,202.4,520005,AVB.N,2024-06-18,阿湾物产,"Avalonbay Communities, Inc.",USD
201.69,202.46,200.7,201.93,645486,AVB.N,2024-06-20,阿湾物产,"Avalonbay Communities, Inc.",USD
204.21,204.21,201.01,203.89,1251338,AVB.N,2024-06-21,阿湾物产,"Avalonbay Communities, Inc.",USD
204.68,208.12,203.59,206.41,932208,AVB.N,2024-06-24,阿湾物产,"Avalonbay Communities, Inc.",USD
206.43,207.02,203.41,204.29,508083,AVB.N,2024-06-25,阿湾物产,"Avalonbay Communities, Inc.",USD
203.01,205.38,201.96,203.88,861250,AVB.N,2024-06-26,阿湾物产,"Avalonbay Communities, Inc.",USD
204.65,206.38,203.73,206.3,709503,AVB.N,2024-06-27,阿湾物产,"Avalonbay Communities, Inc.",USD
206.05,208.45,203.94,206.89,1079013,AVB.N,2024-06-28,阿湾物产,"Avalonbay Communities, Inc.",USD
206.41,206.55,204.22,204.32,688177,AVB.N,2024-07-01,阿湾物产,"Avalonbay Communities, Inc.",USD
204.72,205.26,203.4,204.2,787457,AVB.N,2024-07-02,阿湾物产,"Avalonbay Communities, Inc.",USD
204.65,204.915,200.94,200.95,400173,AVB.N,2024-07-03,阿湾物产,"Avalonbay Communities, Inc.",USD
201.11,203.31,200.21,203.27,540594,AVB.N,2024-07-05,阿湾物产,"Avalonbay Communities, Inc.",USD
203.48,203.98,202.09,203.12,802493,AVB.N,2024-07-08,阿湾物产,"Avalonbay Communities, Inc.",USD
203.18,205.4,202.0,203.82,645492,AVB.N,2024-07-09,阿湾物产,"Avalonbay Communities, Inc.",USD
205.0,205.035,202.35,203.72,817413,AVB.N,2024-07-10,阿湾物产,"Avalonbay Communities, Inc.",USD
206.45,207.87,202.31,202.86,646576,AVB.N,2024-07-11,阿湾物产,"Avalonbay Communities, Inc.",USD
203.79,203.79,200.85,201.91,717888,AVB.N,2024-07-12,阿湾物产,"Avalonbay Communities, Inc.",USD
203.08,205.33,201.46,203.21,546222,AVB.N,2024-07-15,阿湾物产,"Avalonbay Communities, Inc.",USD
203.72,206.01,202.68,205.51,461058,AVB.N,2024-07-16,阿湾物产,"Avalonbay Communities, Inc.",USD
205.5,209.0,204.95,208.01,453470,AVB.N,2024-07-17,阿湾物产,"Avalonbay Communities, Inc.",USD
206.94,211.2,206.44,208.65,434054,AVB.N,2024-07-18,阿湾物产,"Avalonbay Communities, Inc.",USD
210.01,210.01,206.65,207.37,449389,AVB.N,2024-07-19,阿湾物产,"Avalonbay Communities, Inc.",USD
207.33,210.0,206.622,209.27,436367,AVB.N,2024-07-22,阿湾物产,"Avalonbay Communities, Inc.",USD
209.07,209.506,207.7,208.19,386570,AVB.N,2024-07-23,阿湾物产,"Avalonbay Communities, Inc.",USD
208.5,209.27,205.32,206.06,411146,AVB.N,2024-07-24,阿湾物产,"Avalonbay Communities, Inc.",USD
206.47,208.735,201.72,202.83,494694,AVB.N,2024-07-25,阿湾物产,"Avalonbay Communities, Inc.",USD
203.11,207.76,202.11,206.48,375637,AVB.N,2024-07-26,阿湾物产,"Avalonbay Communities, Inc.",USD
206.38,209.14,205.27,208.32,438507,AVB.N,2024-07-29,阿湾物产,"Avalonbay Communities, Inc.",USD
208.9,209.185,204.0,206.14,805541,AVB.N,2024-07-30,阿湾物产,"Avalonbay Communities, Inc.",USD
205.75,208.13,204.535,204.92,878374,AVB.N,2024-07-31,阿湾物产,"Avalonbay Communities, Inc.",USD
209.35,213.89,208.67,213.03,997513,AVB.N,2024-08-01,阿湾物产,"Avalonbay Communities, Inc.",USD
214.26,218.79,208.25,210.02,1051279,AVB.N,2024-08-02,阿湾物产,"Avalonbay Communities, Inc.",USD
208.92,211.09,203.65,204.07,1191597,AVB.N,2024-08-05,阿湾物产,"Avalonbay Communities, Inc.",USD
203.8,209.96,203.61,209.16,776697,AVB.N,2024-08-06,阿湾物产,"Avalonbay Communities, Inc.",USD
209.62,211.86,207.26,207.9,846977,AVB.N,2024-08-07,阿湾物产,"Avalonbay Communities, Inc.",USD
207.41,210.34,206.11,208.39,599147,AVB.N,2024-08-08,阿湾物产,"Avalonbay Communities, Inc.",USD
208.39,210.99,207.395,210.46,394025,AVB.N,2024-08-09,阿湾物产,"Avalonbay Communities, Inc.",USD
210.02,210.05,207.96,209.36,601754,AVB.N,2024-08-12,阿湾物产,"Avalonbay Communities, Inc.",USD
211.14,212.84,210.42,211.75,597695,AVB.N,2024-08-13,阿湾物产,"Avalonbay Communities, Inc.",USD
211.79,214.5,211.5,213.52,575333,AVB.N,2024-08-14,阿湾物产,"Avalonbay Communities, Inc.",USD
213.5,215.82,212.21,214.68,737375,AVB.N,2024-08-15,阿湾物产,"Avalonbay Communities, Inc.",USD
214.22,215.75,213.2,215.21,1603170,AVB.N,2024-08-16,阿湾物产,"Avalonbay Communities, Inc.",USD
215.94,217.13,215.37,216.04,411826,AVB.N,2024-08-19,阿湾物产,"Avalonbay Communities, Inc.",USD
216.42,216.86,215.335,216.58,360011,AVB.N,2024-08-20,阿湾物产,"Avalonbay Communities, Inc.",USD
216.21,217.3,215.18,217.04,457247,AVB.N,2024-08-21,阿湾物产,"Avalonbay Communities, Inc.",USD
217.11,218.14,216.14,218.02,424605,AVB.N,2024-08-22,阿湾物产,"Avalonbay Communities, Inc.",USD
218.92,221.92,217.84,221.73,420308,AVB.N,2024-08-23,阿湾物产,"Avalonbay Communities, Inc.",USD
222.97,222.97,219.27,219.92,455968,AVB.N,2024-08-26,阿湾物产,"Avalonbay Communities, Inc.",USD
218.59,221.565,217.44,221.41,526639,AVB.N,2024-08-27,阿湾物产,"Avalonbay Communities, Inc.",USD
221.94,224.23,221.725,223.07,610828,AVB.N,2024-08-28,阿湾物产,"Avalonbay Communities, Inc.",USD
222.61,223.95,222.0,223.15,522140,AVB.N,2024-08-29,阿湾物产,"Avalonbay Communities, Inc.",USD
223.94,226.18,222.74,225.73,875738,AVB.N,2024-08-30,阿湾物产,"Avalonbay Communities, Inc.",USD
224.68,228.34,224.23,227.14,906567,AVB.N,2024-09-03,阿湾物产,"Avalonbay Communities, Inc.",USD
227.49,230.04,225.56,227.16,674583,AVB.N,2024-09-04,阿湾物产,"Avalonbay Communities, Inc.",USD
229.1,230.02,225.62,226.52,590498,AVB.N,2024-09-05,阿湾物产,"Avalonbay Communities, Inc.",USD
222.46,223.82,220.5,223.6,1865900,AVB.N,2024-09-06,阿湾物产,"Avalonbay Communities, Inc.",USD
224.6,226.06,223.04,225.49,1746916,AVB.N,2024-09-09,阿湾物产,"Avalonbay Communities, Inc.",USD
226.12,229.61,225.24,229.36,824559,AVB.N,2024-09-10,阿湾物产,"Avalonbay Communities, Inc.",USD
227.46,230.31,224.85,229.95,896330,AVB.N,2024-09-11,阿湾物产,"Avalonbay Communities, Inc.",USD
230.24,232.33,228.66,231.7,1046911,AVB.N,2024-09-12,阿湾物产,"Avalonbay Communities, Inc.",USD
232.8,234.8,231.0,234.75,608784,AVB.N,2024-09-13,阿湾物产,"Avalonbay Communities, Inc.",USD
235.82,236.26,232.42,232.86,685741,AVB.N,2024-09-16,阿湾物产,"Avalonbay Communities, Inc.",USD
232.86,234.45,230.35,230.79,875557,AVB.N,2024-09-17,阿湾物产,"Avalonbay Communities, Inc.",USD
231.58,233.52,229.53,230.41,597971,AVB.N,2024-09-18,阿湾物产,"Avalonbay Communities, Inc.",USD
231.89,231.89,228.56,230.55,657228,AVB.N,2024-09-19,阿湾物产,"Avalonbay Communities, Inc.",USD
229.66,230.8,228.535,230.06,1696614,AVB.N,2024-09-20,阿湾物产,"Avalonbay Communities, Inc.",USD
232.0,233.84,231.23,233.17,677318,AVB.N,2024-09-23,阿湾物产,"Avalonbay Communities, Inc.",USD
231.16,232.38,230.09,230.15,626213,AVB.N,2024-09-24,阿湾物产,"Avalonbay Communities, Inc.",USD
231.35,231.97,228.12,229.65,681793,AVB.N,2024-09-25,阿湾物产,"Avalonbay Communities, Inc.",USD
229.55,229.765,225.73,226.53,780928,AVB.N,2024-09-26,阿湾物产,"Avalonbay Communities, Inc.",USD
227.59,228.01,224.99,225.23,931703,AVB.N,2024-09-27,阿湾物产,"Avalonbay Communities, Inc.",USD
223.0,225.53,221.96,225.25,1205011,AVB.N,2024-09-30,阿湾物产,"Avalonbay Communities, Inc.",USD
225.23,226.25,221.565,222.19,908089,AVB.N,2024-10-01,阿湾物产,"Avalonbay Communities, Inc.",USD
220.69,223.33,220.07,223.1,1149511,AVB.N,2024-10-02,阿湾物产,"Avalonbay Communities, Inc.",USD
223.1,223.32,220.26,220.7,362680,AVB.N,2024-10-03,阿湾物产,"Avalonbay Communities, Inc.",USD
219.39,221.555,218.15,221.02,367107,AVB.N,2024-10-04,阿湾物产,"Avalonbay Communities, Inc.",USD
219.71,219.71,216.925,218.0,536384,AVB.N,2024-10-07,阿湾物产,"Avalonbay Communities, Inc.",USD
219.41,219.72,216.71,218.5,473140,AVB.N,2024-10-08,阿湾物产,"Avalonbay Communities, Inc.",USD
218.97,218.97,216.265,218.47,494153,AVB.N,2024-10-09,阿湾物产,"Avalonbay Communities, Inc.",USD
217.94,219.655,216.09,216.9,548195,AVB.N,2024-10-10,阿湾物产,"Avalonbay Communities, Inc.",USD
218.26,219.91,217.15,219.62,444097,AVB.N,2024-10-11,阿湾物产,"Avalonbay Communities, Inc.",USD
219.62,222.32,218.49,221.63,539244,AVB.N,2024-10-14,阿湾物产,"Avalonbay Communities, Inc.",USD
222.88,226.24,222.3,223.64,773459,AVB.N,2024-10-15,阿湾物产,"Avalonbay Communities, Inc.",USD
224.34,225.95,223.58,225.69,576637,AVB.N,2024-10-16,阿湾物产,"Avalonbay Communities, Inc.",USD
225.77,226.14,223.441,225.47,571024,AVB.N,2024-10-17,阿湾物产,"Avalonbay Communities, Inc.",USD
226.03,227.72,225.33,227.14,533150,AVB.N,2024-10-18,阿湾物产,"Avalonbay Communities, Inc.",USD
226.31,226.54,222.9,224.15,606814,AVB.N,2024-10-21,阿湾物产,"Avalonbay Communities, Inc.",USD
223.79,225.775,223.75,224.72,455320,AVB.N,2024-10-22,阿湾物产,"Avalonbay Communities, Inc.",USD
224.8,230.31,224.8,229.54,708794,AVB.N,2024-10-23,阿湾物产,"Avalonbay Communities, Inc.",USD
230.85,231.38,228.7,229.77,649982,AVB.N,2024-10-24,阿湾物产,"Avalonbay Communities, Inc.",USD
229.85,229.998,226.07,226.35,658933,AVB.N,2024-10-25,阿湾物产,"Avalonbay Communities, Inc.",USD
227.71,229.17,227.12,228.8,648720,AVB.N,2024-10-28,阿湾物产,"Avalonbay Communities, Inc.",USD
228.44,229.54,226.16,227.62,653212,AVB.N,2024-10-29,阿湾物产,"Avalonbay Communities, Inc.",USD
227.5,229.07,225.773,227.76,654382,AVB.N,2024-10-30,阿湾物产,"Avalonbay Communities, Inc.",USD
225.26,226.105,220.61,221.61,1658825,AVB.N,2024-10-31,阿湾物产,"Avalonbay Communities, Inc.",USD
220.91,223.0,216.19,216.28,893726,AVB.N,2024-11-01,阿湾物产,"Avalonbay Communities, Inc.",USD
217.01,219.04,216.28,218.5,624571,AVB.N,2024-11-04,阿湾物产,"Avalonbay Communities, Inc.",USD
220.51,226.44,218.575,226.38,771731,AVB.N,2024-11-05,阿湾物产,"Avalonbay Communities, Inc.",USD
231.02,231.02,223.04,224.93,854848,AVB.N,2024-11-06,阿湾物产,"Avalonbay Communities, Inc.",USD
225.02,228.74,224.29,228.04,654781,AVB.N,2024-11-07,阿湾物产,"Avalonbay Communities, Inc.",USD
229.46,235.44,228.81,233.75,782641,AVB.N,2024-11-08,阿湾物产,"Avalonbay Communities, Inc.",USD
234.2,235.08,232.045,232.21,586514,AVB.N,2024-11-11,阿湾物产,"Avalonbay Communities, Inc.",USD
231.28,232.5,230.0,230.21,423552,AVB.N,2024-11-12,阿湾物产,"Avalonbay Communities, Inc.",USD
232.23,234.12,232.23,233.11,511820,AVB.N,2024-11-13,阿湾物产,"Avalonbay Communities, Inc.",USD
231.81,234.77,227.455,227.93,640158,AVB.N,2024-11-14,阿湾物产,"Avalonbay Communities, Inc.",USD
227.0,230.1,225.865,229.41,645903,AVB.N,2024-11-15,阿湾物产,"Avalonbay Communities, Inc.",USD
228.57,230.74,228.27,229.22,549097,AVB.N,2024-11-18,阿湾物产,"Avalonbay Communities, Inc.",USD
228.3,229.76,226.69,229.38,486142,AVB.N,2024-11-19,阿湾物产,"Avalonbay Communities, Inc.",USD
228.12,229.97,226.28,228.14,429909,AVB.N,2024-11-20,阿湾物产,"Avalonbay Communities, Inc.",USD
229.12,232.01,227.88,230.63,453417,AVB.N,2024-11-21,阿湾物产,"Avalonbay Communities, Inc.",USD
230.41,233.5199,229.54,231.94,333857,AVB.N,2024-11-22,阿湾物产,"Avalonbay Communities, Inc.",USD
233.49,236.157,231.68,232.9,977660,AVB.N,2024-11-25,阿湾物产,"Avalonbay Communities, Inc.",USD
233.45,236.4929,233.04,235.39,730058,AVB.N,2024-11-26,阿湾物产,"Avalonbay Communities, Inc.",USD
237.26,239.29,236.73,237.81,532316,AVB.N,2024-11-27,阿湾物产,"Avalonbay Communities, Inc.",USD
238.22,239.1842,235.16,235.35,616785,AVB.N,2024-11-29,阿湾物产,"Avalonbay Communities, Inc.",USD
234.09,234.54,230.07,230.8,652793,AVB.N,2024-12-02,阿湾物产,"Avalonbay Communities, Inc.",USD
230.88,231.17,228.22,228.42,447064,AVB.N,2024-12-03,阿湾物产,"Avalonbay Communities, Inc.",USD
228.56,228.595,227.055,227.8,444526,AVB.N,2024-12-04,阿湾物产,"Avalonbay Communities, Inc.",USD
226.11,227.46,225.5,226.4,342915,AVB.N,2024-12-05,阿湾物产,"Avalonbay Communities, Inc.",USD
227.3,227.55,225.7801,226.55,383291,AVB.N,2024-12-06,阿湾物产,"Avalonbay Communities, Inc.",USD
226.39,227.57,224.56,226.99,621658,AVB.N,2024-12-09,阿湾物产,"Avalonbay Communities, Inc.",USD
227.54,228.845,223.595,225.05,620086,AVB.N,2024-12-10,阿湾物产,"Avalonbay Communities, Inc.",USD
225.87,227.76,224.81,226.16,717697,AVB.N,2024-12-11,阿湾物产,"Avalonbay Communities, Inc.",USD
226.36,231.21,225.7,227.93,475531,AVB.N,2024-12-12,阿湾物产,"Avalonbay Communities, Inc.",USD
227.85,228.255,225.7,226.42,331109,AVB.N,2024-12-13,阿湾物产,"Avalonbay Communities, Inc.",USD
226.89,230.23,225.615,227.5,464624,AVB.N,2024-12-16,阿湾物产,"Avalonbay Communities, Inc.",USD
228.3,229.38,225.52,226.94,761410,AVB.N,2024-12-17,阿湾物产,"Avalonbay Communities, Inc.",USD
226.28,228.58,219.66,219.83,890652,AVB.N,2024-12-18,阿湾物产,"Avalonbay Communities, Inc.",USD
220.94,222.8199,216.52,217.16,757831,AVB.N,2024-12-19,阿湾物产,"Avalonbay Communities, Inc.",USD
217.02,224.12,216.8301,222.17,2120902,AVB.N,2024-12-20,阿湾物产,"Avalonbay Communities, Inc.",USD
220.59,222.38,220.03,221.67,602317,AVB.N,2024-12-23,阿湾物产,"Avalonbay Communities, Inc.",USD
221.65,223.54,221.24,223.28,255403,AVB.N,2024-12-24,阿湾物产,"Avalonbay Communities, Inc.",USD
223.28,223.6,222.29,223.31,584167,AVB.N,2024-12-26,阿湾物产,"Avalonbay Communities, Inc.",USD
221.19,223.74,220.36,221.18,362533,AVB.N,2024-12-27,阿湾物产,"Avalonbay Communities, Inc.",USD
220.21,220.31,217.28,219.79,314695,AVB.N,2024-12-30,阿湾物产,"Avalonbay Communities, Inc.",USD
220.16,220.79,217.83,219.97,557948,AVB.N,2024-12-31,阿湾物产,"Avalonbay Communities, Inc.",USD
219.61,220.125,216.41,217.07,409252,AVB.N,2025-01-02,阿湾物产,"Avalonbay Communities, Inc.",USD
217.01,219.37,216.25,219.17,474311,AVB.N,2025-01-03,阿湾物产,"Avalonbay Communities, Inc.",USD
221.0,221.0,212.18,212.78,540414,AVB.N,2025-01-06,阿湾物产,"Avalonbay Communities, Inc.",USD
214.28,215.17,210.28,211.23,453608,AVB.N,2025-01-07,阿湾物产,"Avalonbay Communities, Inc.",USD
211.72,212.57,209.33,212.37,473032,AVB.N,2025-01-08,阿湾物产,"Avalonbay Communities, Inc.",USD
212.0,214.565,210.345,210.77,857433,AVB.N,2025-01-10,阿湾物产,"Avalonbay Communities, Inc.",USD
211.01,216.42,210.29,215.78,583318,AVB.N,2025-01-13,阿湾物产,"Avalonbay Communities, Inc.",USD
215.35,218.61,214.8,218.21,617773,AVB.N,2025-01-14,阿湾物产,"Avalonbay Communities, Inc.",USD
223.08,223.56,216.55,217.11,824167,AVB.N,2025-01-15,阿湾物产,"Avalonbay Communities, Inc.",USD
217.92,218.25,215.31,217.9,453212,AVB.N,2025-01-16,阿湾物产,"Avalonbay Communities, Inc.",USD
218.37,218.835,217.245,218.14,553917,AVB.N,2025-01-17,阿湾物产,"Avalonbay Communities, Inc.",USD
218.55,221.09,217.64,219.24,568621,AVB.N,2025-01-21,阿湾物产,"Avalonbay Communities, Inc.",USD
217.71,217.71,214.01,214.41,438228,AVB.N,2025-01-22,阿湾物产,"Avalonbay Communities, Inc.",USD
214.53,214.91,211.24,213.8,592749,AVB.N,2025-01-23,阿湾物产,"Avalonbay Communities, Inc.",USD
212.5,215.65,211.23,214.75,487515,AVB.N,2025-01-24,阿湾物产,"Avalonbay Communities, Inc.",USD
215.38,220.68,215.38,220.35,458227,AVB.N,2025-01-27,阿湾物产,"Avalonbay Communities, Inc.",USD
219.37,221.46,218.25,219.35,761631,AVB.N,2025-01-28,阿湾物产,"Avalonbay Communities, Inc.",USD
219.06,219.985,214.43,214.95,671241,AVB.N,2025-01-29,阿湾物产,"Avalonbay Communities, Inc.",USD
217.32,220.62,216.875,219.88,664416,AVB.N,2025-01-30,阿湾物产,"Avalonbay Communities, Inc.",USD
218.84,222.56,218.29,221.51,1062142,AVB.N,2025-01-31,阿湾物产,"Avalonbay Communities, Inc.",USD
219.54,222.23,217.1,220.31,778784,AVB.N,2025-02-03,阿湾物产,"Avalonbay Communities, Inc.",USD
218.3,221.58,216.59,220.75,678282,AVB.N,2025-02-04,阿湾物产,"Avalonbay Communities, Inc.",USD
221.92,225.58,220.91,224.28,578268,AVB.N,2025-02-05,阿湾物产,"Avalonbay Communities, Inc.",USD
222.94,222.94,217.45,221.78,1381383,AVB.N,2025-02-06,阿湾物产,"Avalonbay Communities, Inc.",USD
222.46,223.71,219.41,220.16,638940,AVB.N,2025-02-07,阿湾物产,"Avalonbay Communities, Inc.",USD
219.93,219.93,216.3175,219.26,1006621,AVB.N,2025-02-10,阿湾物产,"Avalonbay Communities, Inc.",USD
217.06,219.14,217.06,218.92,500774,AVB.N,2025-02-11,阿湾物产,"Avalonbay Communities, Inc.",USD
215.1,219.11,214.941,217.8,405752,AVB.N,2025-02-12,阿湾物产,"Avalonbay Communities, Inc.",USD
219.22,220.65,218.24,220.1,401473,AVB.N,2025-02-13,阿湾物产,"Avalonbay Communities, Inc.",USD
220.62,221.861,217.905,218.35,741056,AVB.N,2025-02-14,阿湾物产,"Avalonbay Communities, Inc.",USD
217.34,219.28,215.89,218.01,931104,AVB.N,2025-02-18,阿湾物产,"Avalonbay Communities, Inc.",USD
217.67,218.63,216.47,217.57,345309,AVB.N,2025-02-19,阿湾物产,"Avalonbay Communities, Inc.",USD
216.54,220.25,216.54,219.38,560581,AVB.N,2025-02-20,阿湾物产,"Avalonbay Communities, Inc.",USD
219.22,220.16,216.87,218.92,587194,AVB.N,2025-02-21,阿湾物产,"Avalonbay Communities, Inc.",USD
219.52,222.33,218.71,220.97,662011,AVB.N,2025-02-24,阿湾物产,"Avalonbay Communities, Inc.",USD
221.29,224.68,221.29,223.62,459449,AVB.N,2025-02-25,阿湾物产,"Avalonbay Communities, Inc.",USD
223.62,223.83,220.87,221.58,364117,AVB.N,2025-02-26,阿湾物产,"Avalonbay Communities, Inc.",USD
221.0,224.4,221.0,223.02,602490,AVB.N,2025-02-27,阿湾物产,"Avalonbay Communities, Inc.",USD
224.64,227.5,223.53,226.18,1009695,AVB.N,2025-02-28,阿湾物产,"Avalonbay Communities, Inc.",USD
226.08,228.99,224.8296,228.08,432040,AVB.N,2025-03-03,阿湾物产,"Avalonbay Communities, Inc.",USD
228.99,230.21,222.975,222.99,892861,AVB.N,2025-03-04,阿湾物产,"Avalonbay Communities, Inc.",USD
220.35,225.15,220.01,224.47,807816,AVB.N,2025-03-05,阿湾物产,"Avalonbay Communities, Inc.",USD
222.33,223.25,216.96,218.5,612466,AVB.N,2025-03-06,阿湾物产,"Avalonbay Communities, Inc.",USD
218.57,221.61,217.28,218.45,548027,AVB.N,2025-03-07,阿湾物产,"Avalonbay Communities, Inc.",USD
218.85,222.38,216.01,216.37,784184,AVB.N,2025-03-10,阿湾物产,"Avalonbay Communities, Inc.",USD
216.56,217.355,211.51,212.94,593458,AVB.N,2025-03-11,阿湾物产,"Avalonbay Communities, Inc.",USD
212.49,213.83,209.58,210.04,643091,AVB.N,2025-03-12,阿湾物产,"Avalonbay Communities, Inc.",USD
210.04,212.23,207.04,207.86,652534,AVB.N,2025-03-13,阿湾物产,"Avalonbay Communities, Inc.",USD
208.67,209.74,206.805,209.63,995726,AVB.N,2025-03-14,阿湾物产,"Avalonbay Communities, Inc.",USD
209.47,212.7,209.21,211.75,932921,AVB.N,2025-03-17,阿湾物产,"Avalonbay Communities, Inc.",USD
211.5,212.34,209.145,210.25,856775,AVB.N,2025-03-18,阿湾物产,"Avalonbay Communities, Inc.",USD
210.29,212.33,208.81,210.84,609847,AVB.N,2025-03-19,阿湾物产,"Avalonbay Communities, Inc.",USD
211.35,212.2325,209.395,211.5,627563,AVB.N,2025-03-20,阿湾物产,"Avalonbay Communities, Inc.",USD
210.28,211.16,207.945,209.56,1487153,AVB.N,2025-03-21,阿湾物产,"Avalonbay Communities, Inc.",USD
211.12,214.64,209.49,214.36,512708,AVB.N,2025-03-24,阿湾物产,"Avalonbay Communities, Inc.",USD
214.47,216.88,210.64,212.66,816482,AVB.N,2025-03-25,阿湾物产,"Avalonbay Communities, Inc.",USD
213.9,214.77,212.475,214.09,712787,AVB.N,2025-03-26,阿湾物产,"Avalonbay Communities, Inc.",USD
214.75,217.32,212.61,213.14,659421,AVB.N,2025-03-27,阿湾物产,"Avalonbay Communities, Inc.",USD
214.7,214.99,211.59,213.58,452405,AVB.N,2025-03-28,阿湾物产,"Avalonbay Communities, Inc.",USD
213.2,215.825,210.74,214.62,879982,AVB.N,2025-03-31,阿湾物产,"Avalonbay Communities, Inc.",USD
215.57,215.92,211.43,214.51,597745,AVB.N,2025-04-01,阿湾物产,"Avalonbay Communities, Inc.",USD
214.54,216.47,212.42,215.61,542589,AVB.N,2025-04-02,阿湾物产,"Avalonbay Communities, Inc.",USD
212.79,215.535,205.18,205.86,1186102,AVB.N,2025-04-03,阿湾物产,"Avalonbay Communities, Inc.",USD
203.19,205.51,191.49,191.7,1707880,AVB.N,2025-04-04,阿湾物产,"Avalonbay Communities, Inc.",USD
189.96,195.39,182.56,188.81,1792716,AVB.N,2025-04-07,阿湾物产,"Avalonbay Communities, Inc.",USD
193.92,194.62,185.1,187.23,1277106,AVB.N,2025-04-08,阿湾物产,"Avalonbay Communities, Inc.",USD
183.43,201.82,180.4,200.39,1695129,AVB.N,2025-04-09,阿湾物产,"Avalonbay Communities, Inc.",USD
198.08,200.39,188.3969,193.59,1300718,AVB.N,2025-04-10,阿湾物产,"Avalonbay Communities, Inc.",USD
192.0,194.0,188.09,193.0,1234629,AVB.N,2025-04-11,阿湾物产,"Avalonbay Communities, Inc.",USD
195.59,201.7745,194.07,200.92,1034260,AVB.N,2025-04-14,阿湾物产,"Avalonbay Communities, Inc.",USD
201.63,202.35,199.9,200.5,1384834,AVB.N,2025-04-15,阿湾物产,"Avalonbay Communities, Inc.",USD
200.79,203.08,198.885,200.06,1028623,AVB.N,2025-04-16,阿湾物产,"Avalonbay Communities, Inc.",USD
200.67,205.0,200.67,203.38,1172920,AVB.N,2025-04-17,阿湾物产,"Avalonbay Communities, Inc.",USD
201.42,202.81,198.94,201.79,641373,AVB.N,2025-04-21,阿湾物产,"Avalonbay Communities, Inc.",USD
205.1,207.22,203.8401,206.44,626240,AVB.N,2025-04-22,阿湾物产,"Avalonbay Communities, Inc.",USD
208.49,210.26,205.32,206.42,613471,AVB.N,2025-04-23,阿湾物产,"Avalonbay Communities, Inc.",USD
206.22,208.63,205.075,206.73,536267,AVB.N,2025-04-24,阿湾物产,"Avalonbay Communities, Inc.",USD
207.17,207.17,204.23,205.76,642824,AVB.N,2025-04-25,阿湾物产,"Avalonbay Communities, Inc.",USD
206.0,208.29,205.505,207.8,510380,AVB.N,2025-04-28,阿湾物产,"Avalonbay Communities, Inc.",USD
207.37,208.21,204.99,207.18,714451,AVB.N,2025-04-29,阿湾物产,"Avalonbay Communities, Inc.",USD
206.87,210.9,204.19,209.98,1114410,AVB.N,2025-04-30,阿湾物产,"Avalonbay Communities, Inc.",USD
209.0,212.375,205.06,209.0,1195204,AVB.N,2025-05-01,阿湾物产,"Avalonbay Communities, Inc.",USD
212.46,213.335,210.38,212.2,780184,AVB.N,2025-05-02,阿湾物产,"Avalonbay Communities, Inc.",USD
210.63,211.645,208.96,210.02,709010,AVB.N,2025-05-05,阿湾物产,"Avalonbay Communities, Inc.",USD
208.01,209.23,206.98,207.87,590584,AVB.N,2025-05-06,阿湾物产,"Avalonbay Communities, Inc.",USD
207.9,209.67,207.01,207.89,1011970,AVB.N,2025-05-07,阿湾物产,"Avalonbay Communities, Inc.",USD
208.21,208.4,204.15,204.45,744883,AVB.N,2025-05-08,阿湾物产,"Avalonbay Communities, Inc.",USD
205.19,206.3,203.59,205.53,522050,AVB.N,2025-05-09,阿湾物产,"Avalonbay Communities, Inc.",USD
207.54,209.27,207.145,208.59,672598,AVB.N,2025-05-12,阿湾物产,"Avalonbay Communities, Inc.",USD
208.72,208.72,203.94,204.7,794844,AVB.N,2025-05-13,阿湾物产,"Avalonbay Communities, Inc.",USD
203.59,204.19,200.68,201.6,858393,AVB.N,2025-05-14,阿湾物产,"Avalonbay Communities, Inc.",USD
202.68,205.785,202.18,205.58,1029654,AVB.N,2025-05-15,阿湾物产,"Avalonbay Communities, Inc.",USD
206.59,208.37,204.98,208.1,806900,AVB.N,2025-05-16,阿湾物产,"Avalonbay Communities, Inc.",USD
205.9,208.72,205.47,208.62,849065,AVB.N,2025-05-19,阿湾物产,"Avalonbay Communities, Inc.",USD
207.48,209.21,206.945,208.59,603373,AVB.N,2025-05-20,阿湾物产,"Avalonbay Communities, Inc.",USD
206.89,207.49,201.73,201.74,626445,AVB.N,2025-05-21,阿湾物产,"Avalonbay Communities, Inc.",USD
202.02,202.02,198.41,199.86,902767,AVB.N,2025-05-22,阿湾物产,"Avalonbay Communities, Inc.",USD
199.4,199.41,196.815,198.03,882094,AVB.N,2025-05-23,阿湾物产,"Avalonbay Communities, Inc.",USD
200.35,202.125,198.02,201.46,857392,AVB.N,2025-05-27,阿湾物产,"Avalonbay Communities, Inc.",USD
201.94,202.93,200.89,201.98,752030,AVB.N,2025-05-28,阿湾物产,"Avalonbay Communities, Inc.",USD
202.86,206.21,201.13,206.02,856343,AVB.N,2025-05-29,阿湾物产,"Avalonbay Communities, Inc.",USD
205.8,207.285,204.33,206.77,2083709,AVB.N,2025-05-30,阿湾物产,"Avalonbay Communities, Inc.",USD
205.69,207.21,203.21,207.15,545088,AVB.N,2025-06-02,阿湾物产,"Avalonbay Communities, Inc.",USD
205.98,206.8925,201.19,203.96,1001121,AVB.N,2025-06-03,阿湾物产,"Avalonbay Communities, Inc.",USD
203.52,205.57,201.17,204.61,943313,AVB.N,2025-06-04,阿湾物产,"Avalonbay Communities, Inc.",USD
204.39,205.895,202.66,202.97,875309,AVB.N,2025-06-05,阿湾物产,"Avalonbay Communities, Inc.",USD
204.39,205.4336,202.08,203.15,597424,AVB.N,2025-06-06,阿湾物产,"Avalonbay Communities, Inc.",USD
202.93,208.43,202.835,206.92,1150367,AVB.N,2025-06-09,阿湾物产,"Avalonbay Communities, Inc.",USD
207.86,209.51,206.54,207.97,1124970,AVB.N,2025-06-10,阿湾物产,"Avalonbay Communities, Inc.",USD
207.67,209.12,205.7,206.54,836193,AVB.N,2025-06-11,阿湾物产,"Avalonbay Communities, Inc.",USD
206.66,209.35,206.6,208.83,587682,AVB.N,2025-06-12,阿湾物产,"Avalonbay Communities, Inc.",USD
207.09,208.775,204.42,206.18,664873,AVB.N,2025-06-13,阿湾物产,"Avalonbay Communities, Inc.",USD
208.11,209.385,206.74,207.22,733336,AVB.N,2025-06-16,阿湾物产,"Avalonbay Communities, Inc.",USD
207.15,207.82,205.03,206.3,681319,AVB.N,2025-06-17,阿湾物产,"Avalonbay Communities, Inc.",USD
206.69,208.13,205.7385,206.52,883320,AVB.N,2025-06-18,阿湾物产,"Avalonbay Communities, Inc.",USD
207.21,208.7,205.72,207.01,1264783,AVB.N,2025-06-20,阿湾物产,"Avalonbay Communities, Inc.",USD
207.55,209.86,205.14,207.67,975889,AVB.N,2025-06-23,阿湾物产,"Avalonbay Communities, Inc.",USD
207.92,208.75,205.5,206.13,1351876,AVB.N,2025-06-24,阿湾物产,"Avalonbay Communities, Inc.",USD
203.5,204.645,201.01,201.22,1483909,AVB.N,2025-06-25,阿湾物产,"Avalonbay Communities, Inc.",USD
201.88,204.79,201.185,204.13,990062,AVB.N,2025-06-26,阿湾物产,"Avalonbay Communities, Inc.",USD
204.64,206.62,203.54,204.38,1483655,AVB.N,2025-06-27,阿湾物产,"Avalonbay Communities, Inc.",USD
202.67,203.68,199.6,203.5,1316972,AVB.N,2025-06-30,阿湾物产,"Avalonbay Communities, Inc.",USD
203.57,206.48,201.22,203.28,1077763,AVB.N,2025-07-01,阿湾物产,"Avalonbay Communities, Inc.",USD
202.42,203.77,199.27,202.0,866406,AVB.N,2025-07-02,阿湾物产,"Avalonbay Communities, Inc.",USD
202.22,203.9399,201.19,202.57,347838,AVB.N,2025-07-03,阿湾物产,"Avalonbay Communities, Inc.",USD
202.07,204.665,201.48,202.46,883960,AVB.N,2025-07-07,阿湾物产,"Avalonbay Communities, Inc.",USD
201.29,203.125,200.98,201.47,782309,AVB.N,2025-07-08,阿湾物产,"Avalonbay Communities, Inc.",USD
201.51,203.12,200.53,200.63,934961,AVB.N,2025-07-09,阿湾物产,"Avalonbay Communities, Inc.",USD
200.69,204.23,200.52,202.7,825067,AVB.N,2025-07-10,阿湾物产,"Avalonbay Communities, Inc.",USD
199.96,202.78,199.96,201.86,513236,AVB.N,2025-07-11,阿湾物产,"Avalonbay Communities, Inc.",USD
202.11,203.71,201.5501,201.95,678306,AVB.N,2025-07-14,阿湾物产,"Avalonbay Communities, Inc.",USD
201.76,201.985,198.4478,199.48,621426,AVB.N,2025-07-15,阿湾物产,"Avalonbay Communities, Inc.",USD
199.92,202.14,199.34,201.86,606511,AVB.N,2025-07-16,阿湾物产,"Avalonbay Communities, Inc.",USD
201.93,203.08,200.72,202.13,667503,AVB.N,2025-07-17,阿湾物产,"Avalonbay Communities, Inc.",USD
202.46,203.31,201.3,202.63,474930,AVB.N,2025-07-18,阿湾物产,"Avalonbay Communities, Inc.",USD
203.33,205.0,200.18,200.79,645095,AVB.N,2025-07-21,阿湾物产,"Avalonbay Communities, Inc.",USD
201.49,204.68,201.335,204.51,662573,AVB.N,2025-07-22,阿湾物产,"Avalonbay Communities, Inc.",USD
204.68,204.68,202.39,203.39,500527,AVB.N,2025-07-23,阿湾物产,"Avalonbay Communities, Inc.",USD
203.16,203.275,201.35,201.59,506371,AVB.N,2025-07-24,阿湾物产,"Avalonbay Communities, Inc.",USD
201.24,203.11,200.41,201.75,319705,AVB.N,2025-07-25,阿湾物产,"Avalonbay Communities, Inc.",USD
201.35,202.24,198.64,198.77,588931,AVB.N,2025-07-28,阿湾物产,"Avalonbay Communities, Inc.",USD
199.62,203.29,198.775,203.12,533598,AVB.N,2025-07-29,阿湾物产,"Avalonbay Communities, Inc.",USD
202.065,202.065,194.445,196.31,1078274,AVB.N,2025-07-30,阿湾物产,"Avalonbay Communities, Inc.",USD
193.32,194.2,185.815,186.28,1582994,AVB.N,2025-07-31,阿湾物产,"Avalonbay Communities, Inc.",USD
187.58,188.24,181.23,184.44,1843814,AVB.N,2025-08-01,阿湾物产,"Avalonbay Communities, Inc.",USD
184.0,186.18,182.26,182.72,1301529,AVB.N,2025-08-04,阿湾物产,"Avalonbay Communities, Inc.",USD
184.18,189.5,182.96,186.31,1919239,AVB.N,2025-08-05,阿湾物产,"Avalonbay Communities, Inc.",USD
186.72,187.7,184.565,186.5,1283571,AVB.N,2025-08-06,阿湾物产,"Avalonbay Communities, Inc.",USD
187.04,189.37,187.04,188.24,1001760,AVB.N,2025-08-07,阿湾物产,"Avalonbay Communities, Inc.",USD
188.83,189.09,186.32,186.78,720404,AVB.N,2025-08-08,阿湾物产,"Avalonbay Communities, Inc.",USD
186.4,187.14,184.5325,185.08,831057,AVB.N,2025-08-11,阿湾物产,"Avalonbay Communities, Inc.",USD
185.36,187.03,184.285,186.93,701792,AVB.N,2025-08-12,阿湾物产,"Avalonbay Communities, Inc.",USD
188.8,191.54,186.77,191.06,826324,AVB.N,2025-08-13,阿湾物产,"Avalonbay Communities, Inc.",USD
188.39,189.92,187.29,189.32,1030232,AVB.N,2025-08-14,阿湾物产,"Avalonbay Communities, Inc.",USD
189.29,190.67,188.445,190.58,767538,AVB.N,2025-08-15,阿湾物产,"Avalonbay Communities, Inc.",USD
190.3,190.64,188.05,188.25,690205,AVB.N,2025-08-18,阿湾物产,"Avalonbay Communities, Inc.",USD
188.86,192.69,188.73,191.45,1436251,AVB.N,2025-08-19,阿湾物产,"Avalonbay Communities, Inc.",USD
192.14,193.9,190.51,190.62,843371,AVB.N,2025-08-20,阿湾物产,"Avalonbay Communities, Inc.",USD
189.14,191.7799,189.14,190.43,681012,AVB.N,2025-08-21,阿湾物产,"Avalonbay Communities, Inc.",USD
191.9,195.06,191.705,193.62,1211695,AVB.N,2025-08-22,阿湾物产,"Avalonbay Communities, Inc.",USD
193.18,194.27,191.11,192.27,582805,AVB.N,2025-08-25,阿湾物产,"Avalonbay Communities, Inc.",USD
192.54,193.69,191.79,192.01,1353383,AVB.N,2025-08-26,阿湾物产,"Avalonbay Communities, Inc.",USD
192.04,194.27,191.94,194.12,613517,AVB.N,2025-08-27,阿湾物产,"Avalonbay Communities, Inc.",USD
194.43,194.72,192.62,194.61,894956,AVB.N,2025-08-28,阿湾物产,"Avalonbay Communities, Inc.",USD
193.86,196.4574,193.61,195.85,886025,AVB.N,2025-08-29,阿湾物产,"Avalonbay Communities, Inc.",USD
194.92,194.92,188.48,189.02,877368,AVB.N,2025-09-02,阿湾物产,"Avalonbay Communities, Inc.",USD
188.19,191.09,188.19,191.07,699502,AVB.N,2025-09-03,阿湾物产,"Avalonbay Communities, Inc.",USD
192.05,193.1,191.06,192.72,672593,AVB.N,2025-09-04,阿湾物产,"Avalonbay Communities, Inc.",USD
193.93,196.85,193.89,195.41,600397,AVB.N,2025-09-05,阿湾物产,"Avalonbay Communities, Inc.",USD
193.45,194.7,192.79,194.47,604582,AVB.N,2025-09-08,阿湾物产,"Avalonbay Communities, Inc.",USD
194.0,195.325,193.495,195.24,675075,AVB.N,2025-09-09,阿湾物产,"Avalonbay Communities, Inc.",USD
194.48,196.095,192.3,192.64,852516,AVB.N,2025-09-10,阿湾物产,"Avalonbay Communities, Inc.",USD
194.14,197.31,193.32,196.83,656710,AVB.N,2025-09-11,阿湾物产,"Avalonbay Communities, Inc.",USD
196.96,198.29,195.12,195.15,545794,AVB.N,2025-09-12,阿湾物产,"Avalonbay Communities, Inc.",USD
195.21,195.71,192.665,192.84,941823,AVB.N,2025-09-15,阿湾物产,"Avalonbay Communities, Inc.",USD
192.51,193.64,191.9,192.28,1051991,AVB.N,2025-09-16,阿湾物产,"Avalonbay Communities, Inc.",USD
192.39,195.26,191.91,192.54,781038,AVB.N,2025-09-17,阿湾物产,"Avalonbay Communities, Inc.",USD
192.9,194.3,192.17,193.63,727606,AVB.N,2025-09-18,阿湾物产,"Avalonbay Communities, Inc.",USD
193.37,195.13,192.73,192.96,1878914,AVB.N,2025-09-19,阿湾物产,"Avalonbay Communities, Inc.",USD
193.51,193.95,191.68,193.01,1079562,AVB.N,2025-09-22,阿湾物产,"Avalonbay Communities, Inc.",USD
192.85,194.68,192.42,194.4,792466,AVB.N,2025-09-23,阿湾物产,"Avalonbay Communities, Inc.",USD
194.4,194.47,192.35,192.77,1193202,AVB.N,2025-09-24,阿湾物产,"Avalonbay Communities, Inc.",USD
192.5,193.92,191.0,191.57,925978,AVB.N,2025-09-25,阿湾物产,"Avalonbay Communities, Inc.",USD
192.23,195.3,192.23,194.86,695828,AVB.N,2025-09-26,阿湾物产,"Avalonbay Communities, Inc.",USD
193.74,194.875,192.77,193.56,787999,AVB.N,2025-09-29,阿湾物产,"Avalonbay Communities, Inc.",USD
191.82,193.31,190.08,193.17,944097,AVB.N,2025-09-30,阿湾物产,"Avalonbay Communities, Inc.",USD
192.43,193.81,191.25,191.37,792360,AVB.N,2025-10-01,阿湾物产,"Avalonbay Communities, Inc.",USD
190.85,191.46,189.24,190.1,555529,AVB.N,2025-10-02,阿湾物产,"Avalonbay Communities, Inc.",USD
190.4,192.63,190.25,190.69,519146,AVB.N,2025-10-03,阿湾物产,"Avalonbay Communities, Inc.",USD
191.0,191.02,187.34,187.58,964121,AVB.N,2025-10-06,阿湾物产,"Avalonbay Communities, Inc.",USD
187.99,189.755,186.4301,187.52,722471,AVB.N,2025-10-07,阿湾物产,"Avalonbay Communities, Inc.",USD
186.45,187.45,185.74,186.42,583565,AVB.N,2025-10-08,阿湾物产,"Avalonbay Communities, Inc.",USD
187.05,187.52,185.0,185.85,403688,AVB.N,2025-10-09,阿湾物产,"Avalonbay Communities, Inc.",USD
186.94,187.1962,183.66,184.53,742330,AVB.N,2025-10-10,阿湾物产,"Avalonbay Communities, Inc.",USD
184.28,185.53,183.82,184.68,490094,AVB.N,2025-10-13,阿湾物产,"Avalonbay Communities, Inc.",USD
184.68,185.965,183.75,185.42,606688,AVB.N,2025-10-14,阿湾物产,"Avalonbay Communities, Inc.",USD
185.53,187.265,183.28,184.0,889712,AVB.N,2025-10-15,阿湾物产,"Avalonbay Communities, Inc.",USD
184.15,185.77,183.11,184.46,993649,AVB.N,2025-10-16,阿湾物产,"Avalonbay Communities, Inc.",USD
184.52,187.06,184.38,187.02,762790,AVB.N,2025-10-17,阿湾物产,"Avalonbay Communities, Inc.",USD
188.01,189.11,186.78,187.05,502170,AVB.N,2025-10-20,阿湾物产,"Avalonbay Communities, Inc.",USD
187.47,189.34,186.71,187.12,864238,AVB.N,2025-10-21,阿湾物产,"Avalonbay Communities, Inc.",USD
188.12,190.44,186.305,189.32,866619,AVB.N,2025-10-22,阿湾物产,"Avalonbay Communities, Inc.",USD
189.28,190.025,187.2,189.04,560350,AVB.N,2025-10-23,阿湾物产,"Avalonbay Communities, Inc.",USD
189.51,190.82,188.85,189.43,642676,AVB.N,2025-10-24,阿湾物产,"Avalonbay Communities, Inc.",USD
188.88,189.53,186.42,188.37,670256,AVB.N,2025-10-27,阿湾物产,"Avalonbay Communities, Inc.",USD
187.85,187.85,183.7824,184.12,587123,AVB.N,2025-10-28,阿湾物产,"Avalonbay Communities, Inc.",USD
182.385,182.385,175.6,176.29,1636829,AVB.N,2025-10-29,阿湾物产,"Avalonbay Communities, Inc.",USD
171.5,175.4335,166.73,174.71,1574400,AVB.N,2025-10-30,阿湾物产,"Avalonbay Communities, Inc.",USD
174.35,176.7,173.315,173.92,1273490,AVB.N,2025-10-31,阿湾物产,"Avalonbay Communities, Inc.",USD
172.0,175.7075,171.27,175.37,1255956,AVB.N,2025-11-03,阿湾物产,"Avalonbay Communities, Inc.",USD
175.31,176.15,172.95,176.06,1283270,AVB.N,2025-11-04,阿湾物产,"Avalonbay Communities, Inc.",USD
176.57,178.32,175.31,177.74,1021190,AVB.N,2025-11-05,阿湾物产,"Avalonbay Communities, Inc.",USD
177.39,178.9888,175.03,175.24,910639,AVB.N,2025-11-06,阿湾物产,"Avalonbay Communities, Inc.",USD
175.91,177.67,175.23,177.38,910853,AVB.N,2025-11-07,阿湾物产,"Avalonbay Communities, Inc.",USD
177.65,177.65,174.72,176.75,741680,AVB.N,2025-11-10,阿湾物产,"Avalonbay Communities, Inc.",USD
177.86,179.15,177.3,178.84,823266,AVB.N,2025-11-11,阿湾物产,"Avalonbay Communities, Inc.",USD
177.54,179.09,177.46,178.05,1120332,AVB.N,2025-11-12,阿湾物产,"Avalonbay Communities, Inc.",USD
176.58,178.34,176.33,176.98,1435504,AVB.N,2025-11-13,阿湾物产,"Avalonbay Communities, Inc.",USD
178.09,178.73,176.41,177.7,836793,AVB.N,2025-11-14,阿湾物产,"Avalonbay Communities, Inc.",USD
178.76,179.22,176.88,177.51,1209209,AVB.N,2025-11-17,阿湾物产,"Avalonbay Communities, Inc.",USD
177.38,178.2489,176.01,177.41,744223,AVB.N,2025-11-18,阿湾物产,"Avalonbay Communities, Inc.",USD
177.85,178.23,176.3,176.97,824536,AVB.N,2025-11-19,阿湾物产,"Avalonbay Communities, Inc.",USD
178.27,179.38,176.69,177.04,1263341,AVB.N,2025-11-20,阿湾物产,"Avalonbay Communities, Inc.",USD
177.84,181.5699,177.84,180.68,1284391,AVB.N,2025-11-21,阿湾物产,"Avalonbay Communities, Inc.",USD
180.19,180.97,178.675,180.41,1858576,AVB.N,2025-11-24,阿湾物产,"Avalonbay Communities, Inc.",USD
182.8,183.6,181.57,181.64,824939,AVB.N,2025-11-25,阿湾物产,"Avalonbay Communities, Inc.",USD
181.0,182.86,180.075,181.87,608752,AVB.N,2025-11-26,阿湾物产,"Avalonbay Communities, Inc.",USD
182.0,182.59,181.05,181.94,478182,AVB.N,2025-11-28,阿湾物产,"Avalonbay Communities, Inc.",USD
180.61,182.13,179.2,179.65,1054503,AVB.N,2025-12-01,阿湾物产,"Avalonbay Communities, Inc.",USD
180.15,181.65,178.2,181.12,1048231,AVB.N,2025-12-02,阿湾物产,"Avalonbay Communities, Inc.",USD
181.41,182.4,180.1,181.52,836165,AVB.N,2025-12-03,阿湾物产,"Avalonbay Communities, Inc.",USD
179.25,181.75,178.855,179.42,1131140,AVB.N,2025-12-04,阿湾物产,"Avalonbay Communities, Inc.",USD
178.67,180.33,177.54,178.02,1549674,AVB.N,2025-12-05,阿湾物产,"Avalonbay Communities, Inc.",USD
177.32,178.02,174.1979,177.61,1298024,AVB.N,2025-12-08,阿湾物产,"Avalonbay Communities, Inc.",USD
178.43,180.3208,175.04,175.38,1052497,AVB.N,2025-12-09,阿湾物产,"Avalonbay Communities, Inc.",USD
175.42,177.56,174.85,176.34,1311394,AVB.N,2025-12-10,阿湾物产,"Avalonbay Communities, Inc.",USD
177.35,178.55,175.24,176.07,1388260,AVB.N,2025-12-11,阿湾物产,"Avalonbay Communities, Inc.",USD
177.0,177.0,175.35,176.9,1176812,AVB.N,2025-12-12,阿湾物产,"Avalonbay Communities, Inc.",USD
177.41,178.07,176.44,177.79,873019,AVB.N,2025-12-15,阿湾物产,"Avalonbay Communities, Inc.",USD
177.96,178.135,175.9501,176.94,1022918,AVB.N,2025-12-16,阿湾物产,"Avalonbay Communities, Inc.",USD
177.39,182.54,177.01,181.26,1148145,AVB.N,2025-12-17,阿湾物产,"Avalonbay Communities, Inc.",USD
181.69,182.94,180.395,181.23,1123630,AVB.N,2025-12-18,阿湾物产,"Avalonbay Communities, Inc.",USD
180.73,181.18,178.91,179.13,2031390,AVB.N,2025-12-19,阿湾物产,"Avalonbay Communities, Inc.",USD
178.68,183.15,178.37,182.52,1200672,AVB.N,2025-12-22,阿湾物产,"Avalonbay Communities, Inc.",USD
182.95,182.95,179.81,181.64,722340,AVB.N,2025-12-23,阿湾物产,"Avalonbay Communities, Inc.",USD
181.75,183.53,181.73,183.07,241887,AVB.N,2025-12-24,阿湾物产,"Avalonbay Communities, Inc.",USD
182.96,183.5915,181.9501,183.21,353707,AVB.N,2025-12-26,阿湾物产,"Avalonbay Communities, Inc.",USD
183.75,184.115,182.82,183.9,587420,AVB.N,2025-12-29,阿湾物产,"Avalonbay Communities, Inc.",USD
185.56,185.64,183.7123,185.0,623817,AVB.N,2025-12-30,阿湾物产,"Avalonbay Communities, Inc.",USD
183.37,183.37,181.0,181.31,729052,AVB.N,2025-12-31,阿湾物产,"Avalonbay Communities, Inc.",USD
180.98,181.72,178.5901,180.48,980087,AVB.N,2026-01-02,阿湾物产,"Avalonbay Communities, Inc.",USD
179.33,180.99,178.99,180.28,1759219,AVB.N,2026-01-05,阿湾物产,"Avalonbay Communities, Inc.",USD
179.4,184.21,179.265,183.74,738605,AVB.N,2026-01-06,阿湾物产,"Avalonbay Communities, Inc.",USD
184.3,186.77,179.37,179.5,1279689,AVB.N,2026-01-07,阿湾物产,"Avalonbay Communities, Inc.",USD
178.52,185.38,178.52,184.08,758040,AVB.N,2026-01-08,阿湾物产,"Avalonbay Communities, Inc.",USD
183.91,184.3,178.01,179.37,1145583,AVB.N,2026-01-09,阿湾物产,"Avalonbay Communities, Inc.",USD
179.15,179.8,177.95,178.39,1086906,AVB.N,2026-01-12,阿湾物产,"Avalonbay Communities, Inc.",USD
178.93,179.655,175.0,178.81,932785,AVB.N,2026-01-13,阿湾物产,"Avalonbay Communities, Inc.",USD
178.88,182.54,178.29,180.16,1094313,AVB.N,2026-01-14,阿湾物产,"Avalonbay Communities, Inc.",USD
180.25,181.94,179.82,180.8,898566,AVB.N,2026-01-15,阿湾物产,"Avalonbay Communities, Inc.",USD
180.15,183.0,178.16,182.42,1642489,AVB.N,2026-01-16,阿湾物产,"Avalonbay Communities, Inc.",USD
179.09,180.605,176.63,178.26,1143164,AVB.N,2026-01-20,阿湾物产,"Avalonbay Communities, Inc.",USD
178.85,179.58,177.18,178.96,931428,AVB.N,2026-01-21,阿湾物产,"Avalonbay Communities, Inc.",USD
179.09,179.41,174.47,175.76,2148813,AVB.N,2026-01-22,阿湾物产,"Avalonbay Communities, Inc.",USD
175.37,178.83,175.08,178.77,1198849,AVB.N,2026-01-23,阿湾物产,"Avalonbay Communities, Inc.",USD
179.55,180.0,177.06,177.77,1047438,AVB.N,2026-01-26,阿湾物产,"Avalonbay Communities, Inc.",USD
177.66,179.02,175.95,176.03,1168780,AVB.N,2026-01-27,阿湾物产,"Avalonbay Communities, Inc.",USD
176.16,176.72,172.07,172.97,1125460,AVB.N,2026-01-28,阿湾物产,"Avalonbay Communities, Inc.",USD
174.59,175.65,172.79,174.8,1968305,AVB.N,2026-01-29,阿湾物产,"Avalonbay Communities, Inc.",USD
174.78,177.74,173.78,177.67,1341649,AVB.N,2026-01-30,阿湾物产,"Avalonbay Communities, Inc.",USD
177.78,177.99,175.125,175.32,1127247,AVB.N,2026-02-02,阿湾物产,"Avalonbay Communities, Inc.",USD
174.6,177.365,173.25,174.29,1387844,AVB.N,2026-02-03,阿湾物产,"Avalonbay Communities, Inc.",USD
176.33,180.135,174.815,177.81,1404178,AVB.N,2026-02-04,阿湾物产,"Avalonbay Communities, Inc.",USD
177.0,181.37,168.83,169.7,1771180,AVB.N,2026-02-05,阿湾物产,"Avalonbay Communities, Inc.",USD
169.54,173.94,169.525,173.83,1803994,AVB.N,2026-02-06,阿湾物产,"Avalonbay Communities, Inc.",USD
172.64,173.79,171.76,173.46,839126,AVB.N,2026-02-09,阿湾物产,"Avalonbay Communities, Inc.",USD
173.6,178.0,173.6,177.43,1128869,AVB.N,2026-02-10,阿湾物产,"Avalonbay Communities, Inc.",USD
177.02,181.18,175.72,179.83,1479379,AVB.N,2026-02-11,阿湾物产,"Avalonbay Communities, Inc.",USD
180.32,180.9999,173.75,175.26,1896243,AVB.N,2026-02-12,阿湾物产,"Avalonbay Communities, Inc.",USD
175.27,177.6,174.23,176.19,979015,AVB.N,2026-02-13,阿湾物产,"Avalonbay Communities, Inc.",USD
177.71,177.98,173.54,177.65,1186874,AVB.N,2026-02-17,阿湾物产,"Avalonbay Communities, Inc.",USD
177.89,178.67,176.515,178.06,678065,AVB.N,2026-02-18,阿湾物产,"Avalonbay Communities, Inc.",USD
176.71,178.91,175.6,177.57,532781,AVB.N,2026-02-19,阿湾物产,"Avalonbay Communities, Inc.",USD
178.22,179.21,176.945,177.4,681541,AVB.N,2026-02-20,阿湾物产,"Avalonbay Communities, Inc.",USD
178.5,179.7,175.35,176.36,960189,AVB.N,2026-02-23,阿湾物产,"Avalonbay Communities, Inc.",USD
176.18,177.705,175.1,177.58,639462,AVB.N,2026-02-24,阿湾物产,"Avalonbay Communities, Inc.",USD
177.36,178.85,176.22,178.27,740318,AVB.N,2026-02-25,阿湾物产,"Avalonbay Communities, Inc.",USD
179.23,180.1825,178.33,179.67,1470422,AVB.N,2026-02-26,阿湾物产,"Avalonbay Communities, Inc.",USD
178.41,179.24,174.71,177.23,2092245,AVB.N,2026-02-27,阿湾物产,"Avalonbay Communities, Inc.",USD
176.99,179.79,176.555,179.01,1303560,AVB.N,2026-03-02,阿湾物产,"Avalonbay Communities, Inc.",USD
176.21,178.02,174.37,177.32,1051917,AVB.N,2026-03-03,阿湾物产,"Avalonbay Communities, Inc.",USD
175.27,178.13,175.27,178.1,592232,AVB.N,2026-03-04,阿湾物产,"Avalonbay Communities, Inc.",USD
176.25,179.325,176.145,179.29,661797,AVB.N,2026-03-05,阿湾物产,"Avalonbay Communities, Inc.",USD
177.9,178.21,174.98,177.89,772823,AVB.N,2026-03-06,阿湾物产,"Avalonbay Communities, Inc.",USD
176.53,177.31,173.02,176.71,1108332,AVB.N,2026-03-09,阿湾物产,"Avalonbay Communities, Inc.",USD
175.88,177.07,173.06,174.45,841211,AVB.N,2026-03-10,阿湾物产,"Avalonbay Communities, Inc.",USD
173.83,173.83,169.96,171.82,1119334,AVB.N,2026-03-11,阿湾物产,"Avalonbay Communities, Inc.",USD
171.26,173.88,170.54,171.04,1063964,AVB.N,2026-03-12,阿湾物产,"Avalonbay Communities, Inc.",USD
173.14,173.5,168.675,168.96,945656,AVB.N,2026-03-13,阿湾物产,"Avalonbay Communities, Inc.",USD
170.32,171.655,169.12,169.14,1053481,AVB.N,2026-03-16,阿湾物产,"Avalonbay Communities, Inc.",USD
170.88,171.44,169.81,170.57,853576,AVB.N,2026-03-17,阿湾物产,"Avalonbay Communities, Inc.",USD
168.92,169.58,165.335,166.11,1651519,AVB.N,2026-03-18,阿湾物产,"Avalonbay Communities, Inc.",USD
165.41,167.05,165.17,165.24,1028759,AVB.N,2026-03-19,阿湾物产,"Avalonbay Communities, Inc.",USD
164.51,165.2,160.72,161.37,1646872,AVB.N,2026-03-20,阿湾物产,"Avalonbay Communities, Inc.",USD
164.0,165.64,162.08,163.27,858437,AVB.N,2026-03-23,阿湾物产,"Avalonbay Communities, Inc.",USD
162.1,164.85,161.03,163.56,898778,AVB.N,2026-03-24,阿湾物产,"Avalonbay Communities, Inc.",USD
164.53,164.9175,162.59,163.65,594407,AVB.N,2026-03-25,阿湾物产,"Avalonbay Communities, Inc.",USD
163.21,165.2,163.0,163.41,1133853,AVB.N,2026-03-26,阿湾物产,"Avalonbay Communities, Inc.",USD
163.41,164.25,160.35,160.81,840284,AVB.N,2026-03-27,阿湾物产,"Avalonbay Communities, Inc.",USD
162.32,164.16,160.93,161.56,1060997,AVB.N,2026-03-30,阿湾物产,"Avalonbay Communities, Inc.",USD
161.89,163.41,160.095,163.35,1878235,AVB.N,2026-03-31,阿湾物产,"Avalonbay Communities, Inc.",USD
162.9,165.8499,162.79,164.9,1385808,AVB.N,2026-04-01,阿湾物产,"Avalonbay Communities, Inc.",USD
164.64,167.37,163.91,166.02,1108022,AVB.N,2026-04-02,阿湾物产,"Avalonbay Communities, Inc.",USD
165.52,167.27,165.14,166.47,673554,AVB.N,2026-04-06,阿湾物产,"Avalonbay Communities, Inc.",USD
166.53,168.6,166.17,167.73,889614,AVB.N,2026-04-07,阿湾物产,"Avalonbay Communities, Inc.",USD
170.16,170.91,167.88,168.5,933013,AVB.N,2026-04-08,阿湾物产,"Avalonbay Communities, Inc.",USD
167.73,169.77,167.42,168.51,915379,AVB.N,2026-04-09,阿湾物产,"Avalonbay Communities, Inc.",USD
169.04,170.82,168.53,169.78,717511,AVB.N,2026-04-10,阿湾物产,"Avalonbay Communities, Inc.",USD
169.12,169.85,167.69,169.55,1025281,AVB.N,2026-04-13,阿湾物产,"Avalonbay Communities, Inc.",USD
169.25,171.25,169.25,171.0,740266,AVB.N,2026-04-14,阿湾物产,"Avalonbay Communities, Inc.",USD
171.0,171.33,169.495,171.29,627588,AVB.N,2026-04-15,阿湾物产,"Avalonbay Communities, Inc.",USD
171.37,172.33,168.925,169.63,773895,AVB.N,2026-04-16,阿湾物产,"Avalonbay Communities, Inc.",USD
170.225,174.785,169.78,173.89,999434,AVB.N,2026-04-17,阿湾物产,"Avalonbay Communities, Inc.",USD
173.05,176.37,172.76,176.36,748540,AVB.N,2026-04-20,阿湾物产,"Avalonbay Communities, Inc.",USD
176.01,176.25,172.13,172.14,690505,AVB.N,2026-04-21,阿湾物产,"Avalonbay Communities, Inc.",USD
172.75,174.11,170.15,171.31,625944,AVB.N,2026-04-22,阿湾物产,"Avalonbay Communities, Inc.",USD
171.94,173.7,170.63,173.35,605550,AVB.N,2026-04-23,阿湾物产,"Avalonbay Communities, Inc.",USD
173.14,173.9,172.02,172.38,623363,AVB.N,2026-04-24,阿湾物产,"Avalonbay Communities, Inc.",USD
172.4,174.685,172.16,174.28,1310417,AVB.N,2026-04-27,阿湾物产,"Avalonbay Communities, Inc.",USD
177.85,183.78,176.615,183.5,1683768,AVB.N,2026-04-28,阿湾物产,"Avalonbay Communities, Inc.",USD
183.85,186.195,182.67,184.37,1692994,AVB.N,2026-04-29,阿湾物产,"Avalonbay Communities, Inc.",USD
185.17,186.1,181.93,183.0,1436625,AVB.N,2026-04-30,阿湾物产,"Avalonbay Communities, Inc.",USD
183.01,185.21,182.19,183.45,744694,AVB.N,2026-05-01,阿湾物产,"Avalonbay Communities, Inc.",USD
182.76,185.06,182.01,182.44,651691,AVB.N,2026-05-04,阿湾物产,"Avalonbay Communities, Inc.",USD
182.56,186.48,182.0069,185.25,747673,AVB.N,2026-05-05,阿湾物产,"Avalonbay Communities, Inc.",USD
185.68,187.92,185.0501,186.44,937219,AVB.N,2026-05-06,阿湾物产,"Avalonbay Communities, Inc.",USD
186.07,186.99,185.1,185.79,1560163,AVB.N,2026-05-07,阿湾物产,"Avalonbay Communities, Inc.",USD
186.07,186.07,183.26,184.08,2001230,AVB.N,2026-05-08,阿湾物产,"Avalonbay Communities, Inc.",USD
184.96,187.38,184.63,187.27,714919,AVB.N,2026-05-11,阿湾物产,"Avalonbay Communities, Inc.",USD
188.01,188.01,185.21,187.02,845203,AVB.N,2026-05-12,阿湾物产,"Avalonbay Communities, Inc.",USD
186.23,186.84,184.79,186.46,948602,AVB.N,2026-05-13,阿湾物产,"Avalonbay Communities, Inc.",USD
187.18,187.58,183.185,183.54,1172982,AVB.N,2026-05-14,阿湾物产,"Avalonbay Communities, Inc.",USD
183.82,184.64,180.35,180.84,997299,AVB.N,2026-05-15,阿湾物产,"Avalonbay Communities, Inc.",USD
181.27,185.41,181.27,185.25,599637,AVB.N,2026-05-18,阿湾物产,"Avalonbay Communities, Inc.",USD
184.59,186.11,183.24,185.11,858269,AVB.N,2026-05-19,阿湾物产,"Avalonbay Communities, Inc.",USD
186.17,187.38,185.17,186.69,915838,AVB.N,2026-05-20,阿湾物产,"Avalonbay Communities, Inc.",USD
185.05,185.84,180.5,184.11,2509768,AVB.N,2026-05-21,阿湾物产,"Avalonbay Communities, Inc.",USD
185.12,186.62,183.58,185.65,1311866,AVB.N,2026-05-22,阿湾物产,"Avalonbay Communities, Inc.",USD
185.63,187.2,185.08,185.09,1027491,AVB.N,2026-05-26,阿湾物产,"Avalonbay Communities, Inc.",USD
186.14,188.085,185.66,186.23,876952,AVB.N,2026-05-27,阿湾物产,"Avalonbay Communities, Inc.",USD
185.25,186.4,184.75,184.83,799541,AVB.N,2026-05-28,阿湾物产,"Avalonbay Communities, Inc.",USD
183.6,183.81,181.25,182.51,1769118,AVB.N,2026-05-29,阿湾物产,"Avalonbay Communities, Inc.",USD
183.52,185.955,182.58,182.87,1276609,AVB.N,2026-06-01,阿湾物产,"Avalonbay Communities, Inc.",USD
182.62,183.57,181.48,183.38,896103,AVB.N,2026-06-02,阿湾物产,"Avalonbay Communities, Inc.",USD
182.88,184.745,182.27,183.19,758188,AVB.N,2026-06-03,阿湾物产,"Avalonbay Communities, Inc.",USD
185.63,189.3,184.53,189.19,1693427,AVB.N,2026-06-04,阿湾物产,"Avalonbay Communities, Inc.",USD
188.77,190.89,188.35,189.72,874657,AVB.N,2026-06-05,阿湾物产,"Avalonbay Communities, Inc.",USD
190.33,190.39,186.695,187.61,1687014,AVB.N,2026-06-08,阿湾物产,"Avalonbay Communities, Inc.",USD
187.24,188.97,185.43,186.85,1293924,AVB.N,2026-06-09,阿湾物产,"Avalonbay Communities, Inc.",USD
187.92,188.675,185.59,186.59,1232571,AVB.N,2026-06-10,阿湾物产,"Avalonbay Communities, Inc.",USD
186.66,187.855,184.12,184.36,875232,AVB.N,2026-06-11,阿湾物产,"Avalonbay Communities, Inc.",USD
184.78,187.05,184.78,187.03,1077126,AVB.N,2026-06-12,阿湾物产,"Avalonbay Communities, Inc.",USD
186.6,187.16,183.69,184.48,1146378,AVB.N,2026-06-15,阿湾物产,"Avalonbay Communities, Inc.",USD
185.87,186.79,183.915,184.73,899935,AVB.N,2026-06-16,阿湾物产,"Avalonbay Communities, Inc.",USD
184.65,185.12,179.08,179.63,1264590,AVB.N,2026-06-17,阿湾物产,"Avalonbay Communities, Inc.",USD
181.25,182.24,177.19,177.32,2821975,AVB.N,2026-06-18,阿湾物产,"Avalonbay Communities, Inc.",USD
177.18,180.7,176.13,179.89,1364109,AVB.N,2026-06-22,阿湾物产,"Avalonbay Communities, Inc.",USD
181.32,182.47,180.18,182.24,1511795,AVB.N,2026-06-23,阿湾物产,"Avalonbay Communities, Inc.",USD
182.74,184.32,181.3,183.6,1113315,AVB.N,2026-06-24,阿湾物产,"Avalonbay Communities, Inc.",USD
184.9,187.5,184.5,186.13,898107,AVB.N,2026-06-25,阿湾物产,"Avalonbay Communities, Inc.",USD
187.48,190.3,186.75,190.12,1437257,AVB.N,2026-06-26,阿湾物产,"Avalonbay Communities, Inc.",USD
189.5,192.74,189.25,192.64,1138747,AVB.N,2026-06-29,阿湾物产,"Avalonbay Communities, Inc.",USD
188.53,190.59,187.0,188.69,1377300,AVB.N,2026-06-30,阿湾物产,"Avalonbay Communities, Inc.",USD
189.76,193.09,189.505,190.43,919820,AVB.N,2026-07-01,阿湾物产,"Avalonbay Communities, Inc.",USD
190.6,193.99,190.52,193.96,659194,AVB.N,2026-07-02,阿湾物产,"Avalonbay Communities, Inc.",USD
193.94,195.1,192.0001,194.35,1015157,AVB.N,2026-07-06,阿湾物产,"Avalonbay Communities, Inc.",USD
195.79,198.63,194.96,195.39,722912,AVB.N,2026-07-07,阿湾物产,"Avalonbay Communities, Inc.",USD
194.39,195.975,188.85,189.12,815857,AVB.N,2026-07-08,阿湾物产,"Avalonbay Communities, Inc.",USD
190.02,190.77,188.87,189.46,705653,AVB.N,2026-07-09,阿湾物产,"Avalonbay Communities, Inc.",USD
190.25,192.139,189.65,191.84,924303,AVB.N,2026-07-10,阿湾物产,"Avalonbay Communities, Inc.",USD
193.39,195.93,192.87,194.53,1074927,AVB.N,2026-07-13,阿湾物产,"Avalonbay Communities, Inc.",USD
193.69,194.52,191.61,191.75,685243,AVB.N,2026-07-14,阿湾物产,"Avalonbay Communities, Inc.",USD
193.13,193.585,189.88,190.29,1138462,AVB.N,2026-07-15,阿湾物产,"Avalonbay Communities, Inc.",USD
191.25,195.73,190.6075,195.5,745180,AVB.N,2026-07-16,阿湾物产,"Avalonbay Communities, Inc.",USD
195.5,197.215,191.045,192.53,1014121,AVB.N,2026-07-17,阿湾物产,"Avalonbay Communities, Inc.",USD
192.48,193.24,191.25,191.84,776721,AVB.N,2026-07-20,阿湾物产,"Avalonbay Communities, Inc.",USD
191.97,192.08,190.24,190.65,613390,AVB.N,2026-07-21,阿湾物产,"Avalonbay Communities, Inc.",USD
191.25,191.72,189.52,190.27,621296,AVB.N,2026-07-22,阿湾物产,"Avalonbay Communities, Inc.",USD
189.68,192.96,189.59,190.8,950756,AVB.N,2026-07-23,阿湾物产,"Avalonbay Communities, Inc.",USD
191.9,192.415,188.495,189.61,711795,AVB.N,2026-07-24,阿湾物产,"Avalonbay Communities, Inc.",USD
188.96,190.3,187.47,187.56,539701,AVB.N,2026-07-27,阿湾物产,"Avalonbay Communities, Inc.",USD
