open,high,low,close,volume,thscode,time,thsname_cn,thsname_en,currency
818.67,826.81,802.65,822.5,1036829.0,EQIX.O,20210621,易昆尼克斯,"Equinix, Inc.",USD
823.65,824.99,811.57,822.57,573808.0,EQIX.O,20210622,易昆尼克斯,"Equinix, Inc.",USD
821.62,824.72,792.03,803.56,909430.0,EQIX.O,20210623,易昆尼克斯,"Equinix, Inc.",USD
804.01,809.63,772.95,779.32,1107324.0,EQIX.O,20210624,易昆尼克斯,"Equinix, Inc.",USD
780.19,785.77,774.32,783.4,1128519.0,EQIX.O,20210625,易昆尼克斯,"Equinix, Inc.",USD
789.34,798.9,783.02,798.52,675140.0,EQIX.O,20210628,易昆尼克斯,"Equinix, Inc.",USD
792.02,804.1,789.39,802.33,493372.0,EQIX.O,20210629,易昆尼克斯,"Equinix, Inc.",USD
808.3,809.85,798.59,802.6,717052.0,EQIX.O,20210630,易昆尼克斯,"Equinix, Inc.",USD
800.56,808.6,795.2,797.64,506093.0,EQIX.O,20210701,易昆尼克斯,"Equinix, Inc.",USD
800.64,804.31,796.01,800.5,379912.0,EQIX.O,20210702,易昆尼克斯,"Equinix, Inc.",USD
801.38,819.85,799.99,819.11,458329.0,EQIX.O,20210706,易昆尼克斯,"Equinix, Inc.",USD
822.78,831.72,817.22,827.81,525781.0,EQIX.O,20210707,易昆尼克斯,"Equinix, Inc.",USD
825.0,832.92,820.63,828.19,402432.0,EQIX.O,20210708,易昆尼克斯,"Equinix, Inc.",USD
827.89,834.0,812.98,820.32,480885.0,EQIX.O,20210709,易昆尼克斯,"Equinix, Inc.",USD
823.05,833.94,815.69,829.55,600739.0,EQIX.O,20210712,易昆尼克斯,"Equinix, Inc.",USD
826.3,835.71,821.56,823.04,398218.0,EQIX.O,20210713,易昆尼克斯,"Equinix, Inc.",USD
822.32,834.77,818.9,831.84,412367.0,EQIX.O,20210714,易昆尼克斯,"Equinix, Inc.",USD
832.65,835.71,824.65,834.04,310153.0,EQIX.O,20210715,易昆尼克斯,"Equinix, Inc.",USD
834.16,845.62,829.29,831.47,541619.0,EQIX.O,20210716,易昆尼克斯,"Equinix, Inc.",USD
828.36,838.86,824.16,834.3,477842.0,EQIX.O,20210719,易昆尼克斯,"Equinix, Inc.",USD
838.5,840.0,828.18,832.65,409363.0,EQIX.O,20210720,易昆尼克斯,"Equinix, Inc.",USD
829.53,829.53,812.84,819.76,582379.0,EQIX.O,20210721,易昆尼克斯,"Equinix, Inc.",USD
823.23,826.79,817.57,820.82,377743.0,EQIX.O,20210722,易昆尼克斯,"Equinix, Inc.",USD
820.61,835.46,815.96,833.48,348600.0,EQIX.O,20210723,易昆尼克斯,"Equinix, Inc.",USD
831.99,835.02,823.85,829.51,393868.0,EQIX.O,20210726,易昆尼克斯,"Equinix, Inc.",USD
827.66,842.53,825.39,841.83,392357.0,EQIX.O,20210727,易昆尼克斯,"Equinix, Inc.",USD
836.26,841.59,832.32,836.31,390614.0,EQIX.O,20210728,易昆尼克斯,"Equinix, Inc.",USD
825.42,836.25,784.29,786.38,883762.0,EQIX.O,20210729,易昆尼克斯,"Equinix, Inc.",USD
790.96,829.74,790.96,820.41,676360.0,EQIX.O,20210730,易昆尼克斯,"Equinix, Inc.",USD
820.0,826.07,813.42,818.99,505711.0,EQIX.O,20210802,易昆尼克斯,"Equinix, Inc.",USD
822.89,834.0,816.15,820.31,478888.0,EQIX.O,20210803,易昆尼克斯,"Equinix, Inc.",USD
821.96,832.85,818.84,828.34,331534.0,EQIX.O,20210804,易昆尼克斯,"Equinix, Inc.",USD
832.08,833.9,822.52,830.62,334826.0,EQIX.O,20210805,易昆尼克斯,"Equinix, Inc.",USD
825.37,829.04,818.61,820.15,525231.0,EQIX.O,20210806,易昆尼克斯,"Equinix, Inc.",USD
824.02,824.02,814.29,814.99,422076.0,EQIX.O,20210809,易昆尼克斯,"Equinix, Inc.",USD
818.18,818.18,797.65,797.97,487866.0,EQIX.O,20210810,易昆尼克斯,"Equinix, Inc.",USD
803.27,809.9,797.67,806.88,596235.0,EQIX.O,20210811,易昆尼克斯,"Equinix, Inc.",USD
809.72,817.03,805.21,811.72,454254.0,EQIX.O,20210812,易昆尼克斯,"Equinix, Inc.",USD
813.65,817.08,805.2,814.09,315660.0,EQIX.O,20210813,易昆尼克斯,"Equinix, Inc.",USD
814.07,824.28,814.07,822.94,300655.0,EQIX.O,20210816,易昆尼克斯,"Equinix, Inc.",USD
820.0,829.08,816.06,827.81,295352.0,EQIX.O,20210817,易昆尼克斯,"Equinix, Inc.",USD
824.48,826.02,811.94,814.27,269434.0,EQIX.O,20210818,易昆尼克斯,"Equinix, Inc.",USD
814.27,838.0,811.23,833.96,451776.0,EQIX.O,20210819,易昆尼克斯,"Equinix, Inc.",USD
833.13,843.5,829.79,835.63,339175.0,EQIX.O,20210820,易昆尼克斯,"Equinix, Inc.",USD
835.0,840.0,830.17,835.57,392255.0,EQIX.O,20210823,易昆尼克斯,"Equinix, Inc.",USD
838.0,838.0,819.3,820.24,349845.0,EQIX.O,20210824,易昆尼克斯,"Equinix, Inc.",USD
819.09,821.48,801.2,807.53,317226.0,EQIX.O,20210825,易昆尼克斯,"Equinix, Inc.",USD
807.53,830.18,807.53,824.99,516007.0,EQIX.O,20210826,易昆尼克斯,"Equinix, Inc.",USD
827.9,830.26,819.0,824.81,384310.0,EQIX.O,20210827,易昆尼克斯,"Equinix, Inc.",USD
825.5,842.79,824.65,840.03,322552.0,EQIX.O,20210830,易昆尼克斯,"Equinix, Inc.",USD
840.0,848.48,833.83,843.45,508050.0,EQIX.O,20210831,易昆尼克斯,"Equinix, Inc.",USD
837.93,869.88,837.93,868.84,477504.0,EQIX.O,20210901,易昆尼克斯,"Equinix, Inc.",USD
866.05,875.79,852.11,874.43,616737.0,EQIX.O,20210902,易昆尼克斯,"Equinix, Inc.",USD
866.79,885.26,866.0,882.83,516490.0,EQIX.O,20210903,易昆尼克斯,"Equinix, Inc.",USD
865.5,884.23,859.56,881.76,447695.0,EQIX.O,20210907,易昆尼克斯,"Equinix, Inc.",USD
880.72,883.24,874.09,882.31,331841.0,EQIX.O,20210908,易昆尼克斯,"Equinix, Inc.",USD
877.82,878.09,852.42,854.56,533007.0,EQIX.O,20210909,易昆尼克斯,"Equinix, Inc.",USD
845.67,850.89,832.91,844.0,475187.0,EQIX.O,20210910,易昆尼克斯,"Equinix, Inc.",USD
850.0,852.93,833.46,839.54,435933.0,EQIX.O,20210913,易昆尼克斯,"Equinix, Inc.",USD
847.0,852.57,832.79,834.89,609063.0,EQIX.O,20210914,易昆尼克斯,"Equinix, Inc.",USD
843.8,850.15,833.08,843.44,466730.0,EQIX.O,20210915,易昆尼克斯,"Equinix, Inc.",USD
841.59,855.41,838.2,853.25,514418.0,EQIX.O,20210916,易昆尼克斯,"Equinix, Inc.",USD
848.75,873.77,844.08,872.58,3852544.0,EQIX.O,20210917,易昆尼克斯,"Equinix, Inc.",USD
861.81,871.24,840.98,850.23,856830.0,EQIX.O,20210920,易昆尼克斯,"Equinix, Inc.",USD
850.0,861.49,848.14,848.2,392299.0,EQIX.O,20210921,易昆尼克斯,"Equinix, Inc.",USD
850.74,864.34,842.72,860.12,557922.0,EQIX.O,20210922,易昆尼克斯,"Equinix, Inc.",USD
861.11,868.82,834.05,848.01,637238.0,EQIX.O,20210923,易昆尼克斯,"Equinix, Inc.",USD
846.51,847.84,828.52,834.68,472804.0,EQIX.O,20210924,易昆尼克斯,"Equinix, Inc.",USD
827.69,828.9,807.09,807.53,489346.0,EQIX.O,20210927,易昆尼克斯,"Equinix, Inc.",USD
800.0,802.93,786.89,798.94,517288.0,EQIX.O,20210928,易昆尼克斯,"Equinix, Inc.",USD
802.75,810.76,800.42,801.58,376400.0,EQIX.O,20210929,易昆尼克斯,"Equinix, Inc.",USD
808.37,812.07,789.07,790.13,522055.0,EQIX.O,20210930,易昆尼克斯,"Equinix, Inc.",USD
793.0,796.38,780.44,789.32,515139.0,EQIX.O,20211001,易昆尼克斯,"Equinix, Inc.",USD
790.81,795.74,779.58,785.61,405582.0,EQIX.O,20211004,易昆尼克斯,"Equinix, Inc.",USD
774.0,776.78,755.65,760.07,675395.0,EQIX.O,20211005,易昆尼克斯,"Equinix, Inc.",USD
762.0,766.28,747.88,762.32,725912.0,EQIX.O,20211006,易昆尼克斯,"Equinix, Inc.",USD
765.72,774.9,760.87,766.49,535497.0,EQIX.O,20211007,易昆尼克斯,"Equinix, Inc.",USD
762.68,765.14,748.03,750.96,468809.0,EQIX.O,20211008,易昆尼克斯,"Equinix, Inc.",USD
754.17,755.02,744.79,750.01,320760.0,EQIX.O,20211011,易昆尼克斯,"Equinix, Inc.",USD
748.74,760.42,746.22,759.43,352007.0,EQIX.O,20211012,易昆尼克斯,"Equinix, Inc.",USD
755.74,767.89,755.74,763.45,386578.0,EQIX.O,20211013,易昆尼克斯,"Equinix, Inc.",USD
769.33,776.25,766.19,769.65,353487.0,EQIX.O,20211014,易昆尼克斯,"Equinix, Inc.",USD
772.23,784.49,768.08,781.39,544206.0,EQIX.O,20211015,易昆尼克斯,"Equinix, Inc.",USD
775.44,781.99,766.89,767.77,474990.0,EQIX.O,20211018,易昆尼克斯,"Equinix, Inc.",USD
775.02,780.0,769.12,779.67,549677.0,EQIX.O,20211019,易昆尼克斯,"Equinix, Inc.",USD
779.67,795.8,779.67,793.84,457720.0,EQIX.O,20211020,易昆尼克斯,"Equinix, Inc.",USD
798.85,815.15,792.74,810.16,420989.0,EQIX.O,20211021,易昆尼克斯,"Equinix, Inc.",USD
815.77,824.54,811.78,821.02,308843.0,EQIX.O,20211022,易昆尼克斯,"Equinix, Inc.",USD
820.31,829.5,815.35,822.78,312061.0,EQIX.O,20211025,易昆尼克斯,"Equinix, Inc.",USD
826.1,834.57,824.23,831.85,279524.0,EQIX.O,20211026,易昆尼克斯,"Equinix, Inc.",USD
843.56,849.51,824.41,824.82,305298.0,EQIX.O,20211027,易昆尼克斯,"Equinix, Inc.",USD
824.82,847.84,824.82,847.3,331355.0,EQIX.O,20211028,易昆尼克斯,"Equinix, Inc.",USD
842.01,849.11,833.43,837.07,512350.0,EQIX.O,20211029,易昆尼克斯,"Equinix, Inc.",USD
836.7,836.7,821.14,830.46,365465.0,EQIX.O,20211101,易昆尼克斯,"Equinix, Inc.",USD
833.2,845.92,829.12,836.91,279777.0,EQIX.O,20211102,易昆尼克斯,"Equinix, Inc.",USD
843.5,847.0,828.13,837.88,212581.0,EQIX.O,20211103,易昆尼克斯,"Equinix, Inc.",USD
808.0,809.47,784.81,803.59,636206.0,EQIX.O,20211104,易昆尼克斯,"Equinix, Inc.",USD
808.24,809.95,780.24,781.92,547681.0,EQIX.O,20211105,易昆尼克斯,"Equinix, Inc.",USD
783.0,792.82,770.0,786.9,424104.0,EQIX.O,20211108,易昆尼克斯,"Equinix, Inc.",USD
790.76,804.56,788.15,797.79,298173.0,EQIX.O,20211109,易昆尼克斯,"Equinix, Inc.",USD
796.12,801.99,779.56,781.41,431392.0,EQIX.O,20211110,易昆尼克斯,"Equinix, Inc.",USD
787.95,788.34,770.62,774.67,410038.0,EQIX.O,20211111,易昆尼克斯,"Equinix, Inc.",USD
781.81,781.82,774.21,775.39,575271.0,EQIX.O,20211112,易昆尼克斯,"Equinix, Inc.",USD
775.75,800.0,775.39,797.84,739553.0,EQIX.O,20211115,易昆尼克斯,"Equinix, Inc.",USD
798.27,802.0,794.78,795.1,427397.0,EQIX.O,20211116,易昆尼克斯,"Equinix, Inc.",USD
799.87,803.69,795.69,798.0,594703.0,EQIX.O,20211117,易昆尼克斯,"Equinix, Inc.",USD
799.99,799.99,791.21,792.84,330949.0,EQIX.O,20211118,易昆尼克斯,"Equinix, Inc.",USD
800.0,800.76,787.45,788.53,656269.0,EQIX.O,20211119,易昆尼克斯,"Equinix, Inc.",USD
787.47,788.62,774.57,777.21,531001.0,EQIX.O,20211122,易昆尼克斯,"Equinix, Inc.",USD
777.97,782.14,771.03,779.36,725132.0,EQIX.O,20211123,易昆尼克斯,"Equinix, Inc.",USD
782.15,798.19,771.08,797.59,325575.0,EQIX.O,20211124,易昆尼克斯,"Equinix, Inc.",USD
796.62,813.79,789.54,793.84,325301.0,EQIX.O,20211126,易昆尼克斯,"Equinix, Inc.",USD
796.83,822.13,790.61,820.0,589052.0,EQIX.O,20211129,易昆尼克斯,"Equinix, Inc.",USD
817.29,833.38,810.81,812.2,1068923.0,EQIX.O,20211130,易昆尼克斯,"Equinix, Inc.",USD
815.52,823.0,802.48,803.45,834043.0,EQIX.O,20211201,易昆尼克斯,"Equinix, Inc.",USD
803.58,805.21,791.68,798.61,457711.0,EQIX.O,20211202,易昆尼克斯,"Equinix, Inc.",USD
807.02,807.62,783.62,794.03,393242.0,EQIX.O,20211203,易昆尼克斯,"Equinix, Inc.",USD
795.53,799.86,789.22,796.47,299285.0,EQIX.O,20211206,易昆尼克斯,"Equinix, Inc.",USD
803.83,818.92,800.59,812.86,316528.0,EQIX.O,20211207,易昆尼克斯,"Equinix, Inc.",USD
810.92,815.62,802.41,814.46,321865.0,EQIX.O,20211208,易昆尼克斯,"Equinix, Inc.",USD
814.34,814.34,792.83,798.8,247388.0,EQIX.O,20211209,易昆尼克斯,"Equinix, Inc.",USD
801.16,802.2,793.74,797.89,305525.0,EQIX.O,20211210,易昆尼克斯,"Equinix, Inc.",USD
793.79,820.91,793.79,816.17,408082.0,EQIX.O,20211213,易昆尼克斯,"Equinix, Inc.",USD
815.0,815.0,790.32,805.83,527306.0,EQIX.O,20211214,易昆尼克斯,"Equinix, Inc.",USD
811.27,821.47,807.54,817.09,462593.0,EQIX.O,20211215,易昆尼克斯,"Equinix, Inc.",USD
820.27,829.69,818.45,822.9,385089.0,EQIX.O,20211216,易昆尼克斯,"Equinix, Inc.",USD
811.63,830.88,811.63,822.26,713706.0,EQIX.O,20211217,易昆尼克斯,"Equinix, Inc.",USD
817.21,826.82,812.02,822.35,450897.0,EQIX.O,20211220,易昆尼克斯,"Equinix, Inc.",USD
826.48,828.38,799.24,804.58,506484.0,EQIX.O,20211221,易昆尼克斯,"Equinix, Inc.",USD
810.16,819.42,805.89,818.73,333243.0,EQIX.O,20211222,易昆尼克斯,"Equinix, Inc.",USD
820.0,821.82,813.91,818.76,433162.0,EQIX.O,20211223,易昆尼克斯,"Equinix, Inc.",USD
823.13,835.12,818.42,835.11,296893.0,EQIX.O,20211227,易昆尼克斯,"Equinix, Inc.",USD
835.11,842.2,829.89,838.01,242898.0,EQIX.O,20211228,易昆尼克斯,"Equinix, Inc.",USD
840.01,843.9,833.33,842.0,248688.0,EQIX.O,20211229,易昆尼克斯,"Equinix, Inc.",USD
842.83,847.1,833.56,845.49,239234.0,EQIX.O,20211230,易昆尼克斯,"Equinix, Inc.",USD
847.07,853.42,843.4,845.84,278628.0,EQIX.O,20211231,易昆尼克斯,"Equinix, Inc.",USD
845.68,847.71,819.73,836.11,351849.0,EQIX.O,20220103,易昆尼克斯,"Equinix, Inc.",USD
832.9,839.05,810.99,814.63,398965.0,EQIX.O,20220104,易昆尼克斯,"Equinix, Inc.",USD
812.87,814.42,787.66,789.1,394781.0,EQIX.O,20220105,易昆尼克斯,"Equinix, Inc.",USD
781.55,784.45,761.42,775.08,366730.0,EQIX.O,20220106,易昆尼克斯,"Equinix, Inc.",USD
764.83,783.99,760.99,774.94,355669.0,EQIX.O,20220107,易昆尼克斯,"Equinix, Inc.",USD
756.78,764.56,743.61,764.33,415335.0,EQIX.O,20220110,易昆尼克斯,"Equinix, Inc.",USD
759.75,767.65,749.51,766.88,322584.0,EQIX.O,20220111,易昆尼克斯,"Equinix, Inc.",USD
763.85,777.29,762.03,764.46,343333.0,EQIX.O,20220112,易昆尼克斯,"Equinix, Inc.",USD
767.77,767.9,746.44,748.12,424802.0,EQIX.O,20220113,易昆尼克斯,"Equinix, Inc.",USD
745.09,749.4,730.05,746.76,510832.0,EQIX.O,20220114,易昆尼克斯,"Equinix, Inc.",USD
733.3,745.75,726.71,742.94,460754.0,EQIX.O,20220118,易昆尼克斯,"Equinix, Inc.",USD
742.8,752.15,729.59,730.49,471362.0,EQIX.O,20220119,易昆尼克斯,"Equinix, Inc.",USD
732.96,746.78,728.91,730.51,425309.0,EQIX.O,20220120,易昆尼克斯,"Equinix, Inc.",USD
735.62,741.74,720.93,721.58,374596.0,EQIX.O,20220121,易昆尼克斯,"Equinix, Inc.",USD
720.86,731.68,700.98,730.84,620535.0,EQIX.O,20220124,易昆尼克斯,"Equinix, Inc.",USD
728.16,730.5,715.0,719.67,477789.0,EQIX.O,20220125,易昆尼克斯,"Equinix, Inc.",USD
720.1,727.67,692.51,695.83,559686.0,EQIX.O,20220126,易昆尼克斯,"Equinix, Inc.",USD
700.44,705.17,680.5,683.02,487710.0,EQIX.O,20220127,易昆尼克斯,"Equinix, Inc.",USD
686.03,707.74,673.16,707.56,619343.0,EQIX.O,20220128,易昆尼克斯,"Equinix, Inc.",USD
712.64,725.67,708.95,724.9,679022.0,EQIX.O,20220131,易昆尼克斯,"Equinix, Inc.",USD
726.75,727.99,707.63,715.29,508885.0,EQIX.O,20220201,易昆尼克斯,"Equinix, Inc.",USD
718.48,723.13,714.44,716.55,393695.0,EQIX.O,20220202,易昆尼克斯,"Equinix, Inc.",USD
710.58,719.03,704.13,712.91,438742.0,EQIX.O,20220203,易昆尼克斯,"Equinix, Inc.",USD
705.0,713.92,700.79,702.15,400462.0,EQIX.O,20220204,易昆尼克斯,"Equinix, Inc.",USD
702.09,708.0,695.64,698.15,400331.0,EQIX.O,20220207,易昆尼克斯,"Equinix, Inc.",USD
693.04,704.09,689.59,690.52,750381.0,EQIX.O,20220208,易昆尼克斯,"Equinix, Inc.",USD
703.63,719.56,703.63,718.61,596717.0,EQIX.O,20220209,易昆尼克斯,"Equinix, Inc.",USD
705.16,713.61,685.91,687.72,415737.0,EQIX.O,20220210,易昆尼克斯,"Equinix, Inc.",USD
689.18,695.76,668.92,671.52,484102.0,EQIX.O,20220211,易昆尼克斯,"Equinix, Inc.",USD
666.89,673.98,662.45,669.38,539353.0,EQIX.O,20220214,易昆尼克斯,"Equinix, Inc.",USD
675.53,680.68,670.3,673.38,443862.0,EQIX.O,20220215,易昆尼克斯,"Equinix, Inc.",USD
677.64,677.64,666.24,673.58,451429.0,EQIX.O,20220216,易昆尼克斯,"Equinix, Inc.",USD
713.14,719.95,689.44,691.61,767110.0,EQIX.O,20220217,易昆尼克斯,"Equinix, Inc.",USD
691.18,702.52,688.22,692.94,536448.0,EQIX.O,20220218,易昆尼克斯,"Equinix, Inc.",USD
679.0,691.8,676.0,680.77,588840.0,EQIX.O,20220222,易昆尼克斯,"Equinix, Inc.",USD
681.81,693.19,672.32,674.13,415759.0,EQIX.O,20220223,易昆尼克斯,"Equinix, Inc.",USD
668.0,709.19,662.26,705.49,832288.0,EQIX.O,20220224,易昆尼克斯,"Equinix, Inc.",USD
700.0,718.59,691.86,715.74,565804.0,EQIX.O,20220225,易昆尼克斯,"Equinix, Inc.",USD
707.67,711.02,698.61,709.73,583099.0,EQIX.O,20220228,易昆尼克斯,"Equinix, Inc.",USD
711.45,717.06,703.67,710.8,506295.0,EQIX.O,20220301,易昆尼克斯,"Equinix, Inc.",USD
705.44,712.0,699.04,709.46,530518.0,EQIX.O,20220302,易昆尼克斯,"Equinix, Inc.",USD
710.28,725.3,709.02,720.82,406903.0,EQIX.O,20220303,易昆尼克斯,"Equinix, Inc.",USD
717.72,725.47,713.36,720.92,463784.0,EQIX.O,20220304,易昆尼克斯,"Equinix, Inc.",USD
717.94,720.56,701.97,703.07,460643.0,EQIX.O,20220307,易昆尼克斯,"Equinix, Inc.",USD
703.78,703.78,681.07,681.42,702959.0,EQIX.O,20220308,易昆尼克斯,"Equinix, Inc.",USD
699.45,713.77,688.13,704.2,465319.0,EQIX.O,20220309,易昆尼克斯,"Equinix, Inc.",USD
689.81,708.26,687.0,706.48,464871.0,EQIX.O,20220310,易昆尼克斯,"Equinix, Inc.",USD
710.82,711.1,693.53,693.55,359857.0,EQIX.O,20220311,易昆尼克斯,"Equinix, Inc.",USD
698.74,702.24,676.39,683.6,355126.0,EQIX.O,20220314,易昆尼克斯,"Equinix, Inc.",USD
693.12,704.0,681.33,701.64,330861.0,EQIX.O,20220315,易昆尼克斯,"Equinix, Inc.",USD
707.24,711.22,690.42,704.06,434326.0,EQIX.O,20220316,易昆尼克斯,"Equinix, Inc.",USD
705.77,720.35,705.77,719.86,312185.0,EQIX.O,20220317,易昆尼克斯,"Equinix, Inc.",USD
724.88,734.84,719.86,732.26,714683.0,EQIX.O,20220318,易昆尼克斯,"Equinix, Inc.",USD
728.15,735.5,713.6,717.75,348780.0,EQIX.O,20220321,易昆尼克斯,"Equinix, Inc.",USD
719.61,721.4,714.8,719.1,348808.0,EQIX.O,20220322,易昆尼克斯,"Equinix, Inc.",USD
715.86,718.23,701.97,707.82,264816.0,EQIX.O,20220323,易昆尼克斯,"Equinix, Inc.",USD
708.92,711.99,702.54,711.63,273583.0,EQIX.O,20220324,易昆尼克斯,"Equinix, Inc.",USD
717.12,717.74,700.55,710.14,365347.0,EQIX.O,20220325,易昆尼克斯,"Equinix, Inc.",USD
709.89,733.64,706.69,730.92,515490.0,EQIX.O,20220328,易昆尼克斯,"Equinix, Inc.",USD
730.0,765.07,730.0,761.38,663192.0,EQIX.O,20220329,易昆尼克斯,"Equinix, Inc.",USD
759.0,763.01,746.61,753.81,331054.0,EQIX.O,20220330,易昆尼克斯,"Equinix, Inc.",USD
758.06,763.81,740.84,741.62,556536.0,EQIX.O,20220331,易昆尼克斯,"Equinix, Inc.",USD
741.73,763.63,738.66,763.0,356971.0,EQIX.O,20220401,易昆尼克斯,"Equinix, Inc.",USD
761.66,769.2,760.56,764.46,347454.0,EQIX.O,20220404,易昆尼克斯,"Equinix, Inc.",USD
758.56,775.94,757.6,762.4,310512.0,EQIX.O,20220405,易昆尼克斯,"Equinix, Inc.",USD
758.45,767.67,751.71,766.57,371662.0,EQIX.O,20220406,易昆尼克斯,"Equinix, Inc.",USD
764.74,766.97,754.04,759.23,273229.0,EQIX.O,20220407,易昆尼克斯,"Equinix, Inc.",USD
760.22,769.38,755.74,768.78,367745.0,EQIX.O,20220408,易昆尼克斯,"Equinix, Inc.",USD
768.0,774.0,749.13,751.61,267438.0,EQIX.O,20220411,易昆尼克斯,"Equinix, Inc.",USD
749.5,751.94,737.81,741.65,275863.0,EQIX.O,20220412,易昆尼克斯,"Equinix, Inc.",USD
742.57,752.84,741.34,751.93,262993.0,EQIX.O,20220413,易昆尼克斯,"Equinix, Inc.",USD
753.02,753.02,734.18,735.24,274379.0,EQIX.O,20220414,易昆尼克斯,"Equinix, Inc.",USD
738.82,738.82,726.26,730.66,264483.0,EQIX.O,20220418,易昆尼克斯,"Equinix, Inc.",USD
730.66,756.79,730.66,754.22,463998.0,EQIX.O,20220419,易昆尼克斯,"Equinix, Inc.",USD
758.0,772.8,754.32,768.17,466651.0,EQIX.O,20220420,易昆尼克斯,"Equinix, Inc.",USD
766.55,776.35,756.8,757.63,350834.0,EQIX.O,20220421,易昆尼克斯,"Equinix, Inc.",USD
757.66,759.14,744.66,745.41,312662.0,EQIX.O,20220422,易昆尼克斯,"Equinix, Inc.",USD
749.78,755.41,738.24,752.52,566869.0,EQIX.O,20220425,易昆尼克斯,"Equinix, Inc.",USD
750.0,757.57,738.38,739.28,434471.0,EQIX.O,20220426,易昆尼克斯,"Equinix, Inc.",USD
733.0,744.05,716.79,717.9,488806.0,EQIX.O,20220427,易昆尼克斯,"Equinix, Inc.",USD
746.41,760.35,732.2,756.45,575602.0,EQIX.O,20220428,易昆尼克斯,"Equinix, Inc.",USD
752.54,758.56,717.07,719.08,649005.0,EQIX.O,20220429,易昆尼克斯,"Equinix, Inc.",USD
721.65,721.65,686.53,702.39,488815.0,EQIX.O,20220502,易昆尼克斯,"Equinix, Inc.",USD
707.56,726.81,703.28,721.32,419025.0,EQIX.O,20220503,易昆尼克斯,"Equinix, Inc.",USD
721.4,734.14,709.17,732.14,352192.0,EQIX.O,20220504,易昆尼克斯,"Equinix, Inc.",USD
735.69,735.69,708.08,713.39,470948.0,EQIX.O,20220505,易昆尼克斯,"Equinix, Inc.",USD
708.09,715.81,698.8,713.44,295144.0,EQIX.O,20220506,易昆尼克斯,"Equinix, Inc.",USD
709.48,709.48,651.73,654.19,664466.0,EQIX.O,20220509,易昆尼克斯,"Equinix, Inc.",USD
663.48,668.8,623.12,630.05,687755.0,EQIX.O,20220510,易昆尼克斯,"Equinix, Inc.",USD
631.62,645.75,621.55,624.17,741693.0,EQIX.O,20220511,易昆尼克斯,"Equinix, Inc.",USD
623.91,631.55,621.34,629.88,711179.0,EQIX.O,20220512,易昆尼克斯,"Equinix, Inc.",USD
642.42,662.8,635.17,659.8,690850.0,EQIX.O,20220513,易昆尼克斯,"Equinix, Inc.",USD
658.5,660.32,646.2,646.42,405612.0,EQIX.O,20220516,易昆尼克斯,"Equinix, Inc.",USD
651.91,651.91,637.54,646.81,364006.0,EQIX.O,20220517,易昆尼克斯,"Equinix, Inc.",USD
644.09,645.53,633.37,637.44,461403.0,EQIX.O,20220518,易昆尼克斯,"Equinix, Inc.",USD
632.56,648.24,632.56,635.09,448590.0,EQIX.O,20220519,易昆尼克斯,"Equinix, Inc.",USD
645.2,653.34,639.89,651.79,587775.0,EQIX.O,20220520,易昆尼克斯,"Equinix, Inc.",USD
658.39,663.74,649.43,663.53,475222.0,EQIX.O,20220523,易昆尼克斯,"Equinix, Inc.",USD
662.08,674.99,651.91,671.81,479822.0,EQIX.O,20220524,易昆尼克斯,"Equinix, Inc.",USD
673.22,689.38,672.29,686.53,582146.0,EQIX.O,20220525,易昆尼克斯,"Equinix, Inc.",USD
686.06,693.35,669.42,670.0,566704.0,EQIX.O,20220526,易昆尼克斯,"Equinix, Inc.",USD
673.97,693.69,673.35,693.68,613183.0,EQIX.O,20220527,易昆尼克斯,"Equinix, Inc.",USD
689.22,692.46,676.94,687.09,633572.0,EQIX.O,20220531,易昆尼克斯,"Equinix, Inc.",USD
689.87,689.87,676.47,679.0,369829.0,EQIX.O,20220601,易昆尼克斯,"Equinix, Inc.",USD
674.26,694.76,665.34,694.64,369897.0,EQIX.O,20220602,易昆尼克斯,"Equinix, Inc.",USD
688.95,688.95,677.0,678.44,402719.0,EQIX.O,20220603,易昆尼克斯,"Equinix, Inc.",USD
687.85,692.85,680.07,692.36,527393.0,EQIX.O,20220606,易昆尼克斯,"Equinix, Inc.",USD
688.33,693.52,671.25,691.55,549061.0,EQIX.O,20220607,易昆尼克斯,"Equinix, Inc.",USD
686.47,688.45,664.58,668.66,612059.0,EQIX.O,20220608,易昆尼克斯,"Equinix, Inc.",USD
666.47,678.49,658.2,658.42,411320.0,EQIX.O,20220609,易昆尼克斯,"Equinix, Inc.",USD
649.43,656.1,637.45,649.17,614584.0,EQIX.O,20220610,易昆尼克斯,"Equinix, Inc.",USD
637.64,641.33,614.58,616.28,710375.0,EQIX.O,20220613,易昆尼克斯,"Equinix, Inc.",USD
620.01,627.4,606.12,618.51,561158.0,EQIX.O,20220614,易昆尼克斯,"Equinix, Inc.",USD
627.44,649.65,623.83,641.25,507263.0,EQIX.O,20220615,易昆尼克斯,"Equinix, Inc.",USD
626.69,633.17,615.14,618.43,594600.0,EQIX.O,20220616,易昆尼克斯,"Equinix, Inc.",USD
622.76,639.58,621.69,632.81,2385730.0,EQIX.O,20220617,易昆尼克斯,"Equinix, Inc.",USD
629.79,646.64,629.4,640.18,512785.0,EQIX.O,20220621,易昆尼克斯,"Equinix, Inc.",USD
635.89,666.9,635.89,657.95,444926.0,EQIX.O,20220622,易昆尼克斯,"Equinix, Inc.",USD
661.99,680.03,661.23,677.42,471728.0,EQIX.O,20220623,易昆尼克斯,"Equinix, Inc.",USD
679.68,689.55,676.92,689.17,603660.0,EQIX.O,20220624,易昆尼克斯,"Equinix, Inc.",USD
685.07,691.66,679.28,685.57,312972.0,EQIX.O,20220627,易昆尼克斯,"Equinix, Inc.",USD
687.93,690.46,667.64,669.1,295406.0,EQIX.O,20220628,易昆尼克斯,"Equinix, Inc.",USD
646.95,657.08,612.81,649.5,1134885.0,EQIX.O,20220629,易昆尼克斯,"Equinix, Inc.",USD
657.19,665.35,645.13,657.02,798234.0,EQIX.O,20220630,易昆尼克斯,"Equinix, Inc.",USD
654.87,674.06,654.87,673.03,337341.0,EQIX.O,20220701,易昆尼克斯,"Equinix, Inc.",USD
665.08,670.47,646.89,667.16,511987.0,EQIX.O,20220705,易昆尼克斯,"Equinix, Inc.",USD
668.22,674.65,660.6,662.53,547448.0,EQIX.O,20220706,易昆尼克斯,"Equinix, Inc.",USD
669.0,674.72,657.58,660.74,419729.0,EQIX.O,20220707,易昆尼克斯,"Equinix, Inc.",USD
656.19,661.38,646.52,650.52,317128.0,EQIX.O,20220708,易昆尼克斯,"Equinix, Inc.",USD
650.0,653.74,638.48,647.31,235032.0,EQIX.O,20220711,易昆尼克斯,"Equinix, Inc.",USD
643.94,648.6,623.46,628.25,415864.0,EQIX.O,20220712,易昆尼克斯,"Equinix, Inc.",USD
621.42,633.72,616.36,625.89,392709.0,EQIX.O,20220713,易昆尼克斯,"Equinix, Inc.",USD
618.7,622.46,610.38,611.93,362890.0,EQIX.O,20220714,易昆尼克斯,"Equinix, Inc.",USD
620.73,628.25,614.47,619.75,442691.0,EQIX.O,20220715,易昆尼克斯,"Equinix, Inc.",USD
625.29,626.41,612.91,614.97,361887.0,EQIX.O,20220718,易昆尼克斯,"Equinix, Inc.",USD
624.3,637.72,620.38,637.38,381768.0,EQIX.O,20220719,易昆尼克斯,"Equinix, Inc.",USD
639.41,648.72,634.01,637.38,332832.0,EQIX.O,20220720,易昆尼克斯,"Equinix, Inc.",USD
644.12,650.4,637.0,650.19,354407.0,EQIX.O,20220721,易昆尼克斯,"Equinix, Inc.",USD
655.78,664.76,649.14,653.78,282964.0,EQIX.O,20220722,易昆尼克斯,"Equinix, Inc.",USD
650.23,657.18,645.43,649.48,288580.0,EQIX.O,20220725,易昆尼克斯,"Equinix, Inc.",USD
647.71,650.52,636.1,641.7,338498.0,EQIX.O,20220726,易昆尼克斯,"Equinix, Inc.",USD
646.95,653.47,641.98,652.21,385355.0,EQIX.O,20220727,易昆尼克斯,"Equinix, Inc.",USD
679.0,712.18,675.14,711.31,1162368.0,EQIX.O,20220728,易昆尼克斯,"Equinix, Inc.",USD
704.73,715.49,698.79,703.74,524743.0,EQIX.O,20220729,易昆尼克斯,"Equinix, Inc.",USD
703.07,703.07,689.58,694.43,359186.0,EQIX.O,20220801,易昆尼克斯,"Equinix, Inc.",USD
692.49,699.23,682.93,688.71,400586.0,EQIX.O,20220802,易昆尼克斯,"Equinix, Inc.",USD
689.75,700.1,689.75,696.16,408364.0,EQIX.O,20220803,易昆尼克斯,"Equinix, Inc.",USD
700.0,700.0,688.05,697.0,333044.0,EQIX.O,20220804,易昆尼克斯,"Equinix, Inc.",USD
688.8,698.37,686.03,697.51,295693.0,EQIX.O,20220805,易昆尼克斯,"Equinix, Inc.",USD
706.06,711.99,695.25,697.02,418524.0,EQIX.O,20220808,易昆尼克斯,"Equinix, Inc.",USD
698.97,700.02,693.77,697.75,405533.0,EQIX.O,20220809,易昆尼克斯,"Equinix, Inc.",USD
704.57,711.0,699.12,709.46,446265.0,EQIX.O,20220810,易昆尼克斯,"Equinix, Inc.",USD
704.15,707.22,686.26,689.31,354161.0,EQIX.O,20220811,易昆尼克斯,"Equinix, Inc.",USD
695.32,704.7,690.1,704.56,316944.0,EQIX.O,20220812,易昆尼克斯,"Equinix, Inc.",USD
704.04,718.04,703.43,714.79,332165.0,EQIX.O,20220815,易昆尼克斯,"Equinix, Inc.",USD
705.16,716.62,702.01,712.04,306004.0,EQIX.O,20220816,易昆尼克斯,"Equinix, Inc.",USD
699.81,713.0,699.81,706.9,226012.0,EQIX.O,20220817,易昆尼克斯,"Equinix, Inc.",USD
710.32,713.61,695.22,701.42,278479.0,EQIX.O,20220818,易昆尼克斯,"Equinix, Inc.",USD
704.56,704.56,694.21,696.79,306837.0,EQIX.O,20220819,易昆尼克斯,"Equinix, Inc.",USD
692.5,694.54,674.34,675.35,422721.0,EQIX.O,20220822,易昆尼克斯,"Equinix, Inc.",USD
668.27,672.53,662.15,667.78,402804.0,EQIX.O,20220823,易昆尼克斯,"Equinix, Inc.",USD
669.96,678.79,666.13,671.47,349610.0,EQIX.O,20220824,易昆尼克斯,"Equinix, Inc.",USD
677.47,690.4,673.18,689.53,412286.0,EQIX.O,20220825,易昆尼克斯,"Equinix, Inc.",USD
689.53,689.77,669.37,670.74,364131.0,EQIX.O,20220826,易昆尼克斯,"Equinix, Inc.",USD
662.89,668.84,658.87,659.33,237793.0,EQIX.O,20220829,易昆尼克斯,"Equinix, Inc.",USD
661.71,667.28,653.71,655.89,279865.0,EQIX.O,20220830,易昆尼克斯,"Equinix, Inc.",USD
665.79,672.21,655.8,657.37,492897.0,EQIX.O,20220831,易昆尼克斯,"Equinix, Inc.",USD
648.04,654.92,641.87,653.3,313221.0,EQIX.O,20220901,易昆尼克斯,"Equinix, Inc.",USD
652.69,655.45,629.42,631.16,380130.0,EQIX.O,20220902,易昆尼克斯,"Equinix, Inc.",USD
628.0,636.37,625.7,631.84,286281.0,EQIX.O,20220906,易昆尼克斯,"Equinix, Inc.",USD
634.33,648.77,631.1,647.2,317895.0,EQIX.O,20220907,易昆尼克斯,"Equinix, Inc.",USD
640.02,652.53,640.02,650.9,263812.0,EQIX.O,20220908,易昆尼克斯,"Equinix, Inc.",USD
649.29,660.2,648.84,657.89,215725.0,EQIX.O,20220909,易昆尼克斯,"Equinix, Inc.",USD
657.89,668.95,657.64,665.47,313764.0,EQIX.O,20220912,易昆尼克斯,"Equinix, Inc.",USD
652.05,653.09,635.2,636.27,381748.0,EQIX.O,20220913,易昆尼克斯,"Equinix, Inc.",USD
633.95,636.23,621.7,626.68,335259.0,EQIX.O,20220914,易昆尼克斯,"Equinix, Inc.",USD
625.28,627.47,612.32,616.32,400241.0,EQIX.O,20220915,易昆尼克斯,"Equinix, Inc.",USD
619.03,626.18,612.1,624.75,819675.0,EQIX.O,20220916,易昆尼克斯,"Equinix, Inc.",USD
619.56,626.97,612.23,625.96,718908.0,EQIX.O,20220919,易昆尼克斯,"Equinix, Inc.",USD
621.97,622.08,610.34,616.5,926937.0,EQIX.O,20220920,易昆尼克斯,"Equinix, Inc.",USD
623.45,633.52,618.86,620.2,562992.0,EQIX.O,20220921,易昆尼克斯,"Equinix, Inc.",USD
617.88,618.1,608.55,609.26,524325.0,EQIX.O,20220922,易昆尼克斯,"Equinix, Inc.",USD
597.81,598.75,590.21,593.13,932366.0,EQIX.O,20220923,易昆尼克斯,"Equinix, Inc.",USD
590.18,595.06,576.05,581.59,658328.0,EQIX.O,20220926,易昆尼克斯,"Equinix, Inc.",USD
583.88,593.63,567.51,567.69,498837.0,EQIX.O,20220927,易昆尼克斯,"Equinix, Inc.",USD
573.43,578.8,563.49,576.5,519738.0,EQIX.O,20220928,易昆尼克斯,"Equinix, Inc.",USD
567.85,570.72,558.63,561.39,546669.0,EQIX.O,20220929,易昆尼克斯,"Equinix, Inc.",USD
568.51,573.54,563.49,568.84,602461.0,EQIX.O,20220930,易昆尼克斯,"Equinix, Inc.",USD
573.12,581.47,570.47,578.9,425291.0,EQIX.O,20221003,易昆尼克斯,"Equinix, Inc.",USD
583.0,595.76,582.72,587.83,519496.0,EQIX.O,20221004,易昆尼克斯,"Equinix, Inc.",USD
577.46,582.97,571.0,578.41,344842.0,EQIX.O,20221005,易昆尼克斯,"Equinix, Inc.",USD
577.44,581.41,555.38,557.43,585111.0,EQIX.O,20221006,易昆尼克斯,"Equinix, Inc.",USD
549.74,554.27,538.08,541.86,473436.0,EQIX.O,20221007,易昆尼克斯,"Equinix, Inc.",USD
545.33,548.42,527.79,527.93,487096.0,EQIX.O,20221010,易昆尼克斯,"Equinix, Inc.",USD
528.29,530.33,512.59,524.3,556069.0,EQIX.O,20221011,易昆尼克斯,"Equinix, Inc.",USD
519.53,523.22,511.28,511.86,468038.0,EQIX.O,20221012,易昆尼克斯,"Equinix, Inc.",USD
496.26,526.81,494.89,522.51,622897.0,EQIX.O,20221013,易昆尼克斯,"Equinix, Inc.",USD
532.7,532.7,503.61,505.39,495135.0,EQIX.O,20221014,易昆尼克斯,"Equinix, Inc.",USD
518.3,528.28,518.3,526.92,549520.0,EQIX.O,20221017,易昆尼克斯,"Equinix, Inc.",USD
540.1,549.55,536.03,540.21,449836.0,EQIX.O,20221018,易昆尼克斯,"Equinix, Inc.",USD
531.08,533.93,525.35,525.52,386235.0,EQIX.O,20221019,易昆尼克斯,"Equinix, Inc.",USD
526.7,533.07,520.98,526.2,439705.0,EQIX.O,20221020,易昆尼克斯,"Equinix, Inc.",USD
524.53,534.62,518.57,534.6,528821.0,EQIX.O,20221021,易昆尼克斯,"Equinix, Inc.",USD
539.63,541.36,525.89,531.16,355237.0,EQIX.O,20221024,易昆尼克斯,"Equinix, Inc.",USD
534.7,555.77,534.7,554.89,478682.0,EQIX.O,20221025,易昆尼克斯,"Equinix, Inc.",USD
553.72,560.4,548.77,555.14,424297.0,EQIX.O,20221026,易昆尼克斯,"Equinix, Inc.",USD
558.4,565.6,551.65,554.93,499053.0,EQIX.O,20221027,易昆尼克斯,"Equinix, Inc.",USD
549.83,574.57,548.19,568.05,456075.0,EQIX.O,20221028,易昆尼克斯,"Equinix, Inc.",USD
559.26,570.54,557.83,566.44,540397.0,EQIX.O,20221031,易昆尼克斯,"Equinix, Inc.",USD
572.91,576.4,552.76,554.51,590452.0,EQIX.O,20221101,易昆尼克斯,"Equinix, Inc.",USD
552.04,568.0,546.77,549.25,677583.0,EQIX.O,20221102,易昆尼克斯,"Equinix, Inc.",USD
579.62,600.0,571.64,585.35,831350.0,EQIX.O,20221103,易昆尼克斯,"Equinix, Inc.",USD
587.88,613.8,578.9,611.09,776784.0,EQIX.O,20221104,易昆尼克斯,"Equinix, Inc.",USD
611.77,617.31,606.2,606.52,517703.0,EQIX.O,20221107,易昆尼克斯,"Equinix, Inc.",USD
607.54,610.49,593.37,596.25,544541.0,EQIX.O,20221108,易昆尼克斯,"Equinix, Inc.",USD
598.48,609.09,592.91,597.95,480052.0,EQIX.O,20221109,易昆尼克斯,"Equinix, Inc.",USD
616.22,651.1,616.22,648.0,725598.0,EQIX.O,20221110,易昆尼克斯,"Equinix, Inc.",USD
645.24,662.62,645.24,660.6,664150.0,EQIX.O,20221111,易昆尼克斯,"Equinix, Inc.",USD
652.04,654.1,638.5,638.94,413878.0,EQIX.O,20221114,易昆尼克斯,"Equinix, Inc.",USD
644.15,658.53,643.12,657.23,474503.0,EQIX.O,20221115,易昆尼克斯,"Equinix, Inc.",USD
658.69,659.59,647.62,647.89,492454.0,EQIX.O,20221116,易昆尼克斯,"Equinix, Inc.",USD
638.81,643.56,632.45,639.94,330976.0,EQIX.O,20221117,易昆尼克斯,"Equinix, Inc.",USD
651.18,651.33,639.43,647.41,382458.0,EQIX.O,20221118,易昆尼克斯,"Equinix, Inc.",USD
645.25,657.26,642.21,654.89,414993.0,EQIX.O,20221121,易昆尼克斯,"Equinix, Inc.",USD
654.5,656.6,648.61,656.07,427866.0,EQIX.O,20221122,易昆尼克斯,"Equinix, Inc.",USD
659.12,671.95,656.83,671.77,284680.0,EQIX.O,20221123,易昆尼克斯,"Equinix, Inc.",USD
672.07,674.86,670.11,674.66,130537.0,EQIX.O,20221125,易昆尼克斯,"Equinix, Inc.",USD
665.95,670.94,659.01,662.61,595640.0,EQIX.O,20221128,易昆尼克斯,"Equinix, Inc.",USD
661.76,672.91,655.93,670.96,401531.0,EQIX.O,20221129,易昆尼克斯,"Equinix, Inc.",USD
667.48,692.88,665.75,690.65,781583.0,EQIX.O,20221130,易昆尼克斯,"Equinix, Inc.",USD
695.0,707.57,690.7,698.15,474241.0,EQIX.O,20221201,易昆尼克斯,"Equinix, Inc.",USD
689.98,694.16,679.76,691.47,524497.0,EQIX.O,20221202,易昆尼克斯,"Equinix, Inc.",USD
686.74,697.59,682.45,684.27,345186.0,EQIX.O,20221205,易昆尼克斯,"Equinix, Inc.",USD
684.27,689.19,675.23,686.87,377792.0,EQIX.O,20221206,易昆尼克斯,"Equinix, Inc.",USD
687.38,696.88,682.08,685.12,346793.0,EQIX.O,20221207,易昆尼克斯,"Equinix, Inc.",USD
685.88,691.96,679.25,683.34,360474.0,EQIX.O,20221208,易昆尼克斯,"Equinix, Inc.",USD
678.0,690.0,673.48,675.8,423692.0,EQIX.O,20221209,易昆尼克斯,"Equinix, Inc.",USD
676.22,680.55,671.48,680.37,336148.0,EQIX.O,20221212,易昆尼克斯,"Equinix, Inc.",USD
704.23,714.98,698.02,707.01,618748.0,EQIX.O,20221213,易昆尼克斯,"Equinix, Inc.",USD
706.99,720.0,699.38,703.43,553576.0,EQIX.O,20221214,易昆尼克斯,"Equinix, Inc.",USD
689.53,704.24,685.89,691.36,583400.0,EQIX.O,20221215,易昆尼克斯,"Equinix, Inc.",USD
688.92,688.92,661.28,667.84,1426532.0,EQIX.O,20221216,易昆尼克斯,"Equinix, Inc.",USD
664.53,668.24,655.14,658.19,409812.0,EQIX.O,20221219,易昆尼克斯,"Equinix, Inc.",USD
655.51,660.89,648.04,652.15,422886.0,EQIX.O,20221220,易昆尼克斯,"Equinix, Inc.",USD
658.32,671.28,655.7,665.95,343008.0,EQIX.O,20221221,易昆尼克斯,"Equinix, Inc.",USD
654.07,660.8,640.92,655.08,350555.0,EQIX.O,20221222,易昆尼克斯,"Equinix, Inc.",USD
651.16,658.56,641.66,657.68,214327.0,EQIX.O,20221223,易昆尼克斯,"Equinix, Inc.",USD
661.33,661.33,649.33,654.58,189801.0,EQIX.O,20221227,易昆尼克斯,"Equinix, Inc.",USD
659.99,661.74,649.71,652.54,303436.0,EQIX.O,20221228,易昆尼克斯,"Equinix, Inc.",USD
656.98,670.33,650.26,665.37,283862.0,EQIX.O,20221229,易昆尼克斯,"Equinix, Inc.",USD
659.36,665.35,648.23,655.03,268469.0,EQIX.O,20221230,易昆尼克斯,"Equinix, Inc.",USD
663.3,670.85,654.02,662.51,371745.0,EQIX.O,20230103,易昆尼克斯,"Equinix, Inc.",USD
668.72,688.98,665.71,680.15,433764.0,EQIX.O,20230104,易昆尼克斯,"Equinix, Inc.",USD
674.12,674.12,659.95,660.62,267310.0,EQIX.O,20230105,易昆尼克斯,"Equinix, Inc.",USD
661.32,676.12,650.61,673.94,391374.0,EQIX.O,20230106,易昆尼克斯,"Equinix, Inc.",USD
673.46,687.82,670.94,681.16,584168.0,EQIX.O,20230109,易昆尼克斯,"Equinix, Inc.",USD
680.0,695.84,677.46,695.15,546991.0,EQIX.O,20230110,易昆尼克斯,"Equinix, Inc.",USD
700.26,721.96,698.86,715.12,414475.0,EQIX.O,20230111,易昆尼克斯,"Equinix, Inc.",USD
714.5,725.79,706.0,725.34,336835.0,EQIX.O,20230112,易昆尼克斯,"Equinix, Inc.",USD
716.0,726.61,714.1,721.89,210692.0,EQIX.O,20230113,易昆尼克斯,"Equinix, Inc.",USD
717.89,724.13,713.0,718.0,376525.0,EQIX.O,20230117,易昆尼克斯,"Equinix, Inc.",USD
715.12,718.17,699.4,702.68,447785.0,EQIX.O,20230118,易昆尼克斯,"Equinix, Inc.",USD
702.27,709.93,700.29,702.76,289946.0,EQIX.O,20230119,易昆尼克斯,"Equinix, Inc.",USD
701.7,720.78,693.18,720.06,355877.0,EQIX.O,20230120,易昆尼克斯,"Equinix, Inc.",USD
716.52,724.2,711.6,716.32,290079.0,EQIX.O,20230123,易昆尼克斯,"Equinix, Inc.",USD
716.2,730.68,714.57,719.62,248602.0,EQIX.O,20230124,易昆尼克斯,"Equinix, Inc.",USD
711.2,721.98,706.21,719.77,378819.0,EQIX.O,20230125,易昆尼克斯,"Equinix, Inc.",USD
720.9,731.09,720.34,729.19,359234.0,EQIX.O,20230126,易昆尼克斯,"Equinix, Inc.",USD
725.6,734.58,725.6,730.22,268459.0,EQIX.O,20230127,易昆尼克斯,"Equinix, Inc.",USD
726.04,737.72,722.95,724.86,234430.0,EQIX.O,20230130,易昆尼克斯,"Equinix, Inc.",USD
722.85,742.67,720.58,738.13,542735.0,EQIX.O,20230131,易昆尼克斯,"Equinix, Inc.",USD
733.0,743.0,720.01,738.13,413999.0,EQIX.O,20230201,易昆尼克斯,"Equinix, Inc.",USD
744.5,762.51,742.78,752.98,442523.0,EQIX.O,20230202,易昆尼克斯,"Equinix, Inc.",USD
741.32,744.17,724.58,733.0,425754.0,EQIX.O,20230203,易昆尼克斯,"Equinix, Inc.",USD
721.55,728.02,717.05,723.83,251153.0,EQIX.O,20230206,易昆尼克斯,"Equinix, Inc.",USD
719.83,729.27,715.7,725.48,346659.0,EQIX.O,20230207,易昆尼克斯,"Equinix, Inc.",USD
725.48,732.8,723.66,730.99,264037.0,EQIX.O,20230208,易昆尼克斯,"Equinix, Inc.",USD
741.03,746.71,730.7,732.7,348785.0,EQIX.O,20230209,易昆尼克斯,"Equinix, Inc.",USD
729.62,732.07,723.62,729.75,279543.0,EQIX.O,20230210,易昆尼克斯,"Equinix, Inc.",USD
734.92,741.37,733.62,738.87,247722.0,EQIX.O,20230213,易昆尼克斯,"Equinix, Inc.",USD
734.0,740.45,720.74,728.42,336481.0,EQIX.O,20230214,易昆尼克斯,"Equinix, Inc.",USD
717.53,728.96,715.94,727.25,383449.0,EQIX.O,20230215,易昆尼克斯,"Equinix, Inc.",USD
707.75,727.79,682.57,722.19,669528.0,EQIX.O,20230216,易昆尼克斯,"Equinix, Inc.",USD
715.33,718.57,706.22,716.76,428034.0,EQIX.O,20230217,易昆尼克斯,"Equinix, Inc.",USD
711.37,711.93,698.16,703.12,463680.0,EQIX.O,20230221,易昆尼克斯,"Equinix, Inc.",USD
705.05,706.62,693.83,698.47,354502.0,EQIX.O,20230222,易昆尼克斯,"Equinix, Inc.",USD
707.0,708.55,699.69,706.32,227000.0,EQIX.O,20230223,易昆尼克斯,"Equinix, Inc.",USD
702.01,702.01,683.43,684.8,286218.0,EQIX.O,20230224,易昆尼克斯,"Equinix, Inc.",USD
697.3,699.31,687.72,693.2,458392.0,EQIX.O,20230227,易昆尼克斯,"Equinix, Inc.",USD
692.6,701.62,688.19,688.27,572866.0,EQIX.O,20230228,易昆尼克斯,"Equinix, Inc.",USD
684.81,687.11,671.17,675.98,442973.0,EQIX.O,20230301,易昆尼克斯,"Equinix, Inc.",USD
665.73,688.33,662.57,687.97,471040.0,EQIX.O,20230302,易昆尼克斯,"Equinix, Inc.",USD
688.38,707.28,688.27,705.41,402978.0,EQIX.O,20230303,易昆尼克斯,"Equinix, Inc.",USD
702.5,707.92,698.34,699.43,179637.0,EQIX.O,20230306,易昆尼克斯,"Equinix, Inc.",USD
701.76,703.03,683.78,685.56,275764.0,EQIX.O,20230307,易昆尼克斯,"Equinix, Inc.",USD
687.29,704.54,686.42,694.02,366868.0,EQIX.O,20230308,易昆尼克斯,"Equinix, Inc.",USD
691.91,695.62,679.46,682.88,428588.0,EQIX.O,20230309,易昆尼克斯,"Equinix, Inc.",USD
683.54,684.79,663.32,665.63,477161.0,EQIX.O,20230310,易昆尼克斯,"Equinix, Inc.",USD
664.6,694.2,664.6,682.7,435841.0,EQIX.O,20230313,易昆尼克斯,"Equinix, Inc.",USD
692.84,696.69,682.03,691.47,500831.0,EQIX.O,20230314,易昆尼克斯,"Equinix, Inc.",USD
686.44,698.79,685.73,694.99,492069.0,EQIX.O,20230315,易昆尼克斯,"Equinix, Inc.",USD
691.13,706.12,687.64,702.58,550636.0,EQIX.O,20230316,易昆尼克斯,"Equinix, Inc.",USD
704.32,707.05,690.01,690.85,841357.0,EQIX.O,20230317,易昆尼克斯,"Equinix, Inc.",USD
690.63,693.22,683.48,689.45,429093.0,EQIX.O,20230320,易昆尼克斯,"Equinix, Inc.",USD
692.27,692.27,675.7,687.94,501118.0,EQIX.O,20230321,易昆尼克斯,"Equinix, Inc.",USD
681.06,682.49,662.37,663.03,513254.0,EQIX.O,20230322,易昆尼克斯,"Equinix, Inc.",USD
663.0,682.19,661.81,666.37,385522.0,EQIX.O,20230323,易昆尼克斯,"Equinix, Inc.",USD
666.37,681.7,661.66,681.7,367030.0,EQIX.O,20230324,易昆尼克斯,"Equinix, Inc.",USD
686.59,693.67,685.25,687.62,356840.0,EQIX.O,20230327,易昆尼克斯,"Equinix, Inc.",USD
684.99,688.56,678.29,683.05,284621.0,EQIX.O,20230328,易昆尼克斯,"Equinix, Inc.",USD
691.59,697.05,686.49,694.51,414239.0,EQIX.O,20230329,易昆尼克斯,"Equinix, Inc.",USD
696.17,702.97,696.17,702.01,386963.0,EQIX.O,20230330,易昆尼克斯,"Equinix, Inc.",USD
704.21,722.88,702.56,721.04,614214.0,EQIX.O,20230331,易昆尼克斯,"Equinix, Inc.",USD
714.25,718.26,705.52,709.95,519303.0,EQIX.O,20230403,易昆尼克斯,"Equinix, Inc.",USD
706.21,715.37,700.51,710.48,421137.0,EQIX.O,20230404,易昆尼克斯,"Equinix, Inc.",USD
710.0,718.4,703.29,703.82,455701.0,EQIX.O,20230405,易昆尼克斯,"Equinix, Inc.",USD
705.27,711.71,697.96,711.23,272740.0,EQIX.O,20230406,易昆尼克斯,"Equinix, Inc.",USD
704.8,706.73,693.32,706.24,310444.0,EQIX.O,20230410,易昆尼克斯,"Equinix, Inc.",USD
704.36,714.5,702.68,706.53,410037.0,EQIX.O,20230411,易昆尼克斯,"Equinix, Inc.",USD
713.4,719.55,708.61,711.04,304521.0,EQIX.O,20230412,易昆尼克斯,"Equinix, Inc.",USD
712.86,716.11,701.88,708.71,322912.0,EQIX.O,20230413,易昆尼克斯,"Equinix, Inc.",USD
706.5,710.74,684.43,688.68,354763.0,EQIX.O,20230414,易昆尼克斯,"Equinix, Inc.",USD
685.72,708.53,685.06,707.94,336431.0,EQIX.O,20230417,易昆尼克斯,"Equinix, Inc.",USD
708.89,708.89,700.35,705.56,336343.0,EQIX.O,20230418,易昆尼克斯,"Equinix, Inc.",USD
698.96,710.97,697.96,706.96,211347.0,EQIX.O,20230419,易昆尼克斯,"Equinix, Inc.",USD
703.67,709.73,699.4,705.02,269306.0,EQIX.O,20230420,易昆尼克斯,"Equinix, Inc.",USD
705.85,717.08,703.37,713.0,251869.0,EQIX.O,20230421,易昆尼克斯,"Equinix, Inc.",USD
709.73,714.25,706.78,713.03,276914.0,EQIX.O,20230424,易昆尼克斯,"Equinix, Inc.",USD
706.23,713.18,703.5,710.07,418943.0,EQIX.O,20230425,易昆尼克斯,"Equinix, Inc.",USD
706.64,719.39,703.0,706.75,398448.0,EQIX.O,20230426,易昆尼克斯,"Equinix, Inc.",USD
709.27,720.92,708.03,719.84,370793.0,EQIX.O,20230427,易昆尼克斯,"Equinix, Inc.",USD
715.08,725.54,713.0,724.08,370231.0,EQIX.O,20230428,易昆尼克斯,"Equinix, Inc.",USD
722.91,724.87,716.6,722.01,280381.0,EQIX.O,20230501,易昆尼克斯,"Equinix, Inc.",USD
720.92,722.72,703.04,703.17,323985.0,EQIX.O,20230502,易昆尼克斯,"Equinix, Inc.",USD
706.99,709.14,695.2,697.63,377765.0,EQIX.O,20230503,易昆尼克斯,"Equinix, Inc.",USD
703.42,733.48,701.0,729.34,597668.0,EQIX.O,20230504,易昆尼克斯,"Equinix, Inc.",USD
735.0,742.25,727.32,740.0,431304.0,EQIX.O,20230505,易昆尼克斯,"Equinix, Inc.",USD
736.58,744.93,734.25,740.12,280199.0,EQIX.O,20230508,易昆尼克斯,"Equinix, Inc.",USD
733.71,737.07,725.8,728.26,382190.0,EQIX.O,20230509,易昆尼克斯,"Equinix, Inc.",USD
729.35,752.63,727.34,750.29,378682.0,EQIX.O,20230510,易昆尼克斯,"Equinix, Inc.",USD
749.11,751.47,739.09,743.44,572829.0,EQIX.O,20230511,易昆尼克斯,"Equinix, Inc.",USD
744.01,747.05,733.31,739.23,300709.0,EQIX.O,20230512,易昆尼克斯,"Equinix, Inc.",USD
740.84,743.79,735.46,740.26,327958.0,EQIX.O,20230515,易昆尼克斯,"Equinix, Inc.",USD
738.2,738.2,715.47,716.29,420065.0,EQIX.O,20230516,易昆尼克斯,"Equinix, Inc.",USD
719.25,729.81,715.72,728.14,335977.0,EQIX.O,20230517,易昆尼克斯,"Equinix, Inc.",USD
723.25,726.42,716.53,721.18,394085.0,EQIX.O,20230518,易昆尼克斯,"Equinix, Inc.",USD
721.57,729.26,720.05,723.58,351642.0,EQIX.O,20230519,易昆尼克斯,"Equinix, Inc.",USD
723.74,735.81,720.35,726.72,401472.0,EQIX.O,20230522,易昆尼克斯,"Equinix, Inc.",USD
717.35,725.6,692.26,696.81,495279.0,EQIX.O,20230523,易昆尼克斯,"Equinix, Inc.",USD
692.44,694.23,672.88,675.18,493108.0,EQIX.O,20230524,易昆尼克斯,"Equinix, Inc.",USD
683.98,712.19,681.44,707.26,840522.0,EQIX.O,20230525,易昆尼克斯,"Equinix, Inc.",USD
712.5,737.72,712.5,729.15,705181.0,EQIX.O,20230526,易昆尼克斯,"Equinix, Inc.",USD
738.56,752.96,730.24,734.51,728360.0,EQIX.O,20230530,易昆尼克斯,"Equinix, Inc.",USD
737.14,746.99,732.34,745.55,1292038.0,EQIX.O,20230531,易昆尼克斯,"Equinix, Inc.",USD
743.11,755.42,740.31,753.26,512500.0,EQIX.O,20230601,易昆尼克斯,"Equinix, Inc.",USD
754.39,762.69,738.88,757.61,527731.0,EQIX.O,20230602,易昆尼克斯,"Equinix, Inc.",USD
757.32,760.66,749.05,753.08,369595.0,EQIX.O,20230605,易昆尼克斯,"Equinix, Inc.",USD
754.91,754.91,740.85,742.23,392156.0,EQIX.O,20230606,易昆尼克斯,"Equinix, Inc.",USD
742.23,742.75,725.99,738.95,392798.0,EQIX.O,20230607,易昆尼克斯,"Equinix, Inc.",USD
738.95,750.52,736.23,750.3,259945.0,EQIX.O,20230608,易昆尼克斯,"Equinix, Inc.",USD
753.44,755.71,742.35,743.69,320159.0,EQIX.O,20230609,易昆尼克斯,"Equinix, Inc.",USD
743.87,754.37,742.15,753.88,368350.0,EQIX.O,20230612,易昆尼克斯,"Equinix, Inc.",USD
753.46,759.63,749.67,756.59,469106.0,EQIX.O,20230613,易昆尼克斯,"Equinix, Inc.",USD
760.0,778.18,757.38,775.78,569976.0,EQIX.O,20230614,易昆尼克斯,"Equinix, Inc.",USD
772.49,783.49,767.8,779.61,403468.0,EQIX.O,20230615,易昆尼克斯,"Equinix, Inc.",USD
784.78,792.03,778.25,778.61,904559.0,EQIX.O,20230616,易昆尼克斯,"Equinix, Inc.",USD
778.66,781.51,766.67,780.24,735137.0,EQIX.O,20230620,易昆尼克斯,"Equinix, Inc.",USD
773.5,783.31,737.53,768.0,911158.0,EQIX.O,20230621,易昆尼克斯,"Equinix, Inc.",USD
757.6,758.77,737.24,746.99,666037.0,EQIX.O,20230622,易昆尼克斯,"Equinix, Inc.",USD
746.08,752.65,743.15,746.11,789429.0,EQIX.O,20230623,易昆尼克斯,"Equinix, Inc.",USD
751.47,763.13,747.93,759.94,340687.0,EQIX.O,20230626,易昆尼克斯,"Equinix, Inc.",USD
753.7,767.17,753.7,765.22,415986.0,EQIX.O,20230627,易昆尼克斯,"Equinix, Inc.",USD
768.6,773.47,764.44,769.2,479835.0,EQIX.O,20230628,易昆尼克斯,"Equinix, Inc.",USD
764.19,777.05,761.4,777.03,366984.0,EQIX.O,20230629,易昆尼克斯,"Equinix, Inc.",USD
784.6,786.98,771.78,783.94,813171.0,EQIX.O,20230630,易昆尼克斯,"Equinix, Inc.",USD
773.07,789.28,771.7,783.36,252934.0,EQIX.O,20230703,易昆尼克斯,"Equinix, Inc.",USD
785.55,793.25,782.96,790.12,399914.0,EQIX.O,20230705,易昆尼克斯,"Equinix, Inc.",USD
783.19,786.2,771.21,781.34,462287.0,EQIX.O,20230706,易昆尼克斯,"Equinix, Inc.",USD
778.75,783.16,771.6,772.31,252124.0,EQIX.O,20230707,易昆尼克斯,"Equinix, Inc.",USD
772.14,783.84,771.32,783.45,313398.0,EQIX.O,20230710,易昆尼克斯,"Equinix, Inc.",USD
784.76,788.84,780.46,787.13,341092.0,EQIX.O,20230711,易昆尼克斯,"Equinix, Inc.",USD
794.48,796.49,780.39,790.88,498999.0,EQIX.O,20230712,易昆尼克斯,"Equinix, Inc.",USD
791.09,802.53,784.14,801.44,362814.0,EQIX.O,20230713,易昆尼克斯,"Equinix, Inc.",USD
800.04,806.75,798.58,805.73,335243.0,EQIX.O,20230714,易昆尼克斯,"Equinix, Inc.",USD
804.18,811.99,802.42,807.57,358002.0,EQIX.O,20230717,易昆尼克斯,"Equinix, Inc.",USD
804.83,806.23,792.06,795.99,468983.0,EQIX.O,20230718,易昆尼克斯,"Equinix, Inc.",USD
802.51,816.22,802.51,812.73,363249.0,EQIX.O,20230719,易昆尼克斯,"Equinix, Inc.",USD
806.13,811.99,795.96,810.51,358560.0,EQIX.O,20230720,易昆尼克斯,"Equinix, Inc.",USD
810.19,814.6,806.12,807.12,311984.0,EQIX.O,20230721,易昆尼克斯,"Equinix, Inc.",USD
806.26,819.55,803.23,819.1,329547.0,EQIX.O,20230724,易昆尼克斯,"Equinix, Inc.",USD
816.49,819.68,812.5,816.47,297055.0,EQIX.O,20230725,易昆尼克斯,"Equinix, Inc.",USD
818.25,818.25,806.8,813.03,259538.0,EQIX.O,20230726,易昆尼克斯,"Equinix, Inc.",USD
820.0,821.63,794.78,796.07,416224.0,EQIX.O,20230727,易昆尼克斯,"Equinix, Inc.",USD
808.55,815.0,797.03,797.36,393959.0,EQIX.O,20230728,易昆尼克斯,"Equinix, Inc.",USD
798.4,811.04,795.25,809.92,431922.0,EQIX.O,20230731,易昆尼克斯,"Equinix, Inc.",USD
804.94,809.92,803.25,805.16,298930.0,EQIX.O,20230801,易昆尼克斯,"Equinix, Inc.",USD
802.2,812.51,798.7,805.63,386132.0,EQIX.O,20230802,易昆尼克斯,"Equinix, Inc.",USD
752.01,768.64,740.26,759.42,911007.0,EQIX.O,20230803,易昆尼克斯,"Equinix, Inc.",USD
758.0,774.43,752.84,757.88,418778.0,EQIX.O,20230804,易昆尼克斯,"Equinix, Inc.",USD
758.46,777.76,758.01,774.27,296561.0,EQIX.O,20230807,易昆尼克斯,"Equinix, Inc.",USD
772.43,776.33,765.96,774.49,270369.0,EQIX.O,20230808,易昆尼克斯,"Equinix, Inc.",USD
774.37,776.44,766.96,774.49,260688.0,EQIX.O,20230809,易昆尼克斯,"Equinix, Inc.",USD
780.18,787.16,772.03,774.09,227446.0,EQIX.O,20230810,易昆尼克斯,"Equinix, Inc.",USD
766.77,775.67,761.7,774.17,252846.0,EQIX.O,20230811,易昆尼克斯,"Equinix, Inc.",USD
769.31,779.79,767.32,770.18,406902.0,EQIX.O,20230814,易昆尼克斯,"Equinix, Inc.",USD
765.0,769.47,759.68,760.19,344295.0,EQIX.O,20230815,易昆尼克斯,"Equinix, Inc.",USD
760.19,763.23,753.25,753.75,290647.0,EQIX.O,20230816,易昆尼克斯,"Equinix, Inc.",USD
755.61,760.57,753.37,753.84,295131.0,EQIX.O,20230817,易昆尼克斯,"Equinix, Inc.",USD
744.86,756.12,744.86,749.77,289726.0,EQIX.O,20230818,易昆尼克斯,"Equinix, Inc.",USD
749.34,752.34,738.55,745.74,266453.0,EQIX.O,20230821,易昆尼克斯,"Equinix, Inc.",USD
747.67,756.77,744.35,752.86,222079.0,EQIX.O,20230822,易昆尼克斯,"Equinix, Inc.",USD
759.49,764.39,757.55,760.19,311343.0,EQIX.O,20230823,易昆尼克斯,"Equinix, Inc.",USD
771.43,784.8,762.02,765.16,471040.0,EQIX.O,20230824,易昆尼克斯,"Equinix, Inc.",USD
762.76,775.05,762.76,770.92,243467.0,EQIX.O,20230825,易昆尼克斯,"Equinix, Inc.",USD
776.52,786.74,775.03,778.49,411015.0,EQIX.O,20230828,易昆尼克斯,"Equinix, Inc.",USD
778.04,791.44,775.72,790.59,387124.0,EQIX.O,20230829,易昆尼克斯,"Equinix, Inc.",USD
794.19,798.49,789.34,792.54,330928.0,EQIX.O,20230830,易昆尼克斯,"Equinix, Inc.",USD
788.58,792.0,780.23,781.38,545910.0,EQIX.O,20230831,易昆尼克斯,"Equinix, Inc.",USD
788.37,791.65,775.83,777.52,234829.0,EQIX.O,20230901,易昆尼克斯,"Equinix, Inc.",USD
769.07,771.26,762.13,768.56,426740.0,EQIX.O,20230905,易昆尼克斯,"Equinix, Inc.",USD
766.15,770.67,761.88,767.91,389060.0,EQIX.O,20230906,易昆尼克斯,"Equinix, Inc.",USD
766.45,778.29,766.45,775.55,363227.0,EQIX.O,20230907,易昆尼克斯,"Equinix, Inc.",USD
775.0,778.95,769.02,771.44,251388.0,EQIX.O,20230908,易昆尼克斯,"Equinix, Inc.",USD
775.32,777.11,770.65,774.62,283336.0,EQIX.O,20230911,易昆尼克斯,"Equinix, Inc.",USD
769.22,777.44,768.62,773.1,315310.0,EQIX.O,20230912,易昆尼克斯,"Equinix, Inc.",USD
773.3,774.0,765.0,768.93,229160.0,EQIX.O,20230913,易昆尼克斯,"Equinix, Inc.",USD
777.0,786.44,772.06,782.17,260713.0,EQIX.O,20230914,易昆尼克斯,"Equinix, Inc.",USD
778.1,782.04,771.3,776.22,601057.0,EQIX.O,20230915,易昆尼克斯,"Equinix, Inc.",USD
772.26,777.08,766.75,769.47,260537.0,EQIX.O,20230918,易昆尼克斯,"Equinix, Inc.",USD
767.31,770.85,754.4,756.24,322021.0,EQIX.O,20230919,易昆尼克斯,"Equinix, Inc.",USD
762.03,767.8,756.23,757.71,355425.0,EQIX.O,20230920,易昆尼克斯,"Equinix, Inc.",USD
752.0,752.0,733.05,733.51,306777.0,EQIX.O,20230921,易昆尼克斯,"Equinix, Inc.",USD
735.0,743.29,730.65,731.91,419223.0,EQIX.O,20230922,易昆尼克斯,"Equinix, Inc.",USD
731.45,737.8,727.67,733.35,376142.0,EQIX.O,20230925,易昆尼克斯,"Equinix, Inc.",USD
729.79,730.56,708.74,711.03,385190.0,EQIX.O,20230926,易昆尼克斯,"Equinix, Inc.",USD
715.0,718.37,700.26,707.1,430062.0,EQIX.O,20230927,易昆尼克斯,"Equinix, Inc.",USD
710.31,723.57,707.43,720.97,471990.0,EQIX.O,20230928,易昆尼克斯,"Equinix, Inc.",USD
732.98,735.43,721.96,726.26,494588.0,EQIX.O,20230929,易昆尼克斯,"Equinix, Inc.",USD
722.91,730.72,705.0,712.68,368134.0,EQIX.O,20231002,易昆尼克斯,"Equinix, Inc.",USD
709.33,716.64,698.18,701.18,341749.0,EQIX.O,20231003,易昆尼克斯,"Equinix, Inc.",USD
708.12,718.16,701.82,715.93,371011.0,EQIX.O,20231004,易昆尼克斯,"Equinix, Inc.",USD
719.91,721.82,710.18,720.99,234769.0,EQIX.O,20231005,易昆尼克斯,"Equinix, Inc.",USD
713.98,728.94,708.3,723.66,284034.0,EQIX.O,20231006,易昆尼克斯,"Equinix, Inc.",USD
720.7,732.39,719.79,731.39,180425.0,EQIX.O,20231009,易昆尼克斯,"Equinix, Inc.",USD
731.08,745.71,727.25,738.79,267356.0,EQIX.O,20231010,易昆尼克斯,"Equinix, Inc.",USD
745.88,755.78,744.26,754.46,445277.0,EQIX.O,20231011,易昆尼克斯,"Equinix, Inc.",USD
754.46,757.35,739.38,743.33,270925.0,EQIX.O,20231012,易昆尼克斯,"Equinix, Inc.",USD
746.06,749.23,739.27,742.64,263759.0,EQIX.O,20231013,易昆尼克斯,"Equinix, Inc.",USD
748.49,753.67,742.31,751.41,291989.0,EQIX.O,20231016,易昆尼克斯,"Equinix, Inc.",USD
739.62,749.94,735.7,742.92,311239.0,EQIX.O,20231017,易昆尼克斯,"Equinix, Inc.",USD
736.0,739.69,728.41,732.93,277320.0,EQIX.O,20231018,易昆尼克斯,"Equinix, Inc.",USD
728.31,736.92,703.6,703.81,409639.0,EQIX.O,20231019,易昆尼克斯,"Equinix, Inc.",USD
706.26,719.02,704.83,705.62,434006.0,EQIX.O,20231020,易昆尼克斯,"Equinix, Inc.",USD
700.88,710.72,697.36,699.45,376827.0,EQIX.O,20231023,易昆尼克斯,"Equinix, Inc.",USD
700.91,711.68,700.12,704.15,450673.0,EQIX.O,20231024,易昆尼克斯,"Equinix, Inc.",USD
696.96,700.42,677.8,682.24,610457.0,EQIX.O,20231025,易昆尼克斯,"Equinix, Inc.",USD
696.51,727.53,685.78,719.51,670957.0,EQIX.O,20231026,易昆尼克斯,"Equinix, Inc.",USD
726.87,726.87,707.62,710.39,338549.0,EQIX.O,20231027,易昆尼克斯,"Equinix, Inc.",USD
716.99,725.45,707.86,715.33,608094.0,EQIX.O,20231030,易昆尼克斯,"Equinix, Inc.",USD
721.43,730.17,711.56,729.64,372707.0,EQIX.O,20231031,易昆尼克斯,"Equinix, Inc.",USD
729.81,740.94,729.4,739.13,345852.0,EQIX.O,20231101,易昆尼克斯,"Equinix, Inc.",USD
745.0,769.72,745.0,763.19,476541.0,EQIX.O,20231102,易昆尼克斯,"Equinix, Inc.",USD
774.6,783.61,766.8,770.76,387187.0,EQIX.O,20231103,易昆尼克斯,"Equinix, Inc.",USD
767.91,770.84,754.75,761.72,407305.0,EQIX.O,20231106,易昆尼克斯,"Equinix, Inc.",USD
764.18,764.18,755.28,758.0,343225.0,EQIX.O,20231107,易昆尼克斯,"Equinix, Inc.",USD
763.56,764.99,753.32,759.94,313624.0,EQIX.O,20231108,易昆尼克斯,"Equinix, Inc.",USD
762.05,765.22,754.55,757.01,333138.0,EQIX.O,20231109,易昆尼克斯,"Equinix, Inc.",USD
763.26,768.04,754.24,767.27,274553.0,EQIX.O,20231110,易昆尼克斯,"Equinix, Inc.",USD
760.51,765.61,755.93,762.54,275182.0,EQIX.O,20231113,易昆尼克斯,"Equinix, Inc.",USD
780.0,787.62,775.99,786.03,494337.0,EQIX.O,20231114,易昆尼克斯,"Equinix, Inc.",USD
785.83,785.83,777.17,781.0,376537.0,EQIX.O,20231115,易昆尼克斯,"Equinix, Inc.",USD
783.1,785.0,775.32,780.37,408643.0,EQIX.O,20231116,易昆尼克斯,"Equinix, Inc.",USD
786.56,786.56,773.34,774.64,357048.0,EQIX.O,20231117,易昆尼克斯,"Equinix, Inc.",USD
772.15,785.0,771.01,784.34,270764.0,EQIX.O,20231120,易昆尼克斯,"Equinix, Inc.",USD
785.13,793.19,783.93,788.32,276854.0,EQIX.O,20231121,易昆尼克斯,"Equinix, Inc.",USD
795.0,797.71,790.24,794.35,282007.0,EQIX.O,20231122,易昆尼克斯,"Equinix, Inc.",USD
788.55,795.0,788.55,795.0,87767.0,EQIX.O,20231124,易昆尼克斯,"Equinix, Inc.",USD
793.27,799.44,787.63,796.42,234197.0,EQIX.O,20231127,易昆尼克斯,"Equinix, Inc.",USD
794.37,799.19,791.56,796.92,301907.0,EQIX.O,20231128,易昆尼克斯,"Equinix, Inc.",USD
800.0,811.02,796.08,808.31,437420.0,EQIX.O,20231129,易昆尼克斯,"Equinix, Inc.",USD
809.0,816.17,804.78,815.01,608818.0,EQIX.O,20231130,易昆尼克斯,"Equinix, Inc.",USD
816.55,824.86,809.62,824.42,376034.0,EQIX.O,20231201,易昆尼克斯,"Equinix, Inc.",USD
817.72,823.67,815.21,822.33,479473.0,EQIX.O,20231204,易昆尼克斯,"Equinix, Inc.",USD
820.0,822.45,812.96,821.48,382138.0,EQIX.O,20231205,易昆尼克斯,"Equinix, Inc.",USD
822.86,823.98,807.74,808.3,342958.0,EQIX.O,20231206,易昆尼克斯,"Equinix, Inc.",USD
809.23,815.0,803.93,810.11,367215.0,EQIX.O,20231207,易昆尼克斯,"Equinix, Inc.",USD
804.41,808.53,796.13,801.77,562934.0,EQIX.O,20231208,易昆尼克斯,"Equinix, Inc.",USD
794.86,800.41,786.63,797.18,444835.0,EQIX.O,20231211,易昆尼克斯,"Equinix, Inc.",USD
797.18,807.0,790.18,802.86,382818.0,EQIX.O,20231212,易昆尼克斯,"Equinix, Inc.",USD
804.56,810.64,796.29,809.61,778466.0,EQIX.O,20231213,易昆尼克斯,"Equinix, Inc.",USD
818.9,818.9,799.62,805.29,646439.0,EQIX.O,20231214,易昆尼克斯,"Equinix, Inc.",USD
800.48,809.81,795.33,803.73,1098899.0,EQIX.O,20231215,易昆尼克斯,"Equinix, Inc.",USD
811.43,812.88,796.21,805.74,510078.0,EQIX.O,20231218,易昆尼克斯,"Equinix, Inc.",USD
805.84,810.62,803.63,809.49,429941.0,EQIX.O,20231219,易昆尼克斯,"Equinix, Inc.",USD
813.94,813.94,793.91,794.43,381459.0,EQIX.O,20231220,易昆尼克斯,"Equinix, Inc.",USD
798.6,801.9,791.87,801.6,457886.0,EQIX.O,20231221,易昆尼克斯,"Equinix, Inc.",USD
805.48,810.16,795.17,799.68,222732.0,EQIX.O,20231222,易昆尼克斯,"Equinix, Inc.",USD
797.53,805.68,797.53,804.14,166391.0,EQIX.O,20231226,易昆尼克斯,"Equinix, Inc.",USD
801.99,807.87,801.99,806.87,231628.0,EQIX.O,20231227,易昆尼克斯,"Equinix, Inc.",USD
809.48,814.61,807.78,814.09,219562.0,EQIX.O,20231228,易昆尼克斯,"Equinix, Inc.",USD
798.68,810.89,798.68,805.39,312931.0,EQIX.O,20231229,易昆尼克斯,"Equinix, Inc.",USD
802.74,812.69,800.05,810.48,309945.0,EQIX.O,20240102,易昆尼克斯,"Equinix, Inc.",USD
804.84,808.03,793.09,796.5,304126.0,EQIX.O,20240103,易昆尼克斯,"Equinix, Inc.",USD
796.02,801.12,790.85,794.88,376065.0,EQIX.O,20240104,易昆尼克斯,"Equinix, Inc.",USD
794.6,798.88,786.52,788.39,347450.0,EQIX.O,20240105,易昆尼克斯,"Equinix, Inc.",USD
788.86,804.69,787.04,803.26,374523.0,EQIX.O,20240108,易昆尼克斯,"Equinix, Inc.",USD
798.21,803.49,794.08,798.69,324996.0,EQIX.O,20240109,易昆尼克斯,"Equinix, Inc.",USD
803.99,808.36,797.03,804.39,222264.0,EQIX.O,20240110,易昆尼克斯,"Equinix, Inc.",USD
801.38,807.35,799.68,801.04,195086.0,EQIX.O,20240111,易昆尼克斯,"Equinix, Inc.",USD
809.57,815.81,807.05,815.02,283665.0,EQIX.O,20240112,易昆尼克斯,"Equinix, Inc.",USD
819.6,826.0,815.02,819.12,323280.0,EQIX.O,20240116,易昆尼克斯,"Equinix, Inc.",USD
808.47,813.44,790.83,798.86,366575.0,EQIX.O,20240117,易昆尼克斯,"Equinix, Inc.",USD
802.23,802.24,787.84,793.74,606990.0,EQIX.O,20240118,易昆尼克斯,"Equinix, Inc.",USD
794.25,806.13,790.0,802.69,516175.0,EQIX.O,20240119,易昆尼克斯,"Equinix, Inc.",USD
804.44,816.26,802.24,802.27,408652.0,EQIX.O,20240122,易昆尼克斯,"Equinix, Inc.",USD
809.69,812.43,796.68,799.0,262999.0,EQIX.O,20240123,易昆尼克斯,"Equinix, Inc.",USD
809.59,809.59,794.0,795.22,464579.0,EQIX.O,20240124,易昆尼克斯,"Equinix, Inc.",USD
805.9,823.8,802.93,815.31,572153.0,EQIX.O,20240125,易昆尼克斯,"Equinix, Inc.",USD
820.62,820.62,806.83,810.98,411614.0,EQIX.O,20240126,易昆尼克斯,"Equinix, Inc.",USD
809.94,832.56,809.94,831.76,524622.0,EQIX.O,20240129,易昆尼克斯,"Equinix, Inc.",USD
829.5,846.65,827.18,841.58,688987.0,EQIX.O,20240130,易昆尼克斯,"Equinix, Inc.",USD
845.41,846.85,829.15,829.77,540636.0,EQIX.O,20240131,易昆尼克斯,"Equinix, Inc.",USD
826.53,847.99,824.79,846.33,535545.0,EQIX.O,20240201,易昆尼克斯,"Equinix, Inc.",USD
845.45,846.83,828.93,843.47,457830.0,EQIX.O,20240202,易昆尼克斯,"Equinix, Inc.",USD
834.29,842.49,830.67,836.41,372070.0,EQIX.O,20240205,易昆尼克斯,"Equinix, Inc.",USD
842.64,846.03,835.39,838.01,499845.0,EQIX.O,20240206,易昆尼克斯,"Equinix, Inc.",USD
843.71,848.72,834.94,846.73,350954.0,EQIX.O,20240207,易昆尼克斯,"Equinix, Inc.",USD
840.26,859.72,840.26,855.33,403898.0,EQIX.O,20240208,易昆尼克斯,"Equinix, Inc.",USD
856.28,856.82,844.9,855.76,394256.0,EQIX.O,20240209,易昆尼克斯,"Equinix, Inc.",USD
858.46,858.58,845.44,849.98,434415.0,EQIX.O,20240212,易昆尼克斯,"Equinix, Inc.",USD
837.55,837.55,826.22,832.68,448666.0,EQIX.O,20240213,易昆尼克斯,"Equinix, Inc.",USD
832.68,839.95,825.14,832.81,574717.0,EQIX.O,20240214,易昆尼克斯,"Equinix, Inc.",USD
839.0,881.8,838.66,874.97,768833.0,EQIX.O,20240215,易昆尼克斯,"Equinix, Inc.",USD
863.49,874.0,850.26,856.23,842114.0,EQIX.O,20240216,易昆尼克斯,"Equinix, Inc.",USD
855.12,863.7,848.86,854.74,568030.0,EQIX.O,20240220,易昆尼克斯,"Equinix, Inc.",USD
851.28,866.29,846.25,864.73,448795.0,EQIX.O,20240221,易昆尼克斯,"Equinix, Inc.",USD
868.36,883.43,868.36,880.82,516171.0,EQIX.O,20240222,易昆尼克斯,"Equinix, Inc.",USD
885.52,886.0,879.0,882.29,309718.0,EQIX.O,20240223,易昆尼克斯,"Equinix, Inc.",USD
883.91,891.88,877.62,877.62,380340.0,EQIX.O,20240226,易昆尼克斯,"Equinix, Inc.",USD
882.37,882.37,869.46,873.05,363189.0,EQIX.O,20240227,易昆尼克斯,"Equinix, Inc.",USD
873.17,893.39,870.93,891.87,437248.0,EQIX.O,20240228,易昆尼克斯,"Equinix, Inc.",USD
895.54,897.94,886.1,888.82,703998.0,EQIX.O,20240229,易昆尼克斯,"Equinix, Inc.",USD
884.9,900.74,882.04,900.53,497008.0,EQIX.O,20240301,易昆尼克斯,"Equinix, Inc.",USD
894.5,914.93,888.88,913.66,578741.0,EQIX.O,20240304,易昆尼克斯,"Equinix, Inc.",USD
909.11,914.87,890.96,895.55,449751.0,EQIX.O,20240305,易昆尼克斯,"Equinix, Inc.",USD
900.53,908.66,895.08,906.64,302124.0,EQIX.O,20240306,易昆尼克斯,"Equinix, Inc.",USD
910.0,912.99,898.48,906.06,347188.0,EQIX.O,20240307,易昆尼克斯,"Equinix, Inc.",USD
912.0,913.59,905.45,910.1,408663.0,EQIX.O,20240308,易昆尼克斯,"Equinix, Inc.",USD
905.31,907.02,883.78,893.56,359184.0,EQIX.O,20240311,易昆尼克斯,"Equinix, Inc.",USD
893.56,900.4,888.21,892.81,382983.0,EQIX.O,20240312,易昆尼克斯,"Equinix, Inc.",USD
883.5,885.41,865.58,867.23,810497.0,EQIX.O,20240313,易昆尼克斯,"Equinix, Inc.",USD
865.77,870.63,850.02,864.72,690980.0,EQIX.O,20240314,易昆尼克斯,"Equinix, Inc.",USD
860.99,865.24,848.16,850.39,1090287.0,EQIX.O,20240315,易昆尼克斯,"Equinix, Inc.",USD
860.1,862.0,853.15,860.65,464582.0,EQIX.O,20240318,易昆尼克斯,"Equinix, Inc.",USD
859.07,859.07,841.0,844.58,867229.0,EQIX.O,20240319,易昆尼克斯,"Equinix, Inc.",USD
801.0,837.43,796.9,824.88,2372326.0,EQIX.O,20240320,易昆尼克斯,"Equinix, Inc.",USD
825.0,825.0,804.83,811.64,1301725.0,EQIX.O,20240321,易昆尼克斯,"Equinix, Inc.",USD
807.21,809.72,798.93,800.97,1087486.0,EQIX.O,20240322,易昆尼克斯,"Equinix, Inc.",USD
785.16,806.54,785.16,792.52,1323564.0,EQIX.O,20240325,易昆尼克斯,"Equinix, Inc.",USD
792.32,805.55,792.32,800.07,930705.0,EQIX.O,20240326,易昆尼克斯,"Equinix, Inc.",USD
809.1,816.96,800.69,815.31,945123.0,EQIX.O,20240327,易昆尼克斯,"Equinix, Inc.",USD
818.87,827.43,813.0,825.33,789170.0,EQIX.O,20240328,易昆尼克斯,"Equinix, Inc.",USD
826.0,826.86,797.62,800.05,674280.0,EQIX.O,20240401,易昆尼克斯,"Equinix, Inc.",USD
793.99,797.91,788.65,792.67,551554.0,EQIX.O,20240402,易昆尼克斯,"Equinix, Inc.",USD
790.55,798.09,785.28,788.91,442644.0,EQIX.O,20240403,易昆尼克斯,"Equinix, Inc.",USD
788.91,795.68,778.65,781.04,469477.0,EQIX.O,20240404,易昆尼克斯,"Equinix, Inc.",USD
781.59,789.91,780.07,784.41,446532.0,EQIX.O,20240405,易昆尼克斯,"Equinix, Inc.",USD
783.27,789.73,782.0,788.19,607676.0,EQIX.O,20240408,易昆尼克斯,"Equinix, Inc.",USD
794.0,801.92,786.13,801.24,578511.0,EQIX.O,20240409,易昆尼克斯,"Equinix, Inc.",USD
782.66,786.87,772.14,775.97,758751.0,EQIX.O,20240410,易昆尼克斯,"Equinix, Inc.",USD
779.38,779.98,770.16,773.82,531969.0,EQIX.O,20240411,易昆尼克斯,"Equinix, Inc.",USD
765.18,770.85,759.34,764.05,498341.0,EQIX.O,20240412,易昆尼克斯,"Equinix, Inc.",USD
761.15,768.83,740.95,744.11,574824.0,EQIX.O,20240415,易昆尼克斯,"Equinix, Inc.",USD
745.57,747.6,733.25,742.14,579921.0,EQIX.O,20240416,易昆尼克斯,"Equinix, Inc.",USD
743.55,746.78,734.25,734.56,510802.0,EQIX.O,20240417,易昆尼克斯,"Equinix, Inc.",USD
736.11,747.16,731.54,739.85,483705.0,EQIX.O,20240418,易昆尼克斯,"Equinix, Inc.",USD
743.75,748.37,736.24,748.0,611912.0,EQIX.O,20240419,易昆尼克斯,"Equinix, Inc.",USD
752.4,755.89,745.0,754.74,687534.0,EQIX.O,20240422,易昆尼克斯,"Equinix, Inc.",USD
761.08,764.34,751.39,761.9,662877.0,EQIX.O,20240423,易昆尼克斯,"Equinix, Inc.",USD
755.59,768.25,754.54,756.84,776021.0,EQIX.O,20240424,易昆尼克斯,"Equinix, Inc.",USD
743.6,746.41,735.0,738.35,812736.0,EQIX.O,20240425,易昆尼克斯,"Equinix, Inc.",USD
735.71,743.94,730.47,731.61,779483.0,EQIX.O,20240426,易昆尼克斯,"Equinix, Inc.",USD
738.95,738.95,719.18,726.34,1002852.0,EQIX.O,20240429,易昆尼克斯,"Equinix, Inc.",USD
720.08,724.27,706.48,711.11,1090619.0,EQIX.O,20240430,易昆尼克斯,"Equinix, Inc.",USD
709.05,712.96,694.38,695.33,943948.0,EQIX.O,20240501,易昆尼克斯,"Equinix, Inc.",USD
703.77,704.92,693.11,698.7,1029563.0,EQIX.O,20240502,易昆尼克斯,"Equinix, Inc.",USD
716.41,730.24,697.99,700.18,762548.0,EQIX.O,20240503,易昆尼克斯,"Equinix, Inc.",USD
708.99,708.99,688.07,693.73,799123.0,EQIX.O,20240506,易昆尼克斯,"Equinix, Inc.",USD
698.21,715.61,692.81,711.87,629300.0,EQIX.O,20240507,易昆尼克斯,"Equinix, Inc.",USD
701.36,703.18,684.14,692.71,876081.0,EQIX.O,20240508,易昆尼克斯,"Equinix, Inc.",USD
778.0,800.0,761.03,772.43,2353632.0,EQIX.O,20240509,易昆尼克斯,"Equinix, Inc.",USD
760.55,779.0,752.87,757.68,975447.0,EQIX.O,20240510,易昆尼克斯,"Equinix, Inc.",USD
760.46,777.69,755.45,776.89,651992.0,EQIX.O,20240513,易昆尼克斯,"Equinix, Inc.",USD
778.0,796.53,772.99,789.82,905355.0,EQIX.O,20240514,易昆尼克斯,"Equinix, Inc.",USD
800.32,812.52,796.41,809.68,987018.0,EQIX.O,20240515,易昆尼克斯,"Equinix, Inc.",USD
812.98,813.3,794.46,799.5,609057.0,EQIX.O,20240516,易昆尼克斯,"Equinix, Inc.",USD
800.82,806.07,796.62,799.83,543381.0,EQIX.O,20240517,易昆尼克斯,"Equinix, Inc.",USD
795.25,801.96,791.19,795.28,463778.0,EQIX.O,20240520,易昆尼克斯,"Equinix, Inc.",USD
791.75,796.74,788.14,792.24,539515.0,EQIX.O,20240521,易昆尼克斯,"Equinix, Inc.",USD
792.86,797.35,778.63,781.46,426689.0,EQIX.O,20240522,易昆尼克斯,"Equinix, Inc.",USD
784.66,788.36,767.26,767.53,491700.0,EQIX.O,20240523,易昆尼克斯,"Equinix, Inc.",USD
770.33,774.6,765.29,766.12,294572.0,EQIX.O,20240524,易昆尼克斯,"Equinix, Inc.",USD
768.96,775.86,764.63,768.71,516371.0,EQIX.O,20240528,易昆尼克斯,"Equinix, Inc.",USD
765.46,772.84,759.78,760.02,357242.0,EQIX.O,20240529,易昆尼克斯,"Equinix, Inc.",USD
771.24,771.54,759.39,760.63,381568.0,EQIX.O,20240530,易昆尼克斯,"Equinix, Inc.",USD
761.85,768.55,756.73,762.98,1066486.0,EQIX.O,20240531,易昆尼克斯,"Equinix, Inc.",USD
766.66,768.92,750.06,751.46,451659.0,EQIX.O,20240603,易昆尼克斯,"Equinix, Inc.",USD
755.24,769.4,749.18,764.68,461948.0,EQIX.O,20240604,易昆尼克斯,"Equinix, Inc.",USD
766.99,768.36,758.47,758.61,380435.0,EQIX.O,20240605,易昆尼克斯,"Equinix, Inc.",USD
756.68,763.46,749.67,762.83,603460.0,EQIX.O,20240606,易昆尼克斯,"Equinix, Inc.",USD
750.01,757.05,747.0,753.39,378397.0,EQIX.O,20240607,易昆尼克斯,"Equinix, Inc.",USD
748.41,766.01,747.65,762.53,406699.0,EQIX.O,20240610,易昆尼克斯,"Equinix, Inc.",USD
759.78,766.0,756.26,760.28,364725.0,EQIX.O,20240611,易昆尼克斯,"Equinix, Inc.",USD
774.61,777.75,759.44,761.45,447780.0,EQIX.O,20240612,易昆尼克斯,"Equinix, Inc.",USD
763.02,774.51,762.15,766.6,366086.0,EQIX.O,20240613,易昆尼克斯,"Equinix, Inc.",USD
768.32,771.05,761.66,766.26,275579.0,EQIX.O,20240614,易昆尼克斯,"Equinix, Inc.",USD
765.06,769.6,760.0,762.38,285272.0,EQIX.O,20240617,易昆尼克斯,"Equinix, Inc.",USD
768.33,774.92,763.07,773.84,385362.0,EQIX.O,20240618,易昆尼克斯,"Equinix, Inc.",USD
773.0,774.81,762.34,763.6,369624.0,EQIX.O,20240620,易昆尼克斯,"Equinix, Inc.",USD
763.2,766.7,757.76,765.0,985003.0,EQIX.O,20240621,易昆尼克斯,"Equinix, Inc.",USD
767.36,769.93,751.59,752.2,559017.0,EQIX.O,20240624,易昆尼克斯,"Equinix, Inc.",USD
753.01,753.21,735.58,742.86,662747.0,EQIX.O,20240625,易昆尼克斯,"Equinix, Inc.",USD
737.01,746.4,735.98,741.87,654917.0,EQIX.O,20240626,易昆尼克斯,"Equinix, Inc.",USD
744.58,752.74,741.75,751.96,380053.0,EQIX.O,20240627,易昆尼克斯,"Equinix, Inc.",USD
756.95,761.95,753.59,756.6,1146810.0,EQIX.O,20240628,易昆尼克斯,"Equinix, Inc.",USD
756.34,762.14,751.05,759.68,387756.0,EQIX.O,20240701,易昆尼克斯,"Equinix, Inc.",USD
761.56,767.15,753.2,756.38,372142.0,EQIX.O,20240702,易昆尼克斯,"Equinix, Inc.",USD
759.14,759.14,747.67,749.0,236238.0,EQIX.O,20240703,易昆尼克斯,"Equinix, Inc.",USD
750.37,755.1,746.73,754.49,371423.0,EQIX.O,20240705,易昆尼克斯,"Equinix, Inc.",USD
753.69,760.11,750.17,756.92,292042.0,EQIX.O,20240708,易昆尼克斯,"Equinix, Inc.",USD
759.09,769.77,751.55,766.83,338941.0,EQIX.O,20240709,易昆尼克斯,"Equinix, Inc.",USD
770.72,778.93,761.19,775.96,325617.0,EQIX.O,20240710,易昆尼克斯,"Equinix, Inc.",USD
785.51,803.22,784.5,797.8,459384.0,EQIX.O,20240711,易昆尼克斯,"Equinix, Inc.",USD
801.81,814.24,797.3,804.84,466152.0,EQIX.O,20240712,易昆尼克斯,"Equinix, Inc.",USD
806.62,809.6,795.34,804.66,306569.0,EQIX.O,20240715,易昆尼克斯,"Equinix, Inc.",USD
810.0,813.72,797.45,812.62,261240.0,EQIX.O,20240716,易昆尼克斯,"Equinix, Inc.",USD
810.0,819.41,799.17,803.14,397151.0,EQIX.O,20240717,易昆尼克斯,"Equinix, Inc.",USD
801.84,812.32,792.94,795.07,339478.0,EQIX.O,20240718,易昆尼克斯,"Equinix, Inc.",USD
796.01,800.0,783.31,786.82,234266.0,EQIX.O,20240719,易昆尼克斯,"Equinix, Inc.",USD
786.82,799.97,783.32,798.86,266219.0,EQIX.O,20240722,易昆尼克斯,"Equinix, Inc.",USD
806.3,812.87,800.27,802.97,243110.0,EQIX.O,20240723,易昆尼克斯,"Equinix, Inc.",USD
802.0,807.07,790.0,794.15,353112.0,EQIX.O,20240724,易昆尼克斯,"Equinix, Inc.",USD
797.3,801.74,767.27,769.31,538024.0,EQIX.O,20240725,易昆尼克斯,"Equinix, Inc.",USD
769.31,779.98,766.87,772.43,541016.0,EQIX.O,20240726,易昆尼克斯,"Equinix, Inc.",USD
771.55,783.13,768.07,776.55,399141.0,EQIX.O,20240729,易昆尼克斯,"Equinix, Inc.",USD
776.55,784.35,768.13,768.77,665347.0,EQIX.O,20240730,易昆尼克斯,"Equinix, Inc.",USD
778.27,799.53,770.55,790.24,718732.0,EQIX.O,20240731,易昆尼克斯,"Equinix, Inc.",USD
792.5,813.86,792.5,811.18,622735.0,EQIX.O,20240801,易昆尼克斯,"Equinix, Inc.",USD
810.72,814.95,798.68,806.65,379114.0,EQIX.O,20240802,易昆尼克斯,"Equinix, Inc.",USD
800.81,800.81,764.11,768.24,675381.0,EQIX.O,20240805,易昆尼克斯,"Equinix, Inc.",USD
767.52,791.28,763.49,784.61,410363.0,EQIX.O,20240806,易昆尼克斯,"Equinix, Inc.",USD
783.86,799.99,779.15,780.29,695052.0,EQIX.O,20240807,易昆尼克斯,"Equinix, Inc.",USD
775.74,812.75,772.0,809.48,716659.0,EQIX.O,20240808,易昆尼克斯,"Equinix, Inc.",USD
811.95,823.34,804.37,818.88,365876.0,EQIX.O,20240809,易昆尼克斯,"Equinix, Inc.",USD
815.0,820.0,803.28,819.09,408979.0,EQIX.O,20240812,易昆尼克斯,"Equinix, Inc.",USD
825.0,831.47,820.99,829.64,429171.0,EQIX.O,20240813,易昆尼克斯,"Equinix, Inc.",USD
831.75,843.27,828.81,841.49,566505.0,EQIX.O,20240814,易昆尼克斯,"Equinix, Inc.",USD
838.15,839.05,827.14,830.08,553501.0,EQIX.O,20240815,易昆尼克斯,"Equinix, Inc.",USD
825.8,831.7,821.0,828.66,371708.0,EQIX.O,20240816,易昆尼克斯,"Equinix, Inc.",USD
820.93,834.6,820.7,830.38,304239.0,EQIX.O,20240819,易昆尼克斯,"Equinix, Inc.",USD
833.57,833.57,824.78,829.84,284125.0,EQIX.O,20240820,易昆尼克斯,"Equinix, Inc.",USD
826.0,826.9,816.01,817.99,382690.0,EQIX.O,20240821,易昆尼克斯,"Equinix, Inc.",USD
818.39,820.85,814.13,818.95,418336.0,EQIX.O,20240822,易昆尼克斯,"Equinix, Inc.",USD
822.42,829.39,817.96,827.96,532749.0,EQIX.O,20240823,易昆尼克斯,"Equinix, Inc.",USD
830.39,833.0,816.09,818.9,284009.0,EQIX.O,20240826,易昆尼克斯,"Equinix, Inc.",USD
815.42,820.68,813.6,817.98,257082.0,EQIX.O,20240827,易昆尼克斯,"Equinix, Inc.",USD
817.48,818.5,810.31,813.7,218633.0,EQIX.O,20240828,易昆尼克斯,"Equinix, Inc.",USD
812.78,823.38,810.0,818.74,310380.0,EQIX.O,20240829,易昆尼克斯,"Equinix, Inc.",USD
820.38,836.48,816.99,834.36,520988.0,EQIX.O,20240830,易昆尼克斯,"Equinix, Inc.",USD
829.47,835.49,825.3,832.15,402407.0,EQIX.O,20240903,易昆尼克斯,"Equinix, Inc.",USD
826.19,830.0,816.0,827.59,586292.0,EQIX.O,20240904,易昆尼克斯,"Equinix, Inc.",USD
826.24,829.04,816.6,821.74,333726.0,EQIX.O,20240905,易昆尼克斯,"Equinix, Inc.",USD
821.53,825.01,809.54,817.96,457770.0,EQIX.O,20240906,易昆尼克斯,"Equinix, Inc.",USD
821.34,835.4,820.08,831.8,430136.0,EQIX.O,20240909,易昆尼克斯,"Equinix, Inc.",USD
835.9,865.45,835.34,864.78,598614.0,EQIX.O,20240910,易昆尼克斯,"Equinix, Inc.",USD
854.48,869.27,847.0,867.7,656349.0,EQIX.O,20240911,易昆尼克斯,"Equinix, Inc.",USD
874.71,874.71,855.45,868.81,344173.0,EQIX.O,20240912,易昆尼克斯,"Equinix, Inc.",USD
869.9,875.66,869.9,871.54,282044.0,EQIX.O,20240913,易昆尼克斯,"Equinix, Inc.",USD
871.38,880.73,871.38,876.57,249137.0,EQIX.O,20240916,易昆尼克斯,"Equinix, Inc.",USD
877.24,881.96,861.72,864.33,322156.0,EQIX.O,20240917,易昆尼克斯,"Equinix, Inc.",USD
862.3,872.87,859.93,860.95,288287.0,EQIX.O,20240918,易昆尼克斯,"Equinix, Inc.",USD
874.95,879.47,868.72,870.99,596995.0,EQIX.O,20240919,易昆尼克斯,"Equinix, Inc.",USD
865.8,886.5,862.95,877.2,1240589.0,EQIX.O,20240920,易昆尼克斯,"Equinix, Inc.",USD
883.87,890.6,876.26,881.92,452040.0,EQIX.O,20240923,易昆尼克斯,"Equinix, Inc.",USD
881.92,892.07,880.44,887.58,435032.0,EQIX.O,20240924,易昆尼克斯,"Equinix, Inc.",USD
892.08,896.52,888.01,890.01,554115.0,EQIX.O,20240925,易昆尼克斯,"Equinix, Inc.",USD
896.62,896.62,876.49,878.98,579472.0,EQIX.O,20240926,易昆尼克斯,"Equinix, Inc.",USD
886.15,889.61,879.95,882.69,359055.0,EQIX.O,20240927,易昆尼克斯,"Equinix, Inc.",USD
879.41,889.56,879.41,887.63,534582.0,EQIX.O,20240930,易昆尼克斯,"Equinix, Inc.",USD
894.98,894.98,876.37,883.0,419917.0,EQIX.O,20241001,易昆尼克斯,"Equinix, Inc.",USD
871.79,887.41,871.79,886.6,255402.0,EQIX.O,20241002,易昆尼克斯,"Equinix, Inc.",USD
884.92,884.92,873.97,876.22,209435.0,EQIX.O,20241003,易昆尼克斯,"Equinix, Inc.",USD
883.97,883.97,867.29,876.88,236751.0,EQIX.O,20241004,易昆尼克斯,"Equinix, Inc.",USD
868.56,872.7,864.08,870.01,235020.0,EQIX.O,20241007,易昆尼克斯,"Equinix, Inc.",USD
876.68,877.77,871.44,872.51,244980.0,EQIX.O,20241008,易昆尼克斯,"Equinix, Inc.",USD
870.12,877.77,862.23,876.76,239260.0,EQIX.O,20241009,易昆尼克斯,"Equinix, Inc.",USD
876.76,890.0,870.33,870.54,268534.0,EQIX.O,20241010,易昆尼克斯,"Equinix, Inc.",USD
869.63,878.57,864.29,871.56,425237.0,EQIX.O,20241011,易昆尼克斯,"Equinix, Inc.",USD
867.89,873.57,863.33,866.02,418526.0,EQIX.O,20241014,易昆尼克斯,"Equinix, Inc.",USD
872.12,882.02,868.49,878.03,558064.0,EQIX.O,20241015,易昆尼克斯,"Equinix, Inc.",USD
878.64,882.8,873.29,880.2,260490.0,EQIX.O,20241016,易昆尼克斯,"Equinix, Inc.",USD
880.91,890.0,875.41,888.85,447429.0,EQIX.O,20241017,易昆尼克斯,"Equinix, Inc.",USD
888.15,895.23,884.86,895.2,299362.0,EQIX.O,20241018,易昆尼克斯,"Equinix, Inc.",USD
887.98,895.05,877.12,879.94,396333.0,EQIX.O,20241021,易昆尼克斯,"Equinix, Inc.",USD
878.62,883.04,877.4,878.37,264262.0,EQIX.O,20241022,易昆尼克斯,"Equinix, Inc.",USD
873.72,891.86,873.01,891.16,400158.0,EQIX.O,20241023,易昆尼克斯,"Equinix, Inc.",USD
890.27,896.75,887.9,895.76,425529.0,EQIX.O,20241024,易昆尼克斯,"Equinix, Inc.",USD
917.4,943.02,913.0,914.33,1032154.0,EQIX.O,20241025,易昆尼克斯,"Equinix, Inc.",USD
927.49,929.15,912.31,912.62,447466.0,EQIX.O,20241028,易昆尼克斯,"Equinix, Inc.",USD
912.0,920.15,903.94,905.91,534485.0,EQIX.O,20241029,易昆尼克斯,"Equinix, Inc.",USD
913.4,917.6,908.37,910.22,543437.0,EQIX.O,20241030,易昆尼克斯,"Equinix, Inc.",USD
885.36,925.0,885.36,908.08,850730.0,EQIX.O,20241031,易昆尼克斯,"Equinix, Inc.",USD
914.0,916.31,887.28,888.3,450971.0,EQIX.O,20241101,易昆尼克斯,"Equinix, Inc.",USD
888.0,898.19,887.15,895.92,335828.0,EQIX.O,20241104,易昆尼克斯,"Equinix, Inc.",USD
894.4,909.46,888.9,908.99,437534.0,EQIX.O,20241105,易昆尼克斯,"Equinix, Inc.",USD
895.0,895.89,869.5,890.82,671741.0,EQIX.O,20241106,易昆尼克斯,"Equinix, Inc.",USD
898.64,909.46,891.19,907.74,366238.0,EQIX.O,20241107,易昆尼克斯,"Equinix, Inc.",USD
916.16,927.82,912.77,921.06,535955.0,EQIX.O,20241108,易昆尼克斯,"Equinix, Inc.",USD
921.06,927.54,911.67,913.5,289832.0,EQIX.O,20241111,易昆尼克斯,"Equinix, Inc.",USD
915.36,916.68,901.52,903.02,810358.0,EQIX.O,20241112,易昆尼克斯,"Equinix, Inc.",USD
901.39,910.0,900.52,901.15,364058.0,EQIX.O,20241113,易昆尼克斯,"Equinix, Inc.",USD
905.53,905.92,893.94,898.12,414246.0,EQIX.O,20241114,易昆尼克斯,"Equinix, Inc.",USD
889.48,903.62,885.98,897.37,368707.0,EQIX.O,20241115,易昆尼克斯,"Equinix, Inc.",USD
891.0,910.39,891.0,909.48,480196.0,EQIX.O,20241118,易昆尼克斯,"Equinix, Inc.",USD
911.0,927.99,905.02,923.0,545052.0,EQIX.O,20241119,易昆尼克斯,"Equinix, Inc.",USD
916.3,923.06,914.52,918.94,664296.0,EQIX.O,20241120,易昆尼克斯,"Equinix, Inc.",USD
914.0,930.15,913.76,923.6,508063.0,EQIX.O,20241121,易昆尼克斯,"Equinix, Inc.",USD
928.7,937.32,922.71,936.37,512791.0,EQIX.O,20241122,易昆尼克斯,"Equinix, Inc.",USD
940.0,976.35,938.55,974.35,1977322.0,EQIX.O,20241125,易昆尼克斯,"Equinix, Inc.",USD
974.0,982.69,961.36,978.26,708108.0,EQIX.O,20241126,易昆尼克斯,"Equinix, Inc.",USD
986.0,994.03,978.23,979.1,459647.0,EQIX.O,20241127,易昆尼克斯,"Equinix, Inc.",USD
983.84,991.93,980.03,981.48,362814.0,EQIX.O,20241129,易昆尼克斯,"Equinix, Inc.",USD
971.18,973.09,956.31,964.84,536101.0,EQIX.O,20241202,易昆尼克斯,"Equinix, Inc.",USD
961.91,967.6,958.99,963.65,386928.0,EQIX.O,20241203,易昆尼克斯,"Equinix, Inc.",USD
963.65,969.49,959.0,965.64,319648.0,EQIX.O,20241204,易昆尼克斯,"Equinix, Inc.",USD
956.15,975.97,953.74,973.8,384822.0,EQIX.O,20241205,易昆尼克斯,"Equinix, Inc.",USD
981.89,986.68,971.12,985.0,541544.0,EQIX.O,20241206,易昆尼克斯,"Equinix, Inc.",USD
985.77,989.84,962.08,968.98,476078.0,EQIX.O,20241209,易昆尼克斯,"Equinix, Inc.",USD
973.53,973.53,951.25,961.72,469428.0,EQIX.O,20241210,易昆尼克斯,"Equinix, Inc.",USD
965.51,975.92,962.14,973.57,388105.0,EQIX.O,20241211,易昆尼克斯,"Equinix, Inc.",USD
977.22,986.5,972.73,975.3,284476.0,EQIX.O,20241212,易昆尼克斯,"Equinix, Inc.",USD
970.15,982.98,963.04,965.0,394573.0,EQIX.O,20241213,易昆尼克斯,"Equinix, Inc.",USD
965.0,972.02,955.5,957.98,515195.0,EQIX.O,20241216,易昆尼克斯,"Equinix, Inc.",USD
954.27,971.43,945.45,960.84,438698.0,EQIX.O,20241217,易昆尼克斯,"Equinix, Inc.",USD
954.18,963.34,925.64,926.38,650807.0,EQIX.O,20241218,易昆尼克斯,"Equinix, Inc.",USD
925.01,938.96,920.4,921.57,685376.0,EQIX.O,20241219,易昆尼克斯,"Equinix, Inc.",USD
922.62,936.47,919.29,927.22,1434622.0,EQIX.O,20241220,易昆尼克斯,"Equinix, Inc.",USD
932.33,942.27,923.01,939.59,488659.0,EQIX.O,20241223,易昆尼克斯,"Equinix, Inc.",USD
939.59,950.01,937.7,950.01,168351.0,EQIX.O,20241224,易昆尼克斯,"Equinix, Inc.",USD
949.27,952.23,943.0,948.39,234852.0,EQIX.O,20241226,易昆尼克斯,"Equinix, Inc.",USD
939.9,950.17,939.51,942.66,289731.0,EQIX.O,20241227,易昆尼克斯,"Equinix, Inc.",USD
937.92,938.96,929.19,935.93,298551.0,EQIX.O,20241230,易昆尼克斯,"Equinix, Inc.",USD
946.7,949.17,934.85,942.89,516462.0,EQIX.O,20241231,易昆尼克斯,"Equinix, Inc.",USD
939.0,953.77,939.0,944.23,440466.0,EQIX.O,20250102,易昆尼克斯,"Equinix, Inc.",USD
950.0,963.85,948.17,959.97,284313.0,EQIX.O,20250103,易昆尼克斯,"Equinix, Inc.",USD
952.61,964.73,939.19,940.0,402714.0,EQIX.O,20250106,易昆尼克斯,"Equinix, Inc.",USD
943.96,951.17,922.62,940.07,641411.0,EQIX.O,20250107,易昆尼克斯,"Equinix, Inc.",USD
941.19,951.63,938.86,951.04,344397.0,EQIX.O,20250108,易昆尼克斯,"Equinix, Inc.",USD
924.33,934.47,898.83,899.83,780922.0,EQIX.O,20250110,易昆尼克斯,"Equinix, Inc.",USD
891.13,901.53,888.52,899.65,403443.0,EQIX.O,20250113,易昆尼克斯,"Equinix, Inc.",USD
901.6,907.93,894.65,898.09,797707.0,EQIX.O,20250114,易昆尼克斯,"Equinix, Inc.",USD
920.5,928.35,893.12,900.01,553014.0,EQIX.O,20250115,易昆尼克斯,"Equinix, Inc.",USD
904.97,921.68,899.99,919.89,514952.0,EQIX.O,20250116,易昆尼克斯,"Equinix, Inc.",USD
932.12,932.12,914.97,915.59,623363.0,EQIX.O,20250117,易昆尼克斯,"Equinix, Inc.",USD
923.68,935.02,923.68,934.0,666221.0,EQIX.O,20250121,易昆尼克斯,"Equinix, Inc.",USD
940.01,947.45,924.32,925.23,375639.0,EQIX.O,20250122,易昆尼克斯,"Equinix, Inc.",USD
932.39,941.53,918.42,940.93,497474.0,EQIX.O,20250123,易昆尼克斯,"Equinix, Inc.",USD
940.0,949.6,935.7,940.85,364464.0,EQIX.O,20250124,易昆尼克斯,"Equinix, Inc.",USD
907.39,908.83,857.9,900.1,976298.0,EQIX.O,20250127,易昆尼克斯,"Equinix, Inc.",USD
899.94,910.8,886.22,906.81,734116.0,EQIX.O,20250128,易昆尼克斯,"Equinix, Inc.",USD
909.27,915.48,900.76,908.23,344835.0,EQIX.O,20250129,易昆尼克斯,"Equinix, Inc.",USD
921.14,936.68,915.38,922.13,401590.0,EQIX.O,20250130,易昆尼克斯,"Equinix, Inc.",USD
923.9,939.46,912.97,913.66,652058.0,EQIX.O,20250131,易昆尼克斯,"Equinix, Inc.",USD
911.15,917.83,900.89,915.0,393654.0,EQIX.O,20250203,易昆尼克斯,"Equinix, Inc.",USD
906.1,927.31,905.13,924.28,311270.0,EQIX.O,20250204,易昆尼克斯,"Equinix, Inc.",USD
934.93,937.12,924.11,936.5,326279.0,EQIX.O,20250205,易昆尼克斯,"Equinix, Inc.",USD
941.97,944.02,931.83,938.34,241288.0,EQIX.O,20250206,易昆尼克斯,"Equinix, Inc.",USD
942.19,942.97,928.9,933.27,357240.0,EQIX.O,20250207,易昆尼克斯,"Equinix, Inc.",USD
935.84,943.65,928.05,943.14,373720.0,EQIX.O,20250210,易昆尼克斯,"Equinix, Inc.",USD
931.01,943.94,926.54,943.64,437883.0,EQIX.O,20250211,易昆尼克斯,"Equinix, Inc.",USD
923.47,941.93,923.47,935.2,518429.0,EQIX.O,20250212,易昆尼克斯,"Equinix, Inc.",USD
899.0,924.62,890.0,923.0,930526.0,EQIX.O,20250213,易昆尼克斯,"Equinix, Inc.",USD
923.02,953.41,921.34,933.6,523352.0,EQIX.O,20250214,易昆尼克斯,"Equinix, Inc.",USD
920.16,939.16,907.34,931.9,513097.0,EQIX.O,20250218,易昆尼克斯,"Equinix, Inc.",USD
931.0,939.72,924.65,939.08,529115.0,EQIX.O,20250219,易昆尼克斯,"Equinix, Inc.",USD
939.08,940.8,927.03,940.25,275426.0,EQIX.O,20250220,易昆尼克斯,"Equinix, Inc.",USD
935.02,935.45,916.5,919.68,664120.0,EQIX.O,20250221,易昆尼克斯,"Equinix, Inc.",USD
918.09,920.0,894.46,909.01,648509.0,EQIX.O,20250224,易昆尼克斯,"Equinix, Inc.",USD
908.0,914.87,902.99,906.66,853448.0,EQIX.O,20250225,易昆尼克斯,"Equinix, Inc.",USD
908.33,916.7,907.18,910.28,664616.0,EQIX.O,20250226,易昆尼克斯,"Equinix, Inc.",USD
915.34,919.83,906.96,910.38,503674.0,EQIX.O,20250227,易昆尼克斯,"Equinix, Inc.",USD
910.0,914.0,897.81,904.62,1214752.0,EQIX.O,20250228,易昆尼克斯,"Equinix, Inc.",USD
912.07,921.59,903.74,910.58,547227.0,EQIX.O,20250303,易昆尼克斯,"Equinix, Inc.",USD
909.73,917.61,895.68,910.04,689611.0,EQIX.O,20250304,易昆尼克斯,"Equinix, Inc.",USD
904.49,927.08,904.49,921.02,486863.0,EQIX.O,20250305,易昆尼克斯,"Equinix, Inc.",USD
910.1,914.5,870.31,871.9,893540.0,EQIX.O,20250306,易昆尼克斯,"Equinix, Inc.",USD
873.13,875.36,846.44,859.52,1003797.0,EQIX.O,20250307,易昆尼克斯,"Equinix, Inc.",USD
856.31,859.23,822.07,830.63,915064.0,EQIX.O,20250310,易昆尼克斯,"Equinix, Inc.",USD
832.08,844.18,826.0,836.24,1092109.0,EQIX.O,20250311,易昆尼克斯,"Equinix, Inc.",USD
846.92,856.47,843.75,854.99,717218.0,EQIX.O,20250312,易昆尼克斯,"Equinix, Inc.",USD
849.31,851.82,829.26,833.95,597307.0,EQIX.O,20250313,易昆尼克斯,"Equinix, Inc.",USD
835.37,842.66,829.21,837.68,695339.0,EQIX.O,20250314,易昆尼克斯,"Equinix, Inc.",USD
834.96,860.12,834.22,857.25,902525.0,EQIX.O,20250317,易昆尼克斯,"Equinix, Inc.",USD
863.7,863.7,836.44,841.26,691933.0,EQIX.O,20250318,易昆尼克斯,"Equinix, Inc.",USD
846.32,863.72,842.93,855.33,1079540.0,EQIX.O,20250319,易昆尼克斯,"Equinix, Inc.",USD
852.3,855.78,846.12,851.72,532770.0,EQIX.O,20250320,易昆尼克斯,"Equinix, Inc.",USD
846.0,848.65,831.78,834.59,1624921.0,EQIX.O,20250321,易昆尼克斯,"Equinix, Inc.",USD
847.41,858.36,843.77,852.44,745802.0,EQIX.O,20250324,易昆尼克斯,"Equinix, Inc.",USD
848.18,857.31,838.01,841.22,581161.0,EQIX.O,20250325,易昆尼克斯,"Equinix, Inc.",USD
847.08,851.4,825.87,831.05,764132.0,EQIX.O,20250326,易昆尼克斯,"Equinix, Inc.",USD
833.45,833.45,820.51,825.31,799649.0,EQIX.O,20250327,易昆尼克斯,"Equinix, Inc.",USD
823.48,825.99,797.33,803.0,896496.0,EQIX.O,20250328,易昆尼克斯,"Equinix, Inc.",USD
807.0,819.9,795.12,815.35,1083796.0,EQIX.O,20250331,易昆尼克斯,"Equinix, Inc.",USD
816.48,819.84,800.83,816.95,871762.0,EQIX.O,20250401,易昆尼克斯,"Equinix, Inc.",USD
806.47,833.76,806.47,831.55,431176.0,EQIX.O,20250402,易昆尼克斯,"Equinix, Inc.",USD
810.55,814.1,788.98,801.44,1222724.0,EQIX.O,20250403,易昆尼克斯,"Equinix, Inc.",USD
790.67,792.41,765.12,766.21,820598.0,EQIX.O,20250404,易昆尼克斯,"Equinix, Inc.",USD
750.62,780.13,725.93,747.74,927896.0,EQIX.O,20250407,易昆尼克斯,"Equinix, Inc.",USD
780.31,780.31,730.19,740.07,812884.0,EQIX.O,20250408,易昆尼克斯,"Equinix, Inc.",USD
728.82,798.57,701.41,797.43,753232.0,EQIX.O,20250409,易昆尼克斯,"Equinix, Inc.",USD
776.06,781.6,750.59,770.74,696128.0,EQIX.O,20250410,易昆尼克斯,"Equinix, Inc.",USD
756.14,783.45,749.64,776.83,513956.0,EQIX.O,20250411,易昆尼克斯,"Equinix, Inc.",USD
782.98,793.43,775.8,783.87,621169.0,EQIX.O,20250414,易昆尼克斯,"Equinix, Inc.",USD
788.42,796.3,781.31,787.49,352483.0,EQIX.O,20250415,易昆尼克斯,"Equinix, Inc.",USD
780.17,788.79,773.79,778.68,405370.0,EQIX.O,20250416,易昆尼克斯,"Equinix, Inc.",USD
794.41,801.96,787.82,790.15,479699.0,EQIX.O,20250417,易昆尼克斯,"Equinix, Inc.",USD
783.79,784.52,759.04,773.2,493787.0,EQIX.O,20250421,易昆尼克斯,"Equinix, Inc.",USD
782.25,796.4,782.25,791.12,556852.0,EQIX.O,20250422,易昆尼克斯,"Equinix, Inc.",USD
805.33,826.03,800.06,809.46,640162.0,EQIX.O,20250423,易昆尼克斯,"Equinix, Inc.",USD
809.6,823.32,802.46,817.19,490965.0,EQIX.O,20250424,易昆尼克斯,"Equinix, Inc.",USD
827.0,844.42,825.0,838.1,605305.0,EQIX.O,20250425,易昆尼克斯,"Equinix, Inc.",USD
834.58,846.81,833.46,844.68,521031.0,EQIX.O,20250428,易昆尼克斯,"Equinix, Inc.",USD
848.2,860.91,842.49,851.65,696125.0,EQIX.O,20250429,易昆尼克斯,"Equinix, Inc.",USD
840.0,864.14,839.57,860.75,729358.0,EQIX.O,20250430,易昆尼克斯,"Equinix, Inc.",USD
863.7,885.0,860.07,861.97,677264.0,EQIX.O,20250501,易昆尼克斯,"Equinix, Inc.",USD
875.94,880.02,870.48,875.85,443371.0,EQIX.O,20250502,易昆尼克斯,"Equinix, Inc.",USD
879.11,887.95,872.94,883.21,377564.0,EQIX.O,20250505,易昆尼克斯,"Equinix, Inc.",USD
880.0,887.07,872.64,875.38,439195.0,EQIX.O,20250506,易昆尼克斯,"Equinix, Inc.",USD
873.43,881.64,869.7,872.48,576826.0,EQIX.O,20250507,易昆尼克斯,"Equinix, Inc.",USD
875.66,882.88,859.56,860.99,496204.0,EQIX.O,20250508,易昆尼克斯,"Equinix, Inc.",USD
850.0,869.0,837.37,864.39,225991.0,EQIX.O,20250509,易昆尼克斯,"Equinix, Inc.",USD
883.76,883.76,862.0,870.47,507214.0,EQIX.O,20250512,易昆尼克斯,"Equinix, Inc.",USD
872.31,874.36,862.36,868.79,774724.0,EQIX.O,20250513,易昆尼克斯,"Equinix, Inc.",USD
866.43,872.64,856.15,859.21,590227.0,EQIX.O,20250514,易昆尼克斯,"Equinix, Inc.",USD
858.1,868.83,858.1,867.24,429306.0,EQIX.O,20250515,易昆尼克斯,"Equinix, Inc.",USD
869.41,876.49,861.29,875.92,589453.0,EQIX.O,20250516,易昆尼克斯,"Equinix, Inc.",USD
863.09,880.97,863.09,877.57,412372.0,EQIX.O,20250519,易昆尼克斯,"Equinix, Inc.",USD
868.33,876.55,865.41,875.89,296685.0,EQIX.O,20250520,易昆尼克斯,"Equinix, Inc.",USD
866.87,870.88,855.03,859.14,793743.0,EQIX.O,20250521,易昆尼克斯,"Equinix, Inc.",USD
863.4,870.25,858.14,866.5,413416.0,EQIX.O,20250522,易昆尼克斯,"Equinix, Inc.",USD
864.9,867.3,857.54,863.46,441675.0,EQIX.O,20250523,易昆尼克斯,"Equinix, Inc.",USD
871.0,883.2,867.99,876.81,501964.0,EQIX.O,20250527,易昆尼克斯,"Equinix, Inc.",USD
883.67,883.67,872.24,880.62,373124.0,EQIX.O,20250528,易昆尼克斯,"Equinix, Inc.",USD
880.62,896.15,872.0,887.43,290632.0,EQIX.O,20250529,易昆尼克斯,"Equinix, Inc.",USD
877.83,894.48,876.18,888.82,973117.0,EQIX.O,20250530,易昆尼克斯,"Equinix, Inc.",USD
884.2,890.64,874.4,890.49,338019.0,EQIX.O,20250602,易昆尼克斯,"Equinix, Inc.",USD
887.08,896.81,881.69,894.84,535940.0,EQIX.O,20250603,易昆尼克斯,"Equinix, Inc.",USD
895.88,913.94,890.04,912.2,573268.0,EQIX.O,20250604,易昆尼克斯,"Equinix, Inc.",USD
915.43,924.88,906.09,909.74,605916.0,EQIX.O,20250605,易昆尼克斯,"Equinix, Inc.",USD
914.82,917.39,909.25,914.43,294194.0,EQIX.O,20250606,易昆尼克斯,"Equinix, Inc.",USD
911.89,915.29,906.31,907.48,336552.0,EQIX.O,20250609,易昆尼克斯,"Equinix, Inc.",USD
907.82,911.38,895.56,907.34,439496.0,EQIX.O,20250610,易昆尼克斯,"Equinix, Inc.",USD
905.99,913.15,893.13,893.7,547537.0,EQIX.O,20250611,易昆尼克斯,"Equinix, Inc.",USD
893.7,902.5,893.49,896.42,493982.0,EQIX.O,20250612,易昆尼克斯,"Equinix, Inc.",USD
892.6,894.35,883.31,892.64,502461.0,EQIX.O,20250613,易昆尼克斯,"Equinix, Inc.",USD
894.08,900.65,886.84,888.15,543147.0,EQIX.O,20250616,易昆尼克斯,"Equinix, Inc.",USD
890.33,898.7,883.43,886.76,606659.0,EQIX.O,20250617,易昆尼克斯,"Equinix, Inc.",USD
883.66,892.78,882.09,886.85,550249.0,EQIX.O,20250618,易昆尼克斯,"Equinix, Inc.",USD
890.36,894.61,882.02,882.88,788142.0,EQIX.O,20250620,易昆尼克斯,"Equinix, Inc.",USD
885.64,897.04,883.75,889.98,693038.0,EQIX.O,20250623,易昆尼克斯,"Equinix, Inc.",USD
896.58,910.6,886.1,906.5,436450.0,EQIX.O,20250624,易昆尼克斯,"Equinix, Inc.",USD
904.46,905.37,818.24,824.31,1351993.0,EQIX.O,20250625,易昆尼克斯,"Equinix, Inc.",USD
791.04,794.56,710.52,745.53,4005348.0,EQIX.O,20250626,易昆尼克斯,"Equinix, Inc.",USD
763.85,792.28,754.01,785.11,2193263.0,EQIX.O,20250627,易昆尼克斯,"Equinix, Inc.",USD
792.67,796.4,776.43,795.47,1067124.0,EQIX.O,20250630,易昆尼克斯,"Equinix, Inc.",USD
797.25,800.53,782.9,795.38,971302.0,EQIX.O,20250701,易昆尼克斯,"Equinix, Inc.",USD
794.12,796.97,784.91,795.15,630971.0,EQIX.O,20250702,易昆尼克斯,"Equinix, Inc.",USD
797.69,797.69,782.79,787.0,539869.0,EQIX.O,20250703,易昆尼克斯,"Equinix, Inc.",USD
789.11,794.16,772.56,777.12,700807.0,EQIX.O,20250707,易昆尼克斯,"Equinix, Inc.",USD
777.39,781.91,761.27,767.39,668388.0,EQIX.O,20250708,易昆尼克斯,"Equinix, Inc.",USD
774.86,774.86,760.4,764.71,534810.0,EQIX.O,20250709,易昆尼克斯,"Equinix, Inc.",USD
776.34,777.77,753.52,758.89,751071.0,EQIX.O,20250710,易昆尼克斯,"Equinix, Inc.",USD
750.05,759.38,743.88,756.7,587383.0,EQIX.O,20250711,易昆尼克斯,"Equinix, Inc.",USD
757.55,764.26,756.56,760.2,427997.0,EQIX.O,20250714,易昆尼克斯,"Equinix, Inc.",USD
761.26,767.4,755.97,759.96,580876.0,EQIX.O,20250715,易昆尼克斯,"Equinix, Inc.",USD
763.33,769.54,756.65,765.64,447249.0,EQIX.O,20250716,易昆尼克斯,"Equinix, Inc.",USD
762.45,776.58,758.94,775.57,435652.0,EQIX.O,20250717,易昆尼克斯,"Equinix, Inc.",USD
781.64,782.48,769.6,777.78,626123.0,EQIX.O,20250718,易昆尼克斯,"Equinix, Inc.",USD
793.0,806.96,787.81,789.19,1003345.0,EQIX.O,20250721,易昆尼克斯,"Equinix, Inc.",USD
789.38,803.85,789.38,800.55,566166.0,EQIX.O,20250722,易昆尼克斯,"Equinix, Inc.",USD
798.21,801.07,793.43,796.21,429350.0,EQIX.O,20250723,易昆尼克斯,"Equinix, Inc.",USD
794.05,795.5,785.37,789.54,370730.0,EQIX.O,20250724,易昆尼克斯,"Equinix, Inc.",USD
791.32,803.4,786.75,801.43,482799.0,EQIX.O,20250725,易昆尼克斯,"Equinix, Inc.",USD
801.62,805.08,791.72,793.62,578290.0,EQIX.O,20250728,易昆尼克斯,"Equinix, Inc.",USD
797.29,813.18,795.34,811.13,612876.0,EQIX.O,20250729,易昆尼克斯,"Equinix, Inc.",USD
811.53,815.0,791.72,797.04,572842.0,EQIX.O,20250730,易昆尼克斯,"Equinix, Inc.",USD
805.66,809.47,783.46,785.17,935304.0,EQIX.O,20250731,易昆尼克斯,"Equinix, Inc.",USD
784.83,784.83,765.16,771.75,500937.0,EQIX.O,20250801,易昆尼克斯,"Equinix, Inc.",USD
772.16,780.94,767.21,778.39,538454.0,EQIX.O,20250804,易昆尼克斯,"Equinix, Inc.",USD
778.5,780.73,773.29,778.94,456740.0,EQIX.O,20250805,易昆尼克斯,"Equinix, Inc.",USD
780.14,783.16,772.22,773.0,316315.0,EQIX.O,20250806,易昆尼克斯,"Equinix, Inc.",USD
775.33,780.84,767.52,779.34,325053.0,EQIX.O,20250807,易昆尼克斯,"Equinix, Inc.",USD
776.38,780.23,765.5,776.2,252817.0,EQIX.O,20250808,易昆尼克斯,"Equinix, Inc.",USD
772.81,781.91,770.02,776.75,311818.0,EQIX.O,20250811,易昆尼克斯,"Equinix, Inc.",USD
780.04,787.84,773.65,787.32,337881.0,EQIX.O,20250812,易昆尼克斯,"Equinix, Inc.",USD
788.0,794.0,783.0,784.0,420488.0,EQIX.O,20250813,易昆尼克斯,"Equinix, Inc.",USD
776.69,778.85,765.0,775.37,506908.0,EQIX.O,20250814,易昆尼克斯,"Equinix, Inc.",USD
777.89,786.09,774.0,781.31,545077.0,EQIX.O,20250815,易昆尼克斯,"Equinix, Inc.",USD
781.5,785.69,768.8,769.65,478776.0,EQIX.O,20250818,易昆尼克斯,"Equinix, Inc.",USD
773.56,777.78,767.13,773.46,301396.0,EQIX.O,20250819,易昆尼克斯,"Equinix, Inc.",USD
773.83,782.99,770.74,776.29,417697.0,EQIX.O,20250820,易昆尼克斯,"Equinix, Inc.",USD
771.26,773.01,765.46,772.19,345185.0,EQIX.O,20250821,易昆尼克斯,"Equinix, Inc.",USD
779.9,793.0,777.73,786.47,317024.0,EQIX.O,20250822,易昆尼克斯,"Equinix, Inc.",USD
790.0,790.0,781.9,782.38,349033.0,EQIX.O,20250825,易昆尼克斯,"Equinix, Inc.",USD
786.92,788.94,775.0,781.79,488379.0,EQIX.O,20250826,易昆尼克斯,"Equinix, Inc.",USD
783.6,793.86,783.6,790.56,414037.0,EQIX.O,20250827,易昆尼克斯,"Equinix, Inc.",USD
789.03,790.51,782.22,786.35,336980.0,EQIX.O,20250828,易昆尼克斯,"Equinix, Inc.",USD
786.22,790.32,783.24,786.19,321946.0,EQIX.O,20250829,易昆尼克斯,"Equinix, Inc.",USD
777.45,779.62,769.1,771.56,457945.0,EQIX.O,20250902,易昆尼克斯,"Equinix, Inc.",USD
770.0,770.61,751.29,762.22,573001.0,EQIX.O,20250903,易昆尼克斯,"Equinix, Inc.",USD
764.8,768.59,757.75,767.93,387314.0,EQIX.O,20250904,易昆尼克斯,"Equinix, Inc.",USD
769.0,777.97,766.94,773.68,321984.0,EQIX.O,20250905,易昆尼克斯,"Equinix, Inc.",USD
767.93,769.62,759.38,765.51,462226.0,EQIX.O,20250908,易昆尼克斯,"Equinix, Inc.",USD
763.15,780.58,762.06,779.54,358443.0,EQIX.O,20250909,易昆尼克斯,"Equinix, Inc.",USD
782.29,801.99,780.44,780.6,488653.0,EQIX.O,20250910,易昆尼克斯,"Equinix, Inc.",USD
782.16,799.71,782.16,797.48,384431.0,EQIX.O,20250911,易昆尼克斯,"Equinix, Inc.",USD
797.48,800.38,788.17,788.61,367806.0,EQIX.O,20250912,易昆尼克斯,"Equinix, Inc.",USD
791.31,798.19,789.18,791.68,509574.0,EQIX.O,20250915,易昆尼克斯,"Equinix, Inc.",USD
791.19,791.19,771.14,779.31,486293.0,EQIX.O,20250916,易昆尼克斯,"Equinix, Inc.",USD
784.21,793.85,778.63,778.78,372287.0,EQIX.O,20250917,易昆尼克斯,"Equinix, Inc.",USD
783.38,791.45,779.33,785.3,463374.0,EQIX.O,20250918,易昆尼克斯,"Equinix, Inc.",USD
791.84,796.0,782.19,791.25,1214695.0,EQIX.O,20250919,易昆尼克斯,"Equinix, Inc.",USD
782.97,801.2,782.67,798.07,513644.0,EQIX.O,20250922,易昆尼克斯,"Equinix, Inc.",USD
798.0,805.82,794.02,803.28,530182.0,EQIX.O,20250923,易昆尼克斯,"Equinix, Inc.",USD
798.65,803.22,788.17,789.79,693175.0,EQIX.O,20250924,易昆尼克斯,"Equinix, Inc.",USD
789.79,792.0,782.04,782.88,337761.0,EQIX.O,20250925,易昆尼克斯,"Equinix, Inc.",USD
788.26,791.33,781.1,790.34,326181.0,EQIX.O,20250926,易昆尼克斯,"Equinix, Inc.",USD
794.6,794.6,779.2,781.72,623414.0,EQIX.O,20250929,易昆尼克斯,"Equinix, Inc.",USD
783.18,785.37,773.63,783.24,589374.0,EQIX.O,20250930,易昆尼克斯,"Equinix, Inc.",USD
781.79,785.96,772.16,773.95,681693.0,EQIX.O,20251001,易昆尼克斯,"Equinix, Inc.",USD
774.56,777.98,766.29,772.6,442966.0,EQIX.O,20251002,易昆尼克斯,"Equinix, Inc.",USD
772.59,780.84,770.8,778.74,391912.0,EQIX.O,20251003,易昆尼克斯,"Equinix, Inc.",USD
779.45,792.33,773.17,789.84,425345.0,EQIX.O,20251006,易昆尼克斯,"Equinix, Inc.",USD
789.99,790.87,778.96,787.08,286760.0,EQIX.O,20251007,易昆尼克斯,"Equinix, Inc.",USD
787.24,808.15,782.49,803.62,474943.0,EQIX.O,20251008,易昆尼克斯,"Equinix, Inc.",USD
806.33,808.53,799.5,808.33,324248.0,EQIX.O,20251009,易昆尼克斯,"Equinix, Inc.",USD
810.0,811.05,795.12,800.6,470494.0,EQIX.O,20251010,易昆尼克斯,"Equinix, Inc.",USD
802.0,810.42,796.74,806.29,446445.0,EQIX.O,20251013,易昆尼克斯,"Equinix, Inc.",USD
804.79,822.53,802.97,817.42,502069.0,EQIX.O,20251014,易昆尼克斯,"Equinix, Inc.",USD
819.78,831.25,816.0,822.24,359451.0,EQIX.O,20251015,易昆尼克斯,"Equinix, Inc.",USD
824.53,832.15,811.72,812.77,468380.0,EQIX.O,20251016,易昆尼克斯,"Equinix, Inc.",USD
812.77,816.29,806.99,813.93,350583.0,EQIX.O,20251017,易昆尼克斯,"Equinix, Inc.",USD
817.74,827.7,814.0,825.14,438568.0,EQIX.O,20251020,易昆尼克斯,"Equinix, Inc.",USD
819.69,823.46,801.01,822.0,384938.0,EQIX.O,20251021,易昆尼克斯,"Equinix, Inc.",USD
824.66,829.85,817.84,829.05,433025.0,EQIX.O,20251022,易昆尼克斯,"Equinix, Inc.",USD
830.0,833.89,818.58,831.93,375632.0,EQIX.O,20251023,易昆尼克斯,"Equinix, Inc.",USD
842.14,847.36,837.05,839.49,367714.0,EQIX.O,20251024,易昆尼克斯,"Equinix, Inc.",USD
843.0,851.08,834.85,842.77,468534.0,EQIX.O,20251027,易昆尼克斯,"Equinix, Inc.",USD
841.11,842.42,815.96,816.13,603777.0,EQIX.O,20251028,易昆尼克斯,"Equinix, Inc.",USD
812.95,813.96,794.65,797.73,557089.0,EQIX.O,20251029,易昆尼克斯,"Equinix, Inc.",USD
801.39,853.83,801.39,833.16,1065524.0,EQIX.O,20251030,易昆尼克斯,"Equinix, Inc.",USD
828.62,852.19,821.92,846.01,816969.0,EQIX.O,20251031,易昆尼克斯,"Equinix, Inc.",USD
840.47,846.0,821.17,832.84,506699.0,EQIX.O,20251103,易昆尼克斯,"Equinix, Inc.",USD
834.08,839.73,824.14,829.91,435973.0,EQIX.O,20251104,易昆尼克斯,"Equinix, Inc.",USD
822.54,829.28,810.58,822.12,591995.0,EQIX.O,20251105,易昆尼克斯,"Equinix, Inc.",USD
817.0,827.67,807.47,819.33,671554.0,EQIX.O,20251106,易昆尼克斯,"Equinix, Inc.",USD
824.14,825.25,812.64,824.75,306860.0,EQIX.O,20251107,易昆尼克斯,"Equinix, Inc.",USD
824.0,833.98,816.28,828.13,512926.0,EQIX.O,20251110,易昆尼克斯,"Equinix, Inc.",USD
828.69,831.8,820.29,821.04,441165.0,EQIX.O,20251111,易昆尼克斯,"Equinix, Inc.",USD
819.64,827.16,812.57,813.24,672335.0,EQIX.O,20251112,易昆尼克斯,"Equinix, Inc.",USD
810.96,812.62,780.67,786.54,574843.0,EQIX.O,20251113,易昆尼克斯,"Equinix, Inc.",USD
784.69,787.02,777.87,785.57,498316.0,EQIX.O,20251114,易昆尼克斯,"Equinix, Inc.",USD
786.91,790.51,771.0,776.88,355183.0,EQIX.O,20251117,易昆尼克斯,"Equinix, Inc.",USD
777.58,781.77,769.61,779.17,397681.0,EQIX.O,20251118,易昆尼克斯,"Equinix, Inc.",USD
773.37,774.79,755.43,765.08,512096.0,EQIX.O,20251119,易昆尼克斯,"Equinix, Inc.",USD
772.18,781.11,752.24,752.81,607640.0,EQIX.O,20251120,易昆尼克斯,"Equinix, Inc.",USD
755.61,759.74,744.4,754.68,536201.0,EQIX.O,20251121,易昆尼克斯,"Equinix, Inc.",USD
754.0,760.85,743.19,760.62,1031605.0,EQIX.O,20251124,易昆尼克斯,"Equinix, Inc.",USD
768.85,768.85,747.5,748.15,626208.0,EQIX.O,20251125,易昆尼克斯,"Equinix, Inc.",USD
747.47,756.81,745.52,750.41,476452.0,EQIX.O,20251126,易昆尼克斯,"Equinix, Inc.",USD
748.64,759.21,745.01,753.31,301080.0,EQIX.O,20251128,易昆尼克斯,"Equinix, Inc.",USD
746.63,746.63,732.16,733.28,588536.0,EQIX.O,20251201,易昆尼克斯,"Equinix, Inc.",USD
735.0,735.57,724.16,727.38,828253.0,EQIX.O,20251202,易昆尼克斯,"Equinix, Inc.",USD
728.8,735.19,724.42,732.72,991823.0,EQIX.O,20251203,易昆尼克斯,"Equinix, Inc.",USD
722.1,738.0,720.62,726.09,720800.0,EQIX.O,20251204,易昆尼克斯,"Equinix, Inc.",USD
727.49,747.88,724.71,741.58,760865.0,EQIX.O,20251205,易昆尼克斯,"Equinix, Inc.",USD
741.59,748.39,737.21,739.93,546336.0,EQIX.O,20251208,易昆尼克斯,"Equinix, Inc.",USD
737.02,747.0,730.87,740.67,417397.0,EQIX.O,20251209,易昆尼克斯,"Equinix, Inc.",USD
743.22,747.46,732.65,734.4,429384.0,EQIX.O,20251210,易昆尼克斯,"Equinix, Inc.",USD
737.41,757.16,730.82,754.13,555733.0,EQIX.O,20251211,易昆尼克斯,"Equinix, Inc.",USD
755.82,764.5,726.95,750.32,697133.0,EQIX.O,20251212,易昆尼克斯,"Equinix, Inc.",USD
755.86,762.55,749.5,761.39,632870.0,EQIX.O,20251215,易昆尼克斯,"Equinix, Inc.",USD
759.66,763.11,749.5,758.15,582555.0,EQIX.O,20251216,易昆尼克斯,"Equinix, Inc.",USD
757.0,764.5,739.81,747.88,924478.0,EQIX.O,20251217,易昆尼克斯,"Equinix, Inc.",USD
752.5,757.03,740.75,744.08,723404.0,EQIX.O,20251218,易昆尼克斯,"Equinix, Inc.",USD
742.56,763.06,740.33,758.51,1371455.0,EQIX.O,20251219,易昆尼克斯,"Equinix, Inc.",USD
753.15,762.96,751.22,757.92,413218.0,EQIX.O,20251222,易昆尼克斯,"Equinix, Inc.",USD
757.0,761.04,753.11,760.13,333816.0,EQIX.O,20251223,易昆尼克斯,"Equinix, Inc.",USD
759.43,762.0,755.22,758.72,122919.0,EQIX.O,20251224,易昆尼克斯,"Equinix, Inc.",USD
759.41,763.84,757.88,763.3,164123.0,EQIX.O,20251226,易昆尼克斯,"Equinix, Inc.",USD
765.83,769.23,763.15,765.0,404957.0,EQIX.O,20251229,易昆尼克斯,"Equinix, Inc.",USD
765.41,771.7,762.99,769.71,276041.0,EQIX.O,20251230,易昆尼克斯,"Equinix, Inc.",USD
769.71,771.33,764.5,766.16,340736.0,EQIX.O,20251231,易昆尼克斯,"Equinix, Inc.",USD
766.16,766.6,758.43,764.11,556767.0,EQIX.O,20260102,易昆尼克斯,"Equinix, Inc.",USD
761.08,775.2,755.4,772.02,580416.0,EQIX.O,20260105,易昆尼克斯,"Equinix, Inc.",USD
772.0,789.99,769.63,788.06,452331.0,EQIX.O,20260106,易昆尼克斯,"Equinix, Inc.",USD
791.88,795.25,776.36,776.55,440981.0,EQIX.O,20260107,易昆尼克斯,"Equinix, Inc.",USD
769.75,783.88,767.53,781.88,408450.0,EQIX.O,20260108,易昆尼克斯,"Equinix, Inc.",USD
785.44,804.4,785.44,800.35,321750.0,EQIX.O,20260109,易昆尼克斯,"Equinix, Inc.",USD
799.55,805.0,758.9,783.86,1237716.0,EQIX.O,20260112,易昆尼克斯,"Equinix, Inc.",USD
784.23,808.85,784.23,801.31,587721.0,EQIX.O,20260113,易昆尼克斯,"Equinix, Inc.",USD
797.42,800.92,785.88,799.02,399716.0,EQIX.O,20260114,易昆尼克斯,"Equinix, Inc.",USD
800.55,813.45,797.87,801.82,443496.0,EQIX.O,20260115,易昆尼克斯,"Equinix, Inc.",USD
802.32,809.56,796.29,801.78,532393.0,EQIX.O,20260116,易昆尼克斯,"Equinix, Inc.",USD
792.63,794.74,782.01,784.2,496977.0,EQIX.O,20260120,易昆尼克斯,"Equinix, Inc.",USD
790.0,809.54,786.72,795.48,566346.0,EQIX.O,20260121,易昆尼克斯,"Equinix, Inc.",USD
796.6,801.86,788.37,792.76,346978.0,EQIX.O,20260122,易昆尼克斯,"Equinix, Inc.",USD
792.09,800.8,784.35,791.27,467368.0,EQIX.O,20260123,易昆尼克斯,"Equinix, Inc.",USD
795.68,810.02,793.18,806.35,567295.0,EQIX.O,20260126,易昆尼克斯,"Equinix, Inc.",USD
809.96,812.61,796.87,809.55,526278.0,EQIX.O,20260127,易昆尼克斯,"Equinix, Inc.",USD
811.42,831.72,806.31,816.15,589691.0,EQIX.O,20260128,易昆尼克斯,"Equinix, Inc.",USD
818.25,826.96,813.32,826.05,685796.0,EQIX.O,20260129,易昆尼克斯,"Equinix, Inc.",USD
822.02,823.17,808.36,820.93,650158.0,EQIX.O,20260130,易昆尼克斯,"Equinix, Inc.",USD
816.22,826.83,807.63,810.38,603388.0,EQIX.O,20260202,易昆尼克斯,"Equinix, Inc.",USD
809.02,818.0,791.54,801.83,499730.0,EQIX.O,20260203,易昆尼克斯,"Equinix, Inc.",USD
806.38,815.06,799.87,802.13,520307.0,EQIX.O,20260204,易昆尼克斯,"Equinix, Inc.",USD
803.7,814.42,792.85,807.56,595956.0,EQIX.O,20260205,易昆尼克斯,"Equinix, Inc.",USD
815.94,848.88,813.63,848.12,615514.0,EQIX.O,20260206,易昆尼克斯,"Equinix, Inc.",USD
846.57,859.67,840.6,857.74,436666.0,EQIX.O,20260209,易昆尼克斯,"Equinix, Inc.",USD
853.7,864.62,847.55,856.74,510646.0,EQIX.O,20260210,易昆尼克斯,"Equinix, Inc.",USD
860.17,868.02,851.83,867.52,652401.0,EQIX.O,20260211,易昆尼克斯,"Equinix, Inc.",USD
956.44,992.9,940.9,957.87,2685260.0,EQIX.O,20260212,易昆尼克斯,"Equinix, Inc.",USD
956.78,967.03,942.11,956.19,1063985.0,EQIX.O,20260213,易昆尼克斯,"Equinix, Inc.",USD
952.5,958.29,933.0,951.97,700242.0,EQIX.O,20260217,易昆尼克斯,"Equinix, Inc.",USD
948.3,949.97,918.2,924.24,837569.0,EQIX.O,20260218,易昆尼克斯,"Equinix, Inc.",USD
924.24,928.37,916.01,918.03,647974.0,EQIX.O,20260219,易昆尼克斯,"Equinix, Inc.",USD
915.52,928.72,911.4,928.11,993572.0,EQIX.O,20260220,易昆尼克斯,"Equinix, Inc.",USD
926.02,950.11,924.45,945.64,665116.0,EQIX.O,20260223,易昆尼克斯,"Equinix, Inc.",USD
946.3,956.0,940.71,951.9,486156.0,EQIX.O,20260224,易昆尼克斯,"Equinix, Inc.",USD
947.86,962.41,945.0,960.52,639492.0,EQIX.O,20260225,易昆尼克斯,"Equinix, Inc.",USD
963.63,963.63,941.69,948.02,612309.0,EQIX.O,20260226,易昆尼克斯,"Equinix, Inc.",USD
948.02,975.0,943.65,974.26,1141268.0,EQIX.O,20260227,易昆尼克斯,"Equinix, Inc.",USD
959.65,970.79,954.38,966.1,409352.0,EQIX.O,20260302,易昆尼克斯,"Equinix, Inc.",USD
942.26,977.36,942.26,972.01,849632.0,EQIX.O,20260303,易昆尼克斯,"Equinix, Inc.",USD
970.48,974.93,957.26,969.04,624744.0,EQIX.O,20260304,易昆尼克斯,"Equinix, Inc.",USD
954.6,962.53,946.06,953.0,692498.0,EQIX.O,20260305,易昆尼克斯,"Equinix, Inc.",USD
945.07,956.63,933.96,937.2,688426.0,EQIX.O,20260306,易昆尼克斯,"Equinix, Inc.",USD
926.5,947.36,918.28,944.91,699460.0,EQIX.O,20260309,易昆尼克斯,"Equinix, Inc.",USD
944.91,965.0,939.57,956.07,658615.0,EQIX.O,20260310,易昆尼克斯,"Equinix, Inc.",USD
956.46,982.5,955.0,973.43,661195.0,EQIX.O,20260311,易昆尼克斯,"Equinix, Inc.",USD
961.19,981.42,955.55,971.47,756282.0,EQIX.O,20260312,易昆尼克斯,"Equinix, Inc.",USD
979.23,983.38,962.64,969.9,512331.0,EQIX.O,20260313,易昆尼克斯,"Equinix, Inc.",USD
975.03,990.98,974.92,984.46,790291.0,EQIX.O,20260316,易昆尼克斯,"Equinix, Inc.",USD
985.42,990.47,975.36,976.88,422249.0,EQIX.O,20260317,易昆尼克斯,"Equinix, Inc.",USD
978.51,984.23,971.95,973.56,463014.0,EQIX.O,20260318,易昆尼克斯,"Equinix, Inc.",USD
963.34,976.66,959.63,974.76,416334.0,EQIX.O,20260319,易昆尼克斯,"Equinix, Inc.",USD
975.73,979.39,953.72,959.16,1817929.0,EQIX.O,20260320,易昆尼克斯,"Equinix, Inc.",USD
965.8,974.91,953.22,966.96,576010.0,EQIX.O,20260323,易昆尼克斯,"Equinix, Inc.",USD
964.78,974.64,958.52,964.53,499480.0,EQIX.O,20260324,易昆尼克斯,"Equinix, Inc.",USD
970.19,977.83,964.23,965.95,380146.0,EQIX.O,20260325,易昆尼克斯,"Equinix, Inc.",USD
960.77,971.33,954.06,963.39,530184.0,EQIX.O,20260326,易昆尼克斯,"Equinix, Inc.",USD
963.38,968.19,958.27,963.0,397539.0,EQIX.O,20260327,易昆尼克斯,"Equinix, Inc.",USD
972.25,981.83,958.49,964.05,717565.0,EQIX.O,20260330,易昆尼克斯,"Equinix, Inc.",USD
973.81,986.89,963.38,980.24,647806.0,EQIX.O,20260331,易昆尼克斯,"Equinix, Inc.",USD
985.17,999.67,978.02,995.98,476841.0,EQIX.O,20260401,易昆尼克斯,"Equinix, Inc.",USD
989.8,1006.56,986.01,1000.37,464432.0,EQIX.O,20260402,易昆尼克斯,"Equinix, Inc.",USD
999.4,1016.39,997.87,1016.08,301539.0,EQIX.O,20260406,易昆尼克斯,"Equinix, Inc.",USD
1003.23,1008.74,984.11,1007.29,424295.0,EQIX.O,20260407,易昆尼克斯,"Equinix, Inc.",USD
1018.01,1023.47,1002.23,1017.66,505951.0,EQIX.O,20260408,易昆尼克斯,"Equinix, Inc.",USD
1017.98,1039.9,1017.98,1031.57,405854.0,EQIX.O,20260409,易昆尼克斯,"Equinix, Inc.",USD
1031.47,1034.26,1024.04,1030.24,342775.0,EQIX.O,20260410,易昆尼克斯,"Equinix, Inc.",USD
1027.59,1057.88,1023.77,1056.84,450962.0,EQIX.O,20260413,易昆尼克斯,"Equinix, Inc.",USD
1060.07,1060.07,1044.17,1057.37,510679.0,EQIX.O,20260414,易昆尼克斯,"Equinix, Inc.",USD
1059.77,1059.77,1043.29,1052.98,614039.0,EQIX.O,20260415,易昆尼克斯,"Equinix, Inc.",USD
1051.1,1072.88,1051.1,1070.9,467531.0,EQIX.O,20260416,易昆尼克斯,"Equinix, Inc.",USD
1074.74,1093.03,1068.9,1088.62,463120.0,EQIX.O,20260417,易昆尼克斯,"Equinix, Inc.",USD
1093.18,1104.29,1087.32,1103.97,373339.0,EQIX.O,20260420,易昆尼克斯,"Equinix, Inc.",USD
1100.54,1108.19,1087.17,1094.34,507382.0,EQIX.O,20260421,易昆尼克斯,"Equinix, Inc.",USD
1096.78,1107.93,1095.93,1102.28,519898.0,EQIX.O,20260422,易昆尼克斯,"Equinix, Inc.",USD
1097.8,1123.92,1097.8,1115.29,563845.0,EQIX.O,20260423,易昆尼克斯,"Equinix, Inc.",USD
1121.83,1128.68,1103.32,1108.76,610153.0,EQIX.O,20260424,易昆尼克斯,"Equinix, Inc.",USD
1103.95,1108.47,1084.83,1089.85,589538.0,EQIX.O,20260427,易昆尼克斯,"Equinix, Inc.",USD
1090.41,1097.51,1063.29,1076.4,807123.0,EQIX.O,20260428,易昆尼克斯,"Equinix, Inc.",USD
1074.36,1093.62,1068.56,1089.07,672957.0,EQIX.O,20260429,易昆尼克斯,"Equinix, Inc.",USD
1048.76,1084.85,1045.0,1082.83,1077438.0,EQIX.O,20260430,易昆尼克斯,"Equinix, Inc.",USD
1086.13,1091.69,1070.04,1085.03,658273.0,EQIX.O,20260501,易昆尼克斯,"Equinix, Inc.",USD
1087.19,1091.18,1075.29,1083.2,485518.0,EQIX.O,20260504,易昆尼克斯,"Equinix, Inc.",USD
1088.39,1089.58,1067.07,1078.46,385814.0,EQIX.O,20260505,易昆尼克斯,"Equinix, Inc.",USD
1082.9,1097.44,1078.47,1087.96,545506.0,EQIX.O,20260506,易昆尼克斯,"Equinix, Inc.",USD
1084.11,1090.6,1061.42,1066.76,443884.0,EQIX.O,20260507,易昆尼克斯,"Equinix, Inc.",USD
1072.41,1082.62,1064.95,1072.08,428813.0,EQIX.O,20260508,易昆尼克斯,"Equinix, Inc.",USD
1072.61,1094.85,1071.33,1086.22,679362.0,EQIX.O,20260511,易昆尼克斯,"Equinix, Inc.",USD
1080.71,1085.09,1069.68,1080.63,464064.0,EQIX.O,20260512,易昆尼克斯,"Equinix, Inc.",USD
1074.91,1085.94,1060.9,1077.28,625914.0,EQIX.O,20260513,易昆尼克斯,"Equinix, Inc.",USD
1077.28,1085.76,1072.55,1079.68,479624.0,EQIX.O,20260514,易昆尼克斯,"Equinix, Inc.",USD
1077.44,1077.44,1055.2,1059.44,453752.0,EQIX.O,20260515,易昆尼克斯,"Equinix, Inc.",USD
1060.29,1065.51,1047.75,1062.62,423289.0,EQIX.O,20260518,易昆尼克斯,"Equinix, Inc.",USD
1059.98,1066.38,1044.7,1048.43,482716.0,EQIX.O,20260519,易昆尼克斯,"Equinix, Inc.",USD
1044.84,1066.86,1044.3,1065.06,496432.0,EQIX.O,20260520,易昆尼克斯,"Equinix, Inc.",USD
1063.37,1079.42,1061.15,1078.42,534996.0,EQIX.O,20260521,易昆尼克斯,"Equinix, Inc.",USD
1078.42,1084.1,1068.55,1079.79,427324.0,EQIX.O,20260522,易昆尼克斯,"Equinix, Inc.",USD
1086.94,1088.73,1076.29,1077.63,1208916.0,EQIX.O,20260526,易昆尼克斯,"Equinix, Inc.",USD
1068.51,1079.22,1066.94,1070.22,416644.0,EQIX.O,20260527,易昆尼克斯,"Equinix, Inc.",USD
1065.93,1080.77,1056.0,1069.44,443147.0,EQIX.O,20260528,易昆尼克斯,"Equinix, Inc.",USD
1069.25,1072.5,1055.64,1068.04,943916.0,EQIX.O,20260529,易昆尼克斯,"Equinix, Inc.",USD
1066.27,1066.27,1050.0,1050.77,325458.0,EQIX.O,20260601,易昆尼克斯,"Equinix, Inc.",USD
1049.29,1076.72,1049.29,1071.8,465835.0,EQIX.O,20260602,易昆尼克斯,"Equinix, Inc.",USD
1082.94,1107.15,1074.99,1077.0,724601.0,EQIX.O,20260603,易昆尼克斯,"Equinix, Inc.",USD
1079.93,1091.97,1061.34,1089.15,488499.0,EQIX.O,20260604,易昆尼克斯,"Equinix, Inc.",USD
1079.42,1093.0,1076.8,1080.95,524866.0,EQIX.O,20260605,易昆尼克斯,"Equinix, Inc.",USD
1083.22,1084.55,1058.95,1062.74,404814.0,EQIX.O,20260608,易昆尼克斯,"Equinix, Inc.",USD
1072.49,1073.79,1056.04,1059.84,413595.0,EQIX.O,20260609,易昆尼克斯,"Equinix, Inc.",USD
1068.49,1069.33,1032.72,1038.33,597478.0,EQIX.O,20260610,易昆尼克斯,"Equinix, Inc.",USD
1041.2,1048.23,1032.08,1043.18,584783.0,EQIX.O,20260611,易昆尼克斯,"Equinix, Inc.",USD
1048.78,1055.88,1043.75,1055.85,500250.0,EQIX.O,20260612,易昆尼克斯,"Equinix, Inc.",USD
1050.45,1077.21,1044.34,1064.38,672852.0,EQIX.O,20260615,易昆尼克斯,"Equinix, Inc.",USD
1080.13,1107.22,1071.93,1094.68,594328.0,EQIX.O,20260616,易昆尼克斯,"Equinix, Inc.",USD
1094.68,1106.12,1080.94,1088.52,804219.0,EQIX.O,20260617,易昆尼克斯,"Equinix, Inc.",USD
1104.5,1114.6,1088.62,1092.19,807852.0,EQIX.O,20260618,易昆尼克斯,"Equinix, Inc.",USD
1100.23,1117.68,1087.55,1115.94,718510.0,EQIX.O,20260622,易昆尼克斯,"Equinix, Inc.",USD
1104.6,1124.0,1096.01,1115.93,872942.0,EQIX.O,20260623,易昆尼克斯,"Equinix, Inc.",USD
1116.0,1117.98,1088.97,1095.0,812469.0,EQIX.O,20260624,易昆尼克斯,"Equinix, Inc.",USD
1096.65,1106.0,1074.68,1087.61,721800.0,EQIX.O,20260625,易昆尼克斯,"Equinix, Inc.",USD
1081.24,1094.87,1071.93,1091.3,762315.0,EQIX.O,20260626,易昆尼克斯,"Equinix, Inc.",USD
1097.1,1106.46,1075.31,1085.17,478430.0,EQIX.O,20260629,易昆尼克斯,"Equinix, Inc.",USD
1067.73,1070.62,1040.57,1042.39,1295553.0,EQIX.O,20260630,易昆尼克斯,"Equinix, Inc.",USD
1027.55,1045.54,1003.4,1013.62,956422.0,EQIX.O,20260701,易昆尼克斯,"Equinix, Inc.",USD
1028.63,1028.63,994.04,1002.02,720148.0,EQIX.O,20260702,易昆尼克斯,"Equinix, Inc.",USD
1012.11,1016.73,993.81,998.84,560845.0,EQIX.O,20260706,易昆尼克斯,"Equinix, Inc.",USD
994.64,1027.51,994.43,1022.93,518886.0,EQIX.O,20260707,易昆尼克斯,"Equinix, Inc.",USD
1007.77,1030.65,1007.77,1015.97,495977.0,EQIX.O,20260708,易昆尼克斯,"Equinix, Inc.",USD
1030.21,1038.24,1025.13,1034.87,420266.0,EQIX.O,20260709,易昆尼克斯,"Equinix, Inc.",USD
1035.82,1051.73,1025.86,1051.21,330050.0,EQIX.O,20260710,易昆尼克斯,"Equinix, Inc.",USD
1051.21,1054.54,1034.27,1039.53,324146.0,EQIX.O,20260713,易昆尼克斯,"Equinix, Inc.",USD
1036.3,1043.28,1017.51,1023.54,428256.0,EQIX.O,20260714,易昆尼克斯,"Equinix, Inc.",USD
1023.54,1030.35,1002.58,1022.6,561136.0,EQIX.O,20260715,易昆尼克斯,"Equinix, Inc.",USD
1017.29,1019.87,999.79,1009.14,478434.0,EQIX.O,20260716,易昆尼克斯,"Equinix, Inc.",USD
1005.66,1024.01,993.92,1020.0,567965.0,EQIX.O,20260717,易昆尼克斯,"Equinix, Inc.",USD
1026.43,1035.78,1013.15,1017.31,458304.0,EQIX.O,20260720,易昆尼克斯,"Equinix, Inc.",USD
1018.84,1036.33,1018.4,1027.88,538438.0,EQIX.O,20260721,易昆尼克斯,"Equinix, Inc.",USD
1035.2,1037.01,1026.1,1028.74,346715.0,EQIX.O,20260722,易昆尼克斯,"Equinix, Inc.",USD
1022.96,1041.52,1022.96,1033.55,401939.0,EQIX.O,20260723,易昆尼克斯,"Equinix, Inc.",USD
1059.37,1104.99,1055.6,1084.24,783117.0,EQIX.O,20260724,易昆尼克斯,"Equinix, Inc.",USD
1084.24,1085.71,1041.78,1046.79,514693.0,EQIX.O,20260727,易昆尼克斯,"Equinix, Inc.",USD
