open,high,low,close,volume,thscode,time,thsname_cn,thsname_en,currency
67.16,68.49,66.99,68.06,5944664,O.N,2021-06-21,Realty Income,Realty Income Corporation,USD
67.77,68.095,67.46,67.48,3887942,O.N,2021-06-22,Realty Income,Realty Income Corporation,USD
67.48,67.915,67.22,67.42,2881581,O.N,2021-06-23,Realty Income,Realty Income Corporation,USD
67.9,67.9,66.88,67.0,3388683,O.N,2021-06-24,Realty Income,Realty Income Corporation,USD
67.41,68.21,67.063,68.13,3884154,O.N,2021-06-25,Realty Income,Realty Income Corporation,USD
68.17,68.245,67.51,67.83,4583028,O.N,2021-06-28,Realty Income,Realty Income Corporation,USD
67.84,68.5,67.69,67.95,4132591,O.N,2021-06-29,Realty Income,Realty Income Corporation,USD
67.66,68.28,66.63,66.74,4164395,O.N,2021-06-30,Realty Income,Realty Income Corporation,USD
65.76,67.51,65.75,67.05,7642608,O.N,2021-07-01,Realty Income,Realty Income Corporation,USD
67.3,67.905,67.11,67.48,3298858,O.N,2021-07-02,Realty Income,Realty Income Corporation,USD
67.58,68.4,67.035,68.25,3961741,O.N,2021-07-06,Realty Income,Realty Income Corporation,USD
68.02,68.44,67.58,68.19,2698965,O.N,2021-07-07,Realty Income,Realty Income Corporation,USD
67.95,68.31,67.5,67.9,2980549,O.N,2021-07-08,Realty Income,Realty Income Corporation,USD
68.23,68.9,67.91,68.87,2578438,O.N,2021-07-09,Realty Income,Realty Income Corporation,USD
68.7,69.56,68.47,69.3,2657397,O.N,2021-07-12,Realty Income,Realty Income Corporation,USD
69.13,69.36,68.08,68.46,2694144,O.N,2021-07-13,Realty Income,Realty Income Corporation,USD
68.38,69.095,68.35,68.86,2642493,O.N,2021-07-14,Realty Income,Realty Income Corporation,USD
69.01,69.33,68.84,69.28,2075767,O.N,2021-07-15,Realty Income,Realty Income Corporation,USD
69.69,70.04,69.452,69.56,2853139,O.N,2021-07-16,Realty Income,Realty Income Corporation,USD
68.85,68.95,68.04,68.7,3713661,O.N,2021-07-19,Realty Income,Realty Income Corporation,USD
68.95,70.53,68.92,70.25,3794490,O.N,2021-07-20,Realty Income,Realty Income Corporation,USD
70.21,70.8,70.14,70.18,1955660,O.N,2021-07-21,Realty Income,Realty Income Corporation,USD
69.92,70.1,69.53,69.91,2052453,O.N,2021-07-22,Realty Income,Realty Income Corporation,USD
70.0,70.605,69.97,70.48,1767059,O.N,2021-07-23,Realty Income,Realty Income Corporation,USD
70.35,70.9,70.21,70.66,2952391,O.N,2021-07-26,Realty Income,Realty Income Corporation,USD
70.36,71.378,70.305,71.04,3503331,O.N,2021-07-27,Realty Income,Realty Income Corporation,USD
71.35,71.35,70.29,70.33,3489371,O.N,2021-07-28,Realty Income,Realty Income Corporation,USD
70.51,70.95,70.14,70.22,2358939,O.N,2021-07-29,Realty Income,Realty Income Corporation,USD
70.4,71.45,70.22,70.29,5510086,O.N,2021-07-30,Realty Income,Realty Income Corporation,USD
70.58,71.25,69.92,69.93,3097722,O.N,2021-08-02,Realty Income,Realty Income Corporation,USD
70.3,70.89,69.66,70.41,2898915,O.N,2021-08-03,Realty Income,Realty Income Corporation,USD
70.39,70.605,69.985,70.15,2962989,O.N,2021-08-04,Realty Income,Realty Income Corporation,USD
70.5,70.8,70.115,70.79,2660220,O.N,2021-08-05,Realty Income,Realty Income Corporation,USD
70.84,71.2,70.38,70.62,2018740,O.N,2021-08-06,Realty Income,Realty Income Corporation,USD
70.56,70.89,70.21,70.62,2279966,O.N,2021-08-09,Realty Income,Realty Income Corporation,USD
70.61,70.64,70.0,70.09,2155684,O.N,2021-08-10,Realty Income,Realty Income Corporation,USD
70.47,71.055,70.21,70.91,2304601,O.N,2021-08-11,Realty Income,Realty Income Corporation,USD
71.05,71.17,70.382,70.93,1750750,O.N,2021-08-12,Realty Income,Realty Income Corporation,USD
71.23,71.98,71.04,71.95,2891332,O.N,2021-08-13,Realty Income,Realty Income Corporation,USD
71.97,72.73,71.94,72.52,2898682,O.N,2021-08-16,Realty Income,Realty Income Corporation,USD
72.38,72.58,71.64,72.31,2414186,O.N,2021-08-17,Realty Income,Realty Income Corporation,USD
72.17,72.36,71.56,71.71,2365372,O.N,2021-08-18,Realty Income,Realty Income Corporation,USD
71.47,72.25,71.11,71.54,3585907,O.N,2021-08-19,Realty Income,Realty Income Corporation,USD
71.54,72.34,70.85,71.91,4754605,O.N,2021-08-20,Realty Income,Realty Income Corporation,USD
71.99,72.3,71.025,71.14,3152540,O.N,2021-08-23,Realty Income,Realty Income Corporation,USD
71.46,71.5,70.63,70.84,2928793,O.N,2021-08-24,Realty Income,Realty Income Corporation,USD
70.72,71.395,70.26,70.93,2348576,O.N,2021-08-25,Realty Income,Realty Income Corporation,USD
70.92,71.26,70.61,70.98,1927326,O.N,2021-08-26,Realty Income,Realty Income Corporation,USD
71.22,71.855,71.18,71.55,2645349,O.N,2021-08-27,Realty Income,Realty Income Corporation,USD
71.5,72.06,71.33,72.06,3503861,O.N,2021-08-30,Realty Income,Realty Income Corporation,USD
71.83,72.4,71.57,72.22,3681708,O.N,2021-08-31,Realty Income,Realty Income Corporation,USD
72.32,72.75,71.25,72.41,5164283,O.N,2021-09-01,Realty Income,Realty Income Corporation,USD
72.5,72.705,71.89,72.68,2657051,O.N,2021-09-02,Realty Income,Realty Income Corporation,USD
72.55,72.65,71.0,72.3,5351816,O.N,2021-09-03,Realty Income,Realty Income Corporation,USD
72.3,72.3,70.74,71.21,3049749,O.N,2021-09-07,Realty Income,Realty Income Corporation,USD
71.04,71.905,70.9,71.7,2716449,O.N,2021-09-08,Realty Income,Realty Income Corporation,USD
71.35,71.36,69.64,69.67,4627707,O.N,2021-09-09,Realty Income,Realty Income Corporation,USD
69.805,69.88,67.91,67.92,4853904,O.N,2021-09-10,Realty Income,Realty Income Corporation,USD
68.69,69.06,68.25,68.53,5167240,O.N,2021-09-13,Realty Income,Realty Income Corporation,USD
68.67,68.93,67.66,68.21,4225464,O.N,2021-09-14,Realty Income,Realty Income Corporation,USD
68.21,68.785,67.99,68.46,4329475,O.N,2021-09-15,Realty Income,Realty Income Corporation,USD
68.4,68.92,68.015,68.39,3024256,O.N,2021-09-16,Realty Income,Realty Income Corporation,USD
68.32,69.09,67.57,67.68,8533220,O.N,2021-09-17,Realty Income,Realty Income Corporation,USD
67.19,68.12,66.94,67.61,5157997,O.N,2021-09-20,Realty Income,Realty Income Corporation,USD
67.86,68.09,67.25,67.25,4019961,O.N,2021-09-21,Realty Income,Realty Income Corporation,USD
67.8,68.14,67.425,67.76,3531571,O.N,2021-09-22,Realty Income,Realty Income Corporation,USD
67.9,68.24,67.72,67.78,3778850,O.N,2021-09-23,Realty Income,Realty Income Corporation,USD
67.56,67.82,66.225,66.46,4079049,O.N,2021-09-24,Realty Income,Realty Income Corporation,USD
66.75,67.15,65.67,65.68,3989396,O.N,2021-09-27,Realty Income,Realty Income Corporation,USD
65.42,65.6,64.91,65.0,4279298,O.N,2021-09-28,Realty Income,Realty Income Corporation,USD
65.26,66.195,65.2,66.05,3909277,O.N,2021-09-29,Realty Income,Realty Income Corporation,USD
66.0,66.05,64.86,64.86,3495811,O.N,2021-09-30,Realty Income,Realty Income Corporation,USD
65.25,66.3,64.98,65.85,2929779,O.N,2021-10-01,Realty Income,Realty Income Corporation,USD
65.64,66.59,65.54,66.5,3450784,O.N,2021-10-04,Realty Income,Realty Income Corporation,USD
66.5,66.57,65.82,66.25,3118724,O.N,2021-10-05,Realty Income,Realty Income Corporation,USD
66.09,67.805,65.73,67.75,3976633,O.N,2021-10-06,Realty Income,Realty Income Corporation,USD
67.96,68.74,67.7,67.82,3085803,O.N,2021-10-07,Realty Income,Realty Income Corporation,USD
67.7,68.08,67.09,67.2,2029836,O.N,2021-10-08,Realty Income,Realty Income Corporation,USD
67.23,67.79,67.02,67.76,2513570,O.N,2021-10-11,Realty Income,Realty Income Corporation,USD
67.9,69.01,67.61,68.6,3592799,O.N,2021-10-12,Realty Income,Realty Income Corporation,USD
68.86,69.09,67.735,68.76,5540032,O.N,2021-10-13,Realty Income,Realty Income Corporation,USD
68.99,69.79,68.4,69.62,4394651,O.N,2021-10-14,Realty Income,Realty Income Corporation,USD
70.08,70.38,69.472,69.66,4131630,O.N,2021-10-15,Realty Income,Realty Income Corporation,USD
69.41,70.44,69.2,70.35,2435590,O.N,2021-10-18,Realty Income,Realty Income Corporation,USD
70.53,70.57,69.99,70.04,3410522,O.N,2021-10-19,Realty Income,Realty Income Corporation,USD
70.18,71.4,70.1,71.36,2651218,O.N,2021-10-20,Realty Income,Realty Income Corporation,USD
71.36,71.8,70.895,71.17,3054578,O.N,2021-10-21,Realty Income,Realty Income Corporation,USD
71.27,71.86,71.25,71.75,2451888,O.N,2021-10-22,Realty Income,Realty Income Corporation,USD
71.78,74.56,71.75,73.87,6975990,O.N,2021-10-25,Realty Income,Realty Income Corporation,USD
73.59,74.6,73.38,74.1,4987423,O.N,2021-10-26,Realty Income,Realty Income Corporation,USD
74.39,74.5,73.3,73.32,6480772,O.N,2021-10-27,Realty Income,Realty Income Corporation,USD
73.58,73.61,72.51,73.15,9540243,O.N,2021-10-28,Realty Income,Realty Income Corporation,USD
72.53,73.317,71.24,71.43,43896308,O.N,2021-10-29,Realty Income,Realty Income Corporation,USD
71.0,71.26,69.38,70.86,5384079,O.N,2021-11-01,Realty Income,Realty Income Corporation,USD
71.16,72.525,70.9,71.99,4455530,O.N,2021-11-02,Realty Income,Realty Income Corporation,USD
72.0,72.65,71.87,72.28,3513334,O.N,2021-11-03,Realty Income,Realty Income Corporation,USD
72.47,72.55,70.88,71.28,2811606,O.N,2021-11-04,Realty Income,Realty Income Corporation,USD
71.91,72.65,71.61,71.77,3198000,O.N,2021-11-05,Realty Income,Realty Income Corporation,USD
71.82,71.83,71.05,71.47,2791412,O.N,2021-11-08,Realty Income,Realty Income Corporation,USD
71.71,71.77,70.765,70.96,3277857,O.N,2021-11-09,Realty Income,Realty Income Corporation,USD
70.96,71.48,70.905,71.14,2571275,O.N,2021-11-10,Realty Income,Realty Income Corporation,USD
70.82,72.43,70.67,72.42,2854010,O.N,2021-11-11,Realty Income,Realty Income Corporation,USD
72.31,72.91,72.225,72.74,2908872,O.N,2021-11-12,Realty Income,Realty Income Corporation,USD
71.37,71.37,70.41,71.14,7029408,O.N,2021-11-15,Realty Income,Realty Income Corporation,USD
71.23,71.45,70.37,71.41,4903237,O.N,2021-11-16,Realty Income,Realty Income Corporation,USD
71.24,72.015,69.55,71.97,6557192,O.N,2021-11-17,Realty Income,Realty Income Corporation,USD
72.13,72.16,70.91,71.04,4760898,O.N,2021-11-18,Realty Income,Realty Income Corporation,USD
71.06,71.42,70.3,70.91,5543868,O.N,2021-11-19,Realty Income,Realty Income Corporation,USD
70.942,71.63,70.52,70.69,6528257,O.N,2021-11-22,Realty Income,Realty Income Corporation,USD
70.81,71.06,69.89,69.9,4519796,O.N,2021-11-23,Realty Income,Realty Income Corporation,USD
69.92,70.74,69.43,70.64,3930861,O.N,2021-11-24,Realty Income,Realty Income Corporation,USD
69.84,70.78,69.18,69.47,3720243,O.N,2021-11-26,Realty Income,Realty Income Corporation,USD
70.02,70.6,69.19,69.8,5540121,O.N,2021-11-29,Realty Income,Realty Income Corporation,USD
69.485,69.485,67.89,67.92,6217053,O.N,2021-11-30,Realty Income,Realty Income Corporation,USD
68.45,69.09,65.9,65.92,6011017,O.N,2021-12-01,Realty Income,Realty Income Corporation,USD
66.55,68.06,66.42,67.52,5086202,O.N,2021-12-02,Realty Income,Realty Income Corporation,USD
67.58,67.885,66.83,67.25,4047617,O.N,2021-12-03,Realty Income,Realty Income Corporation,USD
67.77,69.585,67.71,68.08,5604877,O.N,2021-12-06,Realty Income,Realty Income Corporation,USD
68.4,68.88,68.04,68.39,6229008,O.N,2021-12-07,Realty Income,Realty Income Corporation,USD
68.35,69.09,68.24,68.85,4298405,O.N,2021-12-08,Realty Income,Realty Income Corporation,USD
68.52,68.52,67.34,67.36,3697901,O.N,2021-12-09,Realty Income,Realty Income Corporation,USD
67.81,67.81,66.89,66.94,3874879,O.N,2021-12-10,Realty Income,Realty Income Corporation,USD
66.99,68.47,66.85,68.16,4984476,O.N,2021-12-13,Realty Income,Realty Income Corporation,USD
68.1,68.64,67.25,67.29,4766351,O.N,2021-12-14,Realty Income,Realty Income Corporation,USD
67.0,67.38,65.65,67.22,6006179,O.N,2021-12-15,Realty Income,Realty Income Corporation,USD
67.44,68.0,67.135,67.67,5136777,O.N,2021-12-16,Realty Income,Realty Income Corporation,USD
67.65,68.67,67.55,67.78,12339559,O.N,2021-12-17,Realty Income,Realty Income Corporation,USD
67.14,67.38,66.36,67.26,3914228,O.N,2021-12-20,Realty Income,Realty Income Corporation,USD
67.59,68.86,67.56,68.73,4084612,O.N,2021-12-21,Realty Income,Realty Income Corporation,USD
68.9,69.235,68.46,69.14,2989198,O.N,2021-12-22,Realty Income,Realty Income Corporation,USD
69.25,69.42,68.86,69.22,2863941,O.N,2021-12-23,Realty Income,Realty Income Corporation,USD
69.25,70.95,69.24,70.94,3346470,O.N,2021-12-27,Realty Income,Realty Income Corporation,USD
70.875,71.51,70.74,71.4,2664058,O.N,2021-12-28,Realty Income,Realty Income Corporation,USD
71.5,72.025,71.31,71.9,1920142,O.N,2021-12-29,Realty Income,Realty Income Corporation,USD
72.0,72.21,71.505,71.91,2071524,O.N,2021-12-30,Realty Income,Realty Income Corporation,USD
71.75,72.01,71.51,71.59,2309771,O.N,2021-12-31,Realty Income,Realty Income Corporation,USD
71.73,71.81,70.1,71.2,3110863,O.N,2022-01-03,Realty Income,Realty Income Corporation,USD
71.15,72.48,71.118,72.25,3410911,O.N,2022-01-04,Realty Income,Realty Income Corporation,USD
72.12,72.48,70.89,71.08,3237578,O.N,2022-01-05,Realty Income,Realty Income Corporation,USD
71.36,71.87,70.89,71.41,2869932,O.N,2022-01-06,Realty Income,Realty Income Corporation,USD
71.13,71.54,70.71,71.41,3109029,O.N,2022-01-07,Realty Income,Realty Income Corporation,USD
71.285,71.66,70.55,71.63,3275823,O.N,2022-01-10,Realty Income,Realty Income Corporation,USD
71.49,71.62,70.37,71.29,3998129,O.N,2022-01-11,Realty Income,Realty Income Corporation,USD
71.34,72.19,71.2,71.87,4234554,O.N,2022-01-12,Realty Income,Realty Income Corporation,USD
71.99,72.545,71.51,71.7,2390692,O.N,2022-01-13,Realty Income,Realty Income Corporation,USD
71.55,71.715,70.75,71.5,2506071,O.N,2022-01-14,Realty Income,Realty Income Corporation,USD
71.28,71.43,69.642,69.73,4225429,O.N,2022-01-18,Realty Income,Realty Income Corporation,USD
69.87,70.015,68.56,68.57,3281285,O.N,2022-01-19,Realty Income,Realty Income Corporation,USD
68.73,68.97,67.31,67.32,3647077,O.N,2022-01-20,Realty Income,Realty Income Corporation,USD
67.56,68.23,66.98,67.92,4183109,O.N,2022-01-21,Realty Income,Realty Income Corporation,USD
66.97,68.51,65.74,68.41,6465037,O.N,2022-01-24,Realty Income,Realty Income Corporation,USD
67.785,69.215,67.11,68.92,4623226,O.N,2022-01-25,Realty Income,Realty Income Corporation,USD
69.38,70.089,67.47,67.93,4577462,O.N,2022-01-26,Realty Income,Realty Income Corporation,USD
68.38,69.19,67.49,67.76,3258129,O.N,2022-01-27,Realty Income,Realty Income Corporation,USD
67.72,69.5,66.93,69.49,3531780,O.N,2022-01-28,Realty Income,Realty Income Corporation,USD
68.63,69.44,68.29,69.41,4353874,O.N,2022-01-31,Realty Income,Realty Income Corporation,USD
69.03,69.52,68.65,69.13,3264619,O.N,2022-02-01,Realty Income,Realty Income Corporation,USD
68.99,70.02,68.62,69.8,3401120,O.N,2022-02-02,Realty Income,Realty Income Corporation,USD
69.5,69.53,68.595,68.67,2299819,O.N,2022-02-03,Realty Income,Realty Income Corporation,USD
68.4,68.81,67.73,68.19,3705307,O.N,2022-02-04,Realty Income,Realty Income Corporation,USD
68.1,68.74,67.9,68.04,2636534,O.N,2022-02-07,Realty Income,Realty Income Corporation,USD
67.99,68.14,67.32,67.55,3039154,O.N,2022-02-08,Realty Income,Realty Income Corporation,USD
68.16,68.78,68.07,68.56,2224857,O.N,2022-02-09,Realty Income,Realty Income Corporation,USD
67.79,68.74,66.91,67.24,3162068,O.N,2022-02-10,Realty Income,Realty Income Corporation,USD
67.53,68.22,66.79,67.49,3795276,O.N,2022-02-11,Realty Income,Realty Income Corporation,USD
67.34,67.685,66.58,66.89,3771933,O.N,2022-02-14,Realty Income,Realty Income Corporation,USD
67.49,67.84,66.89,67.05,3071610,O.N,2022-02-15,Realty Income,Realty Income Corporation,USD
67.2,67.64,66.72,67.44,3651414,O.N,2022-02-16,Realty Income,Realty Income Corporation,USD
66.96,67.41,66.56,67.12,3543023,O.N,2022-02-17,Realty Income,Realty Income Corporation,USD
67.11,67.62,66.55,66.63,3611148,O.N,2022-02-18,Realty Income,Realty Income Corporation,USD
66.46,66.69,65.59,66.04,3520967,O.N,2022-02-22,Realty Income,Realty Income Corporation,USD
67.09,67.18,65.21,65.25,3725123,O.N,2022-02-23,Realty Income,Realty Income Corporation,USD
64.67,65.94,63.9,65.74,5712122,O.N,2022-02-24,Realty Income,Realty Income Corporation,USD
66.0,67.46,65.87,67.4,5839662,O.N,2022-02-25,Realty Income,Realty Income Corporation,USD
66.5,66.97,65.51,66.09,7089697,O.N,2022-02-28,Realty Income,Realty Income Corporation,USD
66.26,66.57,65.48,65.82,5832947,O.N,2022-03-01,Realty Income,Realty Income Corporation,USD
66.0,66.58,65.805,66.1,6091334,O.N,2022-03-02,Realty Income,Realty Income Corporation,USD
66.42,66.66,65.42,66.62,5489691,O.N,2022-03-03,Realty Income,Realty Income Corporation,USD
66.12,66.86,65.165,66.82,4698307,O.N,2022-03-04,Realty Income,Realty Income Corporation,USD
66.43,66.52,64.66,64.67,5221340,O.N,2022-03-07,Realty Income,Realty Income Corporation,USD
64.62,65.89,64.17,64.9,4348778,O.N,2022-03-08,Realty Income,Realty Income Corporation,USD
65.7,65.96,65.13,65.17,3745909,O.N,2022-03-09,Realty Income,Realty Income Corporation,USD
64.71,64.96,64.13,64.82,4454694,O.N,2022-03-10,Realty Income,Realty Income Corporation,USD
65.25,65.886,65.18,65.35,3451903,O.N,2022-03-11,Realty Income,Realty Income Corporation,USD
65.67,66.15,64.595,64.88,3301199,O.N,2022-03-14,Realty Income,Realty Income Corporation,USD
65.82,66.12,64.665,65.12,3920769,O.N,2022-03-15,Realty Income,Realty Income Corporation,USD
65.52,66.17,64.51,65.6,4870065,O.N,2022-03-16,Realty Income,Realty Income Corporation,USD
65.16,66.52,65.139,66.49,3685881,O.N,2022-03-17,Realty Income,Realty Income Corporation,USD
66.3,66.95,66.3,66.88,6202108,O.N,2022-03-18,Realty Income,Realty Income Corporation,USD
66.83,67.48,66.24,66.58,4196581,O.N,2022-03-21,Realty Income,Realty Income Corporation,USD
66.87,67.79,66.85,67.45,5000375,O.N,2022-03-22,Realty Income,Realty Income Corporation,USD
67.29,67.52,66.75,66.9,2835066,O.N,2022-03-23,Realty Income,Realty Income Corporation,USD
66.81,67.03,66.365,66.78,3151119,O.N,2022-03-24,Realty Income,Realty Income Corporation,USD
67.02,67.99,67.0,67.95,2642849,O.N,2022-03-25,Realty Income,Realty Income Corporation,USD
67.91,68.72,67.871,68.72,3393378,O.N,2022-03-28,Realty Income,Realty Income Corporation,USD
69.11,70.705,69.07,70.62,3769488,O.N,2022-03-29,Realty Income,Realty Income Corporation,USD
70.49,70.89,70.02,70.28,2922168,O.N,2022-03-30,Realty Income,Realty Income Corporation,USD
70.41,70.67,69.28,69.3,3834868,O.N,2022-03-31,Realty Income,Realty Income Corporation,USD
69.36,70.91,69.33,70.9,3288893,O.N,2022-04-01,Realty Income,Realty Income Corporation,USD
70.67,70.86,69.77,70.57,3091239,O.N,2022-04-04,Realty Income,Realty Income Corporation,USD
70.56,71.47,70.52,70.67,3135571,O.N,2022-04-05,Realty Income,Realty Income Corporation,USD
70.25,71.8,69.77,71.78,3280786,O.N,2022-04-06,Realty Income,Realty Income Corporation,USD
71.34,71.97,70.79,71.62,3550918,O.N,2022-04-07,Realty Income,Realty Income Corporation,USD
71.7,72.525,71.37,72.16,2816604,O.N,2022-04-08,Realty Income,Realty Income Corporation,USD
72.13,72.3,71.35,71.52,2342115,O.N,2022-04-11,Realty Income,Realty Income Corporation,USD
71.5,71.86,71.14,71.56,2302262,O.N,2022-04-12,Realty Income,Realty Income Corporation,USD
71.74,72.22,71.67,72.19,2546729,O.N,2022-04-13,Realty Income,Realty Income Corporation,USD
72.49,73.085,72.32,72.61,2625286,O.N,2022-04-14,Realty Income,Realty Income Corporation,USD
72.61,73.38,72.52,73.25,2544553,O.N,2022-04-18,Realty Income,Realty Income Corporation,USD
73.38,74.27,73.35,74.12,3405956,O.N,2022-04-19,Realty Income,Realty Income Corporation,USD
74.12,75.315,74.03,74.93,2807682,O.N,2022-04-20,Realty Income,Realty Income Corporation,USD
75.17,75.4,74.52,74.56,2734224,O.N,2022-04-21,Realty Income,Realty Income Corporation,USD
74.42,74.745,73.48,73.54,3112399,O.N,2022-04-22,Realty Income,Realty Income Corporation,USD
73.5,73.655,71.86,72.75,4179100,O.N,2022-04-25,Realty Income,Realty Income Corporation,USD
72.97,73.504,71.91,71.93,3676210,O.N,2022-04-26,Realty Income,Realty Income Corporation,USD
72.17,72.56,71.61,71.66,2955066,O.N,2022-04-27,Realty Income,Realty Income Corporation,USD
71.66,72.83,71.21,72.71,3130551,O.N,2022-04-28,Realty Income,Realty Income Corporation,USD
72.01,72.085,69.23,69.36,6374123,O.N,2022-04-29,Realty Income,Realty Income Corporation,USD
69.58,69.87,66.114,67.38,4257091,O.N,2022-05-02,Realty Income,Realty Income Corporation,USD
67.73,68.66,67.11,67.67,3143542,O.N,2022-05-03,Realty Income,Realty Income Corporation,USD
67.54,68.89,67.01,68.58,3296198,O.N,2022-05-04,Realty Income,Realty Income Corporation,USD
69.06,69.374,66.65,67.1,3206258,O.N,2022-05-05,Realty Income,Realty Income Corporation,USD
66.52,66.86,65.37,66.12,3568420,O.N,2022-05-06,Realty Income,Realty Income Corporation,USD
65.5,65.64,64.3,64.56,4524524,O.N,2022-05-09,Realty Income,Realty Income Corporation,USD
65.16,65.51,62.74,63.5,5762769,O.N,2022-05-10,Realty Income,Realty Income Corporation,USD
63.5,64.62,63.15,63.8,4444113,O.N,2022-05-11,Realty Income,Realty Income Corporation,USD
63.58,65.4,63.39,65.39,5584771,O.N,2022-05-12,Realty Income,Realty Income Corporation,USD
65.8,67.47,65.4,67.41,5225276,O.N,2022-05-13,Realty Income,Realty Income Corporation,USD
67.59,68.37,67.134,68.06,3543205,O.N,2022-05-16,Realty Income,Realty Income Corporation,USD
68.43,68.82,67.78,68.61,4711774,O.N,2022-05-17,Realty Income,Realty Income Corporation,USD
68.34,68.5,67.37,67.56,5187348,O.N,2022-05-18,Realty Income,Realty Income Corporation,USD
67.13,67.81,66.18,67.15,4499256,O.N,2022-05-19,Realty Income,Realty Income Corporation,USD
67.79,68.12,66.9,67.99,4085541,O.N,2022-05-20,Realty Income,Realty Income Corporation,USD
67.9,68.49,67.02,67.22,6075177,O.N,2022-05-23,Realty Income,Realty Income Corporation,USD
67.25,68.52,66.29,68.44,4053099,O.N,2022-05-24,Realty Income,Realty Income Corporation,USD
68.11,69.45,68.03,69.18,4227250,O.N,2022-05-25,Realty Income,Realty Income Corporation,USD
69.08,69.32,68.02,68.07,4491878,O.N,2022-05-26,Realty Income,Realty Income Corporation,USD
68.5,69.37,68.43,69.35,3369575,O.N,2022-05-27,Realty Income,Realty Income Corporation,USD
68.18,68.585,67.3,68.22,6709317,O.N,2022-05-31,Realty Income,Realty Income Corporation,USD
68.23,68.41,67.59,68.08,2879926,O.N,2022-06-01,Realty Income,Realty Income Corporation,USD
67.86,68.48,66.97,68.44,2701532,O.N,2022-06-02,Realty Income,Realty Income Corporation,USD
68.17,68.175,67.25,67.36,2821879,O.N,2022-06-03,Realty Income,Realty Income Corporation,USD
67.79,67.79,66.44,66.98,4764052,O.N,2022-06-06,Realty Income,Realty Income Corporation,USD
66.75,68.11,66.62,68.06,3832177,O.N,2022-06-07,Realty Income,Realty Income Corporation,USD
67.68,67.76,66.88,67.11,2979143,O.N,2022-06-08,Realty Income,Realty Income Corporation,USD
66.96,67.56,66.26,66.28,4325796,O.N,2022-06-09,Realty Income,Realty Income Corporation,USD
65.73,66.725,65.27,65.96,4513996,O.N,2022-06-10,Realty Income,Realty Income Corporation,USD
64.87,65.11,62.935,63.21,5406110,O.N,2022-06-13,Realty Income,Realty Income Corporation,USD
63.31,63.67,62.285,62.79,4541307,O.N,2022-06-14,Realty Income,Realty Income Corporation,USD
63.38,65.79,63.24,64.8,4884452,O.N,2022-06-15,Realty Income,Realty Income Corporation,USD
63.48,64.91,63.3,64.23,4708418,O.N,2022-06-16,Realty Income,Realty Income Corporation,USD
64.21,65.695,64.21,64.87,15381371,O.N,2022-06-17,Realty Income,Realty Income Corporation,USD
65.08,66.24,65.01,65.47,3593088,O.N,2022-06-21,Realty Income,Realty Income Corporation,USD
64.76,67.07,64.76,66.39,3428132,O.N,2022-06-22,Realty Income,Realty Income Corporation,USD
67.05,68.05,66.9,67.99,4081687,O.N,2022-06-23,Realty Income,Realty Income Corporation,USD
68.06,69.375,67.91,69.19,5933774,O.N,2022-06-24,Realty Income,Realty Income Corporation,USD
69.06,69.67,68.56,69.44,3798640,O.N,2022-06-27,Realty Income,Realty Income Corporation,USD
69.9,70.68,69.03,69.13,2859216,O.N,2022-06-28,Realty Income,Realty Income Corporation,USD
68.98,69.47,68.88,69.36,3085833,O.N,2022-06-29,Realty Income,Realty Income Corporation,USD
68.61,68.97,67.955,68.26,3766570,O.N,2022-06-30,Realty Income,Realty Income Corporation,USD
68.18,70.205,68.14,70.15,2950229,O.N,2022-07-01,Realty Income,Realty Income Corporation,USD
69.61,69.86,68.08,69.29,2979834,O.N,2022-07-05,Realty Income,Realty Income Corporation,USD
69.5,69.98,69.031,69.5,3031430,O.N,2022-07-06,Realty Income,Realty Income Corporation,USD
69.62,69.69,68.65,68.79,3871820,O.N,2022-07-07,Realty Income,Realty Income Corporation,USD
68.8,69.3,68.52,68.98,2885976,O.N,2022-07-08,Realty Income,Realty Income Corporation,USD
68.92,69.58,68.633,69.56,2836274,O.N,2022-07-11,Realty Income,Realty Income Corporation,USD
69.09,69.89,68.79,69.36,2587341,O.N,2022-07-12,Realty Income,Realty Income Corporation,USD
68.63,69.24,68.03,68.05,3343100,O.N,2022-07-13,Realty Income,Realty Income Corporation,USD
67.03,68.66,66.86,68.45,3970001,O.N,2022-07-14,Realty Income,Realty Income Corporation,USD
69.36,70.42,68.841,70.31,3803628,O.N,2022-07-15,Realty Income,Realty Income Corporation,USD
70.5,70.64,69.165,69.47,2913499,O.N,2022-07-18,Realty Income,Realty Income Corporation,USD
69.93,70.13,69.29,70.08,2528672,O.N,2022-07-19,Realty Income,Realty Income Corporation,USD
69.94,70.545,69.385,70.25,1861485,O.N,2022-07-20,Realty Income,Realty Income Corporation,USD
70.0,70.6,69.75,70.58,1843372,O.N,2022-07-21,Realty Income,Realty Income Corporation,USD
71.0,71.465,70.69,71.35,2224750,O.N,2022-07-22,Realty Income,Realty Income Corporation,USD
71.5,71.885,71.26,71.61,2051237,O.N,2022-07-25,Realty Income,Realty Income Corporation,USD
71.62,72.61,71.62,72.43,2374664,O.N,2022-07-26,Realty Income,Realty Income Corporation,USD
72.0,72.522,71.21,71.87,2529624,O.N,2022-07-27,Realty Income,Realty Income Corporation,USD
72.23,73.61,72.04,73.54,2738955,O.N,2022-07-28,Realty Income,Realty Income Corporation,USD
73.1,74.18,73.043,73.99,4414944,O.N,2022-07-29,Realty Income,Realty Income Corporation,USD
73.62,74.16,73.4,73.67,2613470,O.N,2022-08-01,Realty Income,Realty Income Corporation,USD
73.6,74.06,72.77,72.8,2684981,O.N,2022-08-02,Realty Income,Realty Income Corporation,USD
73.0,73.52,71.95,72.0,3723981,O.N,2022-08-03,Realty Income,Realty Income Corporation,USD
73.05,73.17,72.03,72.47,3074633,O.N,2022-08-04,Realty Income,Realty Income Corporation,USD
72.1,72.79,71.562,72.76,2509529,O.N,2022-08-05,Realty Income,Realty Income Corporation,USD
73.0,73.83,72.93,73.26,2033439,O.N,2022-08-08,Realty Income,Realty Income Corporation,USD
73.46,73.7,73.3,73.55,2577243,O.N,2022-08-09,Realty Income,Realty Income Corporation,USD
74.25,74.35,73.43,74.13,3214512,O.N,2022-08-10,Realty Income,Realty Income Corporation,USD
74.16,74.556,73.62,73.86,2899757,O.N,2022-08-11,Realty Income,Realty Income Corporation,USD
74.23,74.77,73.96,74.67,3284218,O.N,2022-08-12,Realty Income,Realty Income Corporation,USD
74.6,75.11,74.38,74.75,3073356,O.N,2022-08-15,Realty Income,Realty Income Corporation,USD
74.34,74.82,73.5,73.7,4728077,O.N,2022-08-16,Realty Income,Realty Income Corporation,USD
73.44,73.95,73.04,73.58,3280399,O.N,2022-08-17,Realty Income,Realty Income Corporation,USD
73.68,73.83,72.735,72.99,2830320,O.N,2022-08-18,Realty Income,Realty Income Corporation,USD
72.87,73.25,72.63,72.91,4178202,O.N,2022-08-19,Realty Income,Realty Income Corporation,USD
72.5,72.71,71.72,71.79,3956492,O.N,2022-08-22,Realty Income,Realty Income Corporation,USD
71.7,71.79,70.12,70.61,4441152,O.N,2022-08-23,Realty Income,Realty Income Corporation,USD
70.61,70.975,70.54,70.64,3051642,O.N,2022-08-24,Realty Income,Realty Income Corporation,USD
70.92,71.13,70.53,71.02,2575614,O.N,2022-08-25,Realty Income,Realty Income Corporation,USD
71.01,71.18,69.89,69.91,3309732,O.N,2022-08-26,Realty Income,Realty Income Corporation,USD
69.6,70.69,69.5,69.99,3709697,O.N,2022-08-29,Realty Income,Realty Income Corporation,USD
70.05,70.34,68.82,68.97,3989445,O.N,2022-08-30,Realty Income,Realty Income Corporation,USD
69.0,69.32,68.06,68.28,5103867,O.N,2022-08-31,Realty Income,Realty Income Corporation,USD
67.97,68.49,67.53,68.45,3476421,O.N,2022-09-01,Realty Income,Realty Income Corporation,USD
68.75,68.9,67.56,67.69,2563421,O.N,2022-09-02,Realty Income,Realty Income Corporation,USD
68.0,68.45,67.36,67.75,3910539,O.N,2022-09-06,Realty Income,Realty Income Corporation,USD
67.69,68.455,67.58,68.27,2662098,O.N,2022-09-07,Realty Income,Realty Income Corporation,USD
67.7,68.16,66.18,66.36,8201332,O.N,2022-09-08,Realty Income,Realty Income Corporation,USD
66.4,67.0,66.01,66.79,4144241,O.N,2022-09-09,Realty Income,Realty Income Corporation,USD
67.24,67.835,66.9,67.6,3794631,O.N,2022-09-12,Realty Income,Realty Income Corporation,USD
66.61,66.97,65.76,65.91,4210173,O.N,2022-09-13,Realty Income,Realty Income Corporation,USD
65.995,66.245,65.01,65.41,4994934,O.N,2022-09-14,Realty Income,Realty Income Corporation,USD
65.57,65.94,63.375,63.43,7543344,O.N,2022-09-15,Realty Income,Realty Income Corporation,USD
63.34,64.51,63.11,64.31,12575441,O.N,2022-09-16,Realty Income,Realty Income Corporation,USD
63.93,64.12,63.34,63.97,4448723,O.N,2022-09-19,Realty Income,Realty Income Corporation,USD
63.45,63.51,62.6,63.09,4382361,O.N,2022-09-20,Realty Income,Realty Income Corporation,USD
63.3,63.84,62.52,62.54,4966395,O.N,2022-09-21,Realty Income,Realty Income Corporation,USD
62.5,62.86,62.12,62.5,4300390,O.N,2022-09-22,Realty Income,Realty Income Corporation,USD
61.99,62.41,61.031,61.81,4557486,O.N,2022-09-23,Realty Income,Realty Income Corporation,USD
61.5,61.7,60.35,60.9,5015881,O.N,2022-09-26,Realty Income,Realty Income Corporation,USD
61.14,61.44,59.42,59.49,6882467,O.N,2022-09-27,Realty Income,Realty Income Corporation,USD
59.95,60.67,59.106,60.37,6960555,O.N,2022-09-28,Realty Income,Realty Income Corporation,USD
59.86,59.92,57.615,57.95,4837911,O.N,2022-09-29,Realty Income,Realty Income Corporation,USD
58.36,58.59,57.68,58.2,5621424,O.N,2022-09-30,Realty Income,Realty Income Corporation,USD
58.85,59.62,57.71,59.22,4283318,O.N,2022-10-03,Realty Income,Realty Income Corporation,USD
59.8,61.08,59.53,60.27,3867979,O.N,2022-10-04,Realty Income,Realty Income Corporation,USD
59.62,59.84,58.41,59.52,3357819,O.N,2022-10-05,Realty Income,Realty Income Corporation,USD
59.56,59.89,58.22,58.52,3871684,O.N,2022-10-06,Realty Income,Realty Income Corporation,USD
58.2,58.71,57.68,58.03,3287280,O.N,2022-10-07,Realty Income,Realty Income Corporation,USD
58.31,58.823,57.32,57.35,3157155,O.N,2022-10-10,Realty Income,Realty Income Corporation,USD
57.4,58.34,57.1,58.06,3625383,O.N,2022-10-11,Realty Income,Realty Income Corporation,USD
57.87,58.145,57.52,57.53,2931784,O.N,2022-10-12,Realty Income,Realty Income Corporation,USD
56.52,57.78,55.87,57.55,4441322,O.N,2022-10-13,Realty Income,Realty Income Corporation,USD
58.25,58.43,55.5,55.54,4156140,O.N,2022-10-14,Realty Income,Realty Income Corporation,USD
56.37,57.71,56.14,57.49,5014225,O.N,2022-10-17,Realty Income,Realty Income Corporation,USD
58.3,58.91,58.02,58.63,4069537,O.N,2022-10-18,Realty Income,Realty Income Corporation,USD
58.13,58.745,57.41,57.83,3660408,O.N,2022-10-19,Realty Income,Realty Income Corporation,USD
57.91,58.33,57.45,57.47,3185112,O.N,2022-10-20,Realty Income,Realty Income Corporation,USD
57.39,57.79,56.68,57.63,3781483,O.N,2022-10-21,Realty Income,Realty Income Corporation,USD
58.28,59.125,58.16,59.01,4207335,O.N,2022-10-24,Realty Income,Realty Income Corporation,USD
59.08,60.55,59.0,60.49,6585843,O.N,2022-10-25,Realty Income,Realty Income Corporation,USD
60.49,60.95,60.21,60.6,3814602,O.N,2022-10-26,Realty Income,Realty Income Corporation,USD
61.0,61.74,60.886,61.14,3401687,O.N,2022-10-27,Realty Income,Realty Income Corporation,USD
60.99,62.41,60.91,62.31,2980459,O.N,2022-10-28,Realty Income,Realty Income Corporation,USD
61.54,62.46,61.51,62.27,6662200,O.N,2022-10-31,Realty Income,Realty Income Corporation,USD
62.5,62.94,62.015,62.21,3586592,O.N,2022-11-01,Realty Income,Realty Income Corporation,USD
61.79,62.46,60.61,61.07,4138771,O.N,2022-11-02,Realty Income,Realty Income Corporation,USD
60.38,61.99,59.945,61.63,2826579,O.N,2022-11-03,Realty Income,Realty Income Corporation,USD
61.91,63.46,61.7,63.01,3706222,O.N,2022-11-04,Realty Income,Realty Income Corporation,USD
63.12,63.31,62.59,63.13,3316346,O.N,2022-11-07,Realty Income,Realty Income Corporation,USD
63.18,63.92,62.85,63.34,2999548,O.N,2022-11-08,Realty Income,Realty Income Corporation,USD
63.28,64.28,63.1,63.25,2979932,O.N,2022-11-09,Realty Income,Realty Income Corporation,USD
64.75,65.877,64.12,65.37,4618060,O.N,2022-11-10,Realty Income,Realty Income Corporation,USD
65.6,65.83,64.66,64.98,3558197,O.N,2022-11-11,Realty Income,Realty Income Corporation,USD
64.82,65.22,64.06,64.08,3993831,O.N,2022-11-14,Realty Income,Realty Income Corporation,USD
64.9,65.39,63.96,64.74,4436726,O.N,2022-11-15,Realty Income,Realty Income Corporation,USD
64.54,64.722,63.69,63.84,3569145,O.N,2022-11-16,Realty Income,Realty Income Corporation,USD
63.22,64.43,63.13,64.41,3088404,O.N,2022-11-17,Realty Income,Realty Income Corporation,USD
65.0,65.2,64.313,64.7,2991761,O.N,2022-11-18,Realty Income,Realty Income Corporation,USD
64.65,65.37,64.61,65.3,2831209,O.N,2022-11-21,Realty Income,Realty Income Corporation,USD
65.37,65.68,65.09,65.3,3129071,O.N,2022-11-22,Realty Income,Realty Income Corporation,USD
65.13,65.393,64.195,64.52,3283340,O.N,2022-11-23,Realty Income,Realty Income Corporation,USD
64.81,64.96,64.53,64.85,1691198,O.N,2022-11-25,Realty Income,Realty Income Corporation,USD
64.56,64.685,61.52,61.74,7740224,O.N,2022-11-28,Realty Income,Realty Income Corporation,USD
61.91,62.55,61.44,62.3,5291933,O.N,2022-11-29,Realty Income,Realty Income Corporation,USD
61.51,63.16,61.1,63.07,7034610,O.N,2022-11-30,Realty Income,Realty Income Corporation,USD
63.41,63.92,62.58,62.81,3923026,O.N,2022-12-01,Realty Income,Realty Income Corporation,USD
62.33,63.23,62.13,62.9,3357520,O.N,2022-12-02,Realty Income,Realty Income Corporation,USD
62.31,62.9,61.75,62.24,5078742,O.N,2022-12-05,Realty Income,Realty Income Corporation,USD
62.35,62.935,62.27,62.71,5584560,O.N,2022-12-06,Realty Income,Realty Income Corporation,USD
62.71,63.82,62.71,63.57,5196394,O.N,2022-12-07,Realty Income,Realty Income Corporation,USD
63.6,64.42,63.59,64.06,3862707,O.N,2022-12-08,Realty Income,Realty Income Corporation,USD
64.13,64.9,64.0,64.45,4418037,O.N,2022-12-09,Realty Income,Realty Income Corporation,USD
64.56,64.91,64.1,64.67,4944054,O.N,2022-12-12,Realty Income,Realty Income Corporation,USD
66.0,66.44,64.4,64.96,4250196,O.N,2022-12-13,Realty Income,Realty Income Corporation,USD
65.06,65.64,64.402,64.66,4750164,O.N,2022-12-14,Realty Income,Realty Income Corporation,USD
64.24,65.02,64.07,64.64,4544067,O.N,2022-12-15,Realty Income,Realty Income Corporation,USD
63.76,64.13,62.39,63.48,10962295,O.N,2022-12-16,Realty Income,Realty Income Corporation,USD
63.48,64.09,63.0,63.54,3610929,O.N,2022-12-19,Realty Income,Realty Income Corporation,USD
63.31,63.61,62.59,63.11,4438420,O.N,2022-12-20,Realty Income,Realty Income Corporation,USD
63.98,64.8,63.93,64.24,3845657,O.N,2022-12-21,Realty Income,Realty Income Corporation,USD
63.96,64.2,62.52,63.45,3204647,O.N,2022-12-22,Realty Income,Realty Income Corporation,USD
63.32,64.41,63.24,64.41,1848254,O.N,2022-12-23,Realty Income,Realty Income Corporation,USD
64.41,64.415,63.63,64.11,4074050,O.N,2022-12-27,Realty Income,Realty Income Corporation,USD
64.03,64.45,63.145,63.23,3155193,O.N,2022-12-28,Realty Income,Realty Income Corporation,USD
63.5,64.2,63.43,64.03,2462889,O.N,2022-12-29,Realty Income,Realty Income Corporation,USD
63.61,63.775,62.74,63.43,2374051,O.N,2022-12-30,Realty Income,Realty Income Corporation,USD
63.86,64.03,62.845,63.8,4483588,O.N,2023-01-03,Realty Income,Realty Income Corporation,USD
64.0,65.22,63.85,64.61,3887177,O.N,2023-01-04,Realty Income,Realty Income Corporation,USD
64.26,64.28,63.115,63.39,3783189,O.N,2023-01-05,Realty Income,Realty Income Corporation,USD
63.75,64.45,63.68,64.08,4261554,O.N,2023-01-06,Realty Income,Realty Income Corporation,USD
64.02,64.865,63.68,64.7,3885947,O.N,2023-01-09,Realty Income,Realty Income Corporation,USD
64.37,64.51,63.81,64.14,3121638,O.N,2023-01-10,Realty Income,Realty Income Corporation,USD
64.66,66.075,64.1,66.0,5024743,O.N,2023-01-11,Realty Income,Realty Income Corporation,USD
66.12,66.835,65.575,66.55,3525797,O.N,2023-01-12,Realty Income,Realty Income Corporation,USD
66.16,66.54,65.81,66.19,2148659,O.N,2023-01-13,Realty Income,Realty Income Corporation,USD
66.25,67.245,66.23,66.89,3192769,O.N,2023-01-17,Realty Income,Realty Income Corporation,USD
66.99,67.1,65.712,66.04,2505402,O.N,2023-01-18,Realty Income,Realty Income Corporation,USD
65.86,66.57,65.28,65.31,2709539,O.N,2023-01-19,Realty Income,Realty Income Corporation,USD
65.44,66.44,64.84,66.38,3038536,O.N,2023-01-20,Realty Income,Realty Income Corporation,USD
66.39,67.3,66.12,66.93,2676501,O.N,2023-01-23,Realty Income,Realty Income Corporation,USD
66.87,67.448,66.6,67.1,1904063,O.N,2023-01-24,Realty Income,Realty Income Corporation,USD
67.34,67.34,66.7,67.31,4140079,O.N,2023-01-25,Realty Income,Realty Income Corporation,USD
67.68,68.0,67.13,67.97,2294994,O.N,2023-01-26,Realty Income,Realty Income Corporation,USD
67.85,68.68,67.84,68.3,3979836,O.N,2023-01-27,Realty Income,Realty Income Corporation,USD
68.07,68.45,67.71,67.77,2652046,O.N,2023-01-30,Realty Income,Realty Income Corporation,USD
67.53,68.145,67.1,67.83,5001309,O.N,2023-01-31,Realty Income,Realty Income Corporation,USD
67.62,68.13,66.767,67.9,3303203,O.N,2023-02-01,Realty Income,Realty Income Corporation,USD
68.21,68.85,67.495,67.86,3235288,O.N,2023-02-02,Realty Income,Realty Income Corporation,USD
67.33,67.635,66.38,67.59,3637605,O.N,2023-02-03,Realty Income,Realty Income Corporation,USD
67.0,67.81,66.72,67.73,2489149,O.N,2023-02-06,Realty Income,Realty Income Corporation,USD
67.29,67.89,66.81,67.37,3609171,O.N,2023-02-07,Realty Income,Realty Income Corporation,USD
67.26,67.7,66.935,67.22,2520994,O.N,2023-02-08,Realty Income,Realty Income Corporation,USD
67.43,67.74,66.175,66.23,2395261,O.N,2023-02-09,Realty Income,Realty Income Corporation,USD
66.08,67.0,66.03,66.85,2123482,O.N,2023-02-10,Realty Income,Realty Income Corporation,USD
67.0,67.345,66.97,67.15,2237900,O.N,2023-02-13,Realty Income,Realty Income Corporation,USD
67.03,67.13,65.675,65.71,3228264,O.N,2023-02-14,Realty Income,Realty Income Corporation,USD
65.72,66.44,65.52,66.4,2426499,O.N,2023-02-15,Realty Income,Realty Income Corporation,USD
65.83,66.635,65.52,66.31,2447458,O.N,2023-02-16,Realty Income,Realty Income Corporation,USD
66.3,66.4,65.64,66.12,2891947,O.N,2023-02-17,Realty Income,Realty Income Corporation,USD
65.75,66.05,65.004,65.22,2603809,O.N,2023-02-21,Realty Income,Realty Income Corporation,USD
65.83,67.05,65.42,65.52,3501910,O.N,2023-02-22,Realty Income,Realty Income Corporation,USD
66.05,66.52,65.68,66.08,3560083,O.N,2023-02-23,Realty Income,Realty Income Corporation,USD
65.72,65.85,64.66,64.98,3220381,O.N,2023-02-24,Realty Income,Realty Income Corporation,USD
65.65,65.73,64.46,64.76,3981120,O.N,2023-02-27,Realty Income,Realty Income Corporation,USD
64.49,64.8,63.91,63.95,5974984,O.N,2023-02-28,Realty Income,Realty Income Corporation,USD
63.84,63.84,62.77,63.52,3625741,O.N,2023-03-01,Realty Income,Realty Income Corporation,USD
63.38,64.25,63.16,64.09,3245278,O.N,2023-03-02,Realty Income,Realty Income Corporation,USD
64.39,64.79,64.15,64.49,3574235,O.N,2023-03-03,Realty Income,Realty Income Corporation,USD
64.74,64.89,64.205,64.3,3483837,O.N,2023-03-06,Realty Income,Realty Income Corporation,USD
64.41,64.51,63.66,63.9,3548166,O.N,2023-03-07,Realty Income,Realty Income Corporation,USD
63.82,64.59,63.76,64.54,2807335,O.N,2023-03-08,Realty Income,Realty Income Corporation,USD
64.54,64.7,63.4,63.44,3414341,O.N,2023-03-09,Realty Income,Realty Income Corporation,USD
63.43,63.489,61.22,61.38,5725391,O.N,2023-03-10,Realty Income,Realty Income Corporation,USD
61.38,63.665,61.35,62.79,6428031,O.N,2023-03-13,Realty Income,Realty Income Corporation,USD
63.39,64.03,62.735,63.22,5060962,O.N,2023-03-14,Realty Income,Realty Income Corporation,USD
62.84,63.75,62.11,63.06,5503251,O.N,2023-03-15,Realty Income,Realty Income Corporation,USD
62.64,62.9,61.74,62.43,4574086,O.N,2023-03-16,Realty Income,Realty Income Corporation,USD
62.39,62.39,61.35,61.38,7068409,O.N,2023-03-17,Realty Income,Realty Income Corporation,USD
61.66,62.29,61.4,61.97,3943459,O.N,2023-03-20,Realty Income,Realty Income Corporation,USD
62.28,62.41,61.015,61.27,4396684,O.N,2023-03-21,Realty Income,Realty Income Corporation,USD
61.0,61.31,59.36,59.4,4155196,O.N,2023-03-22,Realty Income,Realty Income Corporation,USD
59.9,60.39,59.09,59.27,3559258,O.N,2023-03-23,Realty Income,Realty Income Corporation,USD
59.16,61.09,59.07,61.04,3675672,O.N,2023-03-24,Realty Income,Realty Income Corporation,USD
61.38,61.47,60.62,60.71,3778461,O.N,2023-03-27,Realty Income,Realty Income Corporation,USD
60.36,61.07,60.25,61.06,2410345,O.N,2023-03-28,Realty Income,Realty Income Corporation,USD
61.61,62.135,61.55,62.04,3023313,O.N,2023-03-29,Realty Income,Realty Income Corporation,USD
62.425,62.86,62.35,62.61,3007965,O.N,2023-03-30,Realty Income,Realty Income Corporation,USD
62.52,63.36,62.465,63.32,4142562,O.N,2023-03-31,Realty Income,Realty Income Corporation,USD
62.95,63.403,62.39,62.87,5758371,O.N,2023-04-03,Realty Income,Realty Income Corporation,USD
62.83,62.99,62.385,62.84,2832393,O.N,2023-04-04,Realty Income,Realty Income Corporation,USD
62.96,63.105,62.47,62.71,4001922,O.N,2023-04-05,Realty Income,Realty Income Corporation,USD
62.97,62.98,62.105,62.57,3177606,O.N,2023-04-06,Realty Income,Realty Income Corporation,USD
62.25,62.66,61.71,62.65,3083027,O.N,2023-04-10,Realty Income,Realty Income Corporation,USD
62.5,62.5,61.71,62.1,7405716,O.N,2023-04-11,Realty Income,Realty Income Corporation,USD
62.99,63.22,61.87,61.92,4749430,O.N,2023-04-12,Realty Income,Realty Income Corporation,USD
61.76,61.76,60.965,61.53,5126008,O.N,2023-04-13,Realty Income,Realty Income Corporation,USD
61.67,61.89,60.485,60.77,3728716,O.N,2023-04-14,Realty Income,Realty Income Corporation,USD
61.02,61.57,60.785,61.56,2960536,O.N,2023-04-17,Realty Income,Realty Income Corporation,USD
61.41,61.75,60.87,61.11,2196961,O.N,2023-04-18,Realty Income,Realty Income Corporation,USD
60.67,61.65,60.63,61.64,2290731,O.N,2023-04-19,Realty Income,Realty Income Corporation,USD
61.44,61.98,61.29,61.93,3030966,O.N,2023-04-20,Realty Income,Realty Income Corporation,USD
61.97,62.62,61.79,62.33,4020755,O.N,2023-04-21,Realty Income,Realty Income Corporation,USD
62.38,62.49,61.625,62.09,2647288,O.N,2023-04-24,Realty Income,Realty Income Corporation,USD
61.89,62.28,61.78,62.04,3493588,O.N,2023-04-25,Realty Income,Realty Income Corporation,USD
61.99,62.22,61.15,61.31,2789059,O.N,2023-04-26,Realty Income,Realty Income Corporation,USD
61.31,62.635,61.27,62.29,3183390,O.N,2023-04-27,Realty Income,Realty Income Corporation,USD
62.19,62.94,62.19,62.84,3464649,O.N,2023-04-28,Realty Income,Realty Income Corporation,USD
62.6,62.89,62.182,62.24,2194115,O.N,2023-05-01,Realty Income,Realty Income Corporation,USD
62.13,62.2,61.16,61.39,2620217,O.N,2023-05-02,Realty Income,Realty Income Corporation,USD
61.53,61.82,60.86,60.97,3099131,O.N,2023-05-03,Realty Income,Realty Income Corporation,USD
61.155,62.18,60.53,61.92,3254871,O.N,2023-05-04,Realty Income,Realty Income Corporation,USD
62.3,63.55,62.265,62.95,3226871,O.N,2023-05-05,Realty Income,Realty Income Corporation,USD
62.66,62.945,62.47,62.76,2160380,O.N,2023-05-08,Realty Income,Realty Income Corporation,USD
62.58,62.631,61.965,62.22,2526862,O.N,2023-05-09,Realty Income,Realty Income Corporation,USD
62.73,62.83,61.91,62.37,2665280,O.N,2023-05-10,Realty Income,Realty Income Corporation,USD
62.06,62.18,61.39,61.8,2319506,O.N,2023-05-11,Realty Income,Realty Income Corporation,USD
61.95,62.1,61.585,62.03,2349941,O.N,2023-05-12,Realty Income,Realty Income Corporation,USD
62.02,62.23,61.61,61.94,2449650,O.N,2023-05-15,Realty Income,Realty Income Corporation,USD
61.8,61.84,60.28,60.29,3313192,O.N,2023-05-16,Realty Income,Realty Income Corporation,USD
60.39,60.74,59.935,60.65,3722310,O.N,2023-05-17,Realty Income,Realty Income Corporation,USD
60.42,60.74,59.88,60.07,4197088,O.N,2023-05-18,Realty Income,Realty Income Corporation,USD
60.31,60.74,59.83,59.97,3425227,O.N,2023-05-19,Realty Income,Realty Income Corporation,USD
60.13,60.585,59.905,60.34,2844679,O.N,2023-05-22,Realty Income,Realty Income Corporation,USD
60.37,60.795,59.975,60.1,2700011,O.N,2023-05-23,Realty Income,Realty Income Corporation,USD
59.9,59.985,59.06,59.09,3159122,O.N,2023-05-24,Realty Income,Realty Income Corporation,USD
59.39,59.39,58.13,58.44,3615031,O.N,2023-05-25,Realty Income,Realty Income Corporation,USD
58.55,58.85,58.22,58.66,3448215,O.N,2023-05-26,Realty Income,Realty Income Corporation,USD
59.25,59.52,58.85,58.92,4422714,O.N,2023-05-30,Realty Income,Realty Income Corporation,USD
58.87,59.77,58.775,59.44,9241082,O.N,2023-05-31,Realty Income,Realty Income Corporation,USD
59.46,59.69,58.88,59.24,4558840,O.N,2023-06-01,Realty Income,Realty Income Corporation,USD
59.59,60.095,59.329,59.7,4781866,O.N,2023-06-02,Realty Income,Realty Income Corporation,USD
59.79,60.59,59.79,59.99,3849936,O.N,2023-06-05,Realty Income,Realty Income Corporation,USD
60.12,60.25,59.52,60.01,3669293,O.N,2023-06-06,Realty Income,Realty Income Corporation,USD
60.19,61.18,59.97,61.0,3542849,O.N,2023-06-07,Realty Income,Realty Income Corporation,USD
60.92,61.0,60.36,60.86,2555438,O.N,2023-06-08,Realty Income,Realty Income Corporation,USD
60.62,60.995,60.53,60.91,2607841,O.N,2023-06-09,Realty Income,Realty Income Corporation,USD
60.89,61.125,60.62,60.97,4423198,O.N,2023-06-12,Realty Income,Realty Income Corporation,USD
61.09,61.53,60.98,61.19,4279884,O.N,2023-06-13,Realty Income,Realty Income Corporation,USD
61.38,62.115,60.934,61.18,5399949,O.N,2023-06-14,Realty Income,Realty Income Corporation,USD
61.05,61.34,60.82,61.23,4542534,O.N,2023-06-15,Realty Income,Realty Income Corporation,USD
61.23,61.65,61.11,61.39,18479705,O.N,2023-06-16,Realty Income,Realty Income Corporation,USD
61.17,61.24,60.17,60.33,5309420,O.N,2023-06-20,Realty Income,Realty Income Corporation,USD
60.26,60.26,59.45,59.61,5495807,O.N,2023-06-21,Realty Income,Realty Income Corporation,USD
59.87,60.04,59.05,59.47,3220854,O.N,2023-06-22,Realty Income,Realty Income Corporation,USD
59.13,59.42,58.75,58.76,6096403,O.N,2023-06-23,Realty Income,Realty Income Corporation,USD
58.97,59.975,58.88,59.95,3160839,O.N,2023-06-26,Realty Income,Realty Income Corporation,USD
60.07,60.325,59.73,60.19,4823264,O.N,2023-06-27,Realty Income,Realty Income Corporation,USD
60.23,60.26,59.78,60.15,3648660,O.N,2023-06-28,Realty Income,Realty Income Corporation,USD
59.88,60.24,59.61,60.22,3702895,O.N,2023-06-29,Realty Income,Realty Income Corporation,USD
60.3,60.49,59.19,59.79,7161490,O.N,2023-06-30,Realty Income,Realty Income Corporation,USD
59.75,60.565,59.56,60.2,2347661,O.N,2023-07-03,Realty Income,Realty Income Corporation,USD
59.99,60.875,59.802,60.63,4649307,O.N,2023-07-05,Realty Income,Realty Income Corporation,USD
59.78,59.94,59.19,59.9,4105608,O.N,2023-07-06,Realty Income,Realty Income Corporation,USD
59.57,59.96,59.34,59.57,4710140,O.N,2023-07-07,Realty Income,Realty Income Corporation,USD
59.48,59.66,59.175,59.32,4837268,O.N,2023-07-10,Realty Income,Realty Income Corporation,USD
59.54,60.53,59.245,60.5,5435665,O.N,2023-07-11,Realty Income,Realty Income Corporation,USD
60.8,61.16,60.293,60.31,4271020,O.N,2023-07-12,Realty Income,Realty Income Corporation,USD
60.4,60.99,60.12,60.95,4705186,O.N,2023-07-13,Realty Income,Realty Income Corporation,USD
60.82,60.88,60.48,60.82,4981707,O.N,2023-07-14,Realty Income,Realty Income Corporation,USD
60.69,61.345,60.5,61.29,3230153,O.N,2023-07-17,Realty Income,Realty Income Corporation,USD
61.41,61.45,60.76,60.99,4083435,O.N,2023-07-18,Realty Income,Realty Income Corporation,USD
61.24,62.13,61.24,61.73,4362525,O.N,2023-07-19,Realty Income,Realty Income Corporation,USD
62.0,62.64,61.47,62.62,3250642,O.N,2023-07-20,Realty Income,Realty Income Corporation,USD
62.69,63.155,62.53,62.75,3116813,O.N,2023-07-21,Realty Income,Realty Income Corporation,USD
62.88,63.45,62.76,63.37,4913417,O.N,2023-07-24,Realty Income,Realty Income Corporation,USD
63.24,63.555,63.05,63.09,3284621,O.N,2023-07-25,Realty Income,Realty Income Corporation,USD
63.085,63.84,63.085,63.75,3440253,O.N,2023-07-26,Realty Income,Realty Income Corporation,USD
64.0,64.18,62.14,62.19,4957923,O.N,2023-07-27,Realty Income,Realty Income Corporation,USD
62.44,62.71,61.13,61.47,5078957,O.N,2023-07-28,Realty Income,Realty Income Corporation,USD
61.37,61.53,60.59,60.97,9895165,O.N,2023-07-31,Realty Income,Realty Income Corporation,USD
61.01,61.295,60.606,60.78,3208296,O.N,2023-08-01,Realty Income,Realty Income Corporation,USD
60.5,60.69,60.16,60.37,3557418,O.N,2023-08-02,Realty Income,Realty Income Corporation,USD
60.09,60.15,58.625,58.84,6627155,O.N,2023-08-03,Realty Income,Realty Income Corporation,USD
59.23,60.25,59.01,59.22,4508138,O.N,2023-08-04,Realty Income,Realty Income Corporation,USD
59.32,60.19,59.23,60.11,4059434,O.N,2023-08-07,Realty Income,Realty Income Corporation,USD
59.71,59.82,58.88,59.0,4465570,O.N,2023-08-08,Realty Income,Realty Income Corporation,USD
58.88,59.805,58.66,59.51,3896102,O.N,2023-08-09,Realty Income,Realty Income Corporation,USD
59.55,59.61,58.55,58.79,6938463,O.N,2023-08-10,Realty Income,Realty Income Corporation,USD
58.65,58.78,58.33,58.62,5070276,O.N,2023-08-11,Realty Income,Realty Income Corporation,USD
58.47,58.62,57.82,57.94,6150105,O.N,2023-08-14,Realty Income,Realty Income Corporation,USD
57.72,57.72,56.84,57.43,6157706,O.N,2023-08-15,Realty Income,Realty Income Corporation,USD
57.49,57.6,56.82,56.87,5102014,O.N,2023-08-16,Realty Income,Realty Income Corporation,USD
57.01,57.615,56.85,56.88,5229520,O.N,2023-08-17,Realty Income,Realty Income Corporation,USD
56.56,57.22,56.53,56.9,4842064,O.N,2023-08-18,Realty Income,Realty Income Corporation,USD
56.82,56.91,55.96,56.23,4748853,O.N,2023-08-21,Realty Income,Realty Income Corporation,USD
56.485,56.62,56.15,56.32,3451102,O.N,2023-08-22,Realty Income,Realty Income Corporation,USD
56.54,57.222,56.5,57.11,5834864,O.N,2023-08-23,Realty Income,Realty Income Corporation,USD
57.14,57.55,56.36,56.36,5722358,O.N,2023-08-24,Realty Income,Realty Income Corporation,USD
56.4,56.455,55.81,56.0,8429041,O.N,2023-08-25,Realty Income,Realty Income Corporation,USD
56.2,56.65,55.92,56.47,8568871,O.N,2023-08-28,Realty Income,Realty Income Corporation,USD
56.5,56.51,56.045,56.47,4698828,O.N,2023-08-29,Realty Income,Realty Income Corporation,USD
56.35,56.6,56.065,56.56,9020893,O.N,2023-08-30,Realty Income,Realty Income Corporation,USD
56.32,56.36,55.99,56.04,6971225,O.N,2023-08-31,Realty Income,Realty Income Corporation,USD
56.3,56.59,56.01,56.2,3864148,O.N,2023-09-01,Realty Income,Realty Income Corporation,USD
56.17,56.18,55.23,55.25,5264600,O.N,2023-09-05,Realty Income,Realty Income Corporation,USD
55.43,55.48,54.76,54.99,4915139,O.N,2023-09-06,Realty Income,Realty Income Corporation,USD
54.98,55.44,54.97,55.08,5821337,O.N,2023-09-07,Realty Income,Realty Income Corporation,USD
55.35,55.74,55.21,55.32,4244818,O.N,2023-09-08,Realty Income,Realty Income Corporation,USD
55.48,55.53,55.045,55.17,3698628,O.N,2023-09-11,Realty Income,Realty Income Corporation,USD
55.15,55.345,54.915,55.15,3704514,O.N,2023-09-12,Realty Income,Realty Income Corporation,USD
55.42,55.54,55.0,55.06,4928366,O.N,2023-09-13,Realty Income,Realty Income Corporation,USD
55.27,55.43,55.05,55.12,5902130,O.N,2023-09-14,Realty Income,Realty Income Corporation,USD
54.95,54.99,53.98,54.1,18363013,O.N,2023-09-15,Realty Income,Realty Income Corporation,USD
54.36,54.39,53.65,53.73,5925296,O.N,2023-09-18,Realty Income,Realty Income Corporation,USD
53.7,54.25,53.68,54.0,4395544,O.N,2023-09-19,Realty Income,Realty Income Corporation,USD
54.25,54.608,53.731,53.8,3738345,O.N,2023-09-20,Realty Income,Realty Income Corporation,USD
53.43,53.55,52.04,52.06,8679561,O.N,2023-09-21,Realty Income,Realty Income Corporation,USD
52.07,52.4,51.515,51.56,6982154,O.N,2023-09-22,Realty Income,Realty Income Corporation,USD
51.5,51.52,50.85,51.19,5307183,O.N,2023-09-25,Realty Income,Realty Income Corporation,USD
51.0,51.195,49.95,50.26,5231355,O.N,2023-09-26,Realty Income,Realty Income Corporation,USD
50.58,50.94,49.38,49.66,5416527,O.N,2023-09-27,Realty Income,Realty Income Corporation,USD
49.79,50.077,49.58,49.62,5850056,O.N,2023-09-28,Realty Income,Realty Income Corporation,USD
49.98,50.53,49.625,49.94,5298544,O.N,2023-09-29,Realty Income,Realty Income Corporation,USD
49.82,49.98,48.76,48.99,6159050,O.N,2023-10-02,Realty Income,Realty Income Corporation,USD
48.81,49.09,48.415,48.89,6352389,O.N,2023-10-03,Realty Income,Realty Income Corporation,USD
49.12,49.59,48.665,49.57,5468686,O.N,2023-10-04,Realty Income,Realty Income Corporation,USD
49.53,50.149,49.3,50.06,5067184,O.N,2023-10-05,Realty Income,Realty Income Corporation,USD
49.805,50.54,49.375,50.11,4249247,O.N,2023-10-06,Realty Income,Realty Income Corporation,USD
49.91,50.85,49.9,50.55,3747264,O.N,2023-10-09,Realty Income,Realty Income Corporation,USD
50.19,50.42,49.178,50.2,6226324,O.N,2023-10-10,Realty Income,Realty Income Corporation,USD
50.66,51.207,50.542,50.95,4027264,O.N,2023-10-11,Realty Income,Realty Income Corporation,USD
50.81,50.94,50.06,50.28,4110385,O.N,2023-10-12,Realty Income,Realty Income Corporation,USD
50.55,50.75,50.2,50.59,3231995,O.N,2023-10-13,Realty Income,Realty Income Corporation,USD
50.6,51.015,49.942,50.74,4545474,O.N,2023-10-16,Realty Income,Realty Income Corporation,USD
50.59,51.29,50.4,50.97,6089872,O.N,2023-10-17,Realty Income,Realty Income Corporation,USD
50.6,50.8,49.88,49.91,3930813,O.N,2023-10-18,Realty Income,Realty Income Corporation,USD
49.74,50.38,49.35,49.42,4883204,O.N,2023-10-19,Realty Income,Realty Income Corporation,USD
49.42,49.815,49.34,49.35,4965910,O.N,2023-10-20,Realty Income,Realty Income Corporation,USD
49.0,49.58,48.61,49.01,4859131,O.N,2023-10-23,Realty Income,Realty Income Corporation,USD
49.19,49.7,49.14,49.6,4002432,O.N,2023-10-24,Realty Income,Realty Income Corporation,USD
49.42,49.62,49.07,49.28,3336335,O.N,2023-10-25,Realty Income,Realty Income Corporation,USD
49.43,50.22,49.43,49.79,4299184,O.N,2023-10-26,Realty Income,Realty Income Corporation,USD
49.79,49.87,48.81,49.0,4107856,O.N,2023-10-27,Realty Income,Realty Income Corporation,USD
47.5,48.21,45.035,46.22,36132681,O.N,2023-10-30,Realty Income,Realty Income Corporation,USD
46.35,47.52,45.93,47.38,18220467,O.N,2023-10-31,Realty Income,Realty Income Corporation,USD
47.66,48.14,47.22,47.99,8149281,O.N,2023-11-01,Realty Income,Realty Income Corporation,USD
48.89,50.2,48.675,50.03,9626534,O.N,2023-11-02,Realty Income,Realty Income Corporation,USD
50.87,51.37,50.79,50.85,6433080,O.N,2023-11-03,Realty Income,Realty Income Corporation,USD
50.76,50.83,50.251,50.46,7734828,O.N,2023-11-06,Realty Income,Realty Income Corporation,USD
50.85,50.99,50.035,50.7,5787020,O.N,2023-11-07,Realty Income,Realty Income Corporation,USD
50.73,51.36,50.727,51.2,5455147,O.N,2023-11-08,Realty Income,Realty Income Corporation,USD
51.3,51.375,49.85,50.17,5464344,O.N,2023-11-09,Realty Income,Realty Income Corporation,USD
50.41,50.53,49.85,50.06,5191101,O.N,2023-11-10,Realty Income,Realty Income Corporation,USD
49.95,50.0,49.52,49.9,6125070,O.N,2023-11-13,Realty Income,Realty Income Corporation,USD
51.0,52.77,50.89,52.14,7029220,O.N,2023-11-14,Realty Income,Realty Income Corporation,USD
52.21,52.815,52.18,52.47,5937811,O.N,2023-11-15,Realty Income,Realty Income Corporation,USD
52.66,53.275,52.41,53.09,7522916,O.N,2023-11-16,Realty Income,Realty Income Corporation,USD
53.43,53.49,52.74,52.91,7215723,O.N,2023-11-17,Realty Income,Realty Income Corporation,USD
52.8,53.42,52.51,53.22,4948678,O.N,2023-11-20,Realty Income,Realty Income Corporation,USD
53.0,53.62,52.785,53.55,5302066,O.N,2023-11-21,Realty Income,Realty Income Corporation,USD
53.99,54.04,53.09,53.31,3994429,O.N,2023-11-22,Realty Income,Realty Income Corporation,USD
53.26,53.97,53.11,53.91,2454243,O.N,2023-11-24,Realty Income,Realty Income Corporation,USD
53.97,54.335,53.65,54.13,4751906,O.N,2023-11-27,Realty Income,Realty Income Corporation,USD
53.94,54.45,53.77,53.81,6855756,O.N,2023-11-28,Realty Income,Realty Income Corporation,USD
54.2,54.5,53.57,53.67,5561488,O.N,2023-11-29,Realty Income,Realty Income Corporation,USD
53.63,54.11,53.15,53.96,10126170,O.N,2023-11-30,Realty Income,Realty Income Corporation,USD
53.85,54.75,53.75,54.6,6197083,O.N,2023-12-01,Realty Income,Realty Income Corporation,USD
54.41,55.67,54.41,55.53,7323500,O.N,2023-12-04,Realty Income,Realty Income Corporation,USD
55.47,55.57,54.75,54.92,7666135,O.N,2023-12-05,Realty Income,Realty Income Corporation,USD
55.83,56.45,54.7,54.71,11296300,O.N,2023-12-06,Realty Income,Realty Income Corporation,USD
54.6,55.18,54.32,54.69,6195448,O.N,2023-12-07,Realty Income,Realty Income Corporation,USD
54.3,54.565,53.56,53.86,6647990,O.N,2023-12-08,Realty Income,Realty Income Corporation,USD
54.0,54.53,53.78,54.39,6461061,O.N,2023-12-11,Realty Income,Realty Income Corporation,USD
54.44,54.63,53.96,54.48,5013284,O.N,2023-12-12,Realty Income,Realty Income Corporation,USD
54.77,56.89,54.56,56.62,8882402,O.N,2023-12-13,Realty Income,Realty Income Corporation,USD
57.5,58.24,57.45,57.82,11549483,O.N,2023-12-14,Realty Income,Realty Income Corporation,USD
57.63,57.85,56.74,57.29,20187176,O.N,2023-12-15,Realty Income,Realty Income Corporation,USD
57.4,57.49,56.49,56.51,8848798,O.N,2023-12-18,Realty Income,Realty Income Corporation,USD
56.71,57.36,56.63,57.12,6198173,O.N,2023-12-19,Realty Income,Realty Income Corporation,USD
57.11,57.72,56.68,56.7,5402893,O.N,2023-12-20,Realty Income,Realty Income Corporation,USD
57.15,57.53,56.57,56.96,5859918,O.N,2023-12-21,Realty Income,Realty Income Corporation,USD
57.2,57.645,56.83,56.89,5287242,O.N,2023-12-22,Realty Income,Realty Income Corporation,USD
56.92,57.74,56.87,57.7,4211981,O.N,2023-12-26,Realty Income,Realty Income Corporation,USD
57.8,58.02,57.58,58.0,5619621,O.N,2023-12-27,Realty Income,Realty Income Corporation,USD
57.96,58.61,57.87,58.58,5243022,O.N,2023-12-28,Realty Income,Realty Income Corporation,USD
58.0,58.12,57.4,57.42,6688568,O.N,2023-12-29,Realty Income,Realty Income Corporation,USD
57.11,58.58,57.01,58.57,5815302,O.N,2024-01-02,Realty Income,Realty Income Corporation,USD
58.14,58.24,57.255,57.73,5312454,O.N,2024-01-03,Realty Income,Realty Income Corporation,USD
57.71,58.24,57.47,57.69,5107029,O.N,2024-01-04,Realty Income,Realty Income Corporation,USD
57.47,58.06,57.15,57.92,3944202,O.N,2024-01-05,Realty Income,Realty Income Corporation,USD
57.92,59.545,57.82,59.48,8842872,O.N,2024-01-08,Realty Income,Realty Income Corporation,USD
59.14,59.83,58.91,59.29,7605850,O.N,2024-01-09,Realty Income,Realty Income Corporation,USD
59.6,59.8,58.95,59.11,6719363,O.N,2024-01-10,Realty Income,Realty Income Corporation,USD
58.98,59.429,58.4,59.27,6628838,O.N,2024-01-11,Realty Income,Realty Income Corporation,USD
59.53,59.68,58.52,58.9,5892764,O.N,2024-01-12,Realty Income,Realty Income Corporation,USD
58.63,58.895,58.195,58.34,5808953,O.N,2024-01-16,Realty Income,Realty Income Corporation,USD
57.7,58.285,56.625,57.21,6658204,O.N,2024-01-17,Realty Income,Realty Income Corporation,USD
57.16,57.36,55.81,56.12,7117847,O.N,2024-01-18,Realty Income,Realty Income Corporation,USD
56.3,56.65,55.43,56.52,9218030,O.N,2024-01-19,Realty Income,Realty Income Corporation,USD
56.63,57.37,55.33,55.58,45785716,O.N,2024-01-22,Realty Income,Realty Income Corporation,USD
55.8,56.09,55.41,55.99,12145083,O.N,2024-01-23,Realty Income,Realty Income Corporation,USD
56.65,56.86,54.95,54.99,8218623,O.N,2024-01-24,Realty Income,Realty Income Corporation,USD
55.6,55.73,54.89,55.42,6945831,O.N,2024-01-25,Realty Income,Realty Income Corporation,USD
55.58,55.655,54.954,54.97,5696200,O.N,2024-01-26,Realty Income,Realty Income Corporation,USD
55.0,55.09,54.355,54.92,6329556,O.N,2024-01-29,Realty Income,Realty Income Corporation,USD
54.72,55.74,54.41,55.18,8151047,O.N,2024-01-30,Realty Income,Realty Income Corporation,USD
55.19,55.3,54.11,54.39,12325058,O.N,2024-01-31,Realty Income,Realty Income Corporation,USD
54.49,55.25,53.83,55.25,6320755,O.N,2024-02-01,Realty Income,Realty Income Corporation,USD
55.04,55.05,53.63,54.19,7480303,O.N,2024-02-02,Realty Income,Realty Income Corporation,USD
53.54,53.61,52.61,52.65,9135565,O.N,2024-02-05,Realty Income,Realty Income Corporation,USD
52.75,53.93,52.6,53.75,7199630,O.N,2024-02-06,Realty Income,Realty Income Corporation,USD
53.75,53.89,53.285,53.36,4686671,O.N,2024-02-07,Realty Income,Realty Income Corporation,USD
53.27,53.515,53.043,53.16,4484401,O.N,2024-02-08,Realty Income,Realty Income Corporation,USD
53.03,53.26,52.27,52.76,6516549,O.N,2024-02-09,Realty Income,Realty Income Corporation,USD
52.84,53.038,52.535,52.67,5069649,O.N,2024-02-12,Realty Income,Realty Income Corporation,USD
51.74,51.8,51.19,51.52,9692889,O.N,2024-02-13,Realty Income,Realty Income Corporation,USD
51.75,51.75,51.155,51.39,5923072,O.N,2024-02-14,Realty Income,Realty Income Corporation,USD
51.82,52.385,51.71,52.02,5127114,O.N,2024-02-15,Realty Income,Realty Income Corporation,USD
51.5,52.54,51.26,52.33,5678173,O.N,2024-02-16,Realty Income,Realty Income Corporation,USD
52.46,52.65,51.96,52.47,6095678,O.N,2024-02-20,Realty Income,Realty Income Corporation,USD
52.99,53.02,51.69,52.69,6532003,O.N,2024-02-21,Realty Income,Realty Income Corporation,USD
52.67,52.96,52.42,52.82,5764041,O.N,2024-02-22,Realty Income,Realty Income Corporation,USD
52.92,53.42,52.725,52.94,5181787,O.N,2024-02-23,Realty Income,Realty Income Corporation,USD
53.02,53.12,52.165,52.49,5120219,O.N,2024-02-26,Realty Income,Realty Income Corporation,USD
52.8,52.93,52.19,52.31,5966931,O.N,2024-02-27,Realty Income,Realty Income Corporation,USD
52.19,52.295,51.74,52.02,7631077,O.N,2024-02-28,Realty Income,Realty Income Corporation,USD
52.18,52.635,51.88,52.11,6753315,O.N,2024-02-29,Realty Income,Realty Income Corporation,USD
52.0,52.27,50.9,52.24,8952611,O.N,2024-03-01,Realty Income,Realty Income Corporation,USD
52.01,52.85,51.89,52.71,5170643,O.N,2024-03-04,Realty Income,Realty Income Corporation,USD
52.65,52.86,52.07,52.25,5979454,O.N,2024-03-05,Realty Income,Realty Income Corporation,USD
52.6,52.65,51.86,52.16,4927429,O.N,2024-03-06,Realty Income,Realty Income Corporation,USD
52.41,52.59,52.02,52.24,4875641,O.N,2024-03-07,Realty Income,Realty Income Corporation,USD
52.6,52.97,52.54,52.91,4967951,O.N,2024-03-08,Realty Income,Realty Income Corporation,USD
52.89,53.49,52.785,53.09,4753840,O.N,2024-03-11,Realty Income,Realty Income Corporation,USD
53.0,53.04,52.54,52.88,6964579,O.N,2024-03-12,Realty Income,Realty Income Corporation,USD
52.97,53.33,52.195,52.28,7512590,O.N,2024-03-13,Realty Income,Realty Income Corporation,USD
52.175,52.293,51.24,51.66,9746745,O.N,2024-03-14,Realty Income,Realty Income Corporation,USD
51.16,52.31,51.04,52.19,10074816,O.N,2024-03-15,Realty Income,Realty Income Corporation,USD
52.05,52.465,52.0,52.21,4781173,O.N,2024-03-18,Realty Income,Realty Income Corporation,USD
52.25,52.4,51.82,52.1,5448481,O.N,2024-03-19,Realty Income,Realty Income Corporation,USD
51.89,52.49,51.64,52.44,4058220,O.N,2024-03-20,Realty Income,Realty Income Corporation,USD
52.66,52.89,52.2,52.49,5075701,O.N,2024-03-21,Realty Income,Realty Income Corporation,USD
52.77,52.85,52.0,52.08,5775164,O.N,2024-03-22,Realty Income,Realty Income Corporation,USD
52.26,52.575,51.97,52.17,6775316,O.N,2024-03-25,Realty Income,Realty Income Corporation,USD
52.38,52.77,52.25,52.6,6484772,O.N,2024-03-26,Realty Income,Realty Income Corporation,USD
53.0,53.77,52.86,53.77,9112019,O.N,2024-03-27,Realty Income,Realty Income Corporation,USD
53.62,54.2,53.62,54.1,6318247,O.N,2024-03-28,Realty Income,Realty Income Corporation,USD
54.01,54.05,53.4,53.46,4855913,O.N,2024-04-01,Realty Income,Realty Income Corporation,USD
52.97,53.07,52.66,52.87,5107480,O.N,2024-04-02,Realty Income,Realty Income Corporation,USD
52.84,52.97,52.539,52.77,4683577,O.N,2024-04-03,Realty Income,Realty Income Corporation,USD
52.91,53.45,52.45,52.62,3923278,O.N,2024-04-04,Realty Income,Realty Income Corporation,USD
52.19,53.16,51.97,53.01,4718583,O.N,2024-04-05,Realty Income,Realty Income Corporation,USD
53.05,53.665,52.94,53.64,4006869,O.N,2024-04-08,Realty Income,Realty Income Corporation,USD
53.76,54.39,53.7,54.38,3403279,O.N,2024-04-09,Realty Income,Realty Income Corporation,USD
53.01,53.36,51.7,52.14,7578846,O.N,2024-04-10,Realty Income,Realty Income Corporation,USD
52.46,52.76,52.095,52.24,5724472,O.N,2024-04-11,Realty Income,Realty Income Corporation,USD
52.19,52.295,51.855,52.02,6410640,O.N,2024-04-12,Realty Income,Realty Income Corporation,USD
52.3,52.35,51.35,51.65,6251824,O.N,2024-04-15,Realty Income,Realty Income Corporation,USD
51.52,51.57,50.78,50.8,7121465,O.N,2024-04-16,Realty Income,Realty Income Corporation,USD
50.81,51.545,50.65,51.28,5120721,O.N,2024-04-17,Realty Income,Realty Income Corporation,USD
51.43,52.05,51.13,52.03,4961056,O.N,2024-04-18,Realty Income,Realty Income Corporation,USD
52.19,53.16,52.18,53.04,6611652,O.N,2024-04-19,Realty Income,Realty Income Corporation,USD
53.0,53.38,52.55,53.33,4182363,O.N,2024-04-22,Realty Income,Realty Income Corporation,USD
53.23,53.58,53.11,53.39,6650892,O.N,2024-04-23,Realty Income,Realty Income Corporation,USD
53.17,53.745,52.86,53.67,5340363,O.N,2024-04-24,Realty Income,Realty Income Corporation,USD
53.03,53.91,52.88,53.8,4880791,O.N,2024-04-25,Realty Income,Realty Income Corporation,USD
53.89,54.202,53.51,53.71,6861575,O.N,2024-04-26,Realty Income,Realty Income Corporation,USD
54.0,54.54,53.93,54.31,6560241,O.N,2024-04-29,Realty Income,Realty Income Corporation,USD
53.98,54.125,53.51,53.54,8569673,O.N,2024-04-30,Realty Income,Realty Income Corporation,USD
53.37,54.54,53.34,53.92,5869516,O.N,2024-05-01,Realty Income,Realty Income Corporation,USD
54.43,54.94,54.02,54.91,5897020,O.N,2024-05-02,Realty Income,Realty Income Corporation,USD
55.4,55.75,54.86,55.26,9076566,O.N,2024-05-03,Realty Income,Realty Income Corporation,USD
55.48,55.673,55.15,55.45,6845052,O.N,2024-05-06,Realty Income,Realty Income Corporation,USD
55.32,55.59,54.855,55.02,6362152,O.N,2024-05-07,Realty Income,Realty Income Corporation,USD
54.78,54.985,54.53,54.79,6602421,O.N,2024-05-08,Realty Income,Realty Income Corporation,USD
55.0,55.06,54.28,54.63,6113288,O.N,2024-05-09,Realty Income,Realty Income Corporation,USD
54.74,55.14,54.61,55.01,3859727,O.N,2024-05-10,Realty Income,Realty Income Corporation,USD
55.45,55.49,54.835,54.96,3928153,O.N,2024-05-13,Realty Income,Realty Income Corporation,USD
55.15,55.4,54.675,54.87,4898914,O.N,2024-05-14,Realty Income,Realty Income Corporation,USD
55.29,55.52,54.98,55.11,6024381,O.N,2024-05-15,Realty Income,Realty Income Corporation,USD
55.05,55.416,54.92,55.19,4198638,O.N,2024-05-16,Realty Income,Realty Income Corporation,USD
55.29,55.29,54.882,55.13,4270902,O.N,2024-05-17,Realty Income,Realty Income Corporation,USD
55.14,55.5,54.88,54.98,3913148,O.N,2024-05-20,Realty Income,Realty Income Corporation,USD
54.98,55.495,54.96,55.08,3783224,O.N,2024-05-21,Realty Income,Realty Income Corporation,USD
54.81,55.0,53.66,53.72,5760088,O.N,2024-05-22,Realty Income,Realty Income Corporation,USD
53.72,53.73,52.28,52.31,5575993,O.N,2024-05-23,Realty Income,Realty Income Corporation,USD
52.7,52.76,52.11,52.18,4660522,O.N,2024-05-24,Realty Income,Realty Income Corporation,USD
52.6,53.07,51.53,51.57,6564856,O.N,2024-05-28,Realty Income,Realty Income Corporation,USD
51.33,51.33,50.96,51.17,5639748,O.N,2024-05-29,Realty Income,Realty Income Corporation,USD
51.54,52.1,51.538,51.75,6221178,O.N,2024-05-30,Realty Income,Realty Income Corporation,USD
51.85,53.15,51.72,53.06,9284196,O.N,2024-05-31,Realty Income,Realty Income Corporation,USD
53.17,53.33,52.67,53.31,4398670,O.N,2024-06-03,Realty Income,Realty Income Corporation,USD
53.2,54.65,53.2,54.43,5815901,O.N,2024-06-04,Realty Income,Realty Income Corporation,USD
54.34,54.51,53.78,54.03,4729337,O.N,2024-06-05,Realty Income,Realty Income Corporation,USD
53.8,54.37,53.562,54.26,3350683,O.N,2024-06-06,Realty Income,Realty Income Corporation,USD
53.35,53.98,53.13,53.32,3968819,O.N,2024-06-07,Realty Income,Realty Income Corporation,USD
53.08,53.21,52.38,52.71,4341189,O.N,2024-06-10,Realty Income,Realty Income Corporation,USD
52.5,52.84,52.125,52.24,5218043,O.N,2024-06-11,Realty Income,Realty Income Corporation,USD
53.28,53.45,52.62,52.69,4344270,O.N,2024-06-12,Realty Income,Realty Income Corporation,USD
52.74,53.5,52.65,53.22,4314121,O.N,2024-06-13,Realty Income,Realty Income Corporation,USD
53.07,53.455,53.01,53.37,3374700,O.N,2024-06-14,Realty Income,Realty Income Corporation,USD
53.1,53.45,52.81,53.07,3624423,O.N,2024-06-17,Realty Income,Realty Income Corporation,USD
53.28,53.599,52.92,53.1,3597708,O.N,2024-06-18,Realty Income,Realty Income Corporation,USD
52.91,53.22,52.68,53.01,4471029,O.N,2024-06-20,Realty Income,Realty Income Corporation,USD
53.01,53.215,52.78,53.15,16277798,O.N,2024-06-21,Realty Income,Realty Income Corporation,USD
53.15,54.15,53.02,53.64,4265490,O.N,2024-06-24,Realty Income,Realty Income Corporation,USD
53.6,53.73,52.74,52.92,5556115,O.N,2024-06-25,Realty Income,Realty Income Corporation,USD
52.66,52.91,52.43,52.68,4776786,O.N,2024-06-26,Realty Income,Realty Income Corporation,USD
52.68,52.69,51.87,52.43,6201660,O.N,2024-06-27,Realty Income,Realty Income Corporation,USD
52.71,52.86,52.125,52.82,8379400,O.N,2024-06-28,Realty Income,Realty Income Corporation,USD
52.36,52.62,51.81,52.36,4417409,O.N,2024-07-01,Realty Income,Realty Income Corporation,USD
52.35,52.68,52.29,52.43,4590238,O.N,2024-07-02,Realty Income,Realty Income Corporation,USD
52.57,52.83,52.32,52.45,2125731,O.N,2024-07-03,Realty Income,Realty Income Corporation,USD
52.69,53.15,52.38,53.09,3378469,O.N,2024-07-05,Realty Income,Realty Income Corporation,USD
53.04,53.23,52.73,53.16,5347705,O.N,2024-07-08,Realty Income,Realty Income Corporation,USD
53.1,53.15,52.61,52.76,3619107,O.N,2024-07-09,Realty Income,Realty Income Corporation,USD
52.96,53.63,52.82,53.58,3279363,O.N,2024-07-10,Realty Income,Realty Income Corporation,USD
54.13,55.445,54.08,55.0,5900452,O.N,2024-07-11,Realty Income,Realty Income Corporation,USD
55.31,56.02,55.27,55.75,5273841,O.N,2024-07-12,Realty Income,Realty Income Corporation,USD
55.93,56.18,55.635,55.98,4621488,O.N,2024-07-15,Realty Income,Realty Income Corporation,USD
56.13,56.42,55.845,56.37,5127557,O.N,2024-07-16,Realty Income,Realty Income Corporation,USD
56.4,57.74,56.4,57.63,5270183,O.N,2024-07-17,Realty Income,Realty Income Corporation,USD
57.34,58.57,57.26,57.73,4518529,O.N,2024-07-18,Realty Income,Realty Income Corporation,USD
57.67,57.78,57.19,57.58,3722330,O.N,2024-07-19,Realty Income,Realty Income Corporation,USD
57.41,57.66,56.95,57.56,4000809,O.N,2024-07-22,Realty Income,Realty Income Corporation,USD
57.26,57.818,57.13,57.49,3275421,O.N,2024-07-23,Realty Income,Realty Income Corporation,USD
57.49,57.938,57.14,57.26,4859994,O.N,2024-07-24,Realty Income,Realty Income Corporation,USD
57.46,58.18,57.12,57.36,4755034,O.N,2024-07-25,Realty Income,Realty Income Corporation,USD
57.62,58.28,57.41,58.07,3138632,O.N,2024-07-26,Realty Income,Realty Income Corporation,USD
58.18,58.325,57.67,58.21,2744888,O.N,2024-07-29,Realty Income,Realty Income Corporation,USD
58.26,58.53,58.11,58.37,4091496,O.N,2024-07-30,Realty Income,Realty Income Corporation,USD
58.26,58.29,57.35,57.43,7681918,O.N,2024-07-31,Realty Income,Realty Income Corporation,USD
57.64,58.055,57.49,58.01,5966565,O.N,2024-08-01,Realty Income,Realty Income Corporation,USD
57.65,59.435,57.65,59.32,8459441,O.N,2024-08-02,Realty Income,Realty Income Corporation,USD
56.88,59.96,56.88,59.18,12166938,O.N,2024-08-05,Realty Income,Realty Income Corporation,USD
58.88,61.35,58.56,60.44,9104688,O.N,2024-08-06,Realty Income,Realty Income Corporation,USD
60.45,61.6,60.27,60.28,7729754,O.N,2024-08-07,Realty Income,Realty Income Corporation,USD
60.34,60.41,59.56,60.22,6671728,O.N,2024-08-08,Realty Income,Realty Income Corporation,USD
60.5,60.675,59.924,60.57,3374919,O.N,2024-08-09,Realty Income,Realty Income Corporation,USD
60.32,60.38,59.74,60.31,4391103,O.N,2024-08-12,Realty Income,Realty Income Corporation,USD
60.83,60.978,60.105,60.31,4228364,O.N,2024-08-13,Realty Income,Realty Income Corporation,USD
60.38,60.45,59.972,60.16,4208098,O.N,2024-08-14,Realty Income,Realty Income Corporation,USD
59.88,59.935,59.41,59.71,5586414,O.N,2024-08-15,Realty Income,Realty Income Corporation,USD
59.77,60.2,59.625,60.05,6572943,O.N,2024-08-16,Realty Income,Realty Income Corporation,USD
60.04,60.9,60.03,60.86,2664645,O.N,2024-08-19,Realty Income,Realty Income Corporation,USD
60.86,61.03,60.294,60.56,3163600,O.N,2024-08-20,Realty Income,Realty Income Corporation,USD
60.59,60.96,60.19,60.93,3305421,O.N,2024-08-21,Realty Income,Realty Income Corporation,USD
60.93,60.99,60.34,60.5,3413227,O.N,2024-08-22,Realty Income,Realty Income Corporation,USD
60.71,61.29,60.62,61.09,4245690,O.N,2024-08-23,Realty Income,Realty Income Corporation,USD
61.48,61.99,61.39,61.77,3406669,O.N,2024-08-26,Realty Income,Realty Income Corporation,USD
61.61,62.27,61.49,62.15,3495151,O.N,2024-08-27,Realty Income,Realty Income Corporation,USD
62.3,62.41,61.561,61.99,3306948,O.N,2024-08-28,Realty Income,Realty Income Corporation,USD
61.97,62.08,60.98,61.4,3680077,O.N,2024-08-29,Realty Income,Realty Income Corporation,USD
61.54,62.23,61.52,62.11,5699956,O.N,2024-08-30,Realty Income,Realty Income Corporation,USD
61.63,62.61,61.52,62.28,4818232,O.N,2024-09-03,Realty Income,Realty Income Corporation,USD
62.28,62.89,62.28,62.71,4034632,O.N,2024-09-04,Realty Income,Realty Income Corporation,USD
63.2,63.39,62.13,62.33,4743263,O.N,2024-09-05,Realty Income,Realty Income Corporation,USD
62.38,62.67,61.78,62.4,4567184,O.N,2024-09-06,Realty Income,Realty Income Corporation,USD
62.11,62.97,62.05,62.86,4479059,O.N,2024-09-09,Realty Income,Realty Income Corporation,USD
63.01,63.1,62.58,62.81,2556031,O.N,2024-09-10,Realty Income,Realty Income Corporation,USD
62.35,62.7,61.901,62.61,2988371,O.N,2024-09-11,Realty Income,Realty Income Corporation,USD
62.61,62.79,61.95,62.41,2789121,O.N,2024-09-12,Realty Income,Realty Income Corporation,USD
62.82,62.895,62.085,62.71,3506284,O.N,2024-09-13,Realty Income,Realty Income Corporation,USD
62.98,63.23,62.58,62.68,3164095,O.N,2024-09-16,Realty Income,Realty Income Corporation,USD
62.76,63.135,62.48,62.49,3639728,O.N,2024-09-17,Realty Income,Realty Income Corporation,USD
62.54,63.23,61.89,62.19,4640840,O.N,2024-09-18,Realty Income,Realty Income Corporation,USD
61.95,62.1,60.42,60.7,7228455,O.N,2024-09-19,Realty Income,Realty Income Corporation,USD
60.56,61.76,60.44,61.63,12378396,O.N,2024-09-20,Realty Income,Realty Income Corporation,USD
62.0,62.49,61.85,62.32,4122910,O.N,2024-09-23,Realty Income,Realty Income Corporation,USD
62.01,62.9,61.73,62.56,5128669,O.N,2024-09-24,Realty Income,Realty Income Corporation,USD
62.71,62.88,62.2958,62.64,5233647,O.N,2024-09-25,Realty Income,Realty Income Corporation,USD
62.49,62.995,62.18,62.48,4229724,O.N,2024-09-26,Realty Income,Realty Income Corporation,USD
62.81,63.27,62.54,62.73,4304761,O.N,2024-09-27,Realty Income,Realty Income Corporation,USD
62.945,63.485,62.51,63.42,7136015,O.N,2024-09-30,Realty Income,Realty Income Corporation,USD
63.33,63.605,62.7638,63.0,5380887,O.N,2024-10-01,Realty Income,Realty Income Corporation,USD
62.53,62.82,62.01,62.42,4326322,O.N,2024-10-02,Realty Income,Realty Income Corporation,USD
62.3,62.5101,61.79,62.4,3617208,O.N,2024-10-03,Realty Income,Realty Income Corporation,USD
61.615,62.57,61.17,62.01,5249796,O.N,2024-10-04,Realty Income,Realty Income Corporation,USD
61.87,61.87,61.4604,61.67,4015402,O.N,2024-10-07,Realty Income,Realty Income Corporation,USD
61.78,61.95,61.1,61.51,4442453,O.N,2024-10-08,Realty Income,Realty Income Corporation,USD
61.475,61.92,61.31,61.81,3132840,O.N,2024-10-09,Realty Income,Realty Income Corporation,USD
61.8,62.27,61.165,61.47,3184768,O.N,2024-10-10,Realty Income,Realty Income Corporation,USD
61.73,62.0152,61.5,61.75,2913808,O.N,2024-10-11,Realty Income,Realty Income Corporation,USD
61.73,62.33,61.53,62.11,3132336,O.N,2024-10-14,Realty Income,Realty Income Corporation,USD
62.49,63.74,62.36,63.36,3863226,O.N,2024-10-15,Realty Income,Realty Income Corporation,USD
63.42,64.3,63.39,64.23,3616919,O.N,2024-10-16,Realty Income,Realty Income Corporation,USD
63.84,64.1,63.43,63.96,3450755,O.N,2024-10-17,Realty Income,Realty Income Corporation,USD
64.0,64.765,63.62,64.71,3406723,O.N,2024-10-18,Realty Income,Realty Income Corporation,USD
64.54,64.88,63.75,63.79,3301019,O.N,2024-10-21,Realty Income,Realty Income Corporation,USD
63.58,63.945,63.44,63.69,2839968,O.N,2024-10-22,Realty Income,Realty Income Corporation,USD
63.6,64.42,63.6,64.24,4232916,O.N,2024-10-23,Realty Income,Realty Income Corporation,USD
64.15,64.675,63.29,63.31,3841129,O.N,2024-10-24,Realty Income,Realty Income Corporation,USD
63.21,63.29,61.21,61.31,5994203,O.N,2024-10-25,Realty Income,Realty Income Corporation,USD
61.81,62.11,61.18,61.29,4605025,O.N,2024-10-28,Realty Income,Realty Income Corporation,USD
61.11,61.34,60.4,60.41,5174284,O.N,2024-10-29,Realty Income,Realty Income Corporation,USD
60.52,61.0,60.3,60.48,4564702,O.N,2024-10-30,Realty Income,Realty Income Corporation,USD
60.25,60.4,59.32,59.37,9170569,O.N,2024-10-31,Realty Income,Realty Income Corporation,USD
59.41,59.834,58.82,58.88,4615704,O.N,2024-11-01,Realty Income,Realty Income Corporation,USD
58.99,60.05,58.91,59.29,4691594,O.N,2024-11-04,Realty Income,Realty Income Corporation,USD
59.0,59.01,57.92,58.82,5515382,O.N,2024-11-05,Realty Income,Realty Income Corporation,USD
58.235,58.235,56.0,57.0,11418159,O.N,2024-11-06,Realty Income,Realty Income Corporation,USD
57.27,57.325,56.26,56.38,7303147,O.N,2024-11-07,Realty Income,Realty Income Corporation,USD
56.8,57.705,56.7,57.51,5576556,O.N,2024-11-08,Realty Income,Realty Income Corporation,USD
57.52,58.65,57.48,57.65,5228116,O.N,2024-11-11,Realty Income,Realty Income Corporation,USD
57.4,57.65,56.9819,57.02,3675471,O.N,2024-11-12,Realty Income,Realty Income Corporation,USD
57.445,57.5863,56.62,56.9,3791960,O.N,2024-11-13,Realty Income,Realty Income Corporation,USD
56.84,56.84,55.88,56.07,5115128,O.N,2024-11-14,Realty Income,Realty Income Corporation,USD
56.08,56.62,55.95,56.54,7984876,O.N,2024-11-15,Realty Income,Realty Income Corporation,USD
56.14,56.89,55.97,56.77,4209643,O.N,2024-11-18,Realty Income,Realty Income Corporation,USD
56.72,57.33,56.32,57.18,3365143,O.N,2024-11-19,Realty Income,Realty Income Corporation,USD
56.92,57.27,56.6288,56.88,4131316,O.N,2024-11-20,Realty Income,Realty Income Corporation,USD
56.715,57.51,56.56,57.39,2953103,O.N,2024-11-21,Realty Income,Realty Income Corporation,USD
57.65,57.88,57.3,57.45,3277844,O.N,2024-11-22,Realty Income,Realty Income Corporation,USD
57.5,57.7238,57.1701,57.45,6793304,O.N,2024-11-25,Realty Income,Realty Income Corporation,USD
57.39,57.84,57.075,57.75,3038864,O.N,2024-11-26,Realty Income,Realty Income Corporation,USD
58.14,58.785,58.13,58.32,3016136,O.N,2024-11-27,Realty Income,Realty Income Corporation,USD
58.5,58.6529,57.79,57.89,3486234,O.N,2024-11-29,Realty Income,Realty Income Corporation,USD
57.57,57.67,56.41,56.69,5052987,O.N,2024-12-02,Realty Income,Realty Income Corporation,USD
56.9,56.94,56.0,56.03,4856200,O.N,2024-12-03,Realty Income,Realty Income Corporation,USD
56.35,56.57,55.94,56.17,4011262,O.N,2024-12-04,Realty Income,Realty Income Corporation,USD
55.97,56.17,55.6799,56.06,3790633,O.N,2024-12-05,Realty Income,Realty Income Corporation,USD
56.06,56.36,55.95,56.17,3112184,O.N,2024-12-06,Realty Income,Realty Income Corporation,USD
56.1,56.6753,55.77,56.48,3946838,O.N,2024-12-09,Realty Income,Realty Income Corporation,USD
56.25,56.32,55.69,55.78,5089555,O.N,2024-12-10,Realty Income,Realty Income Corporation,USD
55.67,55.98,55.17,55.32,6634565,O.N,2024-12-11,Realty Income,Realty Income Corporation,USD
55.17,55.88,55.061,55.14,3885153,O.N,2024-12-12,Realty Income,Realty Income Corporation,USD
55.0,55.51,54.765,55.34,3899139,O.N,2024-12-13,Realty Income,Realty Income Corporation,USD
55.0,55.47,54.52,54.58,5671632,O.N,2024-12-16,Realty Income,Realty Income Corporation,USD
54.405,55.15,54.14,54.52,4951728,O.N,2024-12-17,Realty Income,Realty Income Corporation,USD
54.3,54.82,52.78,52.81,7659414,O.N,2024-12-18,Realty Income,Realty Income Corporation,USD
53.17,53.51,51.74,51.76,7959006,O.N,2024-12-19,Realty Income,Realty Income Corporation,USD
52.0,53.56,52.0,52.79,14467152,O.N,2024-12-20,Realty Income,Realty Income Corporation,USD
52.7,53.07,52.44,53.0,5474870,O.N,2024-12-23,Realty Income,Realty Income Corporation,USD
52.88,53.24,52.67,53.24,2585016,O.N,2024-12-24,Realty Income,Realty Income Corporation,USD
53.11,53.39,52.8855,53.07,7391190,O.N,2024-12-26,Realty Income,Realty Income Corporation,USD
52.93,53.48,52.47,52.66,5373852,O.N,2024-12-27,Realty Income,Realty Income Corporation,USD
52.56,52.86,52.2,52.73,5695297,O.N,2024-12-30,Realty Income,Realty Income Corporation,USD
52.96,53.48,52.87,53.41,5643315,O.N,2024-12-31,Realty Income,Realty Income Corporation,USD
53.26,53.345,52.4,52.6,4991084,O.N,2025-01-02,Realty Income,Realty Income Corporation,USD
52.64,53.3083,52.54,53.28,4076272,O.N,2025-01-03,Realty Income,Realty Income Corporation,USD
53.21,53.28,52.47,52.73,6850034,O.N,2025-01-06,Realty Income,Realty Income Corporation,USD
52.85,53.58,52.405,52.51,4908545,O.N,2025-01-07,Realty Income,Realty Income Corporation,USD
52.54,52.54,51.95,52.51,4727817,O.N,2025-01-08,Realty Income,Realty Income Corporation,USD
52.01,52.24,51.64,51.67,5852120,O.N,2025-01-10,Realty Income,Realty Income Corporation,USD
51.75,52.53,51.6,52.47,5172748,O.N,2025-01-13,Realty Income,Realty Income Corporation,USD
52.54,53.36,52.45,53.15,4294589,O.N,2025-01-14,Realty Income,Realty Income Corporation,USD
54.38,54.4,53.04,53.17,4978005,O.N,2025-01-15,Realty Income,Realty Income Corporation,USD
53.19,54.63,53.1,54.58,4332035,O.N,2025-01-16,Realty Income,Realty Income Corporation,USD
54.65,55.105,54.46,54.62,5345374,O.N,2025-01-17,Realty Income,Realty Income Corporation,USD
54.73,55.485,54.66,55.26,5732438,O.N,2025-01-21,Realty Income,Realty Income Corporation,USD
54.86,54.95,53.93,53.96,4950005,O.N,2025-01-22,Realty Income,Realty Income Corporation,USD
54.08,54.2366,53.5301,54.13,3785560,O.N,2025-01-23,Realty Income,Realty Income Corporation,USD
54.05,54.57,53.885,54.34,3359156,O.N,2025-01-24,Realty Income,Realty Income Corporation,USD
55.1,56.15,54.91,56.0,6102670,O.N,2025-01-27,Realty Income,Realty Income Corporation,USD
55.63,55.92,54.8908,54.98,3694680,O.N,2025-01-28,Realty Income,Realty Income Corporation,USD
55.09,55.17,53.8901,54.06,3510727,O.N,2025-01-29,Realty Income,Realty Income Corporation,USD
54.7,54.84,53.78,54.32,4277756,O.N,2025-01-30,Realty Income,Realty Income Corporation,USD
54.09,55.075,54.03,54.64,6777451,O.N,2025-01-31,Realty Income,Realty Income Corporation,USD
53.9,54.75,53.61,54.49,4324235,O.N,2025-02-03,Realty Income,Realty Income Corporation,USD
54.29,54.44,53.85,54.03,3700776,O.N,2025-02-04,Realty Income,Realty Income Corporation,USD
54.59,54.73,54.05,54.43,4581678,O.N,2025-02-05,Realty Income,Realty Income Corporation,USD
54.62,54.7,54.015,54.29,4367303,O.N,2025-02-06,Realty Income,Realty Income Corporation,USD
54.18,54.35,53.87,54.12,4544545,O.N,2025-02-07,Realty Income,Realty Income Corporation,USD
54.05,54.37,53.585,53.96,3831239,O.N,2025-02-10,Realty Income,Realty Income Corporation,USD
53.99,54.575,53.7997,54.38,3893174,O.N,2025-02-11,Realty Income,Realty Income Corporation,USD
53.66,54.1455,53.3,54.07,4309976,O.N,2025-02-12,Realty Income,Realty Income Corporation,USD
54.12,55.0,53.93,54.92,4129722,O.N,2025-02-13,Realty Income,Realty Income Corporation,USD
55.08,55.43,54.47,54.49,3721331,O.N,2025-02-14,Realty Income,Realty Income Corporation,USD
54.35,55.24,54.23,55.23,3811538,O.N,2025-02-18,Realty Income,Realty Income Corporation,USD
55.045,55.88,55.0,55.67,4123507,O.N,2025-02-19,Realty Income,Realty Income Corporation,USD
55.67,56.695,55.67,56.52,5226065,O.N,2025-02-20,Realty Income,Realty Income Corporation,USD
56.72,57.325,56.63,57.09,7387242,O.N,2025-02-21,Realty Income,Realty Income Corporation,USD
56.74,57.56,56.6629,57.31,5309279,O.N,2025-02-24,Realty Income,Realty Income Corporation,USD
55.69,56.46,54.13,56.24,9777972,O.N,2025-02-25,Realty Income,Realty Income Corporation,USD
56.155,56.91,55.9,56.1,6078298,O.N,2025-02-26,Realty Income,Realty Income Corporation,USD
56.07,56.83,56.05,56.57,5082147,O.N,2025-02-27,Realty Income,Realty Income Corporation,USD
56.84,57.25,56.66,57.03,7520350,O.N,2025-02-28,Realty Income,Realty Income Corporation,USD
56.68,57.64,56.625,57.55,5859826,O.N,2025-03-03,Realty Income,Realty Income Corporation,USD
57.7,58.53,57.7,57.76,8280659,O.N,2025-03-04,Realty Income,Realty Income Corporation,USD
57.34,58.26,57.092,58.11,5369045,O.N,2025-03-05,Realty Income,Realty Income Corporation,USD
57.86,58.27,56.7312,57.33,7126649,O.N,2025-03-06,Realty Income,Realty Income Corporation,USD
57.47,59.015,57.43,58.48,6256793,O.N,2025-03-07,Realty Income,Realty Income Corporation,USD
58.75,60.39,58.22,58.49,7584019,O.N,2025-03-10,Realty Income,Realty Income Corporation,USD
58.5,58.77,56.23,56.71,7482478,O.N,2025-03-11,Realty Income,Realty Income Corporation,USD
56.5,56.72,55.8817,56.37,7062053,O.N,2025-03-12,Realty Income,Realty Income Corporation,USD
56.5,57.45,55.8,55.86,5824093,O.N,2025-03-13,Realty Income,Realty Income Corporation,USD
55.97,56.82,55.86,56.69,6367747,O.N,2025-03-14,Realty Income,Realty Income Corporation,USD
56.95,57.3685,56.81,56.98,3837229,O.N,2025-03-17,Realty Income,Realty Income Corporation,USD
56.99,57.18,56.605,56.96,3708713,O.N,2025-03-18,Realty Income,Realty Income Corporation,USD
56.96,57.03,56.275,56.44,6039805,O.N,2025-03-19,Realty Income,Realty Income Corporation,USD
56.62,56.66,56.1,56.46,5079410,O.N,2025-03-20,Realty Income,Realty Income Corporation,USD
56.27,56.33,55.57,55.8,10839460,O.N,2025-03-21,Realty Income,Realty Income Corporation,USD
55.895,56.4578,55.75,56.28,4699381,O.N,2025-03-24,Realty Income,Realty Income Corporation,USD
56.33,56.45,55.51,55.65,6720638,O.N,2025-03-25,Realty Income,Realty Income Corporation,USD
55.8,56.715,55.72,56.56,4475515,O.N,2025-03-26,Realty Income,Realty Income Corporation,USD
56.47,56.9273,56.1001,56.16,4490649,O.N,2025-03-27,Realty Income,Realty Income Corporation,USD
56.405,56.735,55.98,56.61,3504325,O.N,2025-03-28,Realty Income,Realty Income Corporation,USD
56.75,58.27,56.75,58.01,8202080,O.N,2025-03-31,Realty Income,Realty Income Corporation,USD
57.93,58.2,56.51,57.15,5135812,O.N,2025-04-01,Realty Income,Realty Income Corporation,USD
57.36,57.545,56.68,57.12,4765569,O.N,2025-04-02,Realty Income,Realty Income Corporation,USD
57.51,58.16,56.3775,57.06,9623680,O.N,2025-04-03,Realty Income,Realty Income Corporation,USD
56.33,56.99,55.07,55.15,12097501,O.N,2025-04-04,Realty Income,Realty Income Corporation,USD
52.7,55.04,52.48,52.93,13272615,O.N,2025-04-07,Realty Income,Realty Income Corporation,USD
54.04,54.44,51.81,52.27,12132403,O.N,2025-04-08,Realty Income,Realty Income Corporation,USD
51.5,54.3699,50.71,53.98,10569177,O.N,2025-04-09,Realty Income,Realty Income Corporation,USD
53.9,54.775,52.61,54.15,7982279,O.N,2025-04-10,Realty Income,Realty Income Corporation,USD
54.0,55.35,53.65,55.22,6516570,O.N,2025-04-11,Realty Income,Realty Income Corporation,USD
55.53,56.635,55.36,56.27,4591763,O.N,2025-04-14,Realty Income,Realty Income Corporation,USD
56.43,57.135,56.14,57.01,4991146,O.N,2025-04-15,Realty Income,Realty Income Corporation,USD
57.0,57.92,56.98,57.26,4657861,O.N,2025-04-16,Realty Income,Realty Income Corporation,USD
57.32,58.6173,57.2,58.32,5109606,O.N,2025-04-17,Realty Income,Realty Income Corporation,USD
58.15,58.69,57.155,57.96,4414213,O.N,2025-04-21,Realty Income,Realty Income Corporation,USD
58.32,58.88,57.98,58.52,4058321,O.N,2025-04-22,Realty Income,Realty Income Corporation,USD
58.36,58.66,57.42,58.05,4954516,O.N,2025-04-23,Realty Income,Realty Income Corporation,USD
58.1,58.1,56.96,57.15,5522251,O.N,2025-04-24,Realty Income,Realty Income Corporation,USD
57.26,57.37,56.56,56.89,3861460,O.N,2025-04-25,Realty Income,Realty Income Corporation,USD
56.81,57.365,56.42,57.24,3789839,O.N,2025-04-28,Realty Income,Realty Income Corporation,USD
57.24,57.67,56.83,57.38,3691060,O.N,2025-04-29,Realty Income,Realty Income Corporation,USD
57.56,58.06,56.96,57.86,7998962,O.N,2025-04-30,Realty Income,Realty Income Corporation,USD
57.7,57.875,57.04,57.17,4308514,O.N,2025-05-01,Realty Income,Realty Income Corporation,USD
57.6,57.7,56.79,56.96,4292747,O.N,2025-05-02,Realty Income,Realty Income Corporation,USD
56.96,57.3464,56.75,56.94,4392834,O.N,2025-05-05,Realty Income,Realty Income Corporation,USD
56.88,57.55,56.37,56.79,5650193,O.N,2025-05-06,Realty Income,Realty Income Corporation,USD
56.8,57.23,56.58,56.74,6822854,O.N,2025-05-07,Realty Income,Realty Income Corporation,USD
56.7,56.81,56.2,56.25,4858630,O.N,2025-05-08,Realty Income,Realty Income Corporation,USD
56.21,56.875,55.9006,56.69,3634766,O.N,2025-05-09,Realty Income,Realty Income Corporation,USD
56.15,56.195,55.345,55.94,8776895,O.N,2025-05-12,Realty Income,Realty Income Corporation,USD
55.78,55.89,54.815,55.06,6642085,O.N,2025-05-13,Realty Income,Realty Income Corporation,USD
55.05,55.18,54.38,54.54,6270223,O.N,2025-05-14,Realty Income,Realty Income Corporation,USD
54.79,55.4,54.52,55.4,5836544,O.N,2025-05-15,Realty Income,Realty Income Corporation,USD
55.5,56.34,55.3,56.24,6484513,O.N,2025-05-16,Realty Income,Realty Income Corporation,USD
56.1,56.38,55.9,56.25,4691283,O.N,2025-05-19,Realty Income,Realty Income Corporation,USD
56.0,56.35,56.0,56.2,2781430,O.N,2025-05-20,Realty Income,Realty Income Corporation,USD
56.125,56.2,55.17,55.25,4533997,O.N,2025-05-21,Realty Income,Realty Income Corporation,USD
55.23,55.39,54.64,55.18,4038574,O.N,2025-05-22,Realty Income,Realty Income Corporation,USD
55.46,55.7,55.03,55.53,4007132,O.N,2025-05-23,Realty Income,Realty Income Corporation,USD
55.79,56.3308,55.545,56.16,4487813,O.N,2025-05-27,Realty Income,Realty Income Corporation,USD
56.16,56.2,55.66,55.85,3306017,O.N,2025-05-28,Realty Income,Realty Income Corporation,USD
55.8,56.37,55.555,56.36,4857976,O.N,2025-05-29,Realty Income,Realty Income Corporation,USD
56.39,56.75,56.11,56.62,9971398,O.N,2025-05-30,Realty Income,Realty Income Corporation,USD
56.1,56.59,55.67,56.58,4573642,O.N,2025-06-02,Realty Income,Realty Income Corporation,USD
56.215,56.32,55.8515,56.01,4757760,O.N,2025-06-03,Realty Income,Realty Income Corporation,USD
55.845,56.1969,55.52,55.92,5147744,O.N,2025-06-04,Realty Income,Realty Income Corporation,USD
56.005,56.03,55.57,55.83,4887518,O.N,2025-06-05,Realty Income,Realty Income Corporation,USD
55.785,56.1756,55.605,56.0,4841648,O.N,2025-06-06,Realty Income,Realty Income Corporation,USD
55.96,56.9,55.8584,56.81,5659164,O.N,2025-06-09,Realty Income,Realty Income Corporation,USD
56.835,57.55,56.83,57.35,4739230,O.N,2025-06-10,Realty Income,Realty Income Corporation,USD
57.37,57.945,57.35,57.76,4193840,O.N,2025-06-11,Realty Income,Realty Income Corporation,USD
57.79,58.12,57.52,57.96,4266787,O.N,2025-06-12,Realty Income,Realty Income Corporation,USD
57.82,58.17,57.27,57.64,4854066,O.N,2025-06-13,Realty Income,Realty Income Corporation,USD
57.69,58.06,57.225,57.39,5060637,O.N,2025-06-16,Realty Income,Realty Income Corporation,USD
57.4,57.745,57.085,57.53,4274041,O.N,2025-06-17,Realty Income,Realty Income Corporation,USD
57.62,57.91,57.265,57.58,4412984,O.N,2025-06-18,Realty Income,Realty Income Corporation,USD
57.555,57.99,57.14,57.18,16937630,O.N,2025-06-20,Realty Income,Realty Income Corporation,USD
57.22,58.45,57.22,58.37,5171343,O.N,2025-06-23,Realty Income,Realty Income Corporation,USD
58.26,58.4136,57.88,57.98,5388624,O.N,2025-06-24,Realty Income,Realty Income Corporation,USD
57.745,57.785,57.05,57.08,8468691,O.N,2025-06-25,Realty Income,Realty Income Corporation,USD
57.38,57.55,56.7,57.2,6188365,O.N,2025-06-26,Realty Income,Realty Income Corporation,USD
57.31,57.65,56.815,57.03,5318636,O.N,2025-06-27,Realty Income,Realty Income Corporation,USD
57.07,57.65,56.56,57.61,7304282,O.N,2025-06-30,Realty Income,Realty Income Corporation,USD
57.44,58.14,57.22,57.8,5686898,O.N,2025-07-01,Realty Income,Realty Income Corporation,USD
57.5,57.84,57.14,57.75,3975042,O.N,2025-07-02,Realty Income,Realty Income Corporation,USD
57.72,57.88,57.39,57.68,2942493,O.N,2025-07-03,Realty Income,Realty Income Corporation,USD
57.69,57.94,57.2125,57.53,4691003,O.N,2025-07-07,Realty Income,Realty Income Corporation,USD
57.19,57.65,57.06,57.49,3968783,O.N,2025-07-08,Realty Income,Realty Income Corporation,USD
57.48,57.58,56.92,56.92,5712181,O.N,2025-07-09,Realty Income,Realty Income Corporation,USD
56.79,57.16,56.6,56.93,5415227,O.N,2025-07-10,Realty Income,Realty Income Corporation,USD
56.765,57.34,56.59,57.16,4629333,O.N,2025-07-11,Realty Income,Realty Income Corporation,USD
57.12,58.98,57.065,58.7,13455201,O.N,2025-07-14,Realty Income,Realty Income Corporation,USD
58.195,58.435,56.66,56.66,7800358,O.N,2025-07-15,Realty Income,Realty Income Corporation,USD
56.975,57.19,56.605,56.79,5292737,O.N,2025-07-16,Realty Income,Realty Income Corporation,USD
56.75,56.9317,56.36,56.36,4440116,O.N,2025-07-17,Realty Income,Realty Income Corporation,USD
56.45,56.82,56.3,56.47,4161853,O.N,2025-07-18,Realty Income,Realty Income Corporation,USD
56.665,56.99,56.32,56.39,3718444,O.N,2025-07-21,Realty Income,Realty Income Corporation,USD
56.5,57.88,56.49,57.84,5154852,O.N,2025-07-22,Realty Income,Realty Income Corporation,USD
57.78,58.085,57.54,57.88,3666112,O.N,2025-07-23,Realty Income,Realty Income Corporation,USD
57.76,58.26,57.63,58.02,3995872,O.N,2025-07-24,Realty Income,Realty Income Corporation,USD
58.09,58.2,57.29,57.9,4439262,O.N,2025-07-25,Realty Income,Realty Income Corporation,USD
57.895,57.895,56.85,56.86,4243412,O.N,2025-07-28,Realty Income,Realty Income Corporation,USD
57.07,57.435,56.7643,57.36,4392156,O.N,2025-07-29,Realty Income,Realty Income Corporation,USD
57.38,57.73,56.59,56.79,3860485,O.N,2025-07-30,Realty Income,Realty Income Corporation,USD
56.755,56.9492,56.035,56.13,7458531,O.N,2025-07-31,Realty Income,Realty Income Corporation,USD
56.5,57.0,55.92,56.57,7981852,O.N,2025-08-01,Realty Income,Realty Income Corporation,USD
56.56,57.48,56.53,57.45,5232192,O.N,2025-08-04,Realty Income,Realty Income Corporation,USD
57.38,57.575,57.17,57.2,4204441,O.N,2025-08-05,Realty Income,Realty Income Corporation,USD
57.23,57.49,56.8899,56.91,4195512,O.N,2025-08-06,Realty Income,Realty Income Corporation,USD
56.96,57.21,56.27,57.09,5058323,O.N,2025-08-07,Realty Income,Realty Income Corporation,USD
57.16,57.98,57.13,57.44,4537967,O.N,2025-08-08,Realty Income,Realty Income Corporation,USD
57.38,57.92,57.35,57.39,3609420,O.N,2025-08-11,Realty Income,Realty Income Corporation,USD
57.45,57.7,57.0102,57.66,4149222,O.N,2025-08-12,Realty Income,Realty Income Corporation,USD
57.73,58.02,57.2798,57.89,4666578,O.N,2025-08-13,Realty Income,Realty Income Corporation,USD
57.785,58.015,57.6147,57.82,4193695,O.N,2025-08-14,Realty Income,Realty Income Corporation,USD
58.01,58.69,57.82,58.48,6242821,O.N,2025-08-15,Realty Income,Realty Income Corporation,USD
58.48,58.625,57.85,57.87,4331113,O.N,2025-08-18,Realty Income,Realty Income Corporation,USD
58.05,59.03,57.99,59.01,4600172,O.N,2025-08-19,Realty Income,Realty Income Corporation,USD
59.23,60.165,59.15,59.9,6768023,O.N,2025-08-20,Realty Income,Realty Income Corporation,USD
59.75,59.86,59.315,59.58,4920989,O.N,2025-08-21,Realty Income,Realty Income Corporation,USD
59.86,60.1,58.835,58.92,7649971,O.N,2025-08-22,Realty Income,Realty Income Corporation,USD
58.675,58.89,58.1201,58.21,6828975,O.N,2025-08-25,Realty Income,Realty Income Corporation,USD
58.295,58.38,57.7202,58.13,7617747,O.N,2025-08-26,Realty Income,Realty Income Corporation,USD
58.4,58.77,58.18,58.55,5703912,O.N,2025-08-27,Realty Income,Realty Income Corporation,USD
58.625,58.625,57.86,58.13,5009829,O.N,2025-08-28,Realty Income,Realty Income Corporation,USD
58.2,58.78,58.17,58.76,4370657,O.N,2025-08-29,Realty Income,Realty Income Corporation,USD
58.02,58.305,57.455,57.74,5441984,O.N,2025-09-02,Realty Income,Realty Income Corporation,USD
57.65,57.985,57.44,57.95,4102199,O.N,2025-09-03,Realty Income,Realty Income Corporation,USD
58.07,58.65,57.925,58.28,4320260,O.N,2025-09-04,Realty Income,Realty Income Corporation,USD
58.45,59.29,58.43,59.29,5321079,O.N,2025-09-05,Realty Income,Realty Income Corporation,USD
59.02,59.26,58.63,59.1,5197790,O.N,2025-09-08,Realty Income,Realty Income Corporation,USD
59.05,59.53,58.8338,59.49,4083682,O.N,2025-09-09,Realty Income,Realty Income Corporation,USD
59.53,59.85,59.17,59.45,4673340,O.N,2025-09-10,Realty Income,Realty Income Corporation,USD
59.55,60.25,59.55,60.16,4690651,O.N,2025-09-11,Realty Income,Realty Income Corporation,USD
60.09,60.59,60.03,60.41,3910085,O.N,2025-09-12,Realty Income,Realty Income Corporation,USD
60.58,61.085,60.08,60.22,6098809,O.N,2025-09-15,Realty Income,Realty Income Corporation,USD
60.24,60.55,59.79,59.98,6206323,O.N,2025-09-16,Realty Income,Realty Income Corporation,USD
60.245,60.49,59.7,59.71,5236311,O.N,2025-09-17,Realty Income,Realty Income Corporation,USD
59.44,59.76,58.955,59.11,6233981,O.N,2025-09-18,Realty Income,Realty Income Corporation,USD
59.07,59.696,58.95,59.16,12684314,O.N,2025-09-19,Realty Income,Realty Income Corporation,USD
59.31,59.32,58.71,59.06,5909860,O.N,2025-09-22,Realty Income,Realty Income Corporation,USD
59.12,59.6356,59.1,59.55,4571782,O.N,2025-09-23,Realty Income,Realty Income Corporation,USD
59.67,60.3,59.46,59.98,5751310,O.N,2025-09-24,Realty Income,Realty Income Corporation,USD
60.2,60.36,59.49,59.79,4799278,O.N,2025-09-25,Realty Income,Realty Income Corporation,USD
59.87,60.465,59.87,60.32,5681779,O.N,2025-09-26,Realty Income,Realty Income Corporation,USD
60.3,60.55,60.1,60.55,6067518,O.N,2025-09-29,Realty Income,Realty Income Corporation,USD
60.55,60.82,60.3,60.79,6683992,O.N,2025-09-30,Realty Income,Realty Income Corporation,USD
60.5,60.74,60.305,60.46,5639149,O.N,2025-10-01,Realty Income,Realty Income Corporation,USD
60.28,60.31,59.82,60.08,4493276,O.N,2025-10-02,Realty Income,Realty Income Corporation,USD
60.05,60.7401,60.05,60.4,4124151,O.N,2025-10-03,Realty Income,Realty Income Corporation,USD
60.25,60.39,59.9,59.9,4976757,O.N,2025-10-06,Realty Income,Realty Income Corporation,USD
59.955,60.085,59.505,59.63,4613245,O.N,2025-10-07,Realty Income,Realty Income Corporation,USD
59.485,59.55,58.96,59.01,4673467,O.N,2025-10-08,Realty Income,Realty Income Corporation,USD
59.14,59.3,58.415,58.66,4040084,O.N,2025-10-09,Realty Income,Realty Income Corporation,USD
58.76,58.97,58.22,58.26,4849447,O.N,2025-10-10,Realty Income,Realty Income Corporation,USD
58.12,58.87,58.0301,58.73,4231653,O.N,2025-10-13,Realty Income,Realty Income Corporation,USD
58.73,59.09,58.5601,58.84,5303493,O.N,2025-10-14,Realty Income,Realty Income Corporation,USD
58.85,59.545,58.61,59.46,5143806,O.N,2025-10-15,Realty Income,Realty Income Corporation,USD
59.56,59.91,59.24,59.29,4717781,O.N,2025-10-16,Realty Income,Realty Income Corporation,USD
59.5,59.99,59.33,59.94,4241137,O.N,2025-10-17,Realty Income,Realty Income Corporation,USD
60.01,60.645,59.99,60.64,3687642,O.N,2025-10-20,Realty Income,Realty Income Corporation,USD
60.7,60.9,59.69,60.03,5307348,O.N,2025-10-21,Realty Income,Realty Income Corporation,USD
60.05,60.545,59.855,60.27,4077429,O.N,2025-10-22,Realty Income,Realty Income Corporation,USD
60.51,60.58,59.875,60.22,3455745,O.N,2025-10-23,Realty Income,Realty Income Corporation,USD
60.375,60.435,59.98,59.99,3884242,O.N,2025-10-24,Realty Income,Realty Income Corporation,USD
60.0,60.41,59.79,60.4,4946488,O.N,2025-10-27,Realty Income,Realty Income Corporation,USD
60.27,60.27,59.16,59.21,5791030,O.N,2025-10-28,Realty Income,Realty Income Corporation,USD
59.04,59.305,58.09,58.36,7192888,O.N,2025-10-29,Realty Income,Realty Income Corporation,USD
58.52,58.84,57.875,57.91,7396353,O.N,2025-10-30,Realty Income,Realty Income Corporation,USD
57.46,58.19,57.21,57.98,6794265,O.N,2025-10-31,Realty Income,Realty Income Corporation,USD
57.69,58.34,57.315,58.2,7773547,O.N,2025-11-03,Realty Income,Realty Income Corporation,USD
57.8,57.94,55.95,56.14,11474018,O.N,2025-11-04,Realty Income,Realty Income Corporation,USD
56.5,57.0,56.1,56.12,7875126,O.N,2025-11-05,Realty Income,Realty Income Corporation,USD
56.31,56.65,56.075,56.33,6114358,O.N,2025-11-06,Realty Income,Realty Income Corporation,USD
56.51,56.895,56.3904,56.87,5958483,O.N,2025-11-07,Realty Income,Realty Income Corporation,USD
56.88,57.03,56.025,56.38,6427843,O.N,2025-11-10,Realty Income,Realty Income Corporation,USD
56.68,57.26,56.62,57.16,5019122,O.N,2025-11-11,Realty Income,Realty Income Corporation,USD
57.07,57.2,56.77,56.93,5497989,O.N,2025-11-12,Realty Income,Realty Income Corporation,USD
56.96,57.65,56.55,56.59,6716357,O.N,2025-11-13,Realty Income,Realty Income Corporation,USD
56.84,57.12,56.535,56.8,5630908,O.N,2025-11-14,Realty Income,Realty Income Corporation,USD
56.84,57.07,56.655,57.0,5548004,O.N,2025-11-17,Realty Income,Realty Income Corporation,USD
57.0,57.46,56.6774,57.34,5440684,O.N,2025-11-18,Realty Income,Realty Income Corporation,USD
57.32,57.41,56.54,56.71,4429108,O.N,2025-11-19,Realty Income,Realty Income Corporation,USD
56.8,57.03,56.27,56.3,6060265,O.N,2025-11-20,Realty Income,Realty Income Corporation,USD
56.49,57.16,56.31,56.67,7221735,O.N,2025-11-21,Realty Income,Realty Income Corporation,USD
56.9,57.03,56.3,56.49,10444721,O.N,2025-11-24,Realty Income,Realty Income Corporation,USD
56.7,57.04,56.465,56.72,7259967,O.N,2025-11-25,Realty Income,Realty Income Corporation,USD
56.74,57.4,56.68,57.14,5129892,O.N,2025-11-26,Realty Income,Realty Income Corporation,USD
56.91,57.62,56.88,57.61,3490804,O.N,2025-11-28,Realty Income,Realty Income Corporation,USD
57.3,57.59,57.0245,57.43,4602078,O.N,2025-12-01,Realty Income,Realty Income Corporation,USD
57.59,57.73,57.0648,57.5,4730697,O.N,2025-12-02,Realty Income,Realty Income Corporation,USD
57.74,58.25,57.52,58.09,6560840,O.N,2025-12-03,Realty Income,Realty Income Corporation,USD
58.105,58.62,57.87,58.21,6072561,O.N,2025-12-04,Realty Income,Realty Income Corporation,USD
58.2,58.86,58.1038,58.48,5419778,O.N,2025-12-05,Realty Income,Realty Income Corporation,USD
58.47,58.47,57.32,57.32,8371959,O.N,2025-12-08,Realty Income,Realty Income Corporation,USD
57.52,57.8,57.0,57.05,6047349,O.N,2025-12-09,Realty Income,Realty Income Corporation,USD
57.09,57.575,56.65,56.67,7983901,O.N,2025-12-10,Realty Income,Realty Income Corporation,USD
56.98,57.395,56.69,57.22,5385902,O.N,2025-12-11,Realty Income,Realty Income Corporation,USD
57.29,57.92,57.29,57.72,5165968,O.N,2025-12-12,Realty Income,Realty Income Corporation,USD
57.89,58.16,57.64,58.08,6600122,O.N,2025-12-15,Realty Income,Realty Income Corporation,USD
58.11,58.17,57.41,57.44,5410374,O.N,2025-12-16,Realty Income,Realty Income Corporation,USD
57.39,57.88,57.19,57.76,6212391,O.N,2025-12-17,Realty Income,Realty Income Corporation,USD
57.84,58.02,56.61,56.77,9714464,O.N,2025-12-18,Realty Income,Realty Income Corporation,USD
56.83,57.205,56.31,56.33,14314543,O.N,2025-12-19,Realty Income,Realty Income Corporation,USD
56.36,56.75,56.01,56.67,6001623,O.N,2025-12-22,Realty Income,Realty Income Corporation,USD
56.72,56.8,55.86,55.93,6825147,O.N,2025-12-23,Realty Income,Realty Income Corporation,USD
56.15,56.74,56.135,56.67,2415475,O.N,2025-12-24,Realty Income,Realty Income Corporation,USD
56.625,56.84,56.415,56.69,4445801,O.N,2025-12-26,Realty Income,Realty Income Corporation,USD
56.76,57.05,56.72,56.81,6390351,O.N,2025-12-29,Realty Income,Realty Income Corporation,USD
56.93,57.08,56.73,57.03,4993740,O.N,2025-12-30,Realty Income,Realty Income Corporation,USD
56.73,56.75,56.34,56.37,4774388,O.N,2025-12-31,Realty Income,Realty Income Corporation,USD
56.35,57.535,55.92,57.31,6203117,O.N,2026-01-02,Realty Income,Realty Income Corporation,USD
57.3,58.09,56.77,57.85,6824386,O.N,2026-01-05,Realty Income,Realty Income Corporation,USD
57.94,57.94,56.7,57.42,12238078,O.N,2026-01-06,Realty Income,Realty Income Corporation,USD
57.73,57.92,57.0,57.35,5629886,O.N,2026-01-07,Realty Income,Realty Income Corporation,USD
57.32,58.54,57.295,58.29,5709600,O.N,2026-01-08,Realty Income,Realty Income Corporation,USD
58.22,58.67,58.02,58.17,5188087,O.N,2026-01-09,Realty Income,Realty Income Corporation,USD
58.4,59.06,58.3,58.89,6354725,O.N,2026-01-12,Realty Income,Realty Income Corporation,USD
58.95,59.38,58.67,59.23,5062131,O.N,2026-01-13,Realty Income,Realty Income Corporation,USD
59.29,60.32,59.26,60.31,6755241,O.N,2026-01-14,Realty Income,Realty Income Corporation,USD
60.3,60.7498,60.15,60.72,6752756,O.N,2026-01-15,Realty Income,Realty Income Corporation,USD
60.47,61.54,60.38,61.42,7223374,O.N,2026-01-16,Realty Income,Realty Income Corporation,USD
61.42,61.945,60.87,61.62,7360019,O.N,2026-01-20,Realty Income,Realty Income Corporation,USD
61.8,61.86,60.945,61.79,6318953,O.N,2026-01-21,Realty Income,Realty Income Corporation,USD
61.76,61.95,60.79,60.85,7229830,O.N,2026-01-22,Realty Income,Realty Income Corporation,USD
60.92,60.95,60.185,60.74,5406256,O.N,2026-01-23,Realty Income,Realty Income Corporation,USD
61.04,61.13,60.26,60.4,6867058,O.N,2026-01-26,Realty Income,Realty Income Corporation,USD
60.41,60.965,60.23,60.92,6180115,O.N,2026-01-27,Realty Income,Realty Income Corporation,USD
60.92,61.16,59.9,60.07,5077776,O.N,2026-01-28,Realty Income,Realty Income Corporation,USD
60.33,60.78,60.1,60.78,5344194,O.N,2026-01-29,Realty Income,Realty Income Corporation,USD
60.63,61.23,60.395,61.16,7304143,O.N,2026-01-30,Realty Income,Realty Income Corporation,USD
61.03,61.28,60.45,60.53,5991313,O.N,2026-02-02,Realty Income,Realty Income Corporation,USD
60.54,61.64,60.53,61.46,6668809,O.N,2026-02-03,Realty Income,Realty Income Corporation,USD
61.68,62.532,61.25,62.46,8623779,O.N,2026-02-04,Realty Income,Realty Income Corporation,USD
62.565,63.75,62.47,63.36,8392549,O.N,2026-02-05,Realty Income,Realty Income Corporation,USD
63.4,63.9,62.6501,63.23,4717552,O.N,2026-02-06,Realty Income,Realty Income Corporation,USD
63.18,63.23,62.56,63.09,4743254,O.N,2026-02-09,Realty Income,Realty Income Corporation,USD
63.22,64.14,62.98,63.9,5549431,O.N,2026-02-10,Realty Income,Realty Income Corporation,USD
63.94,64.62,63.625,64.5,6624451,O.N,2026-02-11,Realty Income,Realty Income Corporation,USD
64.7,66.28,64.7,64.78,13316750,O.N,2026-02-12,Realty Income,Realty Income Corporation,USD
65.02,66.0,64.75,65.66,5767336,O.N,2026-02-13,Realty Income,Realty Income Corporation,USD
65.75,66.735,65.75,66.49,6984464,O.N,2026-02-17,Realty Income,Realty Income Corporation,USD
66.4,66.44,65.02,65.07,7854630,O.N,2026-02-18,Realty Income,Realty Income Corporation,USD
65.21,65.69,64.8676,65.5,5367721,O.N,2026-02-19,Realty Income,Realty Income Corporation,USD
65.83,66.365,65.5,66.14,5576767,O.N,2026-02-20,Realty Income,Realty Income Corporation,USD
66.39,67.15,66.25,66.68,5348659,O.N,2026-02-23,Realty Income,Realty Income Corporation,USD
66.6,66.92,66.225,66.52,5999981,O.N,2026-02-24,Realty Income,Realty Income Corporation,USD
66.0,66.24,65.0,65.99,6953553,O.N,2026-02-25,Realty Income,Realty Income Corporation,USD
66.13,67.02,66.1,66.6,6314325,O.N,2026-02-26,Realty Income,Realty Income Corporation,USD
66.6,67.935,66.56,67.0,13326189,O.N,2026-02-27,Realty Income,Realty Income Corporation,USD
66.8,67.7245,66.51,67.56,6736275,O.N,2026-03-02,Realty Income,Realty Income Corporation,USD
66.7,67.04,66.1601,66.56,6168005,O.N,2026-03-03,Realty Income,Realty Income Corporation,USD
66.43,66.45,65.32,66.0,7227199,O.N,2026-03-04,Realty Income,Realty Income Corporation,USD
65.32,65.5546,64.45,64.8,8189544,O.N,2026-03-05,Realty Income,Realty Income Corporation,USD
64.61,65.055,64.24,65.0,6236763,O.N,2026-03-06,Realty Income,Realty Income Corporation,USD
64.2,65.145,63.94,64.94,7143386,O.N,2026-03-09,Realty Income,Realty Income Corporation,USD
64.76,65.549,64.35,64.88,5113725,O.N,2026-03-10,Realty Income,Realty Income Corporation,USD
64.59,64.78,64.125,64.71,5318328,O.N,2026-03-11,Realty Income,Realty Income Corporation,USD
64.55,65.4228,64.34,65.03,6149099,O.N,2026-03-12,Realty Income,Realty Income Corporation,USD
65.67,65.815,64.355,64.44,5752200,O.N,2026-03-13,Realty Income,Realty Income Corporation,USD
64.91,65.51,64.8101,64.92,6842428,O.N,2026-03-16,Realty Income,Realty Income Corporation,USD
65.03,65.31,64.06,64.09,6457750,O.N,2026-03-17,Realty Income,Realty Income Corporation,USD
63.83,63.99,62.775,63.04,6777092,O.N,2026-03-18,Realty Income,Realty Income Corporation,USD
62.97,63.22,62.52,62.64,4695895,O.N,2026-03-19,Realty Income,Realty Income Corporation,USD
62.3,62.6,60.6,60.95,10257281,O.N,2026-03-20,Realty Income,Realty Income Corporation,USD
61.57,61.7748,60.725,60.85,7383703,O.N,2026-03-23,Realty Income,Realty Income Corporation,USD
60.65,61.085,60.355,60.46,5404360,O.N,2026-03-24,Realty Income,Realty Income Corporation,USD
60.5,60.74,59.85,60.06,5576130,O.N,2026-03-25,Realty Income,Realty Income Corporation,USD
59.95,60.65,59.9,60.27,3980806,O.N,2026-03-26,Realty Income,Realty Income Corporation,USD
60.34,61.215,60.045,60.69,5341615,O.N,2026-03-27,Realty Income,Realty Income Corporation,USD
61.26,61.75,60.82,61.15,5112955,O.N,2026-03-30,Realty Income,Realty Income Corporation,USD
61.3,61.61,60.75,61.18,7479455,O.N,2026-03-31,Realty Income,Realty Income Corporation,USD
61.25,61.99,61.01,61.88,5998910,O.N,2026-04-01,Realty Income,Realty Income Corporation,USD
62.22,62.68,61.8,62.21,6168157,O.N,2026-04-02,Realty Income,Realty Income Corporation,USD
61.78,62.23,61.63,61.83,3711951,O.N,2026-04-06,Realty Income,Realty Income Corporation,USD
61.81,62.4219,61.7,62.23,4609500,O.N,2026-04-07,Realty Income,Realty Income Corporation,USD
62.58,62.955,61.95,62.79,8524016,O.N,2026-04-08,Realty Income,Realty Income Corporation,USD
62.59,63.65,62.31,63.2,4289234,O.N,2026-04-09,Realty Income,Realty Income Corporation,USD
63.29,63.76,63.05,63.75,5577501,O.N,2026-04-10,Realty Income,Realty Income Corporation,USD
63.37,63.56,62.815,63.32,5086715,O.N,2026-04-13,Realty Income,Realty Income Corporation,USD
63.4,63.86,62.95,63.81,4390982,O.N,2026-04-14,Realty Income,Realty Income Corporation,USD
63.82,63.99,63.25,63.96,4907695,O.N,2026-04-15,Realty Income,Realty Income Corporation,USD
63.99,64.65,63.95,64.64,4200947,O.N,2026-04-16,Realty Income,Realty Income Corporation,USD
64.61,65.27,64.27,65.09,5151171,O.N,2026-04-17,Realty Income,Realty Income Corporation,USD
65.01,65.35,64.805,64.92,4092332,O.N,2026-04-20,Realty Income,Realty Income Corporation,USD
64.9,64.96,63.955,64.0,6721095,O.N,2026-04-21,Realty Income,Realty Income Corporation,USD
64.25,64.44,63.13,63.34,5461615,O.N,2026-04-22,Realty Income,Realty Income Corporation,USD
63.73,64.12,63.585,64.08,3660632,O.N,2026-04-23,Realty Income,Realty Income Corporation,USD
64.08,64.21,63.31,63.33,4133486,O.N,2026-04-24,Realty Income,Realty Income Corporation,USD
63.3,63.72,62.575,62.75,4742691,O.N,2026-04-27,Realty Income,Realty Income Corporation,USD
63.21,63.57,62.6375,63.55,5219296,O.N,2026-04-28,Realty Income,Realty Income Corporation,USD
63.22,63.59,63.12,63.29,4855061,O.N,2026-04-29,Realty Income,Realty Income Corporation,USD
62.86,64.26,62.86,64.24,7824246,O.N,2026-04-30,Realty Income,Realty Income Corporation,USD
64.21,64.33,63.715,63.81,4658184,O.N,2026-05-01,Realty Income,Realty Income Corporation,USD
63.4,64.045,63.22,63.45,4360997,O.N,2026-05-04,Realty Income,Realty Income Corporation,USD
63.38,63.8,63.205,63.57,3611693,O.N,2026-05-05,Realty Income,Realty Income Corporation,USD
63.55,64.075,63.55,64.01,5081425,O.N,2026-05-06,Realty Income,Realty Income Corporation,USD
63.6,63.6655,61.52,61.79,13525038,O.N,2026-05-07,Realty Income,Realty Income Corporation,USD
62.07,62.68,61.58,61.92,7270797,O.N,2026-05-08,Realty Income,Realty Income Corporation,USD
61.995,62.6,61.98,62.36,5683206,O.N,2026-05-11,Realty Income,Realty Income Corporation,USD
62.62,62.9,62.325,62.53,5549513,O.N,2026-05-12,Realty Income,Realty Income Corporation,USD
62.275,62.4,61.175,61.52,6456347,O.N,2026-05-13,Realty Income,Realty Income Corporation,USD
61.7,62.185,61.52,61.96,6052117,O.N,2026-05-14,Realty Income,Realty Income Corporation,USD
61.97,62.06,61.11,61.12,5294853,O.N,2026-05-15,Realty Income,Realty Income Corporation,USD
61.45,61.73,61.34,61.71,5333324,O.N,2026-05-18,Realty Income,Realty Income Corporation,USD
61.55,62.435,61.38,62.09,4300921,O.N,2026-05-19,Realty Income,Realty Income Corporation,USD
62.035,62.32,61.665,62.24,4749647,O.N,2026-05-20,Realty Income,Realty Income Corporation,USD
62.1,62.355,61.65,62.23,3807502,O.N,2026-05-21,Realty Income,Realty Income Corporation,USD
62.23,62.42,61.57,62.02,4335673,O.N,2026-05-22,Realty Income,Realty Income Corporation,USD
62.08,62.5,61.87,62.45,4936148,O.N,2026-05-26,Realty Income,Realty Income Corporation,USD
62.43,62.93,62.125,62.19,4504630,O.N,2026-05-27,Realty Income,Realty Income Corporation,USD
62.1,62.4199,61.67,61.69,5677802,O.N,2026-05-28,Realty Income,Realty Income Corporation,USD
61.6,61.6,60.61,61.28,14703050,O.N,2026-05-29,Realty Income,Realty Income Corporation,USD
60.72,60.9,59.525,59.55,7512568,O.N,2026-06-01,Realty Income,Realty Income Corporation,USD
59.71,60.07,59.48,59.91,5252475,O.N,2026-06-02,Realty Income,Realty Income Corporation,USD
59.88,60.655,59.72,59.72,5730078,O.N,2026-06-03,Realty Income,Realty Income Corporation,USD
60.48,60.63,59.5139,59.75,5964103,O.N,2026-06-04,Realty Income,Realty Income Corporation,USD
59.715,61.475,59.5,60.84,6835109,O.N,2026-06-05,Realty Income,Realty Income Corporation,USD
60.71,60.96,59.85,60.01,6535990,O.N,2026-06-08,Realty Income,Realty Income Corporation,USD
60.24,61.505,59.98,61.25,8090372,O.N,2026-06-09,Realty Income,Realty Income Corporation,USD
61.69,62.405,61.61,62.11,6447573,O.N,2026-06-10,Realty Income,Realty Income Corporation,USD
62.37,62.83,61.88,61.91,6049656,O.N,2026-06-11,Realty Income,Realty Income Corporation,USD
62.18,62.8448,62.16,62.72,5768633,O.N,2026-06-12,Realty Income,Realty Income Corporation,USD
62.715,62.965,62.065,62.14,5327138,O.N,2026-06-15,Realty Income,Realty Income Corporation,USD
62.29,62.549,61.76,62.17,4558175,O.N,2026-06-16,Realty Income,Realty Income Corporation,USD
61.83,62.015,60.305,60.57,6072705,O.N,2026-06-17,Realty Income,Realty Income Corporation,USD
60.78,60.9008,60.215,60.24,12961677,O.N,2026-06-18,Realty Income,Realty Income Corporation,USD
60.46,61.05,60.26,60.58,7483869,O.N,2026-06-22,Realty Income,Realty Income Corporation,USD
60.95,61.685,60.935,61.53,6680823,O.N,2026-06-23,Realty Income,Realty Income Corporation,USD
61.77,62.455,61.48,61.99,6339761,O.N,2026-06-24,Realty Income,Realty Income Corporation,USD
62.16,62.27,61.31,62.04,4828147,O.N,2026-06-25,Realty Income,Realty Income Corporation,USD
62.45,63.26,62.395,63.12,8329813,O.N,2026-06-26,Realty Income,Realty Income Corporation,USD
62.8,63.06,62.24,63.04,4912773,O.N,2026-06-29,Realty Income,Realty Income Corporation,USD
62.43,62.775,61.92,61.96,8063545,O.N,2026-06-30,Realty Income,Realty Income Corporation,USD
62.11,62.41,61.8,61.82,5705220,O.N,2026-07-01,Realty Income,Realty Income Corporation,USD
62.2,63.85,62.2,63.84,6422361,O.N,2026-07-02,Realty Income,Realty Income Corporation,USD
63.63,63.7,62.8601,63.19,4872843,O.N,2026-07-06,Realty Income,Realty Income Corporation,USD
63.65,64.74,63.6107,64.01,5741952,O.N,2026-07-07,Realty Income,Realty Income Corporation,USD
64.01,64.1747,63.19,63.23,5284094,O.N,2026-07-08,Realty Income,Realty Income Corporation,USD
63.35,63.68,62.9701,63.17,7682475,O.N,2026-07-09,Realty Income,Realty Income Corporation,USD
63.6,63.69,62.78,63.31,4598764,O.N,2026-07-10,Realty Income,Realty Income Corporation,USD
63.455,64.255,63.455,64.17,5331389,O.N,2026-07-13,Realty Income,Realty Income Corporation,USD
64.08,64.45,63.77,63.77,5126601,O.N,2026-07-14,Realty Income,Realty Income Corporation,USD
64.12,64.275,63.09,63.26,4554415,O.N,2026-07-15,Realty Income,Realty Income Corporation,USD
63.64,65.775,63.58,65.75,5174827,O.N,2026-07-16,Realty Income,Realty Income Corporation,USD
66.325,67.1502,65.19,65.71,6549080,O.N,2026-07-17,Realty Income,Realty Income Corporation,USD
65.68,65.94,64.96,65.18,4391486,O.N,2026-07-20,Realty Income,Realty Income Corporation,USD
64.8,65.03,64.562,64.99,3897706,O.N,2026-07-21,Realty Income,Realty Income Corporation,USD
65.33,65.625,65.0,65.03,3812470,O.N,2026-07-22,Realty Income,Realty Income Corporation,USD
65.31,65.4,64.4,64.72,4567146,O.N,2026-07-23,Realty Income,Realty Income Corporation,USD
64.9,65.73,64.85,65.6,3589497,O.N,2026-07-24,Realty Income,Realty Income Corporation,USD
65.57,66.245,65.31,65.5,3925341,O.N,2026-07-27,Realty Income,Realty Income Corporation,USD
