open,high,low,close,volume,thscode,time,thsname_cn,thsname_en,currency
126.92,131.82,126.4,131.5,2335456,SPG.N,2021-06-21,西蒙地产,"Simon Property Group, Inc.",USD
131.19,131.4,129.23,130.25,1971565,SPG.N,2021-06-22,西蒙地产,"Simon Property Group, Inc.",USD
131.34,132.99,130.81,132.21,1805384,SPG.N,2021-06-23,西蒙地产,"Simon Property Group, Inc.",USD
132.8,132.875,129.88,130.62,2019938,SPG.N,2021-06-24,西蒙地产,"Simon Property Group, Inc.",USD
131.01,131.6,129.85,131.07,2322908,SPG.N,2021-06-25,西蒙地产,"Simon Property Group, Inc.",USD
131.0,131.03,128.25,130.2,1904208,SPG.N,2021-06-28,西蒙地产,"Simon Property Group, Inc.",USD
130.61,132.22,130.58,130.99,2201529,SPG.N,2021-06-29,西蒙地产,"Simon Property Group, Inc.",USD
130.58,132.28,130.25,130.48,2700932,SPG.N,2021-06-30,西蒙地产,"Simon Property Group, Inc.",USD
129.4,132.89,129.07,131.54,2550388,SPG.N,2021-07-01,西蒙地产,"Simon Property Group, Inc.",USD
131.44,132.07,129.18,129.63,1529613,SPG.N,2021-07-02,西蒙地产,"Simon Property Group, Inc.",USD
129.1,129.35,126.08,127.64,3143917,SPG.N,2021-07-06,西蒙地产,"Simon Property Group, Inc.",USD
127.12,127.31,124.1,125.79,2607646,SPG.N,2021-07-07,西蒙地产,"Simon Property Group, Inc.",USD
123.5,126.265,122.01,125.09,2631073,SPG.N,2021-07-08,西蒙地产,"Simon Property Group, Inc.",USD
127.0,129.78,126.68,129.69,1790069,SPG.N,2021-07-09,西蒙地产,"Simon Property Group, Inc.",USD
128.6,130.777,128.055,130.27,1263419,SPG.N,2021-07-12,西蒙地产,"Simon Property Group, Inc.",USD
129.58,130.04,126.43,126.61,1742711,SPG.N,2021-07-13,西蒙地产,"Simon Property Group, Inc.",USD
126.5,128.65,126.15,127.45,1556793,SPG.N,2021-07-14,西蒙地产,"Simon Property Group, Inc.",USD
126.83,127.81,125.29,126.54,1585488,SPG.N,2021-07-15,西蒙地产,"Simon Property Group, Inc.",USD
127.62,127.83,124.32,124.5,1741596,SPG.N,2021-07-16,西蒙地产,"Simon Property Group, Inc.",USD
120.08,120.57,114.715,117.19,5454181,SPG.N,2021-07-19,西蒙地产,"Simon Property Group, Inc.",USD
119.0,126.15,118.26,125.63,3821756,SPG.N,2021-07-20,西蒙地产,"Simon Property Group, Inc.",USD
126.83,129.22,126.7,127.93,2247903,SPG.N,2021-07-21,西蒙地产,"Simon Property Group, Inc.",USD
127.53,127.53,124.409,125.1,1709620,SPG.N,2021-07-22,西蒙地产,"Simon Property Group, Inc.",USD
126.06,126.665,122.85,124.15,1364630,SPG.N,2021-07-23,西蒙地产,"Simon Property Group, Inc.",USD
124.0,127.24,123.84,127.03,1905382,SPG.N,2021-07-26,西蒙地产,"Simon Property Group, Inc.",USD
126.09,126.83,124.85,125.87,1960738,SPG.N,2021-07-27,西蒙地产,"Simon Property Group, Inc.",USD
126.33,126.91,123.905,125.22,1642070,SPG.N,2021-07-28,西蒙地产,"Simon Property Group, Inc.",USD
125.97,128.3,125.72,125.92,1792989,SPG.N,2021-07-29,西蒙地产,"Simon Property Group, Inc.",USD
126.08,128.12,125.5,126.52,2194676,SPG.N,2021-07-30,西蒙地产,"Simon Property Group, Inc.",USD
128.2,130.84,126.02,126.32,2285115,SPG.N,2021-08-02,西蒙地产,"Simon Property Group, Inc.",USD
128.99,130.97,127.04,129.54,3366771,SPG.N,2021-08-03,西蒙地产,"Simon Property Group, Inc.",USD
130.07,132.33,128.26,128.7,3112941,SPG.N,2021-08-04,西蒙地产,"Simon Property Group, Inc.",USD
130.13,134.75,129.49,134.03,3351284,SPG.N,2021-08-05,西蒙地产,"Simon Property Group, Inc.",USD
134.56,136.05,134.02,135.2,2285434,SPG.N,2021-08-06,西蒙地产,"Simon Property Group, Inc.",USD
134.38,134.45,132.71,132.86,1652539,SPG.N,2021-08-09,西蒙地产,"Simon Property Group, Inc.",USD
132.69,133.531,131.27,132.11,1688323,SPG.N,2021-08-10,西蒙地产,"Simon Property Group, Inc.",USD
132.95,134.07,131.17,133.51,1415769,SPG.N,2021-08-11,西蒙地产,"Simon Property Group, Inc.",USD
133.77,134.28,132.25,133.85,1832857,SPG.N,2021-08-12,西蒙地产,"Simon Property Group, Inc.",USD
134.37,134.84,133.18,133.67,1441500,SPG.N,2021-08-13,西蒙地产,"Simon Property Group, Inc.",USD
132.8,133.67,130.55,130.97,1798343,SPG.N,2021-08-16,西蒙地产,"Simon Property Group, Inc.",USD
129.23,129.332,125.93,128.11,2164205,SPG.N,2021-08-17,西蒙地产,"Simon Property Group, Inc.",USD
127.5,129.66,126.09,128.0,1489531,SPG.N,2021-08-18,西蒙地产,"Simon Property Group, Inc.",USD
126.04,129.22,126.0,128.46,1979184,SPG.N,2021-08-19,西蒙地产,"Simon Property Group, Inc.",USD
127.3,129.43,126.61,128.77,1701579,SPG.N,2021-08-20,西蒙地产,"Simon Property Group, Inc.",USD
129.62,131.099,128.93,129.46,2111931,SPG.N,2021-08-23,西蒙地产,"Simon Property Group, Inc.",USD
130.41,132.7,130.23,132.56,1851761,SPG.N,2021-08-24,西蒙地产,"Simon Property Group, Inc.",USD
132.6,134.52,131.63,132.54,1746630,SPG.N,2021-08-25,西蒙地产,"Simon Property Group, Inc.",USD
132.41,132.74,130.64,131.04,1268844,SPG.N,2021-08-26,西蒙地产,"Simon Property Group, Inc.",USD
132.58,135.15,132.36,133.69,1691748,SPG.N,2021-08-27,西蒙地产,"Simon Property Group, Inc.",USD
133.8,134.01,131.93,133.41,1428231,SPG.N,2021-08-30,西蒙地产,"Simon Property Group, Inc.",USD
133.09,135.2,132.765,134.45,2326570,SPG.N,2021-08-31,西蒙地产,"Simon Property Group, Inc.",USD
134.45,136.45,134.26,135.81,1706204,SPG.N,2021-09-01,西蒙地产,"Simon Property Group, Inc.",USD
136.09,137.38,135.39,136.42,1859781,SPG.N,2021-09-02,西蒙地产,"Simon Property Group, Inc.",USD
136.17,136.175,134.245,135.75,1595862,SPG.N,2021-09-03,西蒙地产,"Simon Property Group, Inc.",USD
134.96,135.7,133.23,134.58,1788958,SPG.N,2021-09-07,西蒙地产,"Simon Property Group, Inc.",USD
132.5,133.84,130.77,132.14,1695629,SPG.N,2021-09-08,西蒙地产,"Simon Property Group, Inc.",USD
130.75,132.14,129.96,130.64,1598961,SPG.N,2021-09-09,西蒙地产,"Simon Property Group, Inc.",USD
131.27,131.31,127.89,127.9,1879773,SPG.N,2021-09-10,西蒙地产,"Simon Property Group, Inc.",USD
129.67,131.87,128.35,131.12,1843627,SPG.N,2021-09-13,西蒙地产,"Simon Property Group, Inc.",USD
131.45,131.99,128.68,129.56,1291665,SPG.N,2021-09-14,西蒙地产,"Simon Property Group, Inc.",USD
129.48,131.97,128.69,131.15,1561212,SPG.N,2021-09-15,西蒙地产,"Simon Property Group, Inc.",USD
131.86,133.78,131.15,132.67,1297612,SPG.N,2021-09-16,西蒙地产,"Simon Property Group, Inc.",USD
132.22,133.3,131.15,131.27,3155836,SPG.N,2021-09-17,西蒙地产,"Simon Property Group, Inc.",USD
128.16,130.36,127.065,129.52,2525552,SPG.N,2021-09-20,西蒙地产,"Simon Property Group, Inc.",USD
130.74,132.6,130.35,130.38,1616351,SPG.N,2021-09-21,西蒙地产,"Simon Property Group, Inc.",USD
132.4,134.9,131.85,133.64,1955485,SPG.N,2021-09-22,西蒙地产,"Simon Property Group, Inc.",USD
134.5,136.47,134.32,135.12,2363950,SPG.N,2021-09-23,西蒙地产,"Simon Property Group, Inc.",USD
134.65,136.25,133.82,133.85,1362330,SPG.N,2021-09-24,西蒙地产,"Simon Property Group, Inc.",USD
134.65,137.24,134.01,134.15,1960689,SPG.N,2021-09-27,西蒙地产,"Simon Property Group, Inc.",USD
134.08,135.12,133.19,133.71,1641231,SPG.N,2021-09-28,西蒙地产,"Simon Property Group, Inc.",USD
134.03,134.515,133.2,133.85,1086209,SPG.N,2021-09-29,西蒙地产,"Simon Property Group, Inc.",USD
134.5,134.5,129.42,129.97,3055238,SPG.N,2021-09-30,西蒙地产,"Simon Property Group, Inc.",USD
131.56,134.16,130.15,133.14,2160469,SPG.N,2021-10-01,西蒙地产,"Simon Property Group, Inc.",USD
132.69,134.0,131.59,132.25,1487687,SPG.N,2021-10-04,西蒙地产,"Simon Property Group, Inc.",USD
132.24,132.27,130.42,131.39,1499716,SPG.N,2021-10-05,西蒙地产,"Simon Property Group, Inc.",USD
130.27,132.65,128.6,132.61,2199059,SPG.N,2021-10-06,西蒙地产,"Simon Property Group, Inc.",USD
133.02,136.2,132.95,134.01,1798531,SPG.N,2021-10-07,西蒙地产,"Simon Property Group, Inc.",USD
133.98,135.1,131.765,132.08,1715208,SPG.N,2021-10-08,西蒙地产,"Simon Property Group, Inc.",USD
131.76,133.68,131.02,132.62,1081825,SPG.N,2021-10-11,西蒙地产,"Simon Property Group, Inc.",USD
132.28,135.25,131.33,134.77,1324390,SPG.N,2021-10-12,西蒙地产,"Simon Property Group, Inc.",USD
135.0,137.56,134.22,137.15,2996248,SPG.N,2021-10-13,西蒙地产,"Simon Property Group, Inc.",USD
138.25,139.9,137.51,139.33,2282146,SPG.N,2021-10-14,西蒙地产,"Simon Property Group, Inc.",USD
140.0,141.655,139.33,140.22,2443410,SPG.N,2021-10-15,西蒙地产,"Simon Property Group, Inc.",USD
140.28,144.79,139.9,144.53,3335475,SPG.N,2021-10-18,西蒙地产,"Simon Property Group, Inc.",USD
145.0,145.01,142.69,142.84,1709423,SPG.N,2021-10-19,西蒙地产,"Simon Property Group, Inc.",USD
142.2,144.98,142.07,144.96,1544129,SPG.N,2021-10-20,西蒙地产,"Simon Property Group, Inc.",USD
144.5,145.04,143.38,143.96,1367807,SPG.N,2021-10-21,西蒙地产,"Simon Property Group, Inc.",USD
144.78,145.6,144.0,145.14,1217830,SPG.N,2021-10-22,西蒙地产,"Simon Property Group, Inc.",USD
145.0,146.9,143.75,146.83,1537158,SPG.N,2021-10-25,西蒙地产,"Simon Property Group, Inc.",USD
147.0,147.77,145.483,146.37,1973664,SPG.N,2021-10-26,西蒙地产,"Simon Property Group, Inc.",USD
146.35,146.46,143.7,143.93,1178033,SPG.N,2021-10-27,西蒙地产,"Simon Property Group, Inc.",USD
144.55,147.23,143.84,147.12,1628051,SPG.N,2021-10-28,西蒙地产,"Simon Property Group, Inc.",USD
146.45,147.74,145.68,146.58,2778321,SPG.N,2021-10-29,西蒙地产,"Simon Property Group, Inc.",USD
147.41,149.41,147.19,149.36,2605411,SPG.N,2021-11-01,西蒙地产,"Simon Property Group, Inc.",USD
157.0,159.97,154.446,158.99,5642280,SPG.N,2021-11-02,西蒙地产,"Simon Property Group, Inc.",USD
158.94,166.79,158.741,166.24,4226349,SPG.N,2021-11-03,西蒙地产,"Simon Property Group, Inc.",USD
166.44,167.67,164.52,165.71,2282757,SPG.N,2021-11-04,西蒙地产,"Simon Property Group, Inc.",USD
168.43,170.91,167.27,170.5,2501581,SPG.N,2021-11-05,西蒙地产,"Simon Property Group, Inc.",USD
170.65,171.01,166.26,167.39,1642819,SPG.N,2021-11-08,西蒙地产,"Simon Property Group, Inc.",USD
167.32,167.58,165.54,167.49,1383809,SPG.N,2021-11-09,西蒙地产,"Simon Property Group, Inc.",USD
166.69,167.69,163.78,163.97,1824935,SPG.N,2021-11-10,西蒙地产,"Simon Property Group, Inc.",USD
164.5,166.31,163.91,165.44,1175745,SPG.N,2021-11-11,西蒙地产,"Simon Property Group, Inc.",USD
166.25,166.55,163.895,164.8,1182658,SPG.N,2021-11-12,西蒙地产,"Simon Property Group, Inc.",USD
165.17,166.32,164.23,166.29,1677610,SPG.N,2021-11-15,西蒙地产,"Simon Property Group, Inc.",USD
165.75,166.29,164.34,164.87,1221059,SPG.N,2021-11-16,西蒙地产,"Simon Property Group, Inc.",USD
164.23,167.87,162.84,167.49,1503184,SPG.N,2021-11-17,西蒙地产,"Simon Property Group, Inc.",USD
169.14,171.12,167.37,169.38,2459473,SPG.N,2021-11-18,西蒙地产,"Simon Property Group, Inc.",USD
167.91,168.475,165.86,166.74,1816548,SPG.N,2021-11-19,西蒙地产,"Simon Property Group, Inc.",USD
168.13,170.645,167.01,167.99,2039423,SPG.N,2021-11-22,西蒙地产,"Simon Property Group, Inc.",USD
167.89,170.71,167.2,169.03,1393034,SPG.N,2021-11-23,西蒙地产,"Simon Property Group, Inc.",USD
168.02,169.235,166.63,169.03,1358777,SPG.N,2021-11-24,西蒙地产,"Simon Property Group, Inc.",USD
160.32,162.8,158.28,160.48,2875378,SPG.N,2021-11-26,西蒙地产,"Simon Property Group, Inc.",USD
163.87,164.68,157.44,159.94,2890973,SPG.N,2021-11-29,西蒙地产,"Simon Property Group, Inc.",USD
157.65,157.81,151.75,152.84,4265150,SPG.N,2021-11-30,西蒙地产,"Simon Property Group, Inc.",USD
156.56,158.83,147.64,147.72,3711736,SPG.N,2021-12-01,西蒙地产,"Simon Property Group, Inc.",USD
149.94,153.978,148.37,151.86,4506533,SPG.N,2021-12-02,西蒙地产,"Simon Property Group, Inc.",USD
152.0,152.79,147.36,149.19,3639592,SPG.N,2021-12-03,西蒙地产,"Simon Property Group, Inc.",USD
152.13,155.51,151.52,152.6,2858365,SPG.N,2021-12-06,西蒙地产,"Simon Property Group, Inc.",USD
155.77,158.7,154.945,156.25,2650078,SPG.N,2021-12-07,西蒙地产,"Simon Property Group, Inc.",USD
156.25,158.44,155.38,157.45,2681299,SPG.N,2021-12-08,西蒙地产,"Simon Property Group, Inc.",USD
154.94,155.58,152.2,152.24,1946867,SPG.N,2021-12-09,西蒙地产,"Simon Property Group, Inc.",USD
153.48,153.65,150.04,152.42,1378419,SPG.N,2021-12-10,西蒙地产,"Simon Property Group, Inc.",USD
151.58,152.07,147.542,151.1,2416938,SPG.N,2021-12-13,西蒙地产,"Simon Property Group, Inc.",USD
151.09,152.21,149.85,150.93,2000284,SPG.N,2021-12-14,西蒙地产,"Simon Property Group, Inc.",USD
151.44,152.19,147.21,152.04,2121759,SPG.N,2021-12-15,西蒙地产,"Simon Property Group, Inc.",USD
152.75,154.839,151.04,151.66,2750873,SPG.N,2021-12-16,西蒙地产,"Simon Property Group, Inc.",USD
151.51,152.86,148.43,150.73,4125906,SPG.N,2021-12-17,西蒙地产,"Simon Property Group, Inc.",USD
147.66,148.69,143.63,146.27,2665010,SPG.N,2021-12-20,西蒙地产,"Simon Property Group, Inc.",USD
148.2,154.89,148.07,154.47,2011230,SPG.N,2021-12-21,西蒙地产,"Simon Property Group, Inc.",USD
153.91,156.01,153.53,155.53,1077521,SPG.N,2021-12-22,西蒙地产,"Simon Property Group, Inc.",USD
156.5,157.383,155.265,155.46,2259911,SPG.N,2021-12-23,西蒙地产,"Simon Property Group, Inc.",USD
155.45,158.48,154.481,158.43,996043,SPG.N,2021-12-27,西蒙地产,"Simon Property Group, Inc.",USD
157.56,159.25,156.75,157.77,966378,SPG.N,2021-12-28,西蒙地产,"Simon Property Group, Inc.",USD
158.0,159.3,156.77,158.76,952958,SPG.N,2021-12-29,西蒙地产,"Simon Property Group, Inc.",USD
158.76,161.87,158.536,160.04,1085514,SPG.N,2021-12-30,西蒙地产,"Simon Property Group, Inc.",USD
159.99,161.69,159.51,159.77,1194934,SPG.N,2021-12-31,西蒙地产,"Simon Property Group, Inc.",USD
160.48,162.6,158.87,160.3,2128959,SPG.N,2022-01-03,西蒙地产,"Simon Property Group, Inc.",USD
162.23,163.88,161.8,162.98,1834071,SPG.N,2022-01-04,西蒙地产,"Simon Property Group, Inc.",USD
163.86,165.83,160.96,161.03,2324396,SPG.N,2022-01-05,西蒙地产,"Simon Property Group, Inc.",USD
161.83,164.52,160.76,163.16,1715817,SPG.N,2022-01-06,西蒙地产,"Simon Property Group, Inc.",USD
162.83,163.9,161.05,161.27,1457193,SPG.N,2022-01-07,西蒙地产,"Simon Property Group, Inc.",USD
160.3,160.99,157.088,160.88,1753565,SPG.N,2022-01-10,西蒙地产,"Simon Property Group, Inc.",USD
160.9,162.61,158.07,161.83,1267742,SPG.N,2022-01-11,西蒙地产,"Simon Property Group, Inc.",USD
162.59,163.65,161.76,161.93,931130,SPG.N,2022-01-12,西蒙地产,"Simon Property Group, Inc.",USD
162.43,164.24,162.25,162.99,1246833,SPG.N,2022-01-13,西蒙地产,"Simon Property Group, Inc.",USD
162.09,162.09,152.48,155.7,2539683,SPG.N,2022-01-14,西蒙地产,"Simon Property Group, Inc.",USD
154.29,154.3,150.86,153.89,2753511,SPG.N,2022-01-18,西蒙地产,"Simon Property Group, Inc.",USD
154.89,154.89,148.53,148.59,2198945,SPG.N,2022-01-19,西蒙地产,"Simon Property Group, Inc.",USD
150.49,152.75,147.189,147.43,1976047,SPG.N,2022-01-20,西蒙地产,"Simon Property Group, Inc.",USD
147.15,147.54,144.56,146.96,2515306,SPG.N,2022-01-21,西蒙地产,"Simon Property Group, Inc.",USD
142.88,146.23,137.75,146.1,3757982,SPG.N,2022-01-24,西蒙地产,"Simon Property Group, Inc.",USD
142.7,148.96,140.84,146.78,2614130,SPG.N,2022-01-25,西蒙地产,"Simon Property Group, Inc.",USD
149.11,151.87,143.76,145.58,2029547,SPG.N,2022-01-26,西蒙地产,"Simon Property Group, Inc.",USD
147.71,149.46,143.1,143.89,1810071,SPG.N,2022-01-27,西蒙地产,"Simon Property Group, Inc.",USD
143.56,146.44,139.67,146.4,2631550,SPG.N,2022-01-28,西蒙地产,"Simon Property Group, Inc.",USD
144.86,147.6,143.61,147.2,2108239,SPG.N,2022-01-31,西蒙地产,"Simon Property Group, Inc.",USD
147.2,148.66,145.04,147.36,1510788,SPG.N,2022-02-01,西蒙地产,"Simon Property Group, Inc.",USD
148.01,149.98,146.91,149.55,1871247,SPG.N,2022-02-02,西蒙地产,"Simon Property Group, Inc.",USD
147.97,149.19,145.34,145.56,1539083,SPG.N,2022-02-03,西蒙地产,"Simon Property Group, Inc.",USD
144.23,146.81,141.75,145.18,1934934,SPG.N,2022-02-04,西蒙地产,"Simon Property Group, Inc.",USD
145.54,149.8,144.89,148.92,3230664,SPG.N,2022-02-07,西蒙地产,"Simon Property Group, Inc.",USD
139.81,144.597,137.77,142.04,4550323,SPG.N,2022-02-08,西蒙地产,"Simon Property Group, Inc.",USD
143.25,144.045,141.45,143.09,2603996,SPG.N,2022-02-09,西蒙地产,"Simon Property Group, Inc.",USD
142.0,147.5,141.26,143.98,2722258,SPG.N,2022-02-10,西蒙地产,"Simon Property Group, Inc.",USD
143.85,146.39,140.58,141.83,2157559,SPG.N,2022-02-11,西蒙地产,"Simon Property Group, Inc.",USD
141.79,142.3,139.06,139.9,2070783,SPG.N,2022-02-14,西蒙地产,"Simon Property Group, Inc.",USD
142.11,142.9,140.54,141.32,1619941,SPG.N,2022-02-15,西蒙地产,"Simon Property Group, Inc.",USD
142.04,144.29,141.31,143.86,1712502,SPG.N,2022-02-16,西蒙地产,"Simon Property Group, Inc.",USD
143.05,146.77,143.02,143.67,3546993,SPG.N,2022-02-17,西蒙地产,"Simon Property Group, Inc.",USD
143.24,144.11,140.49,140.95,1751083,SPG.N,2022-02-18,西蒙地产,"Simon Property Group, Inc.",USD
139.99,140.39,136.73,138.05,2314571,SPG.N,2022-02-22,西蒙地产,"Simon Property Group, Inc.",USD
139.12,140.324,133.432,134.07,1978501,SPG.N,2022-02-23,西蒙地产,"Simon Property Group, Inc.",USD
129.93,138.18,129.35,137.82,3105942,SPG.N,2022-02-24,西蒙地产,"Simon Property Group, Inc.",USD
138.65,140.15,137.67,139.7,1785560,SPG.N,2022-02-25,西蒙地产,"Simon Property Group, Inc.",USD
137.79,139.9,136.56,137.56,2382013,SPG.N,2022-02-28,西蒙地产,"Simon Property Group, Inc.",USD
137.84,138.34,133.44,134.6,2182299,SPG.N,2022-03-01,西蒙地产,"Simon Property Group, Inc.",USD
135.93,139.73,135.92,138.77,2096534,SPG.N,2022-03-02,西蒙地产,"Simon Property Group, Inc.",USD
140.06,140.94,137.56,139.41,1890143,SPG.N,2022-03-03,西蒙地产,"Simon Property Group, Inc.",USD
137.65,137.91,133.82,136.89,2316099,SPG.N,2022-03-04,西蒙地产,"Simon Property Group, Inc.",USD
135.84,135.89,128.2,128.27,3966319,SPG.N,2022-03-07,西蒙地产,"Simon Property Group, Inc.",USD
128.92,133.89,128.1,131.39,3123906,SPG.N,2022-03-08,西蒙地产,"Simon Property Group, Inc.",USD
133.4,135.32,132.44,132.57,1728159,SPG.N,2022-03-09,西蒙地产,"Simon Property Group, Inc.",USD
130.02,132.93,129.47,132.61,1565865,SPG.N,2022-03-10,西蒙地产,"Simon Property Group, Inc.",USD
134.01,134.09,130.0,130.05,2548218,SPG.N,2022-03-11,西蒙地产,"Simon Property Group, Inc.",USD
131.13,132.545,126.76,128.19,2455789,SPG.N,2022-03-14,西蒙地产,"Simon Property Group, Inc.",USD
128.6,130.03,127.03,128.88,1883593,SPG.N,2022-03-15,西蒙地产,"Simon Property Group, Inc.",USD
131.14,132.46,128.29,131.33,2550356,SPG.N,2022-03-16,西蒙地产,"Simon Property Group, Inc.",USD
130.49,132.41,129.942,131.65,2045052,SPG.N,2022-03-17,西蒙地产,"Simon Property Group, Inc.",USD
129.63,131.56,129.472,130.84,4175499,SPG.N,2022-03-18,西蒙地产,"Simon Property Group, Inc.",USD
131.65,131.82,127.97,129.06,2679121,SPG.N,2022-03-21,西蒙地产,"Simon Property Group, Inc.",USD
131.15,134.45,130.86,132.84,2501087,SPG.N,2022-03-22,西蒙地产,"Simon Property Group, Inc.",USD
132.07,132.7,129.875,130.01,1206005,SPG.N,2022-03-23,西蒙地产,"Simon Property Group, Inc.",USD
130.03,130.53,129.05,130.13,1474013,SPG.N,2022-03-24,西蒙地产,"Simon Property Group, Inc.",USD
130.51,131.178,129.64,130.17,2055972,SPG.N,2022-03-25,西蒙地产,"Simon Property Group, Inc.",USD
130.81,131.8,129.655,131.75,1632029,SPG.N,2022-03-28,西蒙地产,"Simon Property Group, Inc.",USD
133.93,138.43,133.59,138.08,2468341,SPG.N,2022-03-29,西蒙地产,"Simon Property Group, Inc.",USD
137.85,138.65,134.335,134.79,1346317,SPG.N,2022-03-30,西蒙地产,"Simon Property Group, Inc.",USD
134.63,135.41,131.55,131.56,2331863,SPG.N,2022-03-31,西蒙地产,"Simon Property Group, Inc.",USD
132.27,133.26,131.26,133.0,1572770,SPG.N,2022-04-01,西蒙地产,"Simon Property Group, Inc.",USD
132.61,134.89,131.145,134.53,1723176,SPG.N,2022-04-04,西蒙地产,"Simon Property Group, Inc.",USD
134.5,135.63,130.31,130.58,1719321,SPG.N,2022-04-05,西蒙地产,"Simon Property Group, Inc.",USD
130.0,130.18,126.27,127.86,2327114,SPG.N,2022-04-06,西蒙地产,"Simon Property Group, Inc.",USD
127.42,127.52,123.48,125.51,2542917,SPG.N,2022-04-07,西蒙地产,"Simon Property Group, Inc.",USD
126.09,128.52,125.485,127.47,1804877,SPG.N,2022-04-08,西蒙地产,"Simon Property Group, Inc.",USD
127.22,129.1,126.33,126.78,1084318,SPG.N,2022-04-11,西蒙地产,"Simon Property Group, Inc.",USD
126.38,128.92,125.71,126.18,1459953,SPG.N,2022-04-12,西蒙地产,"Simon Property Group, Inc.",USD
126.0,128.71,125.76,127.58,1661380,SPG.N,2022-04-13,西蒙地产,"Simon Property Group, Inc.",USD
128.0,129.45,127.69,127.88,1788834,SPG.N,2022-04-14,西蒙地产,"Simon Property Group, Inc.",USD
127.42,129.11,127.1,127.89,1206881,SPG.N,2022-04-18,西蒙地产,"Simon Property Group, Inc.",USD
128.77,131.751,127.89,131.32,1470656,SPG.N,2022-04-19,西蒙地产,"Simon Property Group, Inc.",USD
131.72,133.5,131.037,132.59,1645768,SPG.N,2022-04-20,西蒙地产,"Simon Property Group, Inc.",USD
134.25,134.8,130.56,130.85,1499644,SPG.N,2022-04-21,西蒙地产,"Simon Property Group, Inc.",USD
130.84,130.84,125.72,125.88,1988547,SPG.N,2022-04-22,西蒙地产,"Simon Property Group, Inc.",USD
125.88,126.7,123.93,126.29,2053587,SPG.N,2022-04-25,西蒙地产,"Simon Property Group, Inc.",USD
126.13,126.96,124.03,124.13,1889291,SPG.N,2022-04-26,西蒙地产,"Simon Property Group, Inc.",USD
124.6,125.195,122.06,122.13,2032315,SPG.N,2022-04-27,西蒙地产,"Simon Property Group, Inc.",USD
122.02,125.05,120.82,124.41,2313212,SPG.N,2022-04-28,西蒙地产,"Simon Property Group, Inc.",USD
123.51,123.98,117.78,118.0,3160463,SPG.N,2022-04-29,西蒙地产,"Simon Property Group, Inc.",USD
118.68,119.08,113.41,116.84,2818453,SPG.N,2022-05-02,西蒙地产,"Simon Property Group, Inc.",USD
117.73,121.7,116.25,120.87,1894728,SPG.N,2022-05-03,西蒙地产,"Simon Property Group, Inc.",USD
120.73,125.175,119.58,124.58,1624045,SPG.N,2022-05-04,西蒙地产,"Simon Property Group, Inc.",USD
123.7,124.29,121.12,122.34,2037762,SPG.N,2022-05-05,西蒙地产,"Simon Property Group, Inc.",USD
121.2,122.96,118.64,121.42,2366518,SPG.N,2022-05-06,西蒙地产,"Simon Property Group, Inc.",USD
119.59,120.78,117.61,118.19,2810159,SPG.N,2022-05-09,西蒙地产,"Simon Property Group, Inc.",USD
121.14,125.99,117.94,119.07,3139164,SPG.N,2022-05-10,西蒙地产,"Simon Property Group, Inc.",USD
118.99,120.0,112.78,113.01,3323538,SPG.N,2022-05-11,西蒙地产,"Simon Property Group, Inc.",USD
112.74,116.28,111.174,115.62,2754468,SPG.N,2022-05-12,西蒙地产,"Simon Property Group, Inc.",USD
117.0,117.68,115.18,116.78,2663045,SPG.N,2022-05-13,西蒙地产,"Simon Property Group, Inc.",USD
116.8,118.125,115.5,116.87,1564713,SPG.N,2022-05-16,西蒙地产,"Simon Property Group, Inc.",USD
118.88,120.92,118.18,120.76,1752088,SPG.N,2022-05-17,西蒙地产,"Simon Property Group, Inc.",USD
119.32,119.69,113.16,113.67,2031790,SPG.N,2022-05-18,西蒙地产,"Simon Property Group, Inc.",USD
112.52,114.63,109.91,110.04,2629066,SPG.N,2022-05-19,西蒙地产,"Simon Property Group, Inc.",USD
111.0,111.195,105.72,108.84,3296761,SPG.N,2022-05-20,西蒙地产,"Simon Property Group, Inc.",USD
109.81,110.459,107.23,107.77,1842928,SPG.N,2022-05-23,西蒙地产,"Simon Property Group, Inc.",USD
107.03,108.13,103.46,107.85,2605196,SPG.N,2022-05-24,西蒙地产,"Simon Property Group, Inc.",USD
107.17,110.27,106.89,109.19,2324920,SPG.N,2022-05-25,西蒙地产,"Simon Property Group, Inc.",USD
110.0,112.82,110.0,112.03,2086611,SPG.N,2022-05-26,西蒙地产,"Simon Property Group, Inc.",USD
112.92,114.64,112.406,113.73,1436471,SPG.N,2022-05-27,西蒙地产,"Simon Property Group, Inc.",USD
113.0,115.29,112.11,114.65,3700278,SPG.N,2022-05-31,西蒙地产,"Simon Property Group, Inc.",USD
114.98,115.285,109.82,111.17,2685839,SPG.N,2022-06-01,西蒙地产,"Simon Property Group, Inc.",USD
110.75,112.33,109.87,112.32,1531828,SPG.N,2022-06-02,西蒙地产,"Simon Property Group, Inc.",USD
111.3,111.61,109.58,109.95,1392451,SPG.N,2022-06-03,西蒙地产,"Simon Property Group, Inc.",USD
110.75,111.1,109.11,109.62,1917962,SPG.N,2022-06-06,西蒙地产,"Simon Property Group, Inc.",USD
108.84,112.325,108.56,112.28,2546759,SPG.N,2022-06-07,西蒙地产,"Simon Property Group, Inc.",USD
109.19,110.29,107.62,107.87,1603453,SPG.N,2022-06-08,西蒙地产,"Simon Property Group, Inc.",USD
107.3,107.45,103.84,103.87,2101938,SPG.N,2022-06-09,西蒙地产,"Simon Property Group, Inc.",USD
102.22,103.34,101.22,101.26,2793405,SPG.N,2022-06-10,西蒙地产,"Simon Property Group, Inc.",USD
98.3,98.75,95.46,97.15,3667030,SPG.N,2022-06-13,西蒙地产,"Simon Property Group, Inc.",USD
97.25,98.31,95.715,96.51,2491028,SPG.N,2022-06-14,西蒙地产,"Simon Property Group, Inc.",USD
97.52,98.93,95.97,97.5,2598141,SPG.N,2022-06-15,西蒙地产,"Simon Property Group, Inc.",USD
95.3,95.73,93.5,94.62,3000156,SPG.N,2022-06-16,西蒙地产,"Simon Property Group, Inc.",USD
95.64,97.35,94.94,95.69,3631559,SPG.N,2022-06-17,西蒙地产,"Simon Property Group, Inc.",USD
97.69,98.64,96.47,96.59,2221285,SPG.N,2022-06-21,西蒙地产,"Simon Property Group, Inc.",USD
95.14,97.723,94.83,95.95,2730519,SPG.N,2022-06-22,西蒙地产,"Simon Property Group, Inc.",USD
96.09,97.04,95.19,96.7,2372745,SPG.N,2022-06-23,西蒙地产,"Simon Property Group, Inc.",USD
97.92,100.521,97.49,99.62,4455167,SPG.N,2022-06-24,西蒙地产,"Simon Property Group, Inc.",USD
99.94,101.44,98.75,100.12,1783335,SPG.N,2022-06-27,西蒙地产,"Simon Property Group, Inc.",USD
101.43,102.48,99.14,99.25,1498200,SPG.N,2022-06-28,西蒙地产,"Simon Property Group, Inc.",USD
98.7,99.0,96.42,97.26,1866865,SPG.N,2022-06-29,西蒙地产,"Simon Property Group, Inc.",USD
95.0,96.43,93.2,94.92,3121398,SPG.N,2022-06-30,西蒙地产,"Simon Property Group, Inc.",USD
94.35,95.97,93.79,95.68,1709191,SPG.N,2022-07-01,西蒙地产,"Simon Property Group, Inc.",USD
95.07,97.6,93.51,97.57,1908401,SPG.N,2022-07-05,西蒙地产,"Simon Property Group, Inc.",USD
97.72,98.47,96.01,96.42,1406126,SPG.N,2022-07-06,西蒙地产,"Simon Property Group, Inc.",USD
97.04,98.28,96.65,97.88,1378218,SPG.N,2022-07-07,西蒙地产,"Simon Property Group, Inc.",USD
98.0,98.216,96.18,97.69,1423554,SPG.N,2022-07-08,西蒙地产,"Simon Property Group, Inc.",USD
96.98,97.51,95.73,97.22,1032431,SPG.N,2022-07-11,西蒙地产,"Simon Property Group, Inc.",USD
97.2,99.14,96.98,97.6,1660506,SPG.N,2022-07-12,西蒙地产,"Simon Property Group, Inc.",USD
96.02,97.15,95.04,95.56,1821527,SPG.N,2022-07-13,西蒙地产,"Simon Property Group, Inc.",USD
94.01,94.89,93.06,94.0,1692124,SPG.N,2022-07-14,西蒙地产,"Simon Property Group, Inc.",USD
95.92,96.75,94.75,96.36,2034695,SPG.N,2022-07-15,西蒙地产,"Simon Property Group, Inc.",USD
97.31,98.83,97.3,98.64,1727476,SPG.N,2022-07-18,西蒙地产,"Simon Property Group, Inc.",USD
99.95,102.555,99.14,102.27,1990130,SPG.N,2022-07-19,西蒙地产,"Simon Property Group, Inc.",USD
101.83,104.315,101.54,103.45,2077778,SPG.N,2022-07-20,西蒙地产,"Simon Property Group, Inc.",USD
102.44,104.26,102.0,104.24,1552690,SPG.N,2022-07-21,西蒙地产,"Simon Property Group, Inc.",USD
105.02,105.38,103.28,103.68,1627877,SPG.N,2022-07-22,西蒙地产,"Simon Property Group, Inc.",USD
103.71,104.63,103.114,104.03,1172339,SPG.N,2022-07-25,西蒙地产,"Simon Property Group, Inc.",USD
103.0,103.78,102.06,102.58,1376440,SPG.N,2022-07-26,西蒙地产,"Simon Property Group, Inc.",USD
102.98,104.61,102.43,104.12,1275778,SPG.N,2022-07-27,西蒙地产,"Simon Property Group, Inc.",USD
104.92,107.56,104.778,107.46,1696252,SPG.N,2022-07-28,西蒙地产,"Simon Property Group, Inc.",USD
107.71,109.26,107.46,108.64,2460162,SPG.N,2022-07-29,西蒙地产,"Simon Property Group, Inc.",USD
107.93,109.2,107.08,108.63,1650076,SPG.N,2022-08-01,西蒙地产,"Simon Property Group, Inc.",USD
109.88,110.96,105.25,105.48,2593963,SPG.N,2022-08-02,西蒙地产,"Simon Property Group, Inc.",USD
106.68,108.37,106.59,106.93,2241768,SPG.N,2022-08-03,西蒙地产,"Simon Property Group, Inc.",USD
106.49,107.41,104.95,105.82,1416182,SPG.N,2022-08-04,西蒙地产,"Simon Property Group, Inc.",USD
105.19,106.62,104.87,106.5,1277742,SPG.N,2022-08-05,西蒙地产,"Simon Property Group, Inc.",USD
107.61,110.139,107.61,108.84,1646931,SPG.N,2022-08-08,西蒙地产,"Simon Property Group, Inc.",USD
108.7,108.885,107.1,108.01,1495670,SPG.N,2022-08-09,西蒙地产,"Simon Property Group, Inc.",USD
110.51,111.52,109.71,111.38,1581848,SPG.N,2022-08-10,西蒙地产,"Simon Property Group, Inc.",USD
112.77,114.81,112.7,114.07,1948731,SPG.N,2022-08-11,西蒙地产,"Simon Property Group, Inc.",USD
114.82,115.99,114.14,115.85,1491121,SPG.N,2022-08-12,西蒙地产,"Simon Property Group, Inc.",USD
115.23,115.62,113.1,113.25,1989081,SPG.N,2022-08-15,西蒙地产,"Simon Property Group, Inc.",USD
112.62,115.32,112.62,114.52,1567614,SPG.N,2022-08-16,西蒙地产,"Simon Property Group, Inc.",USD
112.8,113.622,111.78,112.84,1579777,SPG.N,2022-08-17,西蒙地产,"Simon Property Group, Inc.",USD
112.84,113.48,112.28,113.33,1146683,SPG.N,2022-08-18,西蒙地产,"Simon Property Group, Inc.",USD
112.61,112.855,110.26,111.01,1459781,SPG.N,2022-08-19,西蒙地产,"Simon Property Group, Inc.",USD
109.48,110.0,105.94,106.74,1722115,SPG.N,2022-08-22,西蒙地产,"Simon Property Group, Inc.",USD
107.15,108.345,106.73,106.84,1314031,SPG.N,2022-08-23,西蒙地产,"Simon Property Group, Inc.",USD
106.61,107.69,105.92,106.68,1069990,SPG.N,2022-08-24,西蒙地产,"Simon Property Group, Inc.",USD
107.16,108.27,106.89,108.24,1332063,SPG.N,2022-08-25,西蒙地产,"Simon Property Group, Inc.",USD
108.5,108.55,104.84,104.85,1538587,SPG.N,2022-08-26,西蒙地产,"Simon Property Group, Inc.",USD
103.92,105.1,102.95,103.65,1771702,SPG.N,2022-08-29,西蒙地产,"Simon Property Group, Inc.",USD
104.05,105.05,103.085,103.79,1592679,SPG.N,2022-08-30,西蒙地产,"Simon Property Group, Inc.",USD
104.38,104.73,101.77,101.98,2294535,SPG.N,2022-08-31,西蒙地产,"Simon Property Group, Inc.",USD
101.19,101.425,98.75,101.33,2114661,SPG.N,2022-09-01,西蒙地产,"Simon Property Group, Inc.",USD
102.92,103.76,100.17,100.53,1908349,SPG.N,2022-09-02,西蒙地产,"Simon Property Group, Inc.",USD
101.35,101.76,98.82,101.04,1839885,SPG.N,2022-09-06,西蒙地产,"Simon Property Group, Inc.",USD
101.31,103.49,100.91,103.46,2056930,SPG.N,2022-09-07,西蒙地产,"Simon Property Group, Inc.",USD
100.7,102.59,99.75,102.54,1868168,SPG.N,2022-09-08,西蒙地产,"Simon Property Group, Inc.",USD
103.45,104.095,102.6,103.77,1441808,SPG.N,2022-09-09,西蒙地产,"Simon Property Group, Inc.",USD
104.73,105.82,103.84,105.25,1668385,SPG.N,2022-09-12,西蒙地产,"Simon Property Group, Inc.",USD
102.15,103.1,100.04,100.41,2172111,SPG.N,2022-09-13,西蒙地产,"Simon Property Group, Inc.",USD
99.89,100.2,98.335,100.03,1961621,SPG.N,2022-09-14,西蒙地产,"Simon Property Group, Inc.",USD
100.54,101.22,99.4,99.54,2019170,SPG.N,2022-09-15,西蒙地产,"Simon Property Group, Inc.",USD
99.22,99.8,97.615,99.7,2630904,SPG.N,2022-09-16,西蒙地产,"Simon Property Group, Inc.",USD
98.31,100.28,98.0,100.28,1288781,SPG.N,2022-09-19,西蒙地产,"Simon Property Group, Inc.",USD
99.04,99.81,97.89,98.32,1525405,SPG.N,2022-09-20,西蒙地产,"Simon Property Group, Inc.",USD
99.5,100.027,95.61,95.65,1790034,SPG.N,2022-09-21,西蒙地产,"Simon Property Group, Inc.",USD
95.59,95.79,91.74,92.18,2789035,SPG.N,2022-09-22,西蒙地产,"Simon Property Group, Inc.",USD
90.76,91.0,88.54,90.18,3334616,SPG.N,2022-09-23,西蒙地产,"Simon Property Group, Inc.",USD
89.39,89.48,86.02,87.36,3618496,SPG.N,2022-09-26,西蒙地产,"Simon Property Group, Inc.",USD
88.4,89.95,87.94,89.03,2611850,SPG.N,2022-09-27,西蒙地产,"Simon Property Group, Inc.",USD
90.53,92.97,89.4,92.53,2864588,SPG.N,2022-09-28,西蒙地产,"Simon Property Group, Inc.",USD
91.25,91.42,88.46,89.13,2924888,SPG.N,2022-09-29,西蒙地产,"Simon Property Group, Inc.",USD
89.65,90.51,88.41,89.75,3000291,SPG.N,2022-09-30,西蒙地产,"Simon Property Group, Inc.",USD
91.54,91.91,89.105,90.98,2247579,SPG.N,2022-10-03,西蒙地产,"Simon Property Group, Inc.",USD
92.33,95.93,92.33,95.87,2520065,SPG.N,2022-10-04,西蒙地产,"Simon Property Group, Inc.",USD
93.27,96.18,91.83,95.77,2246528,SPG.N,2022-10-05,西蒙地产,"Simon Property Group, Inc.",USD
95.23,96.35,94.16,94.68,1596145,SPG.N,2022-10-06,西蒙地产,"Simon Property Group, Inc.",USD
93.48,94.31,92.03,92.54,1811796,SPG.N,2022-10-07,西蒙地产,"Simon Property Group, Inc.",USD
93.44,94.01,92.09,92.53,1425915,SPG.N,2022-10-10,西蒙地产,"Simon Property Group, Inc.",USD
92.72,95.94,91.33,94.82,2178216,SPG.N,2022-10-11,西蒙地产,"Simon Property Group, Inc.",USD
94.52,94.75,92.79,93.68,1912267,SPG.N,2022-10-12,西蒙地产,"Simon Property Group, Inc.",USD
91.82,96.63,90.77,95.83,1788275,SPG.N,2022-10-13,西蒙地产,"Simon Property Group, Inc.",USD
97.02,97.99,95.14,95.86,2161976,SPG.N,2022-10-14,西蒙地产,"Simon Property Group, Inc.",USD
98.0,99.93,97.6,99.15,3178200,SPG.N,2022-10-17,西蒙地产,"Simon Property Group, Inc.",USD
100.15,101.07,97.33,98.66,2307705,SPG.N,2022-10-18,西蒙地产,"Simon Property Group, Inc.",USD
97.89,99.65,97.25,98.03,2128113,SPG.N,2022-10-19,西蒙地产,"Simon Property Group, Inc.",USD
98.84,100.94,98.2,98.31,2096582,SPG.N,2022-10-20,西蒙地产,"Simon Property Group, Inc.",USD
98.12,101.07,97.28,101.04,2364816,SPG.N,2022-10-21,西蒙地产,"Simon Property Group, Inc.",USD
101.8,102.86,100.03,102.39,1470421,SPG.N,2022-10-24,西蒙地产,"Simon Property Group, Inc.",USD
102.55,106.27,102.55,105.84,2379071,SPG.N,2022-10-25,西蒙地产,"Simon Property Group, Inc.",USD
105.82,106.7,105.12,105.53,1650348,SPG.N,2022-10-26,西蒙地产,"Simon Property Group, Inc.",USD
106.9,107.72,106.19,106.39,1463904,SPG.N,2022-10-27,西蒙地产,"Simon Property Group, Inc.",USD
105.94,109.11,105.563,108.96,1454026,SPG.N,2022-10-28,西蒙地产,"Simon Property Group, Inc.",USD
107.86,109.56,107.37,108.98,2144111,SPG.N,2022-10-31,西蒙地产,"Simon Property Group, Inc.",USD
110.0,114.52,109.46,113.84,2451109,SPG.N,2022-11-01,西蒙地产,"Simon Property Group, Inc.",USD
113.42,115.35,111.48,111.61,3163085,SPG.N,2022-11-02,西蒙地产,"Simon Property Group, Inc.",USD
110.19,113.4,108.81,112.58,1562965,SPG.N,2022-11-03,西蒙地产,"Simon Property Group, Inc.",USD
114.15,115.81,112.62,115.57,1588652,SPG.N,2022-11-04,西蒙地产,"Simon Property Group, Inc.",USD
116.5,117.15,114.765,116.87,1522287,SPG.N,2022-11-07,西蒙地产,"Simon Property Group, Inc.",USD
116.86,117.47,114.635,115.42,1848614,SPG.N,2022-11-08,西蒙地产,"Simon Property Group, Inc.",USD
114.6,116.06,112.56,112.92,1740112,SPG.N,2022-11-09,西蒙地产,"Simon Property Group, Inc.",USD
117.73,121.285,117.475,120.04,2991031,SPG.N,2022-11-10,西蒙地产,"Simon Property Group, Inc.",USD
120.11,121.98,119.93,120.2,1999003,SPG.N,2022-11-11,西蒙地产,"Simon Property Group, Inc.",USD
118.95,119.57,117.51,117.53,1551594,SPG.N,2022-11-14,西蒙地产,"Simon Property Group, Inc.",USD
119.51,120.93,118.46,120.16,1692253,SPG.N,2022-11-15,西蒙地产,"Simon Property Group, Inc.",USD
118.99,119.06,115.523,115.59,1832535,SPG.N,2022-11-16,西蒙地产,"Simon Property Group, Inc.",USD
113.98,115.87,113.46,115.79,1817781,SPG.N,2022-11-17,西蒙地产,"Simon Property Group, Inc.",USD
118.0,118.48,116.75,117.9,1507930,SPG.N,2022-11-18,西蒙地产,"Simon Property Group, Inc.",USD
117.14,118.14,116.055,117.18,1315257,SPG.N,2022-11-21,西蒙地产,"Simon Property Group, Inc.",USD
117.93,119.655,117.47,119.38,1541732,SPG.N,2022-11-22,西蒙地产,"Simon Property Group, Inc.",USD
119.0,120.18,118.385,119.61,1116072,SPG.N,2022-11-23,西蒙地产,"Simon Property Group, Inc.",USD
119.97,120.7,119.71,120.7,548243,SPG.N,2022-11-25,西蒙地产,"Simon Property Group, Inc.",USD
119.8,120.11,115.5,115.76,1735984,SPG.N,2022-11-28,西蒙地产,"Simon Property Group, Inc.",USD
116.12,117.67,115.53,117.46,1765217,SPG.N,2022-11-29,西蒙地产,"Simon Property Group, Inc.",USD
117.34,119.69,116.425,119.44,2503116,SPG.N,2022-11-30,西蒙地产,"Simon Property Group, Inc.",USD
120.18,120.8,117.75,119.01,1848607,SPG.N,2022-12-01,西蒙地产,"Simon Property Group, Inc.",USD
117.61,120.03,117.5,119.34,1738312,SPG.N,2022-12-02,西蒙地产,"Simon Property Group, Inc.",USD
118.48,119.36,117.38,117.69,1455805,SPG.N,2022-12-05,西蒙地产,"Simon Property Group, Inc.",USD
118.15,119.05,116.71,118.26,2218431,SPG.N,2022-12-06,西蒙地产,"Simon Property Group, Inc.",USD
117.61,120.35,117.26,119.05,2318328,SPG.N,2022-12-07,西蒙地产,"Simon Property Group, Inc.",USD
118.47,118.65,116.55,117.12,1976515,SPG.N,2022-12-08,西蒙地产,"Simon Property Group, Inc.",USD
116.8,117.56,116.1,116.75,1162558,SPG.N,2022-12-09,西蒙地产,"Simon Property Group, Inc.",USD
116.75,118.725,115.545,118.62,1697951,SPG.N,2022-12-12,西蒙地产,"Simon Property Group, Inc.",USD
120.46,121.95,118.67,120.24,2386628,SPG.N,2022-12-13,西蒙地产,"Simon Property Group, Inc.",USD
120.38,121.805,118.98,119.71,1779921,SPG.N,2022-12-14,西蒙地产,"Simon Property Group, Inc.",USD
118.31,118.81,116.83,118.21,1928345,SPG.N,2022-12-15,西蒙地产,"Simon Property Group, Inc.",USD
116.08,116.92,114.85,116.32,3919736,SPG.N,2022-12-16,西蒙地产,"Simon Property Group, Inc.",USD
116.17,116.83,114.185,115.62,1368271,SPG.N,2022-12-19,西蒙地产,"Simon Property Group, Inc.",USD
115.0,116.01,113.8,115.66,1146369,SPG.N,2022-12-20,西蒙地产,"Simon Property Group, Inc.",USD
117.0,118.1,116.27,116.55,1335287,SPG.N,2022-12-21,西蒙地产,"Simon Property Group, Inc.",USD
115.48,116.44,114.046,116.36,1081663,SPG.N,2022-12-22,西蒙地产,"Simon Property Group, Inc.",USD
116.18,117.95,115.65,117.91,680383,SPG.N,2022-12-23,西蒙地产,"Simon Property Group, Inc.",USD
118.06,118.53,117.135,118.1,1234328,SPG.N,2022-12-27,西蒙地产,"Simon Property Group, Inc.",USD
118.34,118.89,114.83,115.06,983705,SPG.N,2022-12-28,西蒙地产,"Simon Property Group, Inc.",USD
115.95,117.66,115.33,117.32,972832,SPG.N,2022-12-29,西蒙地产,"Simon Property Group, Inc.",USD
116.56,117.86,115.72,117.48,1265312,SPG.N,2022-12-30,西蒙地产,"Simon Property Group, Inc.",USD
118.13,119.18,116.22,117.54,1313832,SPG.N,2023-01-03,西蒙地产,"Simon Property Group, Inc.",USD
118.82,122.31,118.01,121.16,1808803,SPG.N,2023-01-04,西蒙地产,"Simon Property Group, Inc.",USD
119.6,119.755,117.17,117.42,1390675,SPG.N,2023-01-05,西蒙地产,"Simon Property Group, Inc.",USD
117.82,119.53,117.78,118.87,1500989,SPG.N,2023-01-06,西蒙地产,"Simon Property Group, Inc.",USD
118.83,119.6,117.61,118.32,1474889,SPG.N,2023-01-09,西蒙地产,"Simon Property Group, Inc.",USD
117.61,117.78,115.44,116.85,1329081,SPG.N,2023-01-10,西蒙地产,"Simon Property Group, Inc.",USD
117.8,121.63,117.15,121.36,1660566,SPG.N,2023-01-11,西蒙地产,"Simon Property Group, Inc.",USD
122.0,126.43,121.45,125.99,2304159,SPG.N,2023-01-12,西蒙地产,"Simon Property Group, Inc.",USD
124.31,126.12,124.17,125.57,1560371,SPG.N,2023-01-13,西蒙地产,"Simon Property Group, Inc.",USD
125.0,125.62,124.46,125.02,2021207,SPG.N,2023-01-17,西蒙地产,"Simon Property Group, Inc.",USD
125.61,125.865,121.94,122.25,1483867,SPG.N,2023-01-18,西蒙地产,"Simon Property Group, Inc.",USD
121.09,121.71,120.035,120.93,1274342,SPG.N,2023-01-19,西蒙地产,"Simon Property Group, Inc.",USD
121.68,123.85,120.41,123.65,1651866,SPG.N,2023-01-20,西蒙地产,"Simon Property Group, Inc.",USD
123.86,125.29,123.278,124.97,1097994,SPG.N,2023-01-23,西蒙地产,"Simon Property Group, Inc.",USD
124.93,125.645,123.2,125.45,1353472,SPG.N,2023-01-24,西蒙地产,"Simon Property Group, Inc.",USD
125.0,125.545,124.5,125.19,1016970,SPG.N,2023-01-25,西蒙地产,"Simon Property Group, Inc.",USD
125.95,126.41,124.88,126.33,1205944,SPG.N,2023-01-26,西蒙地产,"Simon Property Group, Inc.",USD
126.34,128.88,126.15,128.61,1480585,SPG.N,2023-01-27,西蒙地产,"Simon Property Group, Inc.",USD
127.46,128.85,125.89,125.95,1430034,SPG.N,2023-01-30,西蒙地产,"Simon Property Group, Inc.",USD
126.13,128.71,125.67,128.46,3802934,SPG.N,2023-01-31,西蒙地产,"Simon Property Group, Inc.",USD
127.9,129.95,126.88,128.93,1467272,SPG.N,2023-02-01,西蒙地产,"Simon Property Group, Inc.",USD
130.0,133.08,129.51,131.79,2066906,SPG.N,2023-02-02,西蒙地产,"Simon Property Group, Inc.",USD
130.01,130.285,128.2,129.81,1391837,SPG.N,2023-02-03,西蒙地产,"Simon Property Group, Inc.",USD
128.44,129.55,127.78,128.64,1379570,SPG.N,2023-02-06,西蒙地产,"Simon Property Group, Inc.",USD
127.85,127.85,123.21,125.9,2443127,SPG.N,2023-02-07,西蒙地产,"Simon Property Group, Inc.",USD
125.1,125.65,123.34,124.24,1614489,SPG.N,2023-02-08,西蒙地产,"Simon Property Group, Inc.",USD
125.38,125.79,124.02,124.41,1750039,SPG.N,2023-02-09,西蒙地产,"Simon Property Group, Inc.",USD
123.6,124.65,122.5,124.35,1171470,SPG.N,2023-02-10,西蒙地产,"Simon Property Group, Inc.",USD
124.5,125.85,124.17,125.78,1338416,SPG.N,2023-02-13,西蒙地产,"Simon Property Group, Inc.",USD
125.31,127.03,124.49,125.41,1387956,SPG.N,2023-02-14,西蒙地产,"Simon Property Group, Inc.",USD
124.13,125.55,123.56,125.52,859893,SPG.N,2023-02-15,西蒙地产,"Simon Property Group, Inc.",USD
124.01,125.46,123.373,124.35,959529,SPG.N,2023-02-16,西蒙地产,"Simon Property Group, Inc.",USD
124.09,124.48,122.39,123.66,1292433,SPG.N,2023-02-17,西蒙地产,"Simon Property Group, Inc.",USD
122.22,122.86,120.06,120.62,1612516,SPG.N,2023-02-21,西蒙地产,"Simon Property Group, Inc.",USD
121.25,122.075,120.38,121.1,1399582,SPG.N,2023-02-22,西蒙地产,"Simon Property Group, Inc.",USD
122.28,123.09,120.97,122.3,1053083,SPG.N,2023-02-23,西蒙地产,"Simon Property Group, Inc.",USD
120.55,122.53,120.29,121.83,1047571,SPG.N,2023-02-24,西蒙地产,"Simon Property Group, Inc.",USD
123.42,124.14,121.99,122.51,1330242,SPG.N,2023-02-27,西蒙地产,"Simon Property Group, Inc.",USD
122.57,124.08,122.01,122.09,2118778,SPG.N,2023-02-28,西蒙地产,"Simon Property Group, Inc.",USD
122.14,122.14,119.35,121.25,1655457,SPG.N,2023-03-01,西蒙地产,"Simon Property Group, Inc.",USD
120.46,123.01,120.19,122.85,1277680,SPG.N,2023-03-02,西蒙地产,"Simon Property Group, Inc.",USD
123.76,124.43,122.727,124.08,1060957,SPG.N,2023-03-03,西蒙地产,"Simon Property Group, Inc.",USD
124.44,125.31,123.515,123.85,779093,SPG.N,2023-03-06,西蒙地产,"Simon Property Group, Inc.",USD
123.78,124.08,119.74,120.61,1376104,SPG.N,2023-03-07,西蒙地产,"Simon Property Group, Inc.",USD
120.88,122.58,120.845,122.18,1244248,SPG.N,2023-03-08,西蒙地产,"Simon Property Group, Inc.",USD
120.5,120.6,117.19,117.3,1054168,SPG.N,2023-03-09,西蒙地产,"Simon Property Group, Inc.",USD
117.0,117.0,111.13,111.5,2845572,SPG.N,2023-03-10,西蒙地产,"Simon Property Group, Inc.",USD
109.89,113.34,108.55,111.42,2279986,SPG.N,2023-03-13,西蒙地产,"Simon Property Group, Inc.",USD
114.03,115.49,111.03,112.2,2467133,SPG.N,2023-03-14,西蒙地产,"Simon Property Group, Inc.",USD
109.93,110.205,107.653,109.69,2499906,SPG.N,2023-03-15,西蒙地产,"Simon Property Group, Inc.",USD
108.24,110.49,105.791,109.2,2497020,SPG.N,2023-03-16,西蒙地产,"Simon Property Group, Inc.",USD
108.26,108.26,104.23,104.31,3488984,SPG.N,2023-03-17,西蒙地产,"Simon Property Group, Inc.",USD
105.23,107.57,104.48,107.12,2393072,SPG.N,2023-03-20,西蒙地产,"Simon Property Group, Inc.",USD
108.78,110.74,108.675,109.12,2114247,SPG.N,2023-03-21,西蒙地产,"Simon Property Group, Inc.",USD
108.09,108.53,104.23,104.31,1649141,SPG.N,2023-03-22,西蒙地产,"Simon Property Group, Inc.",USD
104.7,105.74,101.55,102.38,2180300,SPG.N,2023-03-23,西蒙地产,"Simon Property Group, Inc.",USD
101.36,103.63,100.32,103.48,2022971,SPG.N,2023-03-24,西蒙地产,"Simon Property Group, Inc.",USD
105.0,105.2,102.93,103.3,2225635,SPG.N,2023-03-27,西蒙地产,"Simon Property Group, Inc.",USD
102.93,104.53,102.21,104.15,1190534,SPG.N,2023-03-28,西蒙地产,"Simon Property Group, Inc.",USD
105.93,107.09,105.46,106.59,1580175,SPG.N,2023-03-29,西蒙地产,"Simon Property Group, Inc.",USD
107.95,108.5,106.84,107.56,1438810,SPG.N,2023-03-30,西蒙地产,"Simon Property Group, Inc.",USD
108.21,112.09,108.21,111.97,3298708,SPG.N,2023-03-31,西蒙地产,"Simon Property Group, Inc.",USD
112.52,113.805,111.05,112.42,2154886,SPG.N,2023-04-03,西蒙地产,"Simon Property Group, Inc.",USD
112.6,112.74,110.15,111.31,1228132,SPG.N,2023-04-04,西蒙地产,"Simon Property Group, Inc.",USD
110.53,111.0,108.805,109.95,1563470,SPG.N,2023-04-05,西蒙地产,"Simon Property Group, Inc.",USD
110.31,110.57,108.73,109.77,1145146,SPG.N,2023-04-06,西蒙地产,"Simon Property Group, Inc.",USD
109.48,110.24,107.92,109.56,1098854,SPG.N,2023-04-10,西蒙地产,"Simon Property Group, Inc.",USD
110.41,111.06,109.34,110.16,1106481,SPG.N,2023-04-11,西蒙地产,"Simon Property Group, Inc.",USD
111.4,111.55,109.34,109.51,1317814,SPG.N,2023-04-12,西蒙地产,"Simon Property Group, Inc.",USD
109.34,109.51,107.8,108.94,1244569,SPG.N,2023-04-13,西蒙地产,"Simon Property Group, Inc.",USD
109.57,110.53,106.65,107.56,1803848,SPG.N,2023-04-14,西蒙地产,"Simon Property Group, Inc.",USD
108.02,111.36,107.92,111.35,1464978,SPG.N,2023-04-17,西蒙地产,"Simon Property Group, Inc.",USD
111.69,112.06,110.75,111.3,984849,SPG.N,2023-04-18,西蒙地产,"Simon Property Group, Inc.",USD
110.31,112.485,109.975,112.06,1070914,SPG.N,2023-04-19,西蒙地产,"Simon Property Group, Inc.",USD
111.16,111.57,109.88,110.77,998120,SPG.N,2023-04-20,西蒙地产,"Simon Property Group, Inc.",USD
111.18,111.255,109.79,110.66,770408,SPG.N,2023-04-21,西蒙地产,"Simon Property Group, Inc.",USD
110.78,110.97,108.82,110.23,854223,SPG.N,2023-04-24,西蒙地产,"Simon Property Group, Inc.",USD
109.28,109.87,108.51,109.22,809384,SPG.N,2023-04-25,西蒙地产,"Simon Property Group, Inc.",USD
109.24,110.05,107.63,108.34,966396,SPG.N,2023-04-26,西蒙地产,"Simon Property Group, Inc.",USD
108.67,111.17,108.445,110.6,970006,SPG.N,2023-04-27,西蒙地产,"Simon Property Group, Inc.",USD
110.54,113.66,110.54,113.32,1430255,SPG.N,2023-04-28,西蒙地产,"Simon Property Group, Inc.",USD
113.0,114.95,113.0,113.49,1332451,SPG.N,2023-05-01,西蒙地产,"Simon Property Group, Inc.",USD
112.51,112.95,109.64,112.05,1700445,SPG.N,2023-05-02,西蒙地产,"Simon Property Group, Inc.",USD
113.0,113.0,107.36,107.59,2092541,SPG.N,2023-05-03,西蒙地产,"Simon Property Group, Inc.",USD
107.4,108.2,105.82,107.85,1621260,SPG.N,2023-05-04,西蒙地产,"Simon Property Group, Inc.",USD
109.35,110.4,108.575,109.55,1340682,SPG.N,2023-05-05,西蒙地产,"Simon Property Group, Inc.",USD
109.25,109.72,107.89,108.0,1149612,SPG.N,2023-05-08,西蒙地产,"Simon Property Group, Inc.",USD
107.3,107.544,104.88,106.49,1434743,SPG.N,2023-05-09,西蒙地产,"Simon Property Group, Inc.",USD
107.29,107.7,105.05,106.53,1364696,SPG.N,2023-05-10,西蒙地产,"Simon Property Group, Inc.",USD
105.45,106.62,104.68,106.25,1177891,SPG.N,2023-05-11,西蒙地产,"Simon Property Group, Inc.",USD
106.42,106.73,105.6,106.35,1009978,SPG.N,2023-05-12,西蒙地产,"Simon Property Group, Inc.",USD
106.62,107.525,105.89,106.93,936251,SPG.N,2023-05-15,西蒙地产,"Simon Property Group, Inc.",USD
106.88,107.02,103.7,103.73,1474780,SPG.N,2023-05-16,西蒙地产,"Simon Property Group, Inc.",USD
104.83,106.44,103.84,106.3,1212607,SPG.N,2023-05-17,西蒙地产,"Simon Property Group, Inc.",USD
105.99,106.695,104.97,105.54,1394536,SPG.N,2023-05-18,西蒙地产,"Simon Property Group, Inc.",USD
106.515,107.108,104.41,105.36,1615959,SPG.N,2023-05-19,西蒙地产,"Simon Property Group, Inc.",USD
105.15,106.0,104.38,105.98,1338354,SPG.N,2023-05-22,西蒙地产,"Simon Property Group, Inc.",USD
106.05,106.79,104.04,104.13,1329882,SPG.N,2023-05-23,西蒙地产,"Simon Property Group, Inc.",USD
103.5,103.82,101.94,102.16,1107751,SPG.N,2023-05-24,西蒙地产,"Simon Property Group, Inc.",USD
102.13,102.335,100.17,101.25,1391055,SPG.N,2023-05-25,西蒙地产,"Simon Property Group, Inc.",USD
101.4,102.576,100.9,102.36,1057662,SPG.N,2023-05-26,西蒙地产,"Simon Property Group, Inc.",USD
102.98,103.86,102.65,103.51,1135157,SPG.N,2023-05-30,西蒙地产,"Simon Property Group, Inc.",USD
103.45,105.439,103.22,105.15,3062029,SPG.N,2023-05-31,西蒙地产,"Simon Property Group, Inc.",USD
105.23,105.342,102.7,103.4,1413204,SPG.N,2023-06-01,西蒙地产,"Simon Property Group, Inc.",USD
105.06,107.21,104.93,106.51,1517350,SPG.N,2023-06-02,西蒙地产,"Simon Property Group, Inc.",USD
106.71,107.82,106.365,106.55,1145921,SPG.N,2023-06-05,西蒙地产,"Simon Property Group, Inc.",USD
106.7,109.6,106.47,109.17,1295549,SPG.N,2023-06-06,西蒙地产,"Simon Property Group, Inc.",USD
109.99,113.2,109.08,112.7,1832362,SPG.N,2023-06-07,西蒙地产,"Simon Property Group, Inc.",USD
110.11,110.48,108.24,109.71,1295632,SPG.N,2023-06-08,西蒙地产,"Simon Property Group, Inc.",USD
109.69,111.01,109.34,110.7,1093777,SPG.N,2023-06-09,西蒙地产,"Simon Property Group, Inc.",USD
111.0,111.7,109.11,109.96,1480341,SPG.N,2023-06-12,西蒙地产,"Simon Property Group, Inc.",USD
110.12,112.09,109.7,110.96,1530959,SPG.N,2023-06-13,西蒙地产,"Simon Property Group, Inc.",USD
111.78,112.45,109.78,110.9,1529824,SPG.N,2023-06-14,西蒙地产,"Simon Property Group, Inc.",USD
110.48,110.95,109.581,110.92,1409537,SPG.N,2023-06-15,西蒙地产,"Simon Property Group, Inc.",USD
112.23,113.29,110.857,112.79,3047381,SPG.N,2023-06-16,西蒙地产,"Simon Property Group, Inc.",USD
112.48,112.48,110.08,110.73,1793030,SPG.N,2023-06-20,西蒙地产,"Simon Property Group, Inc.",USD
110.24,111.39,109.65,110.73,1539697,SPG.N,2023-06-21,西蒙地产,"Simon Property Group, Inc.",USD
110.77,110.92,107.73,109.08,1167360,SPG.N,2023-06-22,西蒙地产,"Simon Property Group, Inc.",USD
108.0,108.64,106.655,107.74,3287372,SPG.N,2023-06-23,西蒙地产,"Simon Property Group, Inc.",USD
107.56,111.15,107.04,111.07,1567651,SPG.N,2023-06-26,西蒙地产,"Simon Property Group, Inc.",USD
111.045,113.29,110.335,113.07,1348685,SPG.N,2023-06-27,西蒙地产,"Simon Property Group, Inc.",USD
113.19,113.275,111.68,112.79,1394421,SPG.N,2023-06-28,西蒙地产,"Simon Property Group, Inc.",USD
112.32,114.76,112.0,114.76,1304710,SPG.N,2023-06-29,西蒙地产,"Simon Property Group, Inc.",USD
116.24,116.86,113.955,115.48,3148345,SPG.N,2023-06-30,西蒙地产,"Simon Property Group, Inc.",USD
115.09,117.725,114.99,117.04,1032676,SPG.N,2023-07-03,西蒙地产,"Simon Property Group, Inc.",USD
116.35,119.02,115.561,118.21,1748187,SPG.N,2023-07-05,西蒙地产,"Simon Property Group, Inc.",USD
117.64,119.22,116.68,119.1,1855459,SPG.N,2023-07-06,西蒙地产,"Simon Property Group, Inc.",USD
118.09,119.56,117.87,118.55,1440437,SPG.N,2023-07-07,西蒙地产,"Simon Property Group, Inc.",USD
118.68,121.02,118.22,120.95,1456628,SPG.N,2023-07-10,西蒙地产,"Simon Property Group, Inc.",USD
121.53,123.28,120.875,123.01,1649656,SPG.N,2023-07-11,西蒙地产,"Simon Property Group, Inc.",USD
124.39,124.64,122.4,122.44,1955336,SPG.N,2023-07-12,西蒙地产,"Simon Property Group, Inc.",USD
122.42,122.5,121.02,121.84,1601919,SPG.N,2023-07-13,西蒙地产,"Simon Property Group, Inc.",USD
121.51,121.67,120.28,121.28,905629,SPG.N,2023-07-14,西蒙地产,"Simon Property Group, Inc.",USD
120.31,121.98,119.82,121.65,1188167,SPG.N,2023-07-17,西蒙地产,"Simon Property Group, Inc.",USD
121.13,122.05,120.69,121.52,1325194,SPG.N,2023-07-18,西蒙地产,"Simon Property Group, Inc.",USD
122.0,124.16,121.96,123.41,1377854,SPG.N,2023-07-19,西蒙地产,"Simon Property Group, Inc.",USD
123.34,123.97,121.92,123.75,1186090,SPG.N,2023-07-20,西蒙地产,"Simon Property Group, Inc.",USD
124.17,124.875,123.446,123.65,1131524,SPG.N,2023-07-21,西蒙地产,"Simon Property Group, Inc.",USD
123.68,124.85,123.46,124.41,1021362,SPG.N,2023-07-24,西蒙地产,"Simon Property Group, Inc.",USD
124.92,125.32,123.65,123.69,1213576,SPG.N,2023-07-25,西蒙地产,"Simon Property Group, Inc.",USD
123.46,124.71,123.045,124.17,989179,SPG.N,2023-07-26,西蒙地产,"Simon Property Group, Inc.",USD
124.97,125.56,122.98,123.0,1412532,SPG.N,2023-07-27,西蒙地产,"Simon Property Group, Inc.",USD
124.26,124.81,123.55,124.48,1069268,SPG.N,2023-07-28,西蒙地产,"Simon Property Group, Inc.",USD
124.48,125.535,123.98,124.6,1301463,SPG.N,2023-07-31,西蒙地产,"Simon Property Group, Inc.",USD
124.44,125.68,124.01,125.44,1407108,SPG.N,2023-08-01,西蒙地产,"Simon Property Group, Inc.",USD
124.21,124.595,123.46,124.06,1107286,SPG.N,2023-08-02,西蒙地产,"Simon Property Group, Inc.",USD
118.63,119.68,114.15,118.37,2966172,SPG.N,2023-08-03,西蒙地产,"Simon Property Group, Inc.",USD
118.79,120.88,117.64,118.29,1537844,SPG.N,2023-08-04,西蒙地产,"Simon Property Group, Inc.",USD
118.53,119.95,118.36,119.66,1048750,SPG.N,2023-08-07,西蒙地产,"Simon Property Group, Inc.",USD
118.57,119.6,117.86,119.0,889849,SPG.N,2023-08-08,西蒙地产,"Simon Property Group, Inc.",USD
118.83,119.55,118.112,118.8,1002894,SPG.N,2023-08-09,西蒙地产,"Simon Property Group, Inc.",USD
119.55,120.43,118.31,118.85,1185334,SPG.N,2023-08-10,西蒙地产,"Simon Property Group, Inc.",USD
117.84,119.0,117.69,118.87,884905,SPG.N,2023-08-11,西蒙地产,"Simon Property Group, Inc.",USD
118.24,119.54,118.19,119.02,792325,SPG.N,2023-08-14,西蒙地产,"Simon Property Group, Inc.",USD
117.76,118.51,117.03,117.87,842440,SPG.N,2023-08-15,西蒙地产,"Simon Property Group, Inc.",USD
117.92,117.92,115.57,115.61,1172901,SPG.N,2023-08-16,西蒙地产,"Simon Property Group, Inc.",USD
115.88,116.62,114.09,114.15,1193721,SPG.N,2023-08-17,西蒙地产,"Simon Property Group, Inc.",USD
113.5,115.94,113.28,115.6,1170278,SPG.N,2023-08-18,西蒙地产,"Simon Property Group, Inc.",USD
115.53,116.0,112.6,112.72,1417974,SPG.N,2023-08-21,西蒙地产,"Simon Property Group, Inc.",USD
113.54,113.54,110.82,110.93,1753596,SPG.N,2023-08-22,西蒙地产,"Simon Property Group, Inc.",USD
111.17,112.37,110.56,111.64,1991738,SPG.N,2023-08-23,西蒙地产,"Simon Property Group, Inc.",USD
111.62,112.53,110.35,110.66,1751530,SPG.N,2023-08-24,西蒙地产,"Simon Property Group, Inc.",USD
110.91,111.39,109.91,110.73,1080927,SPG.N,2023-08-25,西蒙地产,"Simon Property Group, Inc.",USD
111.12,112.75,111.12,111.67,900410,SPG.N,2023-08-28,西蒙地产,"Simon Property Group, Inc.",USD
111.68,113.59,111.0,113.53,1085857,SPG.N,2023-08-29,西蒙地产,"Simon Property Group, Inc.",USD
113.55,114.32,112.64,113.51,774561,SPG.N,2023-08-30,西蒙地产,"Simon Property Group, Inc.",USD
113.42,113.857,112.79,113.49,1573415,SPG.N,2023-08-31,西蒙地产,"Simon Property Group, Inc.",USD
114.36,115.21,114.33,114.91,1306077,SPG.N,2023-09-01,西蒙地产,"Simon Property Group, Inc.",USD
114.8,115.57,114.39,114.94,2187541,SPG.N,2023-09-05,西蒙地产,"Simon Property Group, Inc.",USD
114.37,115.955,114.25,115.75,1921573,SPG.N,2023-09-06,西蒙地产,"Simon Property Group, Inc.",USD
113.67,114.86,113.15,114.45,1581922,SPG.N,2023-09-07,西蒙地产,"Simon Property Group, Inc.",USD
114.45,114.745,113.91,114.62,1022467,SPG.N,2023-09-08,西蒙地产,"Simon Property Group, Inc.",USD
114.74,115.35,114.11,114.74,1349896,SPG.N,2023-09-11,西蒙地产,"Simon Property Group, Inc.",USD
114.25,116.075,114.17,115.48,1314002,SPG.N,2023-09-12,西蒙地产,"Simon Property Group, Inc.",USD
115.52,115.52,114.27,114.77,1451960,SPG.N,2023-09-13,西蒙地产,"Simon Property Group, Inc.",USD
115.71,117.65,115.51,117.38,1627228,SPG.N,2023-09-14,西蒙地产,"Simon Property Group, Inc.",USD
117.26,117.35,116.23,116.41,2880775,SPG.N,2023-09-15,西蒙地产,"Simon Property Group, Inc.",USD
116.33,116.35,114.24,114.25,1334739,SPG.N,2023-09-18,西蒙地产,"Simon Property Group, Inc.",USD
114.01,114.85,113.54,114.26,1130549,SPG.N,2023-09-19,西蒙地产,"Simon Property Group, Inc.",USD
115.32,115.99,113.73,113.76,1560572,SPG.N,2023-09-20,西蒙地产,"Simon Property Group, Inc.",USD
113.06,113.645,111.59,111.64,2385865,SPG.N,2023-09-21,西蒙地产,"Simon Property Group, Inc.",USD
111.87,112.88,111.36,111.68,1585596,SPG.N,2023-09-22,西蒙地产,"Simon Property Group, Inc.",USD
111.22,112.66,110.92,112.13,1576456,SPG.N,2023-09-25,西蒙地产,"Simon Property Group, Inc.",USD
111.03,111.47,109.03,109.15,2228112,SPG.N,2023-09-26,西蒙地产,"Simon Property Group, Inc.",USD
109.58,110.38,108.08,108.19,2376058,SPG.N,2023-09-27,西蒙地产,"Simon Property Group, Inc.",USD
108.66,109.068,107.72,108.83,1984048,SPG.N,2023-09-28,西蒙地产,"Simon Property Group, Inc.",USD
110.15,110.68,107.1,108.03,2228818,SPG.N,2023-09-29,西蒙地产,"Simon Property Group, Inc.",USD
107.5,108.2,104.28,104.63,2077657,SPG.N,2023-10-02,西蒙地产,"Simon Property Group, Inc.",USD
104.0,104.45,102.11,103.37,2202504,SPG.N,2023-10-03,西蒙地产,"Simon Property Group, Inc.",USD
103.87,104.605,102.78,104.44,1295864,SPG.N,2023-10-04,西蒙地产,"Simon Property Group, Inc.",USD
104.16,104.875,103.595,104.54,1083621,SPG.N,2023-10-05,西蒙地产,"Simon Property Group, Inc.",USD
103.77,105.35,102.82,104.41,1123805,SPG.N,2023-10-06,西蒙地产,"Simon Property Group, Inc.",USD
103.69,105.84,103.36,105.44,882154,SPG.N,2023-10-09,西蒙地产,"Simon Property Group, Inc.",USD
105.44,107.02,105.02,106.15,1019110,SPG.N,2023-10-10,西蒙地产,"Simon Property Group, Inc.",USD
107.11,108.61,107.1,108.33,1479019,SPG.N,2023-10-11,西蒙地产,"Simon Property Group, Inc.",USD
108.05,108.09,106.8,107.35,1604435,SPG.N,2023-10-12,西蒙地产,"Simon Property Group, Inc.",USD
107.89,108.02,106.39,107.03,1499596,SPG.N,2023-10-13,西蒙地产,"Simon Property Group, Inc.",USD
108.0,108.93,107.12,108.33,1235769,SPG.N,2023-10-16,西蒙地产,"Simon Property Group, Inc.",USD
107.69,110.88,107.69,110.15,1470520,SPG.N,2023-10-17,西蒙地产,"Simon Property Group, Inc.",USD
109.51,109.675,108.36,108.55,1294675,SPG.N,2023-10-18,西蒙地产,"Simon Property Group, Inc.",USD
107.99,109.0,106.43,106.5,1571800,SPG.N,2023-10-19,西蒙地产,"Simon Property Group, Inc.",USD
106.92,107.4,106.084,106.15,1506695,SPG.N,2023-10-20,西蒙地产,"Simon Property Group, Inc.",USD
105.25,106.68,104.83,105.21,1560702,SPG.N,2023-10-23,西蒙地产,"Simon Property Group, Inc.",USD
106.15,107.3,105.76,105.97,1521527,SPG.N,2023-10-24,西蒙地产,"Simon Property Group, Inc.",USD
105.73,105.98,104.76,104.98,1465237,SPG.N,2023-10-25,西蒙地产,"Simon Property Group, Inc.",USD
105.08,107.19,105.08,106.32,1388613,SPG.N,2023-10-26,西蒙地产,"Simon Property Group, Inc.",USD
106.67,106.67,104.053,104.54,1744876,SPG.N,2023-10-27,西蒙地产,"Simon Property Group, Inc.",USD
105.57,106.685,104.24,105.33,1458351,SPG.N,2023-10-30,西蒙地产,"Simon Property Group, Inc.",USD
106.41,110.104,104.93,109.89,2384200,SPG.N,2023-10-31,西蒙地产,"Simon Property Group, Inc.",USD
110.99,112.84,109.96,112.49,2080777,SPG.N,2023-11-01,西蒙地产,"Simon Property Group, Inc.",USD
114.25,116.34,114.07,115.84,2049697,SPG.N,2023-11-02,西蒙地产,"Simon Property Group, Inc.",USD
118.03,119.82,117.69,117.89,1956600,SPG.N,2023-11-03,西蒙地产,"Simon Property Group, Inc.",USD
117.84,117.9,116.19,117.08,1225453,SPG.N,2023-11-06,西蒙地产,"Simon Property Group, Inc.",USD
116.88,116.88,114.445,115.24,1661171,SPG.N,2023-11-07,西蒙地产,"Simon Property Group, Inc.",USD
115.65,115.96,114.89,115.44,911312,SPG.N,2023-11-08,西蒙地产,"Simon Property Group, Inc.",USD
115.9,115.9,113.42,113.79,1204731,SPG.N,2023-11-09,西蒙地产,"Simon Property Group, Inc.",USD
114.8,115.54,113.4,115.33,906923,SPG.N,2023-11-10,西蒙地产,"Simon Property Group, Inc.",USD
114.57,115.71,113.46,115.54,1321755,SPG.N,2023-11-13,西蒙地产,"Simon Property Group, Inc.",USD
118.62,122.53,118.6,120.79,2105673,SPG.N,2023-11-14,西蒙地产,"Simon Property Group, Inc.",USD
120.5,121.37,119.71,120.54,1623476,SPG.N,2023-11-15,西蒙地产,"Simon Property Group, Inc.",USD
120.6,120.8,119.717,120.42,1271784,SPG.N,2023-11-16,西蒙地产,"Simon Property Group, Inc.",USD
121.34,121.78,120.635,121.68,1121288,SPG.N,2023-11-17,西蒙地产,"Simon Property Group, Inc.",USD
121.61,122.89,120.43,122.75,1283848,SPG.N,2023-11-20,西蒙地产,"Simon Property Group, Inc.",USD
122.16,122.16,121.09,121.75,1213700,SPG.N,2023-11-21,西蒙地产,"Simon Property Group, Inc.",USD
122.71,122.71,120.5,121.1,1190212,SPG.N,2023-11-22,西蒙地产,"Simon Property Group, Inc.",USD
121.2,121.495,119.96,120.84,767578,SPG.N,2023-11-24,西蒙地产,"Simon Property Group, Inc.",USD
120.84,122.19,119.92,121.71,1027493,SPG.N,2023-11-27,西蒙地产,"Simon Property Group, Inc.",USD
121.5,122.389,120.5,122.1,1149913,SPG.N,2023-11-28,西蒙地产,"Simon Property Group, Inc.",USD
123.17,124.51,122.58,122.76,1151660,SPG.N,2023-11-29,西蒙地产,"Simon Property Group, Inc.",USD
122.52,125.09,122.5,124.89,2300497,SPG.N,2023-11-30,西蒙地产,"Simon Property Group, Inc.",USD
125.04,128.91,124.64,128.82,1833743,SPG.N,2023-12-01,西蒙地产,"Simon Property Group, Inc.",USD
128.12,130.93,127.6,130.85,1920903,SPG.N,2023-12-04,西蒙地产,"Simon Property Group, Inc.",USD
129.895,131.02,129.41,130.78,1668705,SPG.N,2023-12-05,西蒙地产,"Simon Property Group, Inc.",USD
131.4,132.98,131.21,131.73,1769826,SPG.N,2023-12-06,西蒙地产,"Simon Property Group, Inc.",USD
130.0,131.44,129.08,131.35,1983863,SPG.N,2023-12-07,西蒙地产,"Simon Property Group, Inc.",USD
130.81,132.91,130.35,132.88,1394282,SPG.N,2023-12-08,西蒙地产,"Simon Property Group, Inc.",USD
132.5,134.81,132.24,134.78,1452994,SPG.N,2023-12-11,西蒙地产,"Simon Property Group, Inc.",USD
134.41,135.12,134.18,134.49,1330602,SPG.N,2023-12-12,西蒙地产,"Simon Property Group, Inc.",USD
134.49,139.61,133.11,139.26,2192318,SPG.N,2023-12-13,西蒙地产,"Simon Property Group, Inc.",USD
140.71,146.59,140.52,146.58,2874707,SPG.N,2023-12-14,西蒙地产,"Simon Property Group, Inc.",USD
145.56,146.41,143.43,144.35,3723410,SPG.N,2023-12-15,西蒙地产,"Simon Property Group, Inc.",USD
145.26,145.26,143.26,143.62,1425934,SPG.N,2023-12-18,西蒙地产,"Simon Property Group, Inc.",USD
143.91,145.85,143.5,145.16,1319061,SPG.N,2023-12-19,西蒙地产,"Simon Property Group, Inc.",USD
145.16,146.91,144.03,144.11,1216041,SPG.N,2023-12-20,西蒙地产,"Simon Property Group, Inc.",USD
145.07,145.185,141.05,142.22,2114057,SPG.N,2023-12-21,西蒙地产,"Simon Property Group, Inc.",USD
142.4,143.35,141.975,142.3,1191461,SPG.N,2023-12-22,西蒙地产,"Simon Property Group, Inc.",USD
142.3,143.89,142.0,143.66,786261,SPG.N,2023-12-26,西蒙地产,"Simon Property Group, Inc.",USD
143.86,144.39,143.08,143.67,1185368,SPG.N,2023-12-27,西蒙地产,"Simon Property Group, Inc.",USD
143.0,144.35,142.83,144.28,997588,SPG.N,2023-12-28,西蒙地产,"Simon Property Group, Inc.",USD
143.69,144.11,142.38,142.64,1227895,SPG.N,2023-12-29,西蒙地产,"Simon Property Group, Inc.",USD
141.98,144.03,141.0,143.03,1162915,SPG.N,2024-01-02,西蒙地产,"Simon Property Group, Inc.",USD
141.58,142.0,139.36,140.09,1248657,SPG.N,2024-01-03,西蒙地产,"Simon Property Group, Inc.",USD
140.04,141.405,139.47,140.26,1162301,SPG.N,2024-01-04,西蒙地产,"Simon Property Group, Inc.",USD
139.55,141.95,138.76,140.65,1187295,SPG.N,2024-01-05,西蒙地产,"Simon Property Group, Inc.",USD
140.92,142.5,140.26,142.3,1232977,SPG.N,2024-01-08,西蒙地产,"Simon Property Group, Inc.",USD
141.01,142.375,140.25,142.15,897756,SPG.N,2024-01-09,西蒙地产,"Simon Property Group, Inc.",USD
142.53,145.3,142.38,144.68,1675775,SPG.N,2024-01-10,西蒙地产,"Simon Property Group, Inc.",USD
143.78,145.25,142.73,144.38,1554944,SPG.N,2024-01-11,西蒙地产,"Simon Property Group, Inc.",USD
145.5,146.63,144.44,146.62,1642049,SPG.N,2024-01-12,西蒙地产,"Simon Property Group, Inc.",USD
145.63,146.522,144.633,145.53,1934717,SPG.N,2024-01-16,西蒙地产,"Simon Property Group, Inc.",USD
143.63,145.84,140.89,142.12,1591943,SPG.N,2024-01-17,西蒙地产,"Simon Property Group, Inc.",USD
142.46,142.97,139.905,141.83,1214750,SPG.N,2024-01-18,西蒙地产,"Simon Property Group, Inc.",USD
142.44,142.54,140.19,141.62,1550518,SPG.N,2024-01-19,西蒙地产,"Simon Property Group, Inc.",USD
142.83,143.95,141.86,142.02,1611882,SPG.N,2024-01-22,西蒙地产,"Simon Property Group, Inc.",USD
142.71,143.5,141.09,142.6,1138642,SPG.N,2024-01-23,西蒙地产,"Simon Property Group, Inc.",USD
144.09,144.12,140.845,141.49,1364712,SPG.N,2024-01-24,西蒙地产,"Simon Property Group, Inc.",USD
143.51,143.91,141.77,142.83,1139021,SPG.N,2024-01-25,西蒙地产,"Simon Property Group, Inc.",USD
143.2,143.28,141.73,141.96,1010364,SPG.N,2024-01-26,西蒙地产,"Simon Property Group, Inc.",USD
141.86,141.86,140.21,141.73,1305454,SPG.N,2024-01-29,西蒙地产,"Simon Property Group, Inc.",USD
141.29,141.52,139.22,139.24,2234683,SPG.N,2024-01-30,西蒙地产,"Simon Property Group, Inc.",USD
139.7,140.59,137.59,138.61,2292579,SPG.N,2024-01-31,西蒙地产,"Simon Property Group, Inc.",USD
138.32,139.42,136.74,139.4,2139498,SPG.N,2024-02-01,西蒙地产,"Simon Property Group, Inc.",USD
137.38,138.99,135.48,137.94,2028662,SPG.N,2024-02-02,西蒙地产,"Simon Property Group, Inc.",USD
136.36,138.02,135.15,136.79,2332998,SPG.N,2024-02-05,西蒙地产,"Simon Property Group, Inc.",USD
137.49,144.76,137.25,143.39,3205324,SPG.N,2024-02-06,西蒙地产,"Simon Property Group, Inc.",USD
144.0,144.69,142.45,143.44,1803066,SPG.N,2024-02-07,西蒙地产,"Simon Property Group, Inc.",USD
143.06,144.67,141.79,144.1,1226943,SPG.N,2024-02-08,西蒙地产,"Simon Property Group, Inc.",USD
145.27,147.37,144.055,146.93,2222430,SPG.N,2024-02-09,西蒙地产,"Simon Property Group, Inc.",USD
146.99,147.49,145.11,145.7,1554654,SPG.N,2024-02-12,西蒙地产,"Simon Property Group, Inc.",USD
142.49,143.55,140.3,143.52,1567238,SPG.N,2024-02-13,西蒙地产,"Simon Property Group, Inc.",USD
144.05,144.42,141.84,142.86,1453999,SPG.N,2024-02-14,西蒙地产,"Simon Property Group, Inc.",USD
144.16,148.555,144.16,148.0,1474977,SPG.N,2024-02-15,西蒙地产,"Simon Property Group, Inc.",USD
146.23,150.66,145.867,149.96,1792818,SPG.N,2024-02-16,西蒙地产,"Simon Property Group, Inc.",USD
149.1,150.25,147.94,148.9,1221987,SPG.N,2024-02-20,西蒙地产,"Simon Property Group, Inc.",USD
149.15,150.92,148.18,150.28,1038544,SPG.N,2024-02-21,西蒙地产,"Simon Property Group, Inc.",USD
150.97,153.11,150.01,151.51,1658305,SPG.N,2024-02-22,西蒙地产,"Simon Property Group, Inc.",USD
151.43,151.75,150.34,150.35,854970,SPG.N,2024-02-23,西蒙地产,"Simon Property Group, Inc.",USD
150.39,151.62,149.5,149.53,1108908,SPG.N,2024-02-26,西蒙地产,"Simon Property Group, Inc.",USD
150.28,151.87,149.19,149.7,1250859,SPG.N,2024-02-27,西蒙地产,"Simon Property Group, Inc.",USD
148.99,151.115,148.32,149.86,1613362,SPG.N,2024-02-28,西蒙地产,"Simon Property Group, Inc.",USD
151.17,151.37,147.165,148.14,3365304,SPG.N,2024-02-29,西蒙地产,"Simon Property Group, Inc.",USD
147.94,150.7,146.33,150.44,1240689,SPG.N,2024-03-01,西蒙地产,"Simon Property Group, Inc.",USD
150.44,152.728,149.9,152.41,1440763,SPG.N,2024-03-04,西蒙地产,"Simon Property Group, Inc.",USD
151.78,153.5,149.49,149.86,1696247,SPG.N,2024-03-05,西蒙地产,"Simon Property Group, Inc.",USD
150.59,152.74,150.02,152.32,1863271,SPG.N,2024-03-06,西蒙地产,"Simon Property Group, Inc.",USD
150.99,151.33,147.91,149.7,1878816,SPG.N,2024-03-07,西蒙地产,"Simon Property Group, Inc.",USD
150.51,151.9,150.1,150.96,1044584,SPG.N,2024-03-08,西蒙地产,"Simon Property Group, Inc.",USD
150.61,151.67,148.07,149.8,1237595,SPG.N,2024-03-11,西蒙地产,"Simon Property Group, Inc.",USD
149.8,151.42,149.54,150.6,2038058,SPG.N,2024-03-12,西蒙地产,"Simon Property Group, Inc.",USD
150.56,153.21,149.91,151.49,1161853,SPG.N,2024-03-13,西蒙地产,"Simon Property Group, Inc.",USD
150.62,150.9,147.85,149.36,1549942,SPG.N,2024-03-14,西蒙地产,"Simon Property Group, Inc.",USD
148.29,151.27,148.29,150.77,2985233,SPG.N,2024-03-15,西蒙地产,"Simon Property Group, Inc.",USD
151.0,152.25,150.63,151.95,1152882,SPG.N,2024-03-18,西蒙地产,"Simon Property Group, Inc.",USD
152.5,154.21,152.25,154.1,1536481,SPG.N,2024-03-19,西蒙地产,"Simon Property Group, Inc.",USD
153.2,155.81,153.0,155.4,1995260,SPG.N,2024-03-20,西蒙地产,"Simon Property Group, Inc.",USD
156.2,157.82,154.83,155.81,1451890,SPG.N,2024-03-21,西蒙地产,"Simon Property Group, Inc.",USD
155.81,156.065,151.73,151.86,1366978,SPG.N,2024-03-22,西蒙地产,"Simon Property Group, Inc.",USD
152.64,153.45,150.96,151.06,1084411,SPG.N,2024-03-25,西蒙地产,"Simon Property Group, Inc.",USD
151.34,152.475,150.66,150.67,1475768,SPG.N,2024-03-26,西蒙地产,"Simon Property Group, Inc.",USD
152.2,154.36,151.72,154.33,1330025,SPG.N,2024-03-27,西蒙地产,"Simon Property Group, Inc.",USD
154.79,156.86,154.7,156.49,1904826,SPG.N,2024-03-28,西蒙地产,"Simon Property Group, Inc.",USD
156.08,156.25,153.015,153.48,928826,SPG.N,2024-04-01,西蒙地产,"Simon Property Group, Inc.",USD
152.26,152.386,149.4,150.04,1595857,SPG.N,2024-04-02,西蒙地产,"Simon Property Group, Inc.",USD
150.08,150.89,149.395,149.75,1253066,SPG.N,2024-04-03,西蒙地产,"Simon Property Group, Inc.",USD
151.0,151.75,147.42,147.95,1172834,SPG.N,2024-04-04,西蒙地产,"Simon Property Group, Inc.",USD
148.02,150.57,147.67,150.15,917963,SPG.N,2024-04-05,西蒙地产,"Simon Property Group, Inc.",USD
150.3,150.66,149.26,150.36,999984,SPG.N,2024-04-08,西蒙地产,"Simon Property Group, Inc.",USD
150.51,151.08,147.86,150.19,1007986,SPG.N,2024-04-09,西蒙地产,"Simon Property Group, Inc.",USD
146.28,147.0,144.564,145.55,1474619,SPG.N,2024-04-10,西蒙地产,"Simon Property Group, Inc.",USD
146.48,148.195,144.65,146.86,1333621,SPG.N,2024-04-11,西蒙地产,"Simon Property Group, Inc.",USD
146.14,146.75,143.82,144.81,1128051,SPG.N,2024-04-12,西蒙地产,"Simon Property Group, Inc.",USD
146.24,146.24,141.36,142.39,1237702,SPG.N,2024-04-15,西蒙地产,"Simon Property Group, Inc.",USD
141.94,142.07,139.54,140.35,1301665,SPG.N,2024-04-16,西蒙地产,"Simon Property Group, Inc.",USD
140.96,142.19,140.13,140.94,1019770,SPG.N,2024-04-17,西蒙地产,"Simon Property Group, Inc.",USD
141.66,142.06,140.0,140.37,1046114,SPG.N,2024-04-18,西蒙地产,"Simon Property Group, Inc.",USD
141.34,141.495,139.83,140.44,1116221,SPG.N,2024-04-19,西蒙地产,"Simon Property Group, Inc.",USD
141.0,143.48,140.14,142.41,984477,SPG.N,2024-04-22,西蒙地产,"Simon Property Group, Inc.",USD
142.51,144.47,142.51,143.78,877456,SPG.N,2024-04-23,西蒙地产,"Simon Property Group, Inc.",USD
143.1,143.73,141.62,142.81,1110180,SPG.N,2024-04-24,西蒙地产,"Simon Property Group, Inc.",USD
141.24,143.715,140.59,142.73,1741248,SPG.N,2024-04-25,西蒙地产,"Simon Property Group, Inc.",USD
143.05,144.46,142.31,142.36,1026159,SPG.N,2024-04-26,西蒙地产,"Simon Property Group, Inc.",USD
143.84,144.84,142.7,144.83,1110951,SPG.N,2024-04-29,西蒙地产,"Simon Property Group, Inc.",USD
143.33,144.51,140.23,140.53,1835508,SPG.N,2024-04-30,西蒙地产,"Simon Property Group, Inc.",USD
140.34,142.82,139.25,140.18,1356014,SPG.N,2024-05-01,西蒙地产,"Simon Property Group, Inc.",USD
141.55,141.99,139.31,141.36,1829441,SPG.N,2024-05-02,西蒙地产,"Simon Property Group, Inc.",USD
143.0,144.47,141.885,142.93,1257436,SPG.N,2024-05-03,西蒙地产,"Simon Property Group, Inc.",USD
144.28,145.45,143.5,144.44,1598753,SPG.N,2024-05-06,西蒙地产,"Simon Property Group, Inc.",USD
146.76,151.48,144.74,147.95,2682557,SPG.N,2024-05-07,西蒙地产,"Simon Property Group, Inc.",USD
146.91,149.04,146.73,147.88,1490789,SPG.N,2024-05-08,西蒙地产,"Simon Property Group, Inc.",USD
148.54,150.28,147.91,149.13,1364782,SPG.N,2024-05-09,西蒙地产,"Simon Property Group, Inc.",USD
149.71,150.0,147.6,147.72,1305360,SPG.N,2024-05-10,西蒙地产,"Simon Property Group, Inc.",USD
148.15,148.72,146.0,146.97,1381761,SPG.N,2024-05-13,西蒙地产,"Simon Property Group, Inc.",USD
147.55,149.72,147.33,149.54,1087813,SPG.N,2024-05-14,西蒙地产,"Simon Property Group, Inc.",USD
151.99,152.24,149.95,150.25,1005570,SPG.N,2024-05-15,西蒙地产,"Simon Property Group, Inc.",USD
150.25,151.475,148.37,148.66,1802273,SPG.N,2024-05-16,西蒙地产,"Simon Property Group, Inc.",USD
149.65,149.65,148.1,148.79,1258426,SPG.N,2024-05-17,西蒙地产,"Simon Property Group, Inc.",USD
148.76,148.965,146.11,146.37,851716,SPG.N,2024-05-20,西蒙地产,"Simon Property Group, Inc.",USD
146.2,148.14,145.97,147.97,1101884,SPG.N,2024-05-21,西蒙地产,"Simon Property Group, Inc.",USD
147.49,148.21,145.63,146.19,734421,SPG.N,2024-05-22,西蒙地产,"Simon Property Group, Inc.",USD
146.28,146.48,144.56,144.66,1091150,SPG.N,2024-05-23,西蒙地产,"Simon Property Group, Inc.",USD
146.68,148.26,146.01,147.88,1410906,SPG.N,2024-05-24,西蒙地产,"Simon Property Group, Inc.",USD
148.9,149.42,146.84,147.18,1187475,SPG.N,2024-05-28,西蒙地产,"Simon Property Group, Inc.",USD
146.06,147.37,145.58,147.1,1131032,SPG.N,2024-05-29,西蒙地产,"Simon Property Group, Inc.",USD
148.1,148.87,147.51,148.44,1088248,SPG.N,2024-05-30,西蒙地产,"Simon Property Group, Inc.",USD
149.43,151.49,148.79,151.31,2376244,SPG.N,2024-05-31,西蒙地产,"Simon Property Group, Inc.",USD
151.35,152.24,149.96,151.6,1770861,SPG.N,2024-06-03,西蒙地产,"Simon Property Group, Inc.",USD
151.12,153.01,151.12,152.47,1208131,SPG.N,2024-06-04,西蒙地产,"Simon Property Group, Inc.",USD
152.88,153.51,151.85,153.45,1480636,SPG.N,2024-06-05,西蒙地产,"Simon Property Group, Inc.",USD
152.81,154.595,152.8,153.78,1686221,SPG.N,2024-06-06,西蒙地产,"Simon Property Group, Inc.",USD
150.06,152.59,149.44,151.79,1776392,SPG.N,2024-06-07,西蒙地产,"Simon Property Group, Inc.",USD
151.2,152.75,150.52,152.04,1962427,SPG.N,2024-06-10,西蒙地产,"Simon Property Group, Inc.",USD
151.24,151.39,150.64,150.78,2294100,SPG.N,2024-06-11,西蒙地产,"Simon Property Group, Inc.",USD
154.15,154.88,152.83,153.16,1818003,SPG.N,2024-06-12,西蒙地产,"Simon Property Group, Inc.",USD
153.21,154.5,151.66,151.87,1073391,SPG.N,2024-06-13,西蒙地产,"Simon Property Group, Inc.",USD
150.75,151.84,148.29,148.83,1299180,SPG.N,2024-06-14,西蒙地产,"Simon Property Group, Inc.",USD
148.11,148.23,147.06,147.67,1211013,SPG.N,2024-06-17,西蒙地产,"Simon Property Group, Inc.",USD
147.8,148.56,146.64,146.92,1143081,SPG.N,2024-06-18,西蒙地产,"Simon Property Group, Inc.",USD
146.46,147.52,145.5,146.24,1555163,SPG.N,2024-06-20,西蒙地产,"Simon Property Group, Inc.",USD
146.45,146.57,144.9,146.16,2540561,SPG.N,2024-06-21,西蒙地产,"Simon Property Group, Inc.",USD
146.25,150.67,146.09,150.45,2240895,SPG.N,2024-06-24,西蒙地产,"Simon Property Group, Inc.",USD
150.32,150.56,147.01,147.87,1885687,SPG.N,2024-06-25,西蒙地产,"Simon Property Group, Inc.",USD
147.01,148.73,146.28,147.59,1674618,SPG.N,2024-06-26,西蒙地产,"Simon Property Group, Inc.",USD
147.88,149.975,147.26,149.81,1641335,SPG.N,2024-06-27,西蒙地产,"Simon Property Group, Inc.",USD
150.77,152.39,149.7,151.8,3709777,SPG.N,2024-06-28,西蒙地产,"Simon Property Group, Inc.",USD
150.58,151.4,145.88,146.52,1452655,SPG.N,2024-07-01,西蒙地产,"Simon Property Group, Inc.",USD
146.46,148.41,146.09,147.78,1142273,SPG.N,2024-07-02,西蒙地产,"Simon Property Group, Inc.",USD
148.53,149.247,147.4,148.26,619456,SPG.N,2024-07-03,西蒙地产,"Simon Property Group, Inc.",USD
148.0,148.1,145.442,146.09,962839,SPG.N,2024-07-05,西蒙地产,"Simon Property Group, Inc.",USD
146.77,147.93,146.33,146.87,784338,SPG.N,2024-07-08,西蒙地产,"Simon Property Group, Inc.",USD
146.64,149.18,146.242,147.57,1334091,SPG.N,2024-07-09,西蒙地产,"Simon Property Group, Inc.",USD
148.09,148.53,146.5,148.44,719841,SPG.N,2024-07-10,西蒙地产,"Simon Property Group, Inc.",USD
150.62,151.3,148.34,148.8,1384934,SPG.N,2024-07-11,西蒙地产,"Simon Property Group, Inc.",USD
149.9,150.77,148.29,149.48,1140721,SPG.N,2024-07-12,西蒙地产,"Simon Property Group, Inc.",USD
149.9,150.2,148.21,150.06,1187361,SPG.N,2024-07-15,西蒙地产,"Simon Property Group, Inc.",USD
150.83,151.55,149.73,151.51,1584621,SPG.N,2024-07-16,西蒙地产,"Simon Property Group, Inc.",USD
150.97,155.58,150.97,154.9,1794234,SPG.N,2024-07-17,西蒙地产,"Simon Property Group, Inc.",USD
154.46,158.19,152.765,153.11,1226684,SPG.N,2024-07-18,西蒙地产,"Simon Property Group, Inc.",USD
153.94,154.25,152.67,153.45,993134,SPG.N,2024-07-19,西蒙地产,"Simon Property Group, Inc.",USD
153.71,157.95,153.48,157.74,1708710,SPG.N,2024-07-22,西蒙地产,"Simon Property Group, Inc.",USD
157.0,158.5,155.9,156.82,1764872,SPG.N,2024-07-23,西蒙地产,"Simon Property Group, Inc.",USD
156.96,157.0,149.67,149.89,1906072,SPG.N,2024-07-24,西蒙地产,"Simon Property Group, Inc.",USD
150.57,152.38,148.46,149.31,1118239,SPG.N,2024-07-25,西蒙地产,"Simon Property Group, Inc.",USD
150.29,153.25,149.79,152.45,1032436,SPG.N,2024-07-26,西蒙地产,"Simon Property Group, Inc.",USD
152.7,153.78,150.95,152.83,784922,SPG.N,2024-07-29,西蒙地产,"Simon Property Group, Inc.",USD
153.34,155.73,152.81,154.81,964763,SPG.N,2024-07-30,西蒙地产,"Simon Property Group, Inc.",USD
154.37,155.89,153.02,153.44,1770176,SPG.N,2024-07-31,西蒙地产,"Simon Property Group, Inc.",USD
155.01,156.61,151.52,153.44,1266565,SPG.N,2024-08-01,西蒙地产,"Simon Property Group, Inc.",USD
152.0,153.04,149.58,151.07,1433105,SPG.N,2024-08-02,西蒙地产,"Simon Property Group, Inc.",USD
148.62,151.8,145.74,148.05,2049436,SPG.N,2024-08-05,西蒙地产,"Simon Property Group, Inc.",USD
150.11,156.42,147.14,155.54,1586432,SPG.N,2024-08-06,西蒙地产,"Simon Property Group, Inc.",USD
156.89,156.89,152.63,152.92,1569240,SPG.N,2024-08-07,西蒙地产,"Simon Property Group, Inc.",USD
153.37,155.5,153.055,155.16,988774,SPG.N,2024-08-08,西蒙地产,"Simon Property Group, Inc.",USD
155.35,159.73,154.7,158.67,1477678,SPG.N,2024-08-09,西蒙地产,"Simon Property Group, Inc.",USD
157.59,159.68,151.77,153.1,2035942,SPG.N,2024-08-12,西蒙地产,"Simon Property Group, Inc.",USD
154.33,156.12,152.81,155.92,1287373,SPG.N,2024-08-13,西蒙地产,"Simon Property Group, Inc.",USD
155.81,157.78,155.4,156.82,960279,SPG.N,2024-08-14,西蒙地产,"Simon Property Group, Inc.",USD
158.0,161.3,157.5,157.86,1853587,SPG.N,2024-08-15,西蒙地产,"Simon Property Group, Inc.",USD
158.04,159.18,155.86,156.7,1422629,SPG.N,2024-08-16,西蒙地产,"Simon Property Group, Inc.",USD
157.34,159.93,156.95,159.89,968599,SPG.N,2024-08-19,西蒙地产,"Simon Property Group, Inc.",USD
160.0,160.345,158.34,159.4,910401,SPG.N,2024-08-20,西蒙地产,"Simon Property Group, Inc.",USD
159.61,161.16,158.99,161.14,882551,SPG.N,2024-08-21,西蒙地产,"Simon Property Group, Inc.",USD
161.39,162.46,160.795,162.21,881026,SPG.N,2024-08-22,西蒙地产,"Simon Property Group, Inc.",USD
162.65,166.96,162.43,166.5,1325908,SPG.N,2024-08-23,西蒙地产,"Simon Property Group, Inc.",USD
167.5,168.09,166.45,167.36,1173606,SPG.N,2024-08-26,西蒙地产,"Simon Property Group, Inc.",USD
166.31,169.185,166.0,168.05,1404262,SPG.N,2024-08-27,西蒙地产,"Simon Property Group, Inc.",USD
168.04,168.79,165.925,167.71,910008,SPG.N,2024-08-28,西蒙地产,"Simon Property Group, Inc.",USD
168.0,168.33,164.91,165.5,1296173,SPG.N,2024-08-29,西蒙地产,"Simon Property Group, Inc.",USD
166.54,167.5,164.98,167.35,1747217,SPG.N,2024-08-30,西蒙地产,"Simon Property Group, Inc.",USD
164.05,165.79,162.95,163.92,1867232,SPG.N,2024-09-03,西蒙地产,"Simon Property Group, Inc.",USD
164.0,166.44,163.73,165.08,1258412,SPG.N,2024-09-04,西蒙地产,"Simon Property Group, Inc.",USD
166.64,166.9,163.87,164.18,1013535,SPG.N,2024-09-05,西蒙地产,"Simon Property Group, Inc.",USD
164.57,165.32,162.355,164.5,1443684,SPG.N,2024-09-06,西蒙地产,"Simon Property Group, Inc.",USD
162.09,162.405,159.47,161.93,1406602,SPG.N,2024-09-09,西蒙地产,"Simon Property Group, Inc.",USD
162.8,164.11,161.13,163.96,1155030,SPG.N,2024-09-10,西蒙地产,"Simon Property Group, Inc.",USD
162.4,164.16,160.07,163.38,1566592,SPG.N,2024-09-11,西蒙地产,"Simon Property Group, Inc.",USD
162.0,164.58,161.42,163.74,1356225,SPG.N,2024-09-12,西蒙地产,"Simon Property Group, Inc.",USD
164.75,165.85,162.61,164.02,2512408,SPG.N,2024-09-13,西蒙地产,"Simon Property Group, Inc.",USD
165.9,166.8,164.3,164.9,1794073,SPG.N,2024-09-16,西蒙地产,"Simon Property Group, Inc.",USD
164.92,166.31,163.92,164.35,1288327,SPG.N,2024-09-17,西蒙地产,"Simon Property Group, Inc.",USD
164.92,166.565,163.5,164.35,1786874,SPG.N,2024-09-18,西蒙地产,"Simon Property Group, Inc.",USD
166.57,167.42,164.34,167.06,1599490,SPG.N,2024-09-19,西蒙地产,"Simon Property Group, Inc.",USD
166.42,167.635,165.54,166.55,6736232,SPG.N,2024-09-20,西蒙地产,"Simon Property Group, Inc.",USD
166.0,168.3,166.0,168.15,2274369,SPG.N,2024-09-23,西蒙地产,"Simon Property Group, Inc.",USD
167.89,170.87,167.25,170.11,1546791,SPG.N,2024-09-24,西蒙地产,"Simon Property Group, Inc.",USD
170.23,170.68,168.1,169.1,1349433,SPG.N,2024-09-25,西蒙地产,"Simon Property Group, Inc.",USD
169.39,169.39,165.88,166.41,1085360,SPG.N,2024-09-26,西蒙地产,"Simon Property Group, Inc.",USD
167.43,168.73,166.41,167.71,1397169,SPG.N,2024-09-27,西蒙地产,"Simon Property Group, Inc.",USD
167.365,169.08,166.13,169.02,1599490,SPG.N,2024-09-30,西蒙地产,"Simon Property Group, Inc.",USD
169.0,169.76,166.32,169.55,1327098,SPG.N,2024-10-01,西蒙地产,"Simon Property Group, Inc.",USD
168.51,169.74,167.5,168.54,1321534,SPG.N,2024-10-02,西蒙地产,"Simon Property Group, Inc.",USD
168.2,168.46,166.651,168.35,1126720,SPG.N,2024-10-03,西蒙地产,"Simon Property Group, Inc.",USD
168.35,169.73,167.07,169.58,1211204,SPG.N,2024-10-04,西蒙地产,"Simon Property Group, Inc.",USD
168.49,168.69,166.7,167.5,1069361,SPG.N,2024-10-07,西蒙地产,"Simon Property Group, Inc.",USD
168.32,168.975,166.42,167.23,1087467,SPG.N,2024-10-08,西蒙地产,"Simon Property Group, Inc.",USD
166.81,169.47,166.15,169.23,805323,SPG.N,2024-10-09,西蒙地产,"Simon Property Group, Inc.",USD
168.21,169.22,167.07,167.83,741910,SPG.N,2024-10-10,西蒙地产,"Simon Property Group, Inc.",USD
168.94,171.51,168.85,170.78,1135442,SPG.N,2024-10-11,西蒙地产,"Simon Property Group, Inc.",USD
170.31,172.28,169.5,171.68,888823,SPG.N,2024-10-14,西蒙地产,"Simon Property Group, Inc.",USD
172.0,176.7,172.0,174.63,1373968,SPG.N,2024-10-15,西蒙地产,"Simon Property Group, Inc.",USD
174.71,175.79,174.05,175.03,1263966,SPG.N,2024-10-16,西蒙地产,"Simon Property Group, Inc.",USD
174.43,175.095,172.88,174.35,1070832,SPG.N,2024-10-17,西蒙地产,"Simon Property Group, Inc.",USD
174.85,177.08,173.34,176.92,1060618,SPG.N,2024-10-18,西蒙地产,"Simon Property Group, Inc.",USD
176.28,176.79,173.65,174.21,1032051,SPG.N,2024-10-21,西蒙地产,"Simon Property Group, Inc.",USD
174.38,175.53,173.55,174.85,928121,SPG.N,2024-10-22,西蒙地产,"Simon Property Group, Inc.",USD
173.54,175.3,172.49,173.82,908922,SPG.N,2024-10-23,西蒙地产,"Simon Property Group, Inc.",USD
173.85,175.246,172.665,173.4,1047175,SPG.N,2024-10-24,西蒙地产,"Simon Property Group, Inc.",USD
173.75,174.055,169.94,170.52,954881,SPG.N,2024-10-25,西蒙地产,"Simon Property Group, Inc.",USD
171.57,173.925,171.5,172.52,1101491,SPG.N,2024-10-28,西蒙地产,"Simon Property Group, Inc.",USD
172.02,172.78,171.0,171.98,857677,SPG.N,2024-10-29,西蒙地产,"Simon Property Group, Inc.",USD
172.23,173.58,171.6,172.08,929458,SPG.N,2024-10-30,西蒙地产,"Simon Property Group, Inc.",USD
170.44,171.668,169.03,169.12,1795106,SPG.N,2024-10-31,西蒙地产,"Simon Property Group, Inc.",USD
167.11,171.38,166.0,167.7,1433645,SPG.N,2024-11-01,西蒙地产,"Simon Property Group, Inc.",USD
168.58,172.16,167.71,172.16,1216049,SPG.N,2024-11-04,西蒙地产,"Simon Property Group, Inc.",USD
171.0,174.39,170.925,174.39,894579,SPG.N,2024-11-05,西蒙地产,"Simon Property Group, Inc.",USD
176.3,178.71,171.38,173.61,1967153,SPG.N,2024-11-06,西蒙地产,"Simon Property Group, Inc.",USD
174.1,176.96,173.8,175.75,1278158,SPG.N,2024-11-07,西蒙地产,"Simon Property Group, Inc.",USD
176.27,179.46,176.27,179.02,972330,SPG.N,2024-11-08,西蒙地产,"Simon Property Group, Inc.",USD
178.75,181.86,178.5,181.34,1491267,SPG.N,2024-11-11,西蒙地产,"Simon Property Group, Inc.",USD
181.19,182.84,178.16,178.22,1516517,SPG.N,2024-11-12,西蒙地产,"Simon Property Group, Inc.",USD
179.38,181.19,178.5,179.17,1197259,SPG.N,2024-11-13,西蒙地产,"Simon Property Group, Inc.",USD
179.21,180.785,177.88,178.31,1187628,SPG.N,2024-11-14,西蒙地产,"Simon Property Group, Inc.",USD
177.98,180.85,176.5,180.27,1127520,SPG.N,2024-11-15,西蒙地产,"Simon Property Group, Inc.",USD
179.25,181.27,179.25,180.85,1125831,SPG.N,2024-11-18,西蒙地产,"Simon Property Group, Inc.",USD
179.78,181.73,179.1201,181.21,1160550,SPG.N,2024-11-19,西蒙地产,"Simon Property Group, Inc.",USD
180.45,181.315,179.36,180.91,1139330,SPG.N,2024-11-20,西蒙地产,"Simon Property Group, Inc.",USD
180.97,182.76,180.2858,181.8,883830,SPG.N,2024-11-21,西蒙地产,"Simon Property Group, Inc.",USD
183.075,183.96,180.65,181.14,1836575,SPG.N,2024-11-22,西蒙地产,"Simon Property Group, Inc.",USD
182.475,182.9,180.07,180.11,4565047,SPG.N,2024-11-25,西蒙地产,"Simon Property Group, Inc.",USD
180.59,183.94,179.985,183.46,1358515,SPG.N,2024-11-26,西蒙地产,"Simon Property Group, Inc.",USD
183.26,186.0,183.2,183.75,902971,SPG.N,2024-11-27,西蒙地产,"Simon Property Group, Inc.",USD
183.84,186.0,183.6,183.6,1291373,SPG.N,2024-11-29,西蒙地产,"Simon Property Group, Inc.",USD
183.16,183.17,180.75,181.37,1687845,SPG.N,2024-12-02,西蒙地产,"Simon Property Group, Inc.",USD
182.475,182.8305,179.415,180.63,1651401,SPG.N,2024-12-03,西蒙地产,"Simon Property Group, Inc.",USD
180.775,181.61,179.29,181.51,1128452,SPG.N,2024-12-04,西蒙地产,"Simon Property Group, Inc.",USD
180.64,182.8008,180.37,181.88,1209301,SPG.N,2024-12-05,西蒙地产,"Simon Property Group, Inc.",USD
183.0,183.98,182.12,183.84,1419419,SPG.N,2024-12-06,西蒙地产,"Simon Property Group, Inc.",USD
181.65,182.84,180.285,182.11,1638486,SPG.N,2024-12-09,西蒙地产,"Simon Property Group, Inc.",USD
181.38,181.38,178.17,179.23,1925468,SPG.N,2024-12-10,西蒙地产,"Simon Property Group, Inc.",USD
178.97,179.86,176.04,176.63,1776968,SPG.N,2024-12-11,西蒙地产,"Simon Property Group, Inc.",USD
176.63,179.85,176.5295,177.2,1509116,SPG.N,2024-12-12,西蒙地产,"Simon Property Group, Inc.",USD
177.67,179.82,176.22,179.6,1462367,SPG.N,2024-12-13,西蒙地产,"Simon Property Group, Inc.",USD
179.35,182.78,178.82,181.93,1499683,SPG.N,2024-12-16,西蒙地产,"Simon Property Group, Inc.",USD
180.37,182.62,179.73,179.96,1681069,SPG.N,2024-12-17,西蒙地产,"Simon Property Group, Inc.",USD
179.49,181.26,171.4,171.51,1852341,SPG.N,2024-12-18,西蒙地产,"Simon Property Group, Inc.",USD
172.59,174.24,169.01,169.26,2057991,SPG.N,2024-12-19,西蒙地产,"Simon Property Group, Inc.",USD
171.06,174.14,170.33,171.61,4887005,SPG.N,2024-12-20,西蒙地产,"Simon Property Group, Inc.",USD
171.0,171.75,169.56,171.38,1388493,SPG.N,2024-12-23,西蒙地产,"Simon Property Group, Inc.",USD
170.89,173.45,170.5094,173.35,441749,SPG.N,2024-12-24,西蒙地产,"Simon Property Group, Inc.",USD
172.63,174.4,172.11,173.8,469932,SPG.N,2024-12-26,西蒙地产,"Simon Property Group, Inc.",USD
172.35,174.2861,171.32,172.01,734394,SPG.N,2024-12-27,西蒙地产,"Simon Property Group, Inc.",USD
170.07,171.52,168.51,170.87,852132,SPG.N,2024-12-30,西蒙地产,"Simon Property Group, Inc.",USD
172.27,172.57,170.495,172.21,1376090,SPG.N,2024-12-31,西蒙地产,"Simon Property Group, Inc.",USD
172.5,174.235,171.5766,173.53,1154680,SPG.N,2025-01-02,西蒙地产,"Simon Property Group, Inc.",USD
174.05,176.25,173.623,176.07,897277,SPG.N,2025-01-03,西蒙地产,"Simon Property Group, Inc.",USD
175.16,175.9,173.93,174.41,2050862,SPG.N,2025-01-06,西蒙地产,"Simon Property Group, Inc.",USD
174.81,176.7,173.16,174.17,2317881,SPG.N,2025-01-07,西蒙地产,"Simon Property Group, Inc.",USD
173.82,174.99,172.77,174.69,1319697,SPG.N,2025-01-08,西蒙地产,"Simon Property Group, Inc.",USD
172.36,174.84,170.1,170.96,2010292,SPG.N,2025-01-10,西蒙地产,"Simon Property Group, Inc.",USD
170.64,173.08,169.84,172.8,1257002,SPG.N,2025-01-13,西蒙地产,"Simon Property Group, Inc.",USD
173.64,174.71,172.7,173.57,1068133,SPG.N,2025-01-14,西蒙地产,"Simon Property Group, Inc.",USD
176.61,176.94,170.87,171.75,1204660,SPG.N,2025-01-15,西蒙地产,"Simon Property Group, Inc.",USD
172.02,173.16,170.74,172.71,1195777,SPG.N,2025-01-16,西蒙地产,"Simon Property Group, Inc.",USD
173.49,175.72,172.54,174.14,1302567,SPG.N,2025-01-17,西蒙地产,"Simon Property Group, Inc.",USD
174.0,176.55,174.0,175.96,1078301,SPG.N,2025-01-21,西蒙地产,"Simon Property Group, Inc.",USD
175.47,175.47,172.595,172.9,1517164,SPG.N,2025-01-22,西蒙地产,"Simon Property Group, Inc.",USD
173.31,175.0,172.2401,174.86,902133,SPG.N,2025-01-23,西蒙地产,"Simon Property Group, Inc.",USD
174.34,176.45,173.96,174.25,1051091,SPG.N,2025-01-24,西蒙地产,"Simon Property Group, Inc.",USD
174.62,176.91,174.29,176.7,1186070,SPG.N,2025-01-27,西蒙地产,"Simon Property Group, Inc.",USD
175.9,177.41,175.35,175.62,786775,SPG.N,2025-01-28,西蒙地产,"Simon Property Group, Inc.",USD
176.0,177.155,172.75,173.63,689236,SPG.N,2025-01-29,西蒙地产,"Simon Property Group, Inc.",USD
175.12,177.25,174.48,175.79,1093663,SPG.N,2025-01-30,西蒙地产,"Simon Property Group, Inc.",USD
175.87,177.11,173.13,173.86,1504342,SPG.N,2025-01-31,西蒙地产,"Simon Property Group, Inc.",USD
172.11,174.084,170.59,173.41,1306223,SPG.N,2025-02-03,西蒙地产,"Simon Property Group, Inc.",USD
171.38,173.66,171.38,173.35,1041215,SPG.N,2025-02-04,西蒙地产,"Simon Property Group, Inc.",USD
178.56,180.5486,175.97,179.11,1998288,SPG.N,2025-02-05,西蒙地产,"Simon Property Group, Inc.",USD
181.35,181.46,177.79,180.17,1383112,SPG.N,2025-02-06,西蒙地产,"Simon Property Group, Inc.",USD
180.51,180.9,179.2901,179.94,1082122,SPG.N,2025-02-07,西蒙地产,"Simon Property Group, Inc.",USD
180.77,180.9299,178.7475,180.56,1492055,SPG.N,2025-02-10,西蒙地产,"Simon Property Group, Inc.",USD
180.34,184.55,179.77,184.38,2155980,SPG.N,2025-02-11,西蒙地产,"Simon Property Group, Inc.",USD
180.95,184.425,180.95,183.88,1395311,SPG.N,2025-02-12,西蒙地产,"Simon Property Group, Inc.",USD
184.57,187.1,183.67,186.22,1355235,SPG.N,2025-02-13,西蒙地产,"Simon Property Group, Inc.",USD
186.86,188.135,184.99,185.05,998013,SPG.N,2025-02-14,西蒙地产,"Simon Property Group, Inc.",USD
185.4,187.0,184.9301,186.04,1135260,SPG.N,2025-02-18,西蒙地产,"Simon Property Group, Inc.",USD
185.5,186.58,184.2801,185.93,783243,SPG.N,2025-02-19,西蒙地产,"Simon Property Group, Inc.",USD
185.43,187.49,185.43,186.71,940649,SPG.N,2025-02-20,西蒙地产,"Simon Property Group, Inc.",USD
187.21,187.5,181.7832,183.8,1367682,SPG.N,2025-02-21,西蒙地产,"Simon Property Group, Inc.",USD
184.42,186.1767,183.87,184.65,1657135,SPG.N,2025-02-24,西蒙地产,"Simon Property Group, Inc.",USD
184.8,186.2499,183.06,183.8,1356751,SPG.N,2025-02-25,西蒙地产,"Simon Property Group, Inc.",USD
184.68,186.1,183.19,184.24,1078373,SPG.N,2025-02-26,西蒙地产,"Simon Property Group, Inc.",USD
185.04,186.1,182.52,182.58,954173,SPG.N,2025-02-27,西蒙地产,"Simon Property Group, Inc.",USD
183.68,186.24,182.31,186.09,2573159,SPG.N,2025-02-28,西蒙地产,"Simon Property Group, Inc.",USD
187.29,190.135,186.05,187.78,2047205,SPG.N,2025-03-03,西蒙地产,"Simon Property Group, Inc.",USD
187.53,187.854,182.73,183.58,2894835,SPG.N,2025-03-04,西蒙地产,"Simon Property Group, Inc.",USD
182.07,184.36,180.82,183.38,1773049,SPG.N,2025-03-05,西蒙地产,"Simon Property Group, Inc.",USD
181.17,181.625,174.3227,174.54,1949792,SPG.N,2025-03-06,西蒙地产,"Simon Property Group, Inc.",USD
174.32,175.59,169.65,171.1,1898700,SPG.N,2025-03-07,西蒙地产,"Simon Property Group, Inc.",USD
168.25,169.45,164.07,165.29,2140669,SPG.N,2025-03-10,西蒙地产,"Simon Property Group, Inc.",USD
165.6,165.97,160.2915,163.48,2565480,SPG.N,2025-03-11,西蒙地产,"Simon Property Group, Inc.",USD
164.46,167.39,164.0,165.83,2002973,SPG.N,2025-03-12,西蒙地产,"Simon Property Group, Inc.",USD
165.99,167.54,158.22,159.48,1832926,SPG.N,2025-03-13,西蒙地产,"Simon Property Group, Inc.",USD
160.9,161.22,158.71,161.21,1887480,SPG.N,2025-03-14,西蒙地产,"Simon Property Group, Inc.",USD
162.25,167.795,161.6,166.86,2279398,SPG.N,2025-03-17,西蒙地产,"Simon Property Group, Inc.",USD
166.56,168.09,164.56,164.8,1340241,SPG.N,2025-03-18,西蒙地产,"Simon Property Group, Inc.",USD
164.8,166.01,162.86,164.8,1674477,SPG.N,2025-03-19,西蒙地产,"Simon Property Group, Inc.",USD
164.63,165.5,162.2,164.45,1445800,SPG.N,2025-03-20,西蒙地产,"Simon Property Group, Inc.",USD
163.3,163.91,159.91,162.1,3094383,SPG.N,2025-03-21,西蒙地产,"Simon Property Group, Inc.",USD
162.5,166.43,161.69,166.12,1300578,SPG.N,2025-03-24,西蒙地产,"Simon Property Group, Inc.",USD
166.29,168.7,164.25,165.76,1661786,SPG.N,2025-03-25,西蒙地产,"Simon Property Group, Inc.",USD
166.19,168.55,166.19,168.45,1630077,SPG.N,2025-03-26,西蒙地产,"Simon Property Group, Inc.",USD
168.46,169.56,165.46,165.85,1665836,SPG.N,2025-03-27,西蒙地产,"Simon Property Group, Inc.",USD
166.89,167.365,163.11,164.28,1309342,SPG.N,2025-03-28,西蒙地产,"Simon Property Group, Inc.",USD
163.67,166.78,163.58,166.08,2409252,SPG.N,2025-03-31,西蒙地产,"Simon Property Group, Inc.",USD
166.64,167.5,163.68,166.47,1483375,SPG.N,2025-04-01,西蒙地产,"Simon Property Group, Inc.",USD
165.82,170.86,165.565,170.41,1417855,SPG.N,2025-04-02,西蒙地产,"Simon Property Group, Inc.",USD
163.74,165.0,151.8806,153.18,3769989,SPG.N,2025-04-03,西蒙地产,"Simon Property Group, Inc.",USD
147.88,150.71,142.75,146.05,3680411,SPG.N,2025-04-04,西蒙地产,"Simon Property Group, Inc.",USD
140.0,150.53,138.1101,143.34,3557352,SPG.N,2025-04-07,西蒙地产,"Simon Property Group, Inc.",USD
148.51,150.0,138.53,140.37,2703643,SPG.N,2025-04-08,西蒙地产,"Simon Property Group, Inc.",USD
139.21,154.24,136.34,153.18,4323369,SPG.N,2025-04-09,西蒙地产,"Simon Property Group, Inc.",USD
150.0,152.0,143.1,147.69,2325872,SPG.N,2025-04-10,西蒙地产,"Simon Property Group, Inc.",USD
146.77,149.0199,142.3,148.2,1712970,SPG.N,2025-04-11,西蒙地产,"Simon Property Group, Inc.",USD
150.98,151.8937,148.69,149.87,1406927,SPG.N,2025-04-14,西蒙地产,"Simon Property Group, Inc.",USD
149.6,151.74,148.8501,149.37,1203569,SPG.N,2025-04-15,西蒙地产,"Simon Property Group, Inc.",USD
149.25,151.2299,146.84,148.05,1435886,SPG.N,2025-04-16,西蒙地产,"Simon Property Group, Inc.",USD
149.09,152.07,148.83,150.4,1267537,SPG.N,2025-04-17,西蒙地产,"Simon Property Group, Inc.",USD
148.3,148.73,145.84,147.2,1700981,SPG.N,2025-04-21,西蒙地产,"Simon Property Group, Inc.",USD
149.34,152.18,148.0,150.71,1496012,SPG.N,2025-04-22,西蒙地产,"Simon Property Group, Inc.",USD
152.985,158.3,152.85,153.28,1862381,SPG.N,2025-04-23,西蒙地产,"Simon Property Group, Inc.",USD
152.64,157.3,151.84,156.2,1696803,SPG.N,2025-04-24,西蒙地产,"Simon Property Group, Inc.",USD
156.33,157.77,155.54,156.66,1421813,SPG.N,2025-04-25,西蒙地产,"Simon Property Group, Inc.",USD
156.91,159.02,156.18,158.51,1551887,SPG.N,2025-04-28,西蒙地产,"Simon Property Group, Inc.",USD
157.18,158.47,155.3,156.8,1284389,SPG.N,2025-04-29,西蒙地产,"Simon Property Group, Inc.",USD
155.48,157.9,153.16,157.38,2279665,SPG.N,2025-04-30,西蒙地产,"Simon Property Group, Inc.",USD
158.23,160.85,157.0,158.87,1365694,SPG.N,2025-05-01,西蒙地产,"Simon Property Group, Inc.",USD
161.12,162.43,159.755,161.77,1321274,SPG.N,2025-05-02,西蒙地产,"Simon Property Group, Inc.",USD
160.66,162.22,160.31,160.86,991165,SPG.N,2025-05-05,西蒙地产,"Simon Property Group, Inc.",USD
159.78,161.37,158.25,160.17,1139402,SPG.N,2025-05-06,西蒙地产,"Simon Property Group, Inc.",USD
160.88,163.53,160.57,161.47,1629356,SPG.N,2025-05-07,西蒙地产,"Simon Property Group, Inc.",USD
161.9,164.37,160.345,163.01,1386997,SPG.N,2025-05-08,西蒙地产,"Simon Property Group, Inc.",USD
163.35,165.09,162.5,163.19,1612151,SPG.N,2025-05-09,西蒙地产,"Simon Property Group, Inc.",USD
169.4,172.14,169.312,171.44,2805171,SPG.N,2025-05-12,西蒙地产,"Simon Property Group, Inc.",USD
167.75,168.0,160.48,160.88,3838126,SPG.N,2025-05-13,西蒙地产,"Simon Property Group, Inc.",USD
160.85,161.905,158.21,161.18,2179277,SPG.N,2025-05-14,西蒙地产,"Simon Property Group, Inc.",USD
161.35,163.4478,160.94,163.03,1279216,SPG.N,2025-05-15,西蒙地产,"Simon Property Group, Inc.",USD
163.52,165.44,162.55,165.12,1353006,SPG.N,2025-05-16,西蒙地产,"Simon Property Group, Inc.",USD
162.79,165.0025,162.365,164.49,1591750,SPG.N,2025-05-19,西蒙地产,"Simon Property Group, Inc.",USD
163.46,163.6259,161.87,162.94,1661864,SPG.N,2025-05-20,西蒙地产,"Simon Property Group, Inc.",USD
161.47,162.0,157.9575,158.12,2158274,SPG.N,2025-05-21,西蒙地产,"Simon Property Group, Inc.",USD
157.98,159.08,155.96,157.95,1904096,SPG.N,2025-05-22,西蒙地产,"Simon Property Group, Inc.",USD
156.24,158.0,156.05,156.77,1268564,SPG.N,2025-05-23,西蒙地产,"Simon Property Group, Inc.",USD
158.56,160.8612,157.24,160.21,1929662,SPG.N,2025-05-27,西蒙地产,"Simon Property Group, Inc.",USD
160.21,161.23,158.86,161.21,1488521,SPG.N,2025-05-28,西蒙地产,"Simon Property Group, Inc.",USD
161.71,164.635,161.22,163.23,1337286,SPG.N,2025-05-29,西蒙地产,"Simon Property Group, Inc.",USD
162.11,163.29,161.0,163.07,3546210,SPG.N,2025-05-30,西蒙地产,"Simon Property Group, Inc.",USD
162.13,162.93,159.55,162.91,1156242,SPG.N,2025-06-02,西蒙地产,"Simon Property Group, Inc.",USD
162.42,163.72,161.28,161.78,1651935,SPG.N,2025-06-03,西蒙地产,"Simon Property Group, Inc.",USD
161.52,162.45,160.39,161.62,994743,SPG.N,2025-06-04,西蒙地产,"Simon Property Group, Inc.",USD
161.62,161.95,160.42,160.75,1066183,SPG.N,2025-06-05,西蒙地产,"Simon Property Group, Inc.",USD
162.18,162.755,160.62,162.1,1303752,SPG.N,2025-06-06,西蒙地产,"Simon Property Group, Inc.",USD
159.69,161.72,159.395,160.42,1139104,SPG.N,2025-06-09,西蒙地产,"Simon Property Group, Inc.",USD
160.0,161.12,159.26,160.89,1328456,SPG.N,2025-06-10,西蒙地产,"Simon Property Group, Inc.",USD
161.42,161.9,159.02,159.7,1486341,SPG.N,2025-06-11,西蒙地产,"Simon Property Group, Inc.",USD
159.32,159.3704,157.95,158.79,1565049,SPG.N,2025-06-12,西蒙地产,"Simon Property Group, Inc.",USD
157.48,158.1,155.44,156.9,2090965,SPG.N,2025-06-13,西蒙地产,"Simon Property Group, Inc.",USD
158.17,159.7199,157.24,157.86,1753292,SPG.N,2025-06-16,西蒙地产,"Simon Property Group, Inc.",USD
157.77,158.51,156.43,157.13,1388185,SPG.N,2025-06-17,西蒙地产,"Simon Property Group, Inc.",USD
157.13,158.57,156.2501,157.1,1476128,SPG.N,2025-06-18,西蒙地产,"Simon Property Group, Inc.",USD
157.83,158.87,156.65,157.27,2806594,SPG.N,2025-06-20,西蒙地产,"Simon Property Group, Inc.",USD
157.59,159.56,155.92,159.08,1340644,SPG.N,2025-06-23,西蒙地产,"Simon Property Group, Inc.",USD
159.59,160.91,158.78,160.12,1559320,SPG.N,2025-06-24,西蒙地产,"Simon Property Group, Inc.",USD
159.58,159.9755,157.05,157.4,1380354,SPG.N,2025-06-25,西蒙地产,"Simon Property Group, Inc.",USD
157.95,160.75,157.59,160.6,1788481,SPG.N,2025-06-26,西蒙地产,"Simon Property Group, Inc.",USD
160.83,162.09,159.49,160.5,2028981,SPG.N,2025-06-27,西蒙地产,"Simon Property Group, Inc.",USD
160.34,160.93,158.0,160.76,2060283,SPG.N,2025-06-30,西蒙地产,"Simon Property Group, Inc.",USD
160.34,165.77,160.0,164.27,1772278,SPG.N,2025-07-01,西蒙地产,"Simon Property Group, Inc.",USD
164.39,166.33,163.16,165.84,1589457,SPG.N,2025-07-02,西蒙地产,"Simon Property Group, Inc.",USD
166.18,167.8057,165.69,166.74,925334,SPG.N,2025-07-03,西蒙地产,"Simon Property Group, Inc.",USD
165.97,167.9,164.23,165.04,1277557,SPG.N,2025-07-07,西蒙地产,"Simon Property Group, Inc.",USD
164.27,165.53,163.16,163.45,1790509,SPG.N,2025-07-08,西蒙地产,"Simon Property Group, Inc.",USD
164.62,164.74,162.92,162.93,1427089,SPG.N,2025-07-09,西蒙地产,"Simon Property Group, Inc.",USD
162.985,164.6459,162.765,163.45,1061560,SPG.N,2025-07-10,西蒙地产,"Simon Property Group, Inc.",USD
162.0,162.42,160.96,161.75,1112345,SPG.N,2025-07-11,西蒙地产,"Simon Property Group, Inc.",USD
161.33,162.56,160.7,162.43,1434023,SPG.N,2025-07-14,西蒙地产,"Simon Property Group, Inc.",USD
162.94,162.94,159.33,159.93,1532417,SPG.N,2025-07-15,西蒙地产,"Simon Property Group, Inc.",USD
160.74,161.9129,159.35,161.47,1438915,SPG.N,2025-07-16,西蒙地产,"Simon Property Group, Inc.",USD
161.69,163.175,161.355,162.73,1054221,SPG.N,2025-07-17,西蒙地产,"Simon Property Group, Inc.",USD
162.9,163.81,162.05,162.86,950792,SPG.N,2025-07-18,西蒙地产,"Simon Property Group, Inc.",USD
163.09,164.875,162.41,163.76,1502820,SPG.N,2025-07-21,西蒙地产,"Simon Property Group, Inc.",USD
163.72,165.86,163.42,165.57,1654044,SPG.N,2025-07-22,西蒙地产,"Simon Property Group, Inc.",USD
166.36,166.77,165.11,165.74,1040624,SPG.N,2025-07-23,西蒙地产,"Simon Property Group, Inc.",USD
165.35,166.91,164.8,164.96,1339457,SPG.N,2025-07-24,西蒙地产,"Simon Property Group, Inc.",USD
165.53,167.215,164.27,167.11,1374787,SPG.N,2025-07-25,西蒙地产,"Simon Property Group, Inc.",USD
166.78,167.52,165.1,165.28,1090170,SPG.N,2025-07-28,西蒙地产,"Simon Property Group, Inc.",USD
166.88,168.16,166.1,168.08,1125651,SPG.N,2025-07-29,西蒙地产,"Simon Property Group, Inc.",USD
168.35,168.72,164.335,165.46,1085219,SPG.N,2025-07-30,西蒙地产,"Simon Property Group, Inc.",USD
164.25,166.0,163.43,163.79,1739483,SPG.N,2025-07-31,西蒙地产,"Simon Property Group, Inc.",USD
162.95,163.355,159.7,160.68,2149833,SPG.N,2025-08-01,西蒙地产,"Simon Property Group, Inc.",USD
161.31,165.22,160.5,163.94,1847334,SPG.N,2025-08-04,西蒙地产,"Simon Property Group, Inc.",USD
159.99,169.555,159.99,169.31,2645326,SPG.N,2025-08-05,西蒙地产,"Simon Property Group, Inc.",USD
170.0,171.57,167.3,167.53,1844783,SPG.N,2025-08-06,西蒙地产,"Simon Property Group, Inc.",USD
168.79,168.885,165.1,166.35,1399514,SPG.N,2025-08-07,西蒙地产,"Simon Property Group, Inc.",USD
166.34,167.21,164.81,164.93,1109121,SPG.N,2025-08-08,西蒙地产,"Simon Property Group, Inc.",USD
164.51,165.615,163.29,165.2,1191059,SPG.N,2025-08-11,西蒙地产,"Simon Property Group, Inc.",USD
166.03,169.42,165.37,169.22,1242676,SPG.N,2025-08-12,西蒙地产,"Simon Property Group, Inc.",USD
169.29,172.88,169.11,172.59,1660348,SPG.N,2025-08-13,西蒙地产,"Simon Property Group, Inc.",USD
171.45,172.53,170.49,172.19,1889290,SPG.N,2025-08-14,西蒙地产,"Simon Property Group, Inc.",USD
172.44,173.4,171.22,173.28,1581621,SPG.N,2025-08-15,西蒙地产,"Simon Property Group, Inc.",USD
173.39,174.1118,172.295,172.56,1187916,SPG.N,2025-08-18,西蒙地产,"Simon Property Group, Inc.",USD
172.59,176.14,172.09,174.88,1907617,SPG.N,2025-08-19,西蒙地产,"Simon Property Group, Inc.",USD
175.15,175.5,173.47,174.13,1017396,SPG.N,2025-08-20,西蒙地产,"Simon Property Group, Inc.",USD
173.17,174.19,172.45,173.43,810930,SPG.N,2025-08-21,西蒙地产,"Simon Property Group, Inc.",USD
174.96,177.9,174.08,176.56,1313821,SPG.N,2025-08-22,西蒙地产,"Simon Property Group, Inc.",USD
176.58,177.435,175.94,176.41,1408367,SPG.N,2025-08-25,西蒙地产,"Simon Property Group, Inc.",USD
176.37,177.8,176.0,176.83,2020294,SPG.N,2025-08-26,西蒙地产,"Simon Property Group, Inc.",USD
176.62,178.62,176.402,178.17,1754568,SPG.N,2025-08-27,西蒙地产,"Simon Property Group, Inc.",USD
179.0,179.54,177.08,179.36,1438713,SPG.N,2025-08-28,西蒙地产,"Simon Property Group, Inc.",USD
180.0,180.98,179.42,180.66,1716898,SPG.N,2025-08-29,西蒙地产,"Simon Property Group, Inc.",USD
177.47,179.22,177.01,178.87,2825709,SPG.N,2025-09-02,西蒙地产,"Simon Property Group, Inc.",USD
178.66,180.25,177.835,179.86,1590543,SPG.N,2025-09-03,西蒙地产,"Simon Property Group, Inc.",USD
180.82,181.92,179.7,181.52,2103736,SPG.N,2025-09-04,西蒙地产,"Simon Property Group, Inc.",USD
182.8,184.78,180.81,182.25,1829543,SPG.N,2025-09-05,西蒙地产,"Simon Property Group, Inc.",USD
181.77,182.93,180.11,182.55,2369331,SPG.N,2025-09-08,西蒙地产,"Simon Property Group, Inc.",USD
179.445,180.3838,178.15,179.39,1889550,SPG.N,2025-09-09,西蒙地产,"Simon Property Group, Inc.",USD
178.91,179.865,177.99,179.23,2223263,SPG.N,2025-09-10,西蒙地产,"Simon Property Group, Inc.",USD
179.99,184.16,179.6581,183.9,1786347,SPG.N,2025-09-11,西蒙地产,"Simon Property Group, Inc.",USD
183.9,184.5,182.095,182.47,1547341,SPG.N,2025-09-12,西蒙地产,"Simon Property Group, Inc.",USD
182.21,184.24,181.25,183.76,1570899,SPG.N,2025-09-15,西蒙地产,"Simon Property Group, Inc.",USD
183.28,184.065,181.245,181.52,1348631,SPG.N,2025-09-16,西蒙地产,"Simon Property Group, Inc.",USD
181.54,184.15,180.67,181.56,1706379,SPG.N,2025-09-17,西蒙地产,"Simon Property Group, Inc.",USD
182.0,182.84,178.675,180.09,1898592,SPG.N,2025-09-18,西蒙地产,"Simon Property Group, Inc.",USD
180.36,182.305,180.04,180.72,7083297,SPG.N,2025-09-19,西蒙地产,"Simon Property Group, Inc.",USD
179.74,181.43,178.39,181.14,1401884,SPG.N,2025-09-22,西蒙地产,"Simon Property Group, Inc.",USD
180.72,184.67,180.62,184.13,1386246,SPG.N,2025-09-23,西蒙地产,"Simon Property Group, Inc.",USD
184.07,184.68,182.48,183.13,1531219,SPG.N,2025-09-24,西蒙地产,"Simon Property Group, Inc.",USD
183.09,183.78,182.48,182.61,1303584,SPG.N,2025-09-25,西蒙地产,"Simon Property Group, Inc.",USD
182.815,185.88,182.22,185.39,1368244,SPG.N,2025-09-26,西蒙地产,"Simon Property Group, Inc.",USD
185.47,186.34,184.82,185.85,1282580,SPG.N,2025-09-29,西蒙地产,"Simon Property Group, Inc.",USD
186.17,188.135,185.3,187.67,1812189,SPG.N,2025-09-30,西蒙地产,"Simon Property Group, Inc.",USD
187.66,188.43,184.4,185.76,1836462,SPG.N,2025-10-01,西蒙地产,"Simon Property Group, Inc.",USD
185.76,185.79,183.88,185.01,1494098,SPG.N,2025-10-02,西蒙地产,"Simon Property Group, Inc.",USD
185.19,187.25,184.685,185.23,1146548,SPG.N,2025-10-03,西蒙地产,"Simon Property Group, Inc.",USD
184.44,185.25,179.15,179.17,1568133,SPG.N,2025-10-06,西蒙地产,"Simon Property Group, Inc.",USD
179.24,179.72,177.33,178.92,1601064,SPG.N,2025-10-07,西蒙地产,"Simon Property Group, Inc.",USD
177.83,178.36,176.94,178.23,1318523,SPG.N,2025-10-08,西蒙地产,"Simon Property Group, Inc.",USD
178.72,179.29,177.48,178.84,923277,SPG.N,2025-10-09,西蒙地产,"Simon Property Group, Inc.",USD
179.61,180.25,175.29,175.3,1621135,SPG.N,2025-10-10,西蒙地产,"Simon Property Group, Inc.",USD
176.48,177.68,175.55,176.5,1123978,SPG.N,2025-10-13,西蒙地产,"Simon Property Group, Inc.",USD
176.24,176.54,174.65,175.83,1528624,SPG.N,2025-10-14,西蒙地产,"Simon Property Group, Inc.",USD
176.73,179.17,176.625,178.36,1409376,SPG.N,2025-10-15,西蒙地产,"Simon Property Group, Inc.",USD
178.56,179.345,176.07,176.74,1069194,SPG.N,2025-10-16,西蒙地产,"Simon Property Group, Inc.",USD
176.43,178.74,176.3606,178.09,1045543,SPG.N,2025-10-17,西蒙地产,"Simon Property Group, Inc.",USD
178.63,179.44,177.17,178.47,685347,SPG.N,2025-10-20,西蒙地产,"Simon Property Group, Inc.",USD
178.65,180.67,178.07,178.72,1073328,SPG.N,2025-10-21,西蒙地产,"Simon Property Group, Inc.",USD
180.02,181.06,178.815,179.98,919787,SPG.N,2025-10-22,西蒙地产,"Simon Property Group, Inc.",USD
179.9,180.61,178.0,178.71,1168261,SPG.N,2025-10-23,西蒙地产,"Simon Property Group, Inc.",USD
179.51,179.835,178.053,178.09,1229475,SPG.N,2025-10-24,西蒙地产,"Simon Property Group, Inc.",USD
178.53,179.945,177.715,179.78,1005056,SPG.N,2025-10-27,西蒙地产,"Simon Property Group, Inc.",USD
179.35,179.35,176.61,176.77,962414,SPG.N,2025-10-28,西蒙地产,"Simon Property Group, Inc.",USD
175.69,176.575,172.39,173.64,2293666,SPG.N,2025-10-29,西蒙地产,"Simon Property Group, Inc.",USD
174.02,175.66,173.12,173.35,1571846,SPG.N,2025-10-30,西蒙地产,"Simon Property Group, Inc.",USD
173.57,176.455,172.19,175.76,1912293,SPG.N,2025-10-31,西蒙地产,"Simon Property Group, Inc.",USD
174.46,177.7,173.8,176.67,1965725,SPG.N,2025-11-03,西蒙地产,"Simon Property Group, Inc.",USD
178.055,185.015,178.055,182.59,2382082,SPG.N,2025-11-04,西蒙地产,"Simon Property Group, Inc.",USD
182.86,184.13,181.35,181.4,1809954,SPG.N,2025-11-05,西蒙地产,"Simon Property Group, Inc.",USD
181.54,182.56,179.79,180.74,1099612,SPG.N,2025-11-06,西蒙地产,"Simon Property Group, Inc.",USD
181.45,183.69,180.7,183.6,1040753,SPG.N,2025-11-07,西蒙地产,"Simon Property Group, Inc.",USD
184.38,184.82,182.3,182.94,1282326,SPG.N,2025-11-10,西蒙地产,"Simon Property Group, Inc.",USD
183.86,185.68,183.86,185.0,1252042,SPG.N,2025-11-11,西蒙地产,"Simon Property Group, Inc.",USD
184.34,185.37,183.77,183.81,1479986,SPG.N,2025-11-12,西蒙地产,"Simon Property Group, Inc.",USD
183.0,185.14,182.78,183.61,1467815,SPG.N,2025-11-13,西蒙地产,"Simon Property Group, Inc.",USD
183.83,184.0663,181.48,182.73,792116,SPG.N,2025-11-14,西蒙地产,"Simon Property Group, Inc.",USD
183.63,183.63,179.86,180.99,1418192,SPG.N,2025-11-17,西蒙地产,"Simon Property Group, Inc.",USD
180.27,182.16,179.78,181.93,945546,SPG.N,2025-11-18,西蒙地产,"Simon Property Group, Inc.",USD
182.12,182.585,180.1,180.13,1132427,SPG.N,2025-11-19,西蒙地产,"Simon Property Group, Inc.",USD
182.7,184.13,179.92,180.07,1184715,SPG.N,2025-11-20,西蒙地产,"Simon Property Group, Inc.",USD
180.7,183.47,180.31,183.08,1331590,SPG.N,2025-11-21,西蒙地产,"Simon Property Group, Inc.",USD
183.08,183.49,181.46,182.66,1425895,SPG.N,2025-11-24,西蒙地产,"Simon Property Group, Inc.",USD
183.43,186.7,183.185,185.13,1368125,SPG.N,2025-11-25,西蒙地产,"Simon Property Group, Inc.",USD
184.58,186.91,184.58,185.56,1180070,SPG.N,2025-11-26,西蒙地产,"Simon Property Group, Inc.",USD
185.06,187.2,184.4151,186.32,506306,SPG.N,2025-11-28,西蒙地产,"Simon Property Group, Inc.",USD
185.0,186.25,184.655,185.14,1073301,SPG.N,2025-12-01,西蒙地产,"Simon Property Group, Inc.",USD
185.57,185.87,181.345,182.17,1242687,SPG.N,2025-12-02,西蒙地产,"Simon Property Group, Inc.",USD
182.5,183.6268,182.27,182.3,1791663,SPG.N,2025-12-03,西蒙地产,"Simon Property Group, Inc.",USD
182.22,183.915,182.17,183.32,1285805,SPG.N,2025-12-04,西蒙地产,"Simon Property Group, Inc.",USD
182.69,183.7191,182.15,182.56,1642368,SPG.N,2025-12-05,西蒙地产,"Simon Property Group, Inc.",USD
182.25,183.125,179.945,180.07,1840268,SPG.N,2025-12-08,西蒙地产,"Simon Property Group, Inc.",USD
180.52,182.36,180.46,181.05,1522639,SPG.N,2025-12-09,西蒙地产,"Simon Property Group, Inc.",USD
179.33,183.2,179.255,181.65,2038537,SPG.N,2025-12-10,西蒙地产,"Simon Property Group, Inc.",USD
182.3,183.0,181.145,181.85,1451466,SPG.N,2025-12-11,西蒙地产,"Simon Property Group, Inc.",USD
182.54,183.44,181.64,182.02,1239878,SPG.N,2025-12-12,西蒙地产,"Simon Property Group, Inc.",USD
182.65,184.36,182.26,184.17,1498953,SPG.N,2025-12-15,西蒙地产,"Simon Property Group, Inc.",USD
184.71,184.86,182.25,182.53,1583421,SPG.N,2025-12-16,西蒙地产,"Simon Property Group, Inc.",USD
182.98,184.85,182.4,184.22,1442606,SPG.N,2025-12-17,西蒙地产,"Simon Property Group, Inc.",USD
184.99,187.08,183.5525,185.07,1144308,SPG.N,2025-12-18,西蒙地产,"Simon Property Group, Inc.",USD
185.03,185.52,183.95,184.93,4492208,SPG.N,2025-12-19,西蒙地产,"Simon Property Group, Inc.",USD
184.17,186.97,183.6301,186.66,1160936,SPG.N,2025-12-22,西蒙地产,"Simon Property Group, Inc.",USD
186.55,187.74,185.77,187.6,937941,SPG.N,2025-12-23,西蒙地产,"Simon Property Group, Inc.",USD
188.16,189.05,187.89,188.29,437166,SPG.N,2025-12-24,西蒙地产,"Simon Property Group, Inc.",USD
188.32,188.91,186.4,187.71,492020,SPG.N,2025-12-26,西蒙地产,"Simon Property Group, Inc.",USD
188.53,188.71,187.0937,187.62,746524,SPG.N,2025-12-29,西蒙地产,"Simon Property Group, Inc.",USD
187.41,187.95,186.24,186.83,768458,SPG.N,2025-12-30,西蒙地产,"Simon Property Group, Inc.",USD
186.67,187.0,185.05,185.11,1096635,SPG.N,2025-12-31,西蒙地产,"Simon Property Group, Inc.",USD
184.47,185.86,182.88,183.97,987617,SPG.N,2026-01-02,西蒙地产,"Simon Property Group, Inc.",USD
183.06,185.1951,183.06,183.11,1480597,SPG.N,2026-01-05,西蒙地产,"Simon Property Group, Inc.",USD
182.15,186.965,182.0,186.3,1203964,SPG.N,2026-01-06,西蒙地产,"Simon Property Group, Inc.",USD
186.65,187.7,183.91,183.95,1203823,SPG.N,2026-01-07,西蒙地产,"Simon Property Group, Inc.",USD
183.36,187.44,183.36,184.98,1630851,SPG.N,2026-01-08,西蒙地产,"Simon Property Group, Inc.",USD
184.72,186.025,184.13,184.69,1169326,SPG.N,2026-01-09,西蒙地产,"Simon Property Group, Inc.",USD
184.21,185.12,183.11,184.83,1344264,SPG.N,2026-01-12,西蒙地产,"Simon Property Group, Inc.",USD
184.855,185.92,182.77,184.38,1369004,SPG.N,2026-01-13,西蒙地产,"Simon Property Group, Inc.",USD
184.17,186.08,182.26,185.72,1886141,SPG.N,2026-01-14,西蒙地产,"Simon Property Group, Inc.",USD
186.95,186.95,181.35,182.31,2103977,SPG.N,2026-01-15,西蒙地产,"Simon Property Group, Inc.",USD
181.59,185.105,180.17,184.92,1707622,SPG.N,2026-01-16,西蒙地产,"Simon Property Group, Inc.",USD
185.86,185.86,183.3,184.32,3051388,SPG.N,2026-01-20,西蒙地产,"Simon Property Group, Inc.",USD
185.79,186.46,184.555,185.17,2352375,SPG.N,2026-01-21,西蒙地产,"Simon Property Group, Inc.",USD
184.91,187.93,183.87,185.1,1440437,SPG.N,2026-01-22,西蒙地产,"Simon Property Group, Inc.",USD
184.57,185.76,183.6,184.73,833505,SPG.N,2026-01-23,西蒙地产,"Simon Property Group, Inc.",USD
185.19,185.99,183.73,185.33,976941,SPG.N,2026-01-26,西蒙地产,"Simon Property Group, Inc.",USD
185.48,185.77,183.16,184.56,1021815,SPG.N,2026-01-27,西蒙地产,"Simon Property Group, Inc.",USD
184.75,185.745,183.36,183.76,1326378,SPG.N,2026-01-28,西蒙地产,"Simon Property Group, Inc.",USD
185.33,189.8,183.7432,189.8,1687256,SPG.N,2026-01-29,西蒙地产,"Simon Property Group, Inc.",USD
189.85,192.25,189.28,191.31,3019825,SPG.N,2026-01-30,西蒙地产,"Simon Property Group, Inc.",USD
191.92,193.5,190.62,191.22,2151445,SPG.N,2026-02-02,西蒙地产,"Simon Property Group, Inc.",USD
190.54,191.535,186.2,189.42,2276878,SPG.N,2026-02-03,西蒙地产,"Simon Property Group, Inc.",USD
190.38,196.59,190.22,195.59,1989150,SPG.N,2026-02-04,西蒙地产,"Simon Property Group, Inc.",USD
196.56,197.93,194.39,197.26,1877610,SPG.N,2026-02-05,西蒙地产,"Simon Property Group, Inc.",USD
199.99,201.4,197.83,199.6,2322316,SPG.N,2026-02-06,西蒙地产,"Simon Property Group, Inc.",USD
199.63,200.0,196.51,196.57,1384755,SPG.N,2026-02-09,西蒙地产,"Simon Property Group, Inc.",USD
197.19,198.615,195.17,196.3,1693357,SPG.N,2026-02-10,西蒙地产,"Simon Property Group, Inc.",USD
195.99,196.84,193.88,194.77,1354450,SPG.N,2026-02-11,西蒙地产,"Simon Property Group, Inc.",USD
194.39,197.3377,191.4,191.43,2334534,SPG.N,2026-02-12,西蒙地产,"Simon Property Group, Inc.",USD
194.0,198.09,191.1901,196.83,1873469,SPG.N,2026-02-13,西蒙地产,"Simon Property Group, Inc.",USD
197.1,202.09,196.81,202.01,1761349,SPG.N,2026-02-17,西蒙地产,"Simon Property Group, Inc.",USD
201.71,203.0,198.75,199.63,1687975,SPG.N,2026-02-18,西蒙地产,"Simon Property Group, Inc.",USD
199.21,201.24,198.83,199.72,1203143,SPG.N,2026-02-19,西蒙地产,"Simon Property Group, Inc.",USD
200.08,202.8,199.0,201.7,1420273,SPG.N,2026-02-20,西蒙地产,"Simon Property Group, Inc.",USD
202.08,203.6,199.785,200.07,1356666,SPG.N,2026-02-23,西蒙地产,"Simon Property Group, Inc.",USD
200.21,201.41,198.27,199.38,1137916,SPG.N,2026-02-24,西蒙地产,"Simon Property Group, Inc.",USD
199.89,201.475,198.51,200.99,1144785,SPG.N,2026-02-25,西蒙地产,"Simon Property Group, Inc.",USD
201.86,204.05,201.525,202.6,1103181,SPG.N,2026-02-26,西蒙地产,"Simon Property Group, Inc.",USD
203.23,205.115,202.4501,203.85,2113474,SPG.N,2026-02-27,西蒙地产,"Simon Property Group, Inc.",USD
202.48,204.49,200.4,203.16,1547614,SPG.N,2026-03-02,西蒙地产,"Simon Property Group, Inc.",USD
200.06,203.27,197.315,201.95,1507787,SPG.N,2026-03-03,西蒙地产,"Simon Property Group, Inc.",USD
201.61,203.9,201.61,203.1,1121746,SPG.N,2026-03-04,西蒙地产,"Simon Property Group, Inc.",USD
201.5,202.45,199.7,201.03,1505516,SPG.N,2026-03-05,西蒙地产,"Simon Property Group, Inc.",USD
199.06,200.0,193.45,194.83,1766468,SPG.N,2026-03-06,西蒙地产,"Simon Property Group, Inc.",USD
192.0,193.2348,187.11,192.83,2370884,SPG.N,2026-03-09,西蒙地产,"Simon Property Group, Inc.",USD
190.11,194.67,189.515,192.07,1597006,SPG.N,2026-03-10,西蒙地产,"Simon Property Group, Inc.",USD
189.59,191.04,188.35,189.56,1605812,SPG.N,2026-03-11,西蒙地产,"Simon Property Group, Inc.",USD
188.22,188.39,185.77,187.57,2192007,SPG.N,2026-03-12,西蒙地产,"Simon Property Group, Inc.",USD
189.42,190.0,186.37,186.82,1404098,SPG.N,2026-03-13,西蒙地产,"Simon Property Group, Inc.",USD
189.7,190.79,188.22,189.33,1327748,SPG.N,2026-03-16,西蒙地产,"Simon Property Group, Inc.",USD
191.47,191.91,190.08,190.53,1380639,SPG.N,2026-03-17,西蒙地产,"Simon Property Group, Inc.",USD
190.97,192.21,189.7668,189.9,1732571,SPG.N,2026-03-18,西蒙地产,"Simon Property Group, Inc.",USD
189.5,192.22,189.5,191.31,1257528,SPG.N,2026-03-19,西蒙地产,"Simon Property Group, Inc.",USD
191.71,191.94,183.21,184.52,3861093,SPG.N,2026-03-20,西蒙地产,"Simon Property Group, Inc.",USD
185.95,186.66,181.36,181.49,2550587,SPG.N,2026-03-23,西蒙地产,"Simon Property Group, Inc.",USD
180.29,182.0599,177.88,178.27,3100020,SPG.N,2026-03-24,西蒙地产,"Simon Property Group, Inc.",USD
179.21,183.305,179.0479,181.57,1749986,SPG.N,2026-03-25,西蒙地产,"Simon Property Group, Inc.",USD
181.16,182.83,181.03,181.8,1478726,SPG.N,2026-03-26,西蒙地产,"Simon Property Group, Inc.",USD
180.9,182.14,179.14,180.19,1991369,SPG.N,2026-03-27,西蒙地产,"Simon Property Group, Inc.",USD
182.16,184.25,181.755,182.35,1822859,SPG.N,2026-03-30,西蒙地产,"Simon Property Group, Inc.",USD
184.76,187.52,183.3001,186.53,2296093,SPG.N,2026-03-31,西蒙地产,"Simon Property Group, Inc.",USD
186.66,188.8,186.02,188.09,1988739,SPG.N,2026-04-01,西蒙地产,"Simon Property Group, Inc.",USD
187.5,189.25,186.07,188.67,1300038,SPG.N,2026-04-02,西蒙地产,"Simon Property Group, Inc.",USD
188.47,190.62,187.225,190.23,1031341,SPG.N,2026-04-06,西蒙地产,"Simon Property Group, Inc.",USD
190.09,191.08,188.75,190.57,883743,SPG.N,2026-04-07,西蒙地产,"Simon Property Group, Inc.",USD
192.62,195.22,192.51,194.04,1547896,SPG.N,2026-04-08,西蒙地产,"Simon Property Group, Inc.",USD
193.74,199.63,193.5,198.97,1226724,SPG.N,2026-04-09,西蒙地产,"Simon Property Group, Inc.",USD
199.39,200.63,198.331,200.57,1107587,SPG.N,2026-04-10,西蒙地产,"Simon Property Group, Inc.",USD
200.6,200.76,197.375,200.71,1372165,SPG.N,2026-04-13,西蒙地产,"Simon Property Group, Inc.",USD
200.48,203.05,199.94,202.96,2264036,SPG.N,2026-04-14,西蒙地产,"Simon Property Group, Inc.",USD
202.45,202.52,199.14,201.61,1267229,SPG.N,2026-04-15,西蒙地产,"Simon Property Group, Inc.",USD
201.27,203.29,200.9,201.35,1436055,SPG.N,2026-04-16,西蒙地产,"Simon Property Group, Inc.",USD
202.1,206.7299,201.37,206.23,1345879,SPG.N,2026-04-17,西蒙地产,"Simon Property Group, Inc.",USD
205.33,208.2,205.085,207.56,992984,SPG.N,2026-04-20,西蒙地产,"Simon Property Group, Inc.",USD
207.07,208.28,204.65,204.76,1365577,SPG.N,2026-04-21,西蒙地产,"Simon Property Group, Inc.",USD
205.4,205.66,201.39,201.68,1186119,SPG.N,2026-04-22,西蒙地产,"Simon Property Group, Inc.",USD
202.71,204.58,201.76,203.66,806791,SPG.N,2026-04-23,西蒙地产,"Simon Property Group, Inc.",USD
203.15,203.68,200.645,201.16,1045926,SPG.N,2026-04-24,西蒙地产,"Simon Property Group, Inc.",USD
200.56,202.045,198.9,201.29,1399054,SPG.N,2026-04-27,西蒙地产,"Simon Property Group, Inc.",USD
203.26,204.0,200.63,202.75,1410169,SPG.N,2026-04-28,西蒙地产,"Simon Property Group, Inc.",USD
202.0,203.18,198.41,200.09,1049786,SPG.N,2026-04-29,西蒙地产,"Simon Property Group, Inc.",USD
200.36,203.95,199.925,203.71,1394426,SPG.N,2026-04-30,西蒙地产,"Simon Property Group, Inc.",USD
203.82,203.82,201.39,202.44,1014407,SPG.N,2026-05-01,西蒙地产,"Simon Property Group, Inc.",USD
201.41,202.74,200.415,201.51,850617,SPG.N,2026-05-04,西蒙地产,"Simon Property Group, Inc.",USD
202.19,203.4499,201.79,202.31,967637,SPG.N,2026-05-05,西蒙地产,"Simon Property Group, Inc.",USD
203.73,206.24,203.16,205.51,1129991,SPG.N,2026-05-06,西蒙地产,"Simon Property Group, Inc.",USD
205.24,206.0199,200.8,201.4,1409520,SPG.N,2026-05-07,西蒙地产,"Simon Property Group, Inc.",USD
202.23,203.74,201.67,202.12,1081635,SPG.N,2026-05-08,西蒙地产,"Simon Property Group, Inc.",USD
202.75,203.39,200.0,201.0,1895654,SPG.N,2026-05-11,西蒙地产,"Simon Property Group, Inc.",USD
205.22,206.46,202.7406,205.66,2019743,SPG.N,2026-05-12,西蒙地产,"Simon Property Group, Inc.",USD
205.29,205.29,200.22,200.56,1310162,SPG.N,2026-05-13,西蒙地产,"Simon Property Group, Inc.",USD
200.56,203.26,199.0,202.8,1430602,SPG.N,2026-05-14,西蒙地产,"Simon Property Group, Inc.",USD
202.28,202.28,199.5,200.02,2152157,SPG.N,2026-05-15,西蒙地产,"Simon Property Group, Inc.",USD
200.06,201.53,199.41,200.42,1815034,SPG.N,2026-05-18,西蒙地产,"Simon Property Group, Inc.",USD
200.625,202.19,198.64,200.86,1402466,SPG.N,2026-05-19,西蒙地产,"Simon Property Group, Inc.",USD
201.49,204.36,199.97,204.1,1152229,SPG.N,2026-05-20,西蒙地产,"Simon Property Group, Inc.",USD
203.11,205.53,200.919,204.9,1143326,SPG.N,2026-05-21,西蒙地产,"Simon Property Group, Inc.",USD
206.31,206.31,203.46,204.41,1152024,SPG.N,2026-05-22,西蒙地产,"Simon Property Group, Inc.",USD
205.27,207.15,204.6,206.94,1257603,SPG.N,2026-05-26,西蒙地产,"Simon Property Group, Inc.",USD
207.24,208.79,206.63,206.77,1253182,SPG.N,2026-05-27,西蒙地产,"Simon Property Group, Inc.",USD
205.96,207.5351,204.7,206.77,1339460,SPG.N,2026-05-28,西蒙地产,"Simon Property Group, Inc.",USD
206.45,206.99,203.89,204.91,3950447,SPG.N,2026-05-29,西蒙地产,"Simon Property Group, Inc.",USD
203.66,204.8,202.2,202.7,1641327,SPG.N,2026-06-01,西蒙地产,"Simon Property Group, Inc.",USD
202.7,205.39,202.262,203.53,2009220,SPG.N,2026-06-02,西蒙地产,"Simon Property Group, Inc.",USD
202.83,205.19,202.3,203.55,2117075,SPG.N,2026-06-03,西蒙地产,"Simon Property Group, Inc.",USD
206.1,206.52,204.5,206.22,1512963,SPG.N,2026-06-04,西蒙地产,"Simon Property Group, Inc.",USD
205.48,211.23,205.23,210.31,1406735,SPG.N,2026-06-05,西蒙地产,"Simon Property Group, Inc.",USD
211.14,211.68,206.1,207.34,2092225,SPG.N,2026-06-08,西蒙地产,"Simon Property Group, Inc.",USD
206.88,213.08,205.18,211.89,2212604,SPG.N,2026-06-09,西蒙地产,"Simon Property Group, Inc.",USD
212.54,214.63,211.01,212.82,2005656,SPG.N,2026-06-10,西蒙地产,"Simon Property Group, Inc.",USD
215.0,216.28,213.6219,214.86,1897191,SPG.N,2026-06-11,西蒙地产,"Simon Property Group, Inc.",USD
216.99,220.435,216.5,219.04,1965579,SPG.N,2026-06-12,西蒙地产,"Simon Property Group, Inc.",USD
219.04,219.865,214.435,215.66,2222737,SPG.N,2026-06-15,西蒙地产,"Simon Property Group, Inc.",USD
215.82,217.48,214.09,215.23,3243022,SPG.N,2026-06-16,西蒙地产,"Simon Property Group, Inc.",USD
214.57,215.81,208.71,209.86,3717359,SPG.N,2026-06-17,西蒙地产,"Simon Property Group, Inc.",USD
214.04,214.3,211.29,211.33,3655356,SPG.N,2026-06-18,西蒙地产,"Simon Property Group, Inc.",USD
212.61,214.67,212.0,214.57,2916743,SPG.N,2026-06-22,西蒙地产,"Simon Property Group, Inc.",USD
215.04,217.71,214.19,216.74,2595627,SPG.N,2026-06-23,西蒙地产,"Simon Property Group, Inc.",USD
216.93,222.4,216.04,222.15,2471658,SPG.N,2026-06-24,西蒙地产,"Simon Property Group, Inc.",USD
222.12,226.435,221.796,225.49,2932277,SPG.N,2026-06-25,西蒙地产,"Simon Property Group, Inc.",USD
226.9,228.575,225.5501,226.89,8719617,SPG.N,2026-06-26,西蒙地产,"Simon Property Group, Inc.",USD
226.24,228.085,225.28,227.56,1870581,SPG.N,2026-06-29,西蒙地产,"Simon Property Group, Inc.",USD
225.43,226.28,222.535,223.65,2387795,SPG.N,2026-06-30,西蒙地产,"Simon Property Group, Inc.",USD
221.36,223.1686,220.04,223.0,2551006,SPG.N,2026-07-01,西蒙地产,"Simon Property Group, Inc.",USD
224.0,226.12,223.075,226.06,1683151,SPG.N,2026-07-02,西蒙地产,"Simon Property Group, Inc.",USD
225.65,225.86,223.45,225.0,2216511,SPG.N,2026-07-06,西蒙地产,"Simon Property Group, Inc.",USD
226.07,229.59,225.0017,227.19,1410248,SPG.N,2026-07-07,西蒙地产,"Simon Property Group, Inc.",USD
226.2,226.8399,219.03,219.09,1902826,SPG.N,2026-07-08,西蒙地产,"Simon Property Group, Inc.",USD
219.27,222.25,218.32,219.71,1694876,SPG.N,2026-07-09,西蒙地产,"Simon Property Group, Inc.",USD
221.13,221.41,212.82,218.77,2424126,SPG.N,2026-07-10,西蒙地产,"Simon Property Group, Inc.",USD
218.27,221.62,218.05,219.49,1248939,SPG.N,2026-07-13,西蒙地产,"Simon Property Group, Inc.",USD
220.96,222.0,219.64,221.28,1611333,SPG.N,2026-07-14,西蒙地产,"Simon Property Group, Inc.",USD
222.79,224.14,220.8,222.01,1490848,SPG.N,2026-07-15,西蒙地产,"Simon Property Group, Inc.",USD
223.0,228.61,222.795,228.49,1318619,SPG.N,2026-07-16,西蒙地产,"Simon Property Group, Inc.",USD
229.05,231.525,226.87,228.7,1407900,SPG.N,2026-07-17,西蒙地产,"Simon Property Group, Inc.",USD
229.15,230.88,227.25,228.19,1500927,SPG.N,2026-07-20,西蒙地产,"Simon Property Group, Inc.",USD
229.91,230.0,226.26,226.79,1907967,SPG.N,2026-07-21,西蒙地产,"Simon Property Group, Inc.",USD
227.15,227.8,225.32,226.22,1170135,SPG.N,2026-07-22,西蒙地产,"Simon Property Group, Inc.",USD
225.38,227.79,224.215,225.2,1255434,SPG.N,2026-07-23,西蒙地产,"Simon Property Group, Inc.",USD
226.47,229.845,225.83,229.78,983821,SPG.N,2026-07-24,西蒙地产,"Simon Property Group, Inc.",USD
229.66,231.73,229.36,231.67,896942,SPG.N,2026-07-27,西蒙地产,"Simon Property Group, Inc.",USD
