open,high,low,close,volume,thscode,time,thsname_cn,thsname_en,currency
78.74,80.7,78.35,80.58,1818242,WELL.N,2021-06-21,Welltower,Welltower Inc.,USD
81.07,83.18,80.925,82.22,3915947,WELL.N,2021-06-22,Welltower,Welltower Inc.,USD
82.21,83.809,81.8,83.47,2698215,WELL.N,2021-06-23,Welltower,Welltower Inc.,USD
83.65,83.83,82.29,83.46,2259449,WELL.N,2021-06-24,Welltower,Welltower Inc.,USD
83.8,84.02,83.37,84.02,2230038,WELL.N,2021-06-25,Welltower,Welltower Inc.,USD
84.02,84.02,82.34,82.96,2535789,WELL.N,2021-06-28,Welltower,Welltower Inc.,USD
83.0,83.825,82.67,83.41,1657430,WELL.N,2021-06-29,Welltower,Welltower Inc.,USD
83.58,84.23,82.72,83.1,4387980,WELL.N,2021-06-30,Welltower,Welltower Inc.,USD
83.41,84.57,82.82,83.73,2249068,WELL.N,2021-07-01,Welltower,Welltower Inc.,USD
84.0,84.97,83.73,84.92,2208823,WELL.N,2021-07-02,Welltower,Welltower Inc.,USD
84.61,85.3,83.205,85.14,2390390,WELL.N,2021-07-06,Welltower,Welltower Inc.,USD
84.95,85.225,83.96,84.87,2448850,WELL.N,2021-07-07,Welltower,Welltower Inc.,USD
84.05,85.415,83.62,84.89,2436015,WELL.N,2021-07-08,Welltower,Welltower Inc.,USD
85.39,86.49,84.92,86.43,1844949,WELL.N,2021-07-09,Welltower,Welltower Inc.,USD
85.97,87.79,85.97,87.53,1806673,WELL.N,2021-07-12,Welltower,Welltower Inc.,USD
87.55,87.96,86.385,86.97,2904044,WELL.N,2021-07-13,Welltower,Welltower Inc.,USD
86.68,88.82,86.56,88.2,2672263,WELL.N,2021-07-14,Welltower,Welltower Inc.,USD
87.91,88.69,87.66,88.6,2088211,WELL.N,2021-07-15,Welltower,Welltower Inc.,USD
89.1,89.8,88.941,89.68,2041377,WELL.N,2021-07-16,Welltower,Welltower Inc.,USD
88.49,88.49,84.1,84.43,3044353,WELL.N,2021-07-19,Welltower,Welltower Inc.,USD
84.93,88.42,84.31,88.02,2259701,WELL.N,2021-07-20,Welltower,Welltower Inc.,USD
88.1,89.42,87.76,87.99,1591637,WELL.N,2021-07-21,Welltower,Welltower Inc.,USD
87.86,87.9,86.7,87.35,1303645,WELL.N,2021-07-22,Welltower,Welltower Inc.,USD
88.08,88.385,87.09,87.76,1104205,WELL.N,2021-07-23,Welltower,Welltower Inc.,USD
87.26,88.28,86.27,87.6,1582290,WELL.N,2021-07-26,Welltower,Welltower Inc.,USD
87.31,88.575,86.74,88.27,1629552,WELL.N,2021-07-27,Welltower,Welltower Inc.,USD
88.49,88.49,86.95,87.39,986832,WELL.N,2021-07-28,Welltower,Welltower Inc.,USD
87.41,88.63,87.41,87.73,1218235,WELL.N,2021-07-29,Welltower,Welltower Inc.,USD
88.58,89.5,86.79,86.86,2386018,WELL.N,2021-07-30,Welltower,Welltower Inc.,USD
87.38,89.18,86.18,86.27,1245993,WELL.N,2021-08-02,Welltower,Welltower Inc.,USD
86.89,87.22,86.12,87.11,1656367,WELL.N,2021-08-03,Welltower,Welltower Inc.,USD
86.95,87.25,84.96,85.1,1892019,WELL.N,2021-08-04,Welltower,Welltower Inc.,USD
85.65,86.6,85.33,86.58,1246620,WELL.N,2021-08-05,Welltower,Welltower Inc.,USD
86.77,87.31,84.905,85.18,2090948,WELL.N,2021-08-06,Welltower,Welltower Inc.,USD
85.11,85.65,84.47,85.56,1687108,WELL.N,2021-08-09,Welltower,Welltower Inc.,USD
85.5,85.93,84.93,85.04,3813129,WELL.N,2021-08-10,Welltower,Welltower Inc.,USD
84.93,84.93,83.81,83.95,1974995,WELL.N,2021-08-11,Welltower,Welltower Inc.,USD
84.17,84.17,83.295,83.74,1262872,WELL.N,2021-08-12,Welltower,Welltower Inc.,USD
83.74,85.18,83.522,85.11,2437596,WELL.N,2021-08-13,Welltower,Welltower Inc.,USD
84.77,85.8,84.53,85.26,1576682,WELL.N,2021-08-16,Welltower,Welltower Inc.,USD
84.68,85.835,84.28,85.59,1469266,WELL.N,2021-08-17,Welltower,Welltower Inc.,USD
85.45,85.47,84.09,84.3,1882154,WELL.N,2021-08-18,Welltower,Welltower Inc.,USD
83.86,84.97,83.02,84.08,2000119,WELL.N,2021-08-19,Welltower,Welltower Inc.,USD
83.81,84.74,82.66,84.22,1853012,WELL.N,2021-08-20,Welltower,Welltower Inc.,USD
84.72,84.98,83.46,84.18,1071387,WELL.N,2021-08-23,Welltower,Welltower Inc.,USD
84.2,84.63,83.39,84.48,1311965,WELL.N,2021-08-24,Welltower,Welltower Inc.,USD
84.53,85.73,84.0,84.89,1544502,WELL.N,2021-08-25,Welltower,Welltower Inc.,USD
85.3,85.73,84.46,84.67,1425964,WELL.N,2021-08-26,Welltower,Welltower Inc.,USD
85.18,86.52,85.0,85.64,2041930,WELL.N,2021-08-27,Welltower,Welltower Inc.,USD
85.55,86.14,85.09,85.76,1565889,WELL.N,2021-08-30,Welltower,Welltower Inc.,USD
85.56,87.66,85.42,87.53,3051622,WELL.N,2021-08-31,Welltower,Welltower Inc.,USD
87.92,88.98,87.25,88.18,2580963,WELL.N,2021-09-01,Welltower,Welltower Inc.,USD
88.48,88.66,86.88,87.75,2130240,WELL.N,2021-09-02,Welltower,Welltower Inc.,USD
87.41,87.41,85.69,86.75,2245727,WELL.N,2021-09-03,Welltower,Welltower Inc.,USD
86.62,86.7,84.27,85.09,2076103,WELL.N,2021-09-07,Welltower,Welltower Inc.,USD
84.77,86.51,84.49,86.0,1443406,WELL.N,2021-09-08,Welltower,Welltower Inc.,USD
85.51,87.69,85.26,86.11,2941662,WELL.N,2021-09-09,Welltower,Welltower Inc.,USD
86.39,87.64,85.4,86.68,2231825,WELL.N,2021-09-10,Welltower,Welltower Inc.,USD
87.63,88.79,87.21,88.22,2403797,WELL.N,2021-09-13,Welltower,Welltower Inc.,USD
88.76,88.83,86.5,87.54,1632652,WELL.N,2021-09-14,Welltower,Welltower Inc.,USD
87.57,87.57,86.71,86.88,1714550,WELL.N,2021-09-15,Welltower,Welltower Inc.,USD
86.88,88.14,86.42,87.81,1533382,WELL.N,2021-09-16,Welltower,Welltower Inc.,USD
87.1,87.33,85.59,85.83,3532048,WELL.N,2021-09-17,Welltower,Welltower Inc.,USD
85.04,86.86,84.51,85.75,1960748,WELL.N,2021-09-20,Welltower,Welltower Inc.,USD
86.32,87.65,85.9,85.94,1417639,WELL.N,2021-09-21,Welltower,Welltower Inc.,USD
86.64,86.78,85.29,85.44,1657039,WELL.N,2021-09-22,Welltower,Welltower Inc.,USD
85.75,86.85,85.53,85.74,1638448,WELL.N,2021-09-23,Welltower,Welltower Inc.,USD
85.24,85.67,82.62,83.3,1918840,WELL.N,2021-09-24,Welltower,Welltower Inc.,USD
83.53,85.14,82.77,82.79,1733651,WELL.N,2021-09-27,Welltower,Welltower Inc.,USD
82.23,83.485,81.6,83.1,2203902,WELL.N,2021-09-28,Welltower,Welltower Inc.,USD
83.31,84.23,83.25,83.79,1702743,WELL.N,2021-09-29,Welltower,Welltower Inc.,USD
84.38,84.38,82.165,82.4,2809149,WELL.N,2021-09-30,Welltower,Welltower Inc.,USD
83.1,84.28,82.44,83.85,1213014,WELL.N,2021-10-01,Welltower,Welltower Inc.,USD
83.44,84.45,83.189,83.73,1269800,WELL.N,2021-10-04,Welltower,Welltower Inc.,USD
83.83,83.83,81.71,81.74,1569734,WELL.N,2021-10-05,Welltower,Welltower Inc.,USD
81.11,83.41,80.01,83.2,2083221,WELL.N,2021-10-06,Welltower,Welltower Inc.,USD
83.8,84.36,82.71,82.93,1027448,WELL.N,2021-10-07,Welltower,Welltower Inc.,USD
82.87,83.34,82.5,82.69,766308,WELL.N,2021-10-08,Welltower,Welltower Inc.,USD
82.22,83.36,81.71,82.84,761023,WELL.N,2021-10-11,Welltower,Welltower Inc.,USD
82.79,84.17,82.48,83.29,1343073,WELL.N,2021-10-12,Welltower,Welltower Inc.,USD
82.91,83.44,82.29,83.29,1109783,WELL.N,2021-10-13,Welltower,Welltower Inc.,USD
83.96,84.56,83.67,83.95,1729251,WELL.N,2021-10-14,Welltower,Welltower Inc.,USD
84.7,84.85,83.72,84.11,1472400,WELL.N,2021-10-15,Welltower,Welltower Inc.,USD
83.54,84.11,82.93,83.36,1765575,WELL.N,2021-10-18,Welltower,Welltower Inc.,USD
83.79,84.27,83.37,84.07,1170382,WELL.N,2021-10-19,Welltower,Welltower Inc.,USD
84.07,85.19,83.91,84.58,1454734,WELL.N,2021-10-20,Welltower,Welltower Inc.,USD
84.8,85.06,82.967,83.15,1553591,WELL.N,2021-10-21,Welltower,Welltower Inc.,USD
83.23,83.94,80.83,81.04,2352690,WELL.N,2021-10-22,Welltower,Welltower Inc.,USD
81.24,82.09,79.74,80.98,2843074,WELL.N,2021-10-25,Welltower,Welltower Inc.,USD
80.96,81.31,80.4,80.43,2415301,WELL.N,2021-10-26,Welltower,Welltower Inc.,USD
80.79,82.69,80.413,82.3,2057707,WELL.N,2021-10-27,Welltower,Welltower Inc.,USD
82.3,82.83,81.75,82.73,1165697,WELL.N,2021-10-28,Welltower,Welltower Inc.,USD
82.22,82.435,79.52,80.4,3692498,WELL.N,2021-10-29,Welltower,Welltower Inc.,USD
80.37,82.59,79.92,82.45,1626629,WELL.N,2021-11-01,Welltower,Welltower Inc.,USD
82.94,82.99,81.36,81.89,1866441,WELL.N,2021-11-02,Welltower,Welltower Inc.,USD
81.98,83.305,81.75,82.82,1631006,WELL.N,2021-11-03,Welltower,Welltower Inc.,USD
82.96,83.16,79.71,80.47,3056996,WELL.N,2021-11-04,Welltower,Welltower Inc.,USD
82.94,86.025,81.19,84.6,2718121,WELL.N,2021-11-05,Welltower,Welltower Inc.,USD
84.46,85.87,83.98,84.76,2375140,WELL.N,2021-11-08,Welltower,Welltower Inc.,USD
85.08,86.235,84.16,85.39,2060034,WELL.N,2021-11-09,Welltower,Welltower Inc.,USD
85.54,87.64,85.54,87.01,3049472,WELL.N,2021-11-10,Welltower,Welltower Inc.,USD
86.78,87.08,85.04,85.23,1867999,WELL.N,2021-11-11,Welltower,Welltower Inc.,USD
85.15,85.91,84.72,85.55,1212099,WELL.N,2021-11-12,Welltower,Welltower Inc.,USD
85.52,85.52,83.29,84.23,1436262,WELL.N,2021-11-15,Welltower,Welltower Inc.,USD
84.29,84.5,82.924,84.0,1994665,WELL.N,2021-11-16,Welltower,Welltower Inc.,USD
83.64,86.51,82.93,86.22,2343850,WELL.N,2021-11-17,Welltower,Welltower Inc.,USD
86.24,86.65,85.21,86.15,1483166,WELL.N,2021-11-18,Welltower,Welltower Inc.,USD
86.09,86.79,83.845,84.19,2115105,WELL.N,2021-11-19,Welltower,Welltower Inc.,USD
83.64,85.0,83.25,84.01,1618114,WELL.N,2021-11-22,Welltower,Welltower Inc.,USD
84.72,86.48,84.38,85.78,1567119,WELL.N,2021-11-23,Welltower,Welltower Inc.,USD
85.87,87.265,85.87,87.07,1512852,WELL.N,2021-11-24,Welltower,Welltower Inc.,USD
84.93,85.25,81.78,81.92,1879367,WELL.N,2021-11-26,Welltower,Welltower Inc.,USD
82.34,83.68,81.98,82.04,2684584,WELL.N,2021-11-29,Welltower,Welltower Inc.,USD
81.47,81.84,79.21,79.62,4177812,WELL.N,2021-11-30,Welltower,Welltower Inc.,USD
80.63,82.15,79.26,79.36,2148360,WELL.N,2021-12-01,Welltower,Welltower Inc.,USD
80.06,82.77,79.79,82.08,2401024,WELL.N,2021-12-02,Welltower,Welltower Inc.,USD
82.23,82.56,79.95,80.4,2879967,WELL.N,2021-12-03,Welltower,Welltower Inc.,USD
81.27,83.94,81.27,83.04,1823149,WELL.N,2021-12-06,Welltower,Welltower Inc.,USD
83.99,85.35,83.53,84.78,2301665,WELL.N,2021-12-07,Welltower,Welltower Inc.,USD
85.06,86.16,84.5,85.7,2421114,WELL.N,2021-12-08,Welltower,Welltower Inc.,USD
85.11,85.46,84.14,84.15,1772779,WELL.N,2021-12-09,Welltower,Welltower Inc.,USD
84.71,84.93,82.27,82.71,2019767,WELL.N,2021-12-10,Welltower,Welltower Inc.,USD
82.19,84.05,81.735,83.44,2079488,WELL.N,2021-12-13,Welltower,Welltower Inc.,USD
83.44,83.99,81.24,82.19,2310955,WELL.N,2021-12-14,Welltower,Welltower Inc.,USD
82.4,83.47,81.86,82.95,2486078,WELL.N,2021-12-15,Welltower,Welltower Inc.,USD
83.0,84.47,82.18,83.1,2426712,WELL.N,2021-12-16,Welltower,Welltower Inc.,USD
83.1,84.449,81.94,83.2,7166623,WELL.N,2021-12-17,Welltower,Welltower Inc.,USD
80.27,81.64,80.03,80.33,2785998,WELL.N,2021-12-20,Welltower,Welltower Inc.,USD
81.2,83.37,80.84,82.64,1474144,WELL.N,2021-12-21,Welltower,Welltower Inc.,USD
82.95,83.369,82.09,82.96,1952467,WELL.N,2021-12-22,Welltower,Welltower Inc.,USD
83.25,83.58,81.93,82.79,1228396,WELL.N,2021-12-23,Welltower,Welltower Inc.,USD
82.65,84.08,81.74,84.04,1381236,WELL.N,2021-12-27,Welltower,Welltower Inc.,USD
83.77,84.85,83.61,84.73,1224790,WELL.N,2021-12-28,Welltower,Welltower Inc.,USD
84.7,85.33,83.34,85.11,1219602,WELL.N,2021-12-29,Welltower,Welltower Inc.,USD
84.93,86.35,84.93,85.9,1380027,WELL.N,2021-12-30,Welltower,Welltower Inc.,USD
85.72,86.69,85.575,85.77,1301084,WELL.N,2021-12-31,Welltower,Welltower Inc.,USD
86.16,87.115,84.41,85.56,2170163,WELL.N,2022-01-03,Welltower,Welltower Inc.,USD
85.785,88.68,85.72,88.14,2885340,WELL.N,2022-01-04,Welltower,Welltower Inc.,USD
88.67,89.57,86.82,86.98,1770119,WELL.N,2022-01-05,Welltower,Welltower Inc.,USD
87.68,88.25,86.94,87.63,1297320,WELL.N,2022-01-06,Welltower,Welltower Inc.,USD
87.61,89.425,86.79,87.83,2817425,WELL.N,2022-01-07,Welltower,Welltower Inc.,USD
87.42,87.61,86.67,87.54,2519738,WELL.N,2022-01-10,Welltower,Welltower Inc.,USD
87.5,87.58,84.76,86.33,1843300,WELL.N,2022-01-11,Welltower,Welltower Inc.,USD
86.04,87.18,85.94,86.31,1888080,WELL.N,2022-01-12,Welltower,Welltower Inc.,USD
86.53,88.28,85.88,87.71,2236647,WELL.N,2022-01-13,Welltower,Welltower Inc.,USD
87.59,88.18,86.36,87.51,1807093,WELL.N,2022-01-14,Welltower,Welltower Inc.,USD
87.35,87.58,86.01,87.18,2078775,WELL.N,2022-01-18,Welltower,Welltower Inc.,USD
87.76,87.86,85.46,85.53,2459265,WELL.N,2022-01-19,Welltower,Welltower Inc.,USD
86.18,88.04,85.8,85.98,2109461,WELL.N,2022-01-20,Welltower,Welltower Inc.,USD
86.65,88.32,86.28,87.51,3205509,WELL.N,2022-01-21,Welltower,Welltower Inc.,USD
86.68,86.85,83.27,86.02,3766771,WELL.N,2022-01-24,Welltower,Welltower Inc.,USD
84.98,85.96,83.36,85.53,3023671,WELL.N,2022-01-25,Welltower,Welltower Inc.,USD
86.01,87.85,83.15,83.85,2667187,WELL.N,2022-01-26,Welltower,Welltower Inc.,USD
84.51,86.23,83.11,83.42,2660293,WELL.N,2022-01-27,Welltower,Welltower Inc.,USD
83.42,84.11,80.655,84.06,3123312,WELL.N,2022-01-28,Welltower,Welltower Inc.,USD
83.39,86.63,83.39,86.63,4174040,WELL.N,2022-01-31,Welltower,Welltower Inc.,USD
86.0,86.36,84.081,84.66,2081969,WELL.N,2022-02-01,Welltower,Welltower Inc.,USD
85.14,86.2,84.69,84.85,1945791,WELL.N,2022-02-02,Welltower,Welltower Inc.,USD
84.47,84.55,82.67,82.76,1624238,WELL.N,2022-02-03,Welltower,Welltower Inc.,USD
81.72,82.19,78.92,80.43,2114965,WELL.N,2022-02-04,Welltower,Welltower Inc.,USD
80.5,81.17,80.3,80.73,1770437,WELL.N,2022-02-07,Welltower,Welltower Inc.,USD
80.99,81.29,79.62,79.99,1844252,WELL.N,2022-02-08,Welltower,Welltower Inc.,USD
81.06,81.9,80.46,81.8,2129502,WELL.N,2022-02-09,Welltower,Welltower Inc.,USD
80.96,82.215,80.12,80.68,2113127,WELL.N,2022-02-10,Welltower,Welltower Inc.,USD
80.68,81.38,79.25,80.11,2597017,WELL.N,2022-02-11,Welltower,Welltower Inc.,USD
80.46,81.33,79.13,79.67,2204975,WELL.N,2022-02-14,Welltower,Welltower Inc.,USD
80.26,81.32,79.83,81.16,2775664,WELL.N,2022-02-15,Welltower,Welltower Inc.,USD
84.47,84.47,82.56,83.89,4564526,WELL.N,2022-02-16,Welltower,Welltower Inc.,USD
83.2,83.88,81.41,82.14,3394131,WELL.N,2022-02-17,Welltower,Welltower Inc.,USD
81.6,84.29,81.46,82.86,3612251,WELL.N,2022-02-18,Welltower,Welltower Inc.,USD
82.74,83.41,81.97,82.96,3631789,WELL.N,2022-02-22,Welltower,Welltower Inc.,USD
83.1,83.99,80.75,80.89,2212509,WELL.N,2022-02-23,Welltower,Welltower Inc.,USD
79.36,82.32,78.95,82.02,2335461,WELL.N,2022-02-24,Welltower,Welltower Inc.,USD
82.67,84.43,81.84,84.31,2241495,WELL.N,2022-02-25,Welltower,Welltower Inc.,USD
82.61,84.325,82.41,83.29,4314270,WELL.N,2022-02-28,Welltower,Welltower Inc.,USD
83.39,83.72,81.065,82.34,2044867,WELL.N,2022-03-01,Welltower,Welltower Inc.,USD
82.95,85.208,82.9,84.35,2146784,WELL.N,2022-03-02,Welltower,Welltower Inc.,USD
84.64,85.46,83.53,85.37,1840834,WELL.N,2022-03-03,Welltower,Welltower Inc.,USD
84.48,87.24,84.48,87.08,2521690,WELL.N,2022-03-04,Welltower,Welltower Inc.,USD
86.99,88.45,86.81,86.92,2089371,WELL.N,2022-03-07,Welltower,Welltower Inc.,USD
86.98,89.47,86.225,88.33,2682691,WELL.N,2022-03-08,Welltower,Welltower Inc.,USD
89.5,90.1,88.58,88.76,1768560,WELL.N,2022-03-09,Welltower,Welltower Inc.,USD
88.1,90.44,87.31,90.44,2155317,WELL.N,2022-03-10,Welltower,Welltower Inc.,USD
91.75,92.77,90.87,91.21,2790209,WELL.N,2022-03-11,Welltower,Welltower Inc.,USD
91.79,92.84,90.93,90.97,2450942,WELL.N,2022-03-14,Welltower,Welltower Inc.,USD
91.34,91.99,89.46,90.2,1306913,WELL.N,2022-03-15,Welltower,Welltower Inc.,USD
90.78,91.78,88.72,90.71,2142911,WELL.N,2022-03-16,Welltower,Welltower Inc.,USD
90.52,92.48,90.19,92.01,1938664,WELL.N,2022-03-17,Welltower,Welltower Inc.,USD
91.65,92.8,91.34,92.17,3593779,WELL.N,2022-03-18,Welltower,Welltower Inc.,USD
92.62,93.225,91.98,92.7,1602816,WELL.N,2022-03-21,Welltower,Welltower Inc.,USD
93.3,94.61,92.42,92.62,2588110,WELL.N,2022-03-22,Welltower,Welltower Inc.,USD
92.8,93.375,91.325,92.83,1759190,WELL.N,2022-03-23,Welltower,Welltower Inc.,USD
92.8,94.78,92.23,94.66,2256913,WELL.N,2022-03-24,Welltower,Welltower Inc.,USD
95.0,96.32,94.965,96.22,1488687,WELL.N,2022-03-25,Welltower,Welltower Inc.,USD
96.53,96.61,95.65,96.26,1653243,WELL.N,2022-03-28,Welltower,Welltower Inc.,USD
96.91,98.47,96.585,98.31,2635589,WELL.N,2022-03-29,Welltower,Welltower Inc.,USD
97.79,98.25,96.83,97.86,1839246,WELL.N,2022-03-30,Welltower,Welltower Inc.,USD
97.86,98.16,96.1,96.14,2689038,WELL.N,2022-03-31,Welltower,Welltower Inc.,USD
97.0,97.85,96.62,97.82,1969803,WELL.N,2022-04-01,Welltower,Welltower Inc.,USD
99.15,99.43,96.66,97.67,2186430,WELL.N,2022-04-04,Welltower,Welltower Inc.,USD
97.17,98.26,95.14,95.69,1930306,WELL.N,2022-04-05,Welltower,Welltower Inc.,USD
95.5,97.29,94.58,97.06,1997452,WELL.N,2022-04-06,Welltower,Welltower Inc.,USD
96.75,97.05,95.35,96.29,1972972,WELL.N,2022-04-07,Welltower,Welltower Inc.,USD
96.81,97.12,96.25,96.98,1275697,WELL.N,2022-04-08,Welltower,Welltower Inc.,USD
97.14,97.65,96.12,96.37,1448188,WELL.N,2022-04-11,Welltower,Welltower Inc.,USD
96.36,97.42,95.16,96.56,2048459,WELL.N,2022-04-12,Welltower,Welltower Inc.,USD
97.0,97.5,95.95,96.9,1647907,WELL.N,2022-04-13,Welltower,Welltower Inc.,USD
97.4,98.42,95.86,96.03,1697832,WELL.N,2022-04-14,Welltower,Welltower Inc.,USD
95.84,96.63,95.57,96.49,2233369,WELL.N,2022-04-18,Welltower,Welltower Inc.,USD
97.14,97.76,95.99,96.78,1575863,WELL.N,2022-04-19,Welltower,Welltower Inc.,USD
96.63,98.15,96.39,97.51,2441783,WELL.N,2022-04-20,Welltower,Welltower Inc.,USD
97.92,98.27,97.125,97.3,2477877,WELL.N,2022-04-21,Welltower,Welltower Inc.,USD
96.37,96.84,94.73,94.94,1917590,WELL.N,2022-04-22,Welltower,Welltower Inc.,USD
94.85,95.74,93.9,95.56,2366903,WELL.N,2022-04-25,Welltower,Welltower Inc.,USD
95.29,96.385,94.77,95.26,1957418,WELL.N,2022-04-26,Welltower,Welltower Inc.,USD
95.48,95.62,92.84,93.24,1910903,WELL.N,2022-04-27,Welltower,Welltower Inc.,USD
93.21,94.65,92.63,94.44,1484003,WELL.N,2022-04-28,Welltower,Welltower Inc.,USD
94.2,94.62,90.59,90.81,2480340,WELL.N,2022-04-29,Welltower,Welltower Inc.,USD
91.38,92.325,88.59,90.12,2449195,WELL.N,2022-05-02,Welltower,Welltower Inc.,USD
90.47,92.31,88.49,90.69,4185624,WELL.N,2022-05-03,Welltower,Welltower Inc.,USD
90.24,90.77,87.91,90.22,2895954,WELL.N,2022-05-04,Welltower,Welltower Inc.,USD
90.04,91.125,89.2,89.97,2418717,WELL.N,2022-05-05,Welltower,Welltower Inc.,USD
88.82,89.12,87.22,88.43,2646662,WELL.N,2022-05-06,Welltower,Welltower Inc.,USD
87.77,88.89,86.715,87.06,2632458,WELL.N,2022-05-09,Welltower,Welltower Inc.,USD
87.8,88.19,85.02,85.8,3375147,WELL.N,2022-05-10,Welltower,Welltower Inc.,USD
85.45,88.85,84.84,86.99,3329271,WELL.N,2022-05-11,Welltower,Welltower Inc.,USD
87.14,87.17,85.55,87.08,2111575,WELL.N,2022-05-12,Welltower,Welltower Inc.,USD
87.64,88.45,86.92,88.37,2224858,WELL.N,2022-05-13,Welltower,Welltower Inc.,USD
88.77,89.209,88.31,88.85,1790832,WELL.N,2022-05-16,Welltower,Welltower Inc.,USD
89.54,89.7,88.1,89.66,2502728,WELL.N,2022-05-17,Welltower,Welltower Inc.,USD
90.38,90.69,87.84,88.22,2048589,WELL.N,2022-05-18,Welltower,Welltower Inc.,USD
87.62,88.93,87.07,87.52,2132081,WELL.N,2022-05-19,Welltower,Welltower Inc.,USD
88.83,89.12,86.95,88.11,2464129,WELL.N,2022-05-20,Welltower,Welltower Inc.,USD
88.25,89.0,87.07,87.71,2151942,WELL.N,2022-05-23,Welltower,Welltower Inc.,USD
87.55,88.43,85.68,88.42,2258138,WELL.N,2022-05-24,Welltower,Welltower Inc.,USD
88.12,89.25,88.12,88.95,2051040,WELL.N,2022-05-25,Welltower,Welltower Inc.,USD
89.72,90.18,88.32,88.58,1960472,WELL.N,2022-05-26,Welltower,Welltower Inc.,USD
88.94,90.35,88.91,90.17,2133929,WELL.N,2022-05-27,Welltower,Welltower Inc.,USD
89.25,89.68,88.66,89.09,7252492,WELL.N,2022-05-31,Welltower,Welltower Inc.,USD
88.95,89.15,86.43,88.16,2352065,WELL.N,2022-06-01,Welltower,Welltower Inc.,USD
87.88,88.96,86.28,88.87,1914907,WELL.N,2022-06-02,Welltower,Welltower Inc.,USD
88.62,88.945,87.45,88.0,1538892,WELL.N,2022-06-03,Welltower,Welltower Inc.,USD
88.71,88.71,86.81,87.14,1425475,WELL.N,2022-06-06,Welltower,Welltower Inc.,USD
86.91,89.45,86.91,89.3,1899330,WELL.N,2022-06-07,Welltower,Welltower Inc.,USD
88.93,89.09,85.67,85.98,1967838,WELL.N,2022-06-08,Welltower,Welltower Inc.,USD
85.27,85.85,83.17,83.23,1955990,WELL.N,2022-06-09,Welltower,Welltower Inc.,USD
82.41,83.23,81.71,82.07,2234877,WELL.N,2022-06-10,Welltower,Welltower Inc.,USD
80.26,80.83,77.46,77.85,2500139,WELL.N,2022-06-13,Welltower,Welltower Inc.,USD
77.8,78.61,76.78,77.45,2823033,WELL.N,2022-06-14,Welltower,Welltower Inc.,USD
78.21,79.48,77.25,78.45,3573237,WELL.N,2022-06-15,Welltower,Welltower Inc.,USD
77.41,78.86,76.625,77.7,2754818,WELL.N,2022-06-16,Welltower,Welltower Inc.,USD
77.42,79.13,76.56,77.65,9174336,WELL.N,2022-06-17,Welltower,Welltower Inc.,USD
78.74,80.55,78.06,78.68,2525743,WELL.N,2022-06-21,Welltower,Welltower Inc.,USD
78.13,80.96,78.13,79.77,2282081,WELL.N,2022-06-22,Welltower,Welltower Inc.,USD
80.25,82.08,79.54,81.71,2668055,WELL.N,2022-06-23,Welltower,Welltower Inc.,USD
82.07,83.86,81.57,83.36,3299947,WELL.N,2022-06-24,Welltower,Welltower Inc.,USD
83.11,84.67,82.475,83.17,1992556,WELL.N,2022-06-27,Welltower,Welltower Inc.,USD
83.78,84.76,82.74,82.88,1454800,WELL.N,2022-06-28,Welltower,Welltower Inc.,USD
82.68,83.69,82.68,83.23,1529403,WELL.N,2022-06-29,Welltower,Welltower Inc.,USD
82.85,83.49,81.885,82.35,2500473,WELL.N,2022-06-30,Welltower,Welltower Inc.,USD
81.94,83.41,81.53,83.21,1724947,WELL.N,2022-07-01,Welltower,Welltower Inc.,USD
82.73,82.85,79.99,82.36,1819040,WELL.N,2022-07-05,Welltower,Welltower Inc.,USD
82.73,83.46,81.64,81.67,1347415,WELL.N,2022-07-06,Welltower,Welltower Inc.,USD
81.56,82.46,81.18,81.72,1439584,WELL.N,2022-07-07,Welltower,Welltower Inc.,USD
81.75,82.74,81.47,82.11,1336879,WELL.N,2022-07-08,Welltower,Welltower Inc.,USD
82.02,82.6,81.47,82.11,971018,WELL.N,2022-07-11,Welltower,Welltower Inc.,USD
81.67,83.52,81.61,82.44,1467857,WELL.N,2022-07-12,Welltower,Welltower Inc.,USD
81.54,82.2,80.82,81.91,2150408,WELL.N,2022-07-13,Welltower,Welltower Inc.,USD
80.5,81.66,79.78,80.1,2771095,WELL.N,2022-07-14,Welltower,Welltower Inc.,USD
81.19,81.48,80.21,81.22,2078556,WELL.N,2022-07-15,Welltower,Welltower Inc.,USD
81.48,81.83,80.41,80.79,1586586,WELL.N,2022-07-18,Welltower,Welltower Inc.,USD
81.18,82.31,80.7,82.13,2123152,WELL.N,2022-07-19,Welltower,Welltower Inc.,USD
82.03,82.595,80.97,81.39,1551828,WELL.N,2022-07-20,Welltower,Welltower Inc.,USD
81.05,81.34,79.216,81.33,1695992,WELL.N,2022-07-21,Welltower,Welltower Inc.,USD
82.28,83.203,81.77,82.83,1685968,WELL.N,2022-07-22,Welltower,Welltower Inc.,USD
82.55,84.19,82.13,84.12,1745833,WELL.N,2022-07-25,Welltower,Welltower Inc.,USD
84.59,85.32,84.19,84.92,2263222,WELL.N,2022-07-26,Welltower,Welltower Inc.,USD
84.68,85.62,84.11,84.53,1392895,WELL.N,2022-07-27,Welltower,Welltower Inc.,USD
85.03,86.04,84.47,85.98,1561625,WELL.N,2022-07-28,Welltower,Welltower Inc.,USD
86.0,86.83,85.42,86.34,3905685,WELL.N,2022-07-29,Welltower,Welltower Inc.,USD
86.16,86.71,85.87,85.98,1322125,WELL.N,2022-08-01,Welltower,Welltower Inc.,USD
85.83,86.33,83.6,83.67,1853687,WELL.N,2022-08-02,Welltower,Welltower Inc.,USD
83.87,84.58,82.38,82.41,2280128,WELL.N,2022-08-03,Welltower,Welltower Inc.,USD
82.5,82.5,80.48,81.0,2569687,WELL.N,2022-08-04,Welltower,Welltower Inc.,USD
80.5,80.98,79.14,80.68,2911147,WELL.N,2022-08-05,Welltower,Welltower Inc.,USD
81.65,82.41,81.25,81.6,2063607,WELL.N,2022-08-08,Welltower,Welltower Inc.,USD
81.74,82.8,81.46,82.66,2889068,WELL.N,2022-08-09,Welltower,Welltower Inc.,USD
82.55,83.49,80.82,83.31,2909107,WELL.N,2022-08-10,Welltower,Welltower Inc.,USD
82.75,83.19,80.75,81.23,2985879,WELL.N,2022-08-11,Welltower,Welltower Inc.,USD
81.98,82.79,81.67,82.69,1954809,WELL.N,2022-08-12,Welltower,Welltower Inc.,USD
82.67,82.88,81.3,81.69,1249134,WELL.N,2022-08-15,Welltower,Welltower Inc.,USD
81.5,81.58,80.27,80.66,1986301,WELL.N,2022-08-16,Welltower,Welltower Inc.,USD
80.16,81.88,80.12,81.57,1922608,WELL.N,2022-08-17,Welltower,Welltower Inc.,USD
81.58,81.98,79.475,80.0,2531320,WELL.N,2022-08-18,Welltower,Welltower Inc.,USD
79.84,80.175,79.08,79.58,4554084,WELL.N,2022-08-19,Welltower,Welltower Inc.,USD
78.78,79.41,78.13,79.14,2459255,WELL.N,2022-08-22,Welltower,Welltower Inc.,USD
78.88,79.115,77.06,77.15,2562463,WELL.N,2022-08-23,Welltower,Welltower Inc.,USD
76.97,78.19,76.91,77.51,2594236,WELL.N,2022-08-24,Welltower,Welltower Inc.,USD
77.94,78.87,77.7,78.84,1845843,WELL.N,2022-08-25,Welltower,Welltower Inc.,USD
78.98,78.98,77.26,77.33,1757182,WELL.N,2022-08-26,Welltower,Welltower Inc.,USD
77.06,77.665,76.46,76.9,1868744,WELL.N,2022-08-29,Welltower,Welltower Inc.,USD
76.95,77.51,75.96,76.11,2084122,WELL.N,2022-08-30,Welltower,Welltower Inc.,USD
76.86,77.62,76.5,76.65,4030279,WELL.N,2022-08-31,Welltower,Welltower Inc.,USD
76.23,76.623,75.8,76.58,2017451,WELL.N,2022-09-01,Welltower,Welltower Inc.,USD
77.12,77.57,75.53,75.83,1679689,WELL.N,2022-09-02,Welltower,Welltower Inc.,USD
76.43,77.0,75.54,76.28,1896333,WELL.N,2022-09-06,Welltower,Welltower Inc.,USD
76.24,77.81,76.12,77.67,1435451,WELL.N,2022-09-07,Welltower,Welltower Inc.,USD
77.27,78.2,76.26,76.37,2306449,WELL.N,2022-09-08,Welltower,Welltower Inc.,USD
76.68,77.645,75.98,77.59,2547921,WELL.N,2022-09-09,Welltower,Welltower Inc.,USD
78.05,79.28,77.9,78.26,2309902,WELL.N,2022-09-12,Welltower,Welltower Inc.,USD
77.0,77.34,75.13,75.21,2490211,WELL.N,2022-09-13,Welltower,Welltower Inc.,USD
74.61,75.18,72.62,73.98,3786885,WELL.N,2022-09-14,Welltower,Welltower Inc.,USD
73.89,74.226,72.609,72.74,2928782,WELL.N,2022-09-15,Welltower,Welltower Inc.,USD
72.56,72.96,70.56,72.82,7662072,WELL.N,2022-09-16,Welltower,Welltower Inc.,USD
71.98,72.98,70.84,71.24,2818422,WELL.N,2022-09-19,Welltower,Welltower Inc.,USD
70.38,70.68,69.13,69.56,2249466,WELL.N,2022-09-20,Welltower,Welltower Inc.,USD
70.04,70.87,68.97,68.99,2023341,WELL.N,2022-09-21,Welltower,Welltower Inc.,USD
68.71,68.825,67.24,68.25,1982624,WELL.N,2022-09-22,Welltower,Welltower Inc.,USD
67.37,68.57,65.97,66.71,2723929,WELL.N,2022-09-23,Welltower,Welltower Inc.,USD
66.41,66.465,64.6,65.77,3006018,WELL.N,2022-09-26,Welltower,Welltower Inc.,USD
66.39,66.8,64.17,64.31,2467223,WELL.N,2022-09-27,Welltower,Welltower Inc.,USD
64.98,65.93,64.04,65.42,1846487,WELL.N,2022-09-28,Welltower,Welltower Inc.,USD
64.63,64.96,62.65,63.33,2844377,WELL.N,2022-09-29,Welltower,Welltower Inc.,USD
63.7,64.665,62.96,64.32,3208548,WELL.N,2022-09-30,Welltower,Welltower Inc.,USD
65.1,65.87,63.85,65.38,2560483,WELL.N,2022-10-03,Welltower,Welltower Inc.,USD
65.36,66.33,63.4,64.38,4330913,WELL.N,2022-10-04,Welltower,Welltower Inc.,USD
63.49,63.59,61.68,62.32,3007115,WELL.N,2022-10-05,Welltower,Welltower Inc.,USD
61.98,62.18,59.57,59.76,2802128,WELL.N,2022-10-06,Welltower,Welltower Inc.,USD
59.4,59.75,58.16,58.6,2773421,WELL.N,2022-10-07,Welltower,Welltower Inc.,USD
58.15,58.58,57.36,57.37,3556187,WELL.N,2022-10-10,Welltower,Welltower Inc.,USD
57.605,58.435,56.519,58.17,3054786,WELL.N,2022-10-11,Welltower,Welltower Inc.,USD
57.92,58.31,56.92,57.91,2439475,WELL.N,2022-10-12,Welltower,Welltower Inc.,USD
56.98,59.25,56.5,59.17,2622996,WELL.N,2022-10-13,Welltower,Welltower Inc.,USD
59.9,59.9,57.74,57.84,2731174,WELL.N,2022-10-14,Welltower,Welltower Inc.,USD
58.75,60.08,58.22,59.98,2579615,WELL.N,2022-10-17,Welltower,Welltower Inc.,USD
60.81,61.55,60.03,60.67,2359862,WELL.N,2022-10-18,Welltower,Welltower Inc.,USD
59.98,60.51,59.13,59.33,1709100,WELL.N,2022-10-19,Welltower,Welltower Inc.,USD
59.32,59.91,58.6,58.98,1832455,WELL.N,2022-10-20,Welltower,Welltower Inc.,USD
58.9,59.065,57.21,57.88,5553045,WELL.N,2022-10-21,Welltower,Welltower Inc.,USD
58.27,58.565,56.66,57.51,3645660,WELL.N,2022-10-24,Welltower,Welltower Inc.,USD
57.92,60.42,57.81,60.36,2659853,WELL.N,2022-10-25,Welltower,Welltower Inc.,USD
60.51,61.295,60.17,60.4,3869899,WELL.N,2022-10-26,Welltower,Welltower Inc.,USD
60.95,61.66,59.67,59.94,2349352,WELL.N,2022-10-27,Welltower,Welltower Inc.,USD
60.01,61.69,59.65,61.5,2167793,WELL.N,2022-10-28,Welltower,Welltower Inc.,USD
60.81,61.92,60.66,61.04,2275537,WELL.N,2022-10-31,Welltower,Welltower Inc.,USD
60.71,61.09,59.86,60.1,1806365,WELL.N,2022-11-01,Welltower,Welltower Inc.,USD
60.1,60.73,58.81,58.86,2287805,WELL.N,2022-11-02,Welltower,Welltower Inc.,USD
58.16,58.88,57.1,58.4,2578404,WELL.N,2022-11-03,Welltower,Welltower Inc.,USD
58.9,61.42,58.715,60.95,3315024,WELL.N,2022-11-04,Welltower,Welltower Inc.,USD
61.75,62.32,60.73,61.46,2523920,WELL.N,2022-11-07,Welltower,Welltower Inc.,USD
65.37,68.54,64.83,66.51,5087366,WELL.N,2022-11-08,Welltower,Welltower Inc.,USD
66.25,68.155,66.21,66.5,4330426,WELL.N,2022-11-09,Welltower,Welltower Inc.,USD
68.16,70.94,68.15,70.06,4430126,WELL.N,2022-11-10,Welltower,Welltower Inc.,USD
70.31,71.73,70.31,71.58,3012067,WELL.N,2022-11-11,Welltower,Welltower Inc.,USD
70.99,71.57,70.14,70.29,2378397,WELL.N,2022-11-14,Welltower,Welltower Inc.,USD
71.16,71.22,69.11,69.91,2800193,WELL.N,2022-11-15,Welltower,Welltower Inc.,USD
69.76,69.835,67.95,68.2,2600130,WELL.N,2022-11-16,Welltower,Welltower Inc.,USD
66.57,67.23,65.68,66.72,2407508,WELL.N,2022-11-17,Welltower,Welltower Inc.,USD
67.85,67.98,66.55,67.78,3804992,WELL.N,2022-11-18,Welltower,Welltower Inc.,USD
67.74,68.24,66.89,68.18,2267054,WELL.N,2022-11-21,Welltower,Welltower Inc.,USD
68.18,69.0,67.88,68.85,1885715,WELL.N,2022-11-22,Welltower,Welltower Inc.,USD
68.49,69.465,68.39,69.35,1577374,WELL.N,2022-11-23,Welltower,Welltower Inc.,USD
69.45,69.73,68.985,69.53,956614,WELL.N,2022-11-25,Welltower,Welltower Inc.,USD
69.19,69.84,66.29,66.64,3256692,WELL.N,2022-11-28,Welltower,Welltower Inc.,USD
66.89,69.24,66.81,69.2,2401826,WELL.N,2022-11-29,Welltower,Welltower Inc.,USD
69.1,71.53,68.62,71.03,9642543,WELL.N,2022-11-30,Welltower,Welltower Inc.,USD
71.45,72.2,70.56,70.99,3345668,WELL.N,2022-12-01,Welltower,Welltower Inc.,USD
70.39,71.53,69.66,71.08,2195061,WELL.N,2022-12-02,Welltower,Welltower Inc.,USD
70.51,71.167,69.95,70.19,2979113,WELL.N,2022-12-05,Welltower,Welltower Inc.,USD
70.52,70.52,67.93,68.2,3516491,WELL.N,2022-12-06,Welltower,Welltower Inc.,USD
64.79,65.98,64.02,65.0,10394978,WELL.N,2022-12-07,Welltower,Welltower Inc.,USD
65.2,66.67,65.03,65.7,3756808,WELL.N,2022-12-08,Welltower,Welltower Inc.,USD
65.61,67.06,65.285,66.67,2779473,WELL.N,2022-12-09,Welltower,Welltower Inc.,USD
66.69,66.89,64.99,65.73,3023784,WELL.N,2022-12-12,Welltower,Welltower Inc.,USD
67.82,68.065,65.17,66.26,4433504,WELL.N,2022-12-13,Welltower,Welltower Inc.,USD
66.21,68.58,65.99,67.35,3234416,WELL.N,2022-12-14,Welltower,Welltower Inc.,USD
66.64,67.59,66.28,67.12,2512503,WELL.N,2022-12-15,Welltower,Welltower Inc.,USD
66.05,66.56,63.58,64.32,8289868,WELL.N,2022-12-16,Welltower,Welltower Inc.,USD
64.19,64.42,63.09,63.7,2413182,WELL.N,2022-12-19,Welltower,Welltower Inc.,USD
63.01,63.93,62.62,63.55,2380573,WELL.N,2022-12-20,Welltower,Welltower Inc.,USD
64.07,65.09,63.625,63.97,1777251,WELL.N,2022-12-21,Welltower,Welltower Inc.,USD
63.17,64.57,63.0,64.53,1737888,WELL.N,2022-12-22,Welltower,Welltower Inc.,USD
64.39,65.08,63.79,65.07,1148144,WELL.N,2022-12-23,Welltower,Welltower Inc.,USD
65.06,66.35,64.91,65.94,1758024,WELL.N,2022-12-27,Welltower,Welltower Inc.,USD
66.07,66.62,64.625,64.84,1648275,WELL.N,2022-12-28,Welltower,Welltower Inc.,USD
65.47,66.24,64.75,65.83,1421999,WELL.N,2022-12-29,Welltower,Welltower Inc.,USD
65.64,66.01,64.77,65.55,1189669,WELL.N,2022-12-30,Welltower,Welltower Inc.,USD
66.51,67.175,65.48,66.95,3086360,WELL.N,2023-01-03,Welltower,Welltower Inc.,USD
67.69,69.41,67.49,68.84,2263692,WELL.N,2023-01-04,Welltower,Welltower Inc.,USD
68.11,68.62,66.69,67.39,1761767,WELL.N,2023-01-05,Welltower,Welltower Inc.,USD
67.73,70.0,67.4,69.78,1685007,WELL.N,2023-01-06,Welltower,Welltower Inc.,USD
70.09,70.31,69.15,69.27,2207383,WELL.N,2023-01-09,Welltower,Welltower Inc.,USD
68.72,69.01,67.96,68.99,2091086,WELL.N,2023-01-10,Welltower,Welltower Inc.,USD
69.6,71.985,69.535,71.83,2144696,WELL.N,2023-01-11,Welltower,Welltower Inc.,USD
72.0,72.73,71.58,72.1,2403154,WELL.N,2023-01-12,Welltower,Welltower Inc.,USD
71.55,71.95,70.83,71.15,1376855,WELL.N,2023-01-13,Welltower,Welltower Inc.,USD
71.29,72.09,71.05,71.71,1583042,WELL.N,2023-01-17,Welltower,Welltower Inc.,USD
72.21,72.49,71.36,71.65,2985070,WELL.N,2023-01-18,Welltower,Welltower Inc.,USD
71.29,72.28,71.29,71.65,2002237,WELL.N,2023-01-19,Welltower,Welltower Inc.,USD
71.83,72.91,71.29,72.83,1843721,WELL.N,2023-01-20,Welltower,Welltower Inc.,USD
72.72,74.52,72.2,74.28,2051207,WELL.N,2023-01-23,Welltower,Welltower Inc.,USD
73.83,74.92,73.5,74.88,1528134,WELL.N,2023-01-24,Welltower,Welltower Inc.,USD
74.7,74.84,73.405,73.86,1502814,WELL.N,2023-01-25,Welltower,Welltower Inc.,USD
74.18,74.405,73.63,74.18,1274776,WELL.N,2023-01-26,Welltower,Welltower Inc.,USD
74.3,75.57,73.47,75.19,2091629,WELL.N,2023-01-27,Welltower,Welltower Inc.,USD
74.86,75.28,74.46,74.52,2349641,WELL.N,2023-01-30,Welltower,Welltower Inc.,USD
74.38,75.1,73.86,75.04,2601955,WELL.N,2023-01-31,Welltower,Welltower Inc.,USD
74.97,75.42,73.53,74.88,2266486,WELL.N,2023-02-01,Welltower,Welltower Inc.,USD
75.49,76.723,74.82,76.27,1930798,WELL.N,2023-02-02,Welltower,Welltower Inc.,USD
75.16,75.88,74.32,75.82,1648659,WELL.N,2023-02-03,Welltower,Welltower Inc.,USD
74.93,75.36,73.68,74.52,1987104,WELL.N,2023-02-06,Welltower,Welltower Inc.,USD
74.08,75.64,73.75,74.92,2332541,WELL.N,2023-02-07,Welltower,Welltower Inc.,USD
74.74,75.44,74.3,75.0,1650197,WELL.N,2023-02-08,Welltower,Welltower Inc.,USD
75.55,75.55,73.615,73.99,2483482,WELL.N,2023-02-09,Welltower,Welltower Inc.,USD
73.73,75.59,73.55,75.28,2016679,WELL.N,2023-02-10,Welltower,Welltower Inc.,USD
75.39,76.28,75.28,75.89,1298768,WELL.N,2023-02-13,Welltower,Welltower Inc.,USD
75.51,76.39,75.15,75.75,1735553,WELL.N,2023-02-14,Welltower,Welltower Inc.,USD
75.06,75.83,74.8,75.72,1864969,WELL.N,2023-02-15,Welltower,Welltower Inc.,USD
74.22,78.54,73.71,78.05,2938056,WELL.N,2023-02-16,Welltower,Welltower Inc.,USD
78.3,78.495,77.11,77.4,2544023,WELL.N,2023-02-17,Welltower,Welltower Inc.,USD
77.14,77.51,75.83,76.82,2300914,WELL.N,2023-02-21,Welltower,Welltower Inc.,USD
77.19,77.89,75.5,75.62,2199793,WELL.N,2023-02-22,Welltower,Welltower Inc.,USD
75.86,76.44,75.09,76.17,1680498,WELL.N,2023-02-23,Welltower,Welltower Inc.,USD
75.0,75.66,73.96,74.87,1927633,WELL.N,2023-02-24,Welltower,Welltower Inc.,USD
75.05,75.61,73.72,74.27,1199747,WELL.N,2023-02-27,Welltower,Welltower Inc.,USD
74.66,74.83,73.92,74.12,4664437,WELL.N,2023-02-28,Welltower,Welltower Inc.,USD
73.55,73.715,71.51,73.09,2665896,WELL.N,2023-03-01,Welltower,Welltower Inc.,USD
72.8,74.45,72.71,74.35,1677847,WELL.N,2023-03-02,Welltower,Welltower Inc.,USD
74.86,75.84,74.7,75.31,1979840,WELL.N,2023-03-03,Welltower,Welltower Inc.,USD
75.6,75.98,74.905,75.19,2880795,WELL.N,2023-03-06,Welltower,Welltower Inc.,USD
75.04,75.04,73.76,73.97,4827615,WELL.N,2023-03-07,Welltower,Welltower Inc.,USD
73.69,75.45,73.58,74.72,1732699,WELL.N,2023-03-08,Welltower,Welltower Inc.,USD
74.5,74.94,72.38,72.45,4592956,WELL.N,2023-03-09,Welltower,Welltower Inc.,USD
71.84,72.32,67.72,67.83,4106330,WELL.N,2023-03-10,Welltower,Welltower Inc.,USD
67.23,69.65,66.72,69.21,2710274,WELL.N,2023-03-13,Welltower,Welltower Inc.,USD
70.57,71.6,70.15,71.56,2347187,WELL.N,2023-03-14,Welltower,Welltower Inc.,USD
70.69,71.33,69.94,71.25,2623757,WELL.N,2023-03-15,Welltower,Welltower Inc.,USD
70.54,71.35,69.42,70.85,2916363,WELL.N,2023-03-16,Welltower,Welltower Inc.,USD
70.2,71.16,68.58,68.75,4939850,WELL.N,2023-03-17,Welltower,Welltower Inc.,USD
69.14,69.9,68.66,69.13,3011971,WELL.N,2023-03-20,Welltower,Welltower Inc.,USD
69.66,70.23,69.05,69.39,2465227,WELL.N,2023-03-21,Welltower,Welltower Inc.,USD
68.99,69.17,66.1,66.17,2457134,WELL.N,2023-03-22,Welltower,Welltower Inc.,USD
66.29,67.39,65.66,65.76,1743894,WELL.N,2023-03-23,Welltower,Welltower Inc.,USD
65.44,67.56,65.18,67.48,1576664,WELL.N,2023-03-24,Welltower,Welltower Inc.,USD
68.0,68.37,67.51,67.88,1765144,WELL.N,2023-03-27,Welltower,Welltower Inc.,USD
67.46,69.13,67.05,68.77,2056487,WELL.N,2023-03-28,Welltower,Welltower Inc.,USD
69.78,70.72,69.68,69.96,1984042,WELL.N,2023-03-29,Welltower,Welltower Inc.,USD
70.63,71.19,70.15,70.95,1610087,WELL.N,2023-03-30,Welltower,Welltower Inc.,USD
71.25,71.76,70.28,71.69,3648452,WELL.N,2023-03-31,Welltower,Welltower Inc.,USD
71.96,72.65,71.14,71.73,2702727,WELL.N,2023-04-03,Welltower,Welltower Inc.,USD
71.89,72.06,70.085,70.38,2150310,WELL.N,2023-04-04,Welltower,Welltower Inc.,USD
70.35,71.26,70.13,70.56,1612188,WELL.N,2023-04-05,Welltower,Welltower Inc.,USD
71.67,72.155,70.49,71.55,1858229,WELL.N,2023-04-06,Welltower,Welltower Inc.,USD
71.24,72.86,70.91,72.82,1305263,WELL.N,2023-04-10,Welltower,Welltower Inc.,USD
74.18,75.17,73.61,74.34,2369449,WELL.N,2023-04-11,Welltower,Welltower Inc.,USD
75.15,75.355,74.4,74.63,1839039,WELL.N,2023-04-12,Welltower,Welltower Inc.,USD
74.73,74.96,73.32,74.5,2032521,WELL.N,2023-04-13,Welltower,Welltower Inc.,USD
74.83,75.12,73.655,74.09,1677100,WELL.N,2023-04-14,Welltower,Welltower Inc.,USD
74.18,75.26,74.12,75.24,1753403,WELL.N,2023-04-17,Welltower,Welltower Inc.,USD
75.17,75.53,74.65,75.45,1357367,WELL.N,2023-04-18,Welltower,Welltower Inc.,USD
74.87,76.31,74.85,76.25,1296599,WELL.N,2023-04-19,Welltower,Welltower Inc.,USD
76.2,76.31,75.25,75.88,1239360,WELL.N,2023-04-20,Welltower,Welltower Inc.,USD
76.08,76.22,75.05,75.63,1494736,WELL.N,2023-04-21,Welltower,Welltower Inc.,USD
75.95,76.06,74.46,75.33,1848829,WELL.N,2023-04-24,Welltower,Welltower Inc.,USD
75.04,76.66,74.77,76.39,2247742,WELL.N,2023-04-25,Welltower,Welltower Inc.,USD
76.1,76.94,75.75,76.17,2619805,WELL.N,2023-04-26,Welltower,Welltower Inc.,USD
76.2,78.0,76.2,77.99,2109908,WELL.N,2023-04-27,Welltower,Welltower Inc.,USD
78.25,79.27,77.96,79.22,2314026,WELL.N,2023-04-28,Welltower,Welltower Inc.,USD
79.0,79.65,78.12,78.26,2025195,WELL.N,2023-05-01,Welltower,Welltower Inc.,USD
78.11,78.465,76.76,77.35,2531882,WELL.N,2023-05-02,Welltower,Welltower Inc.,USD
78.14,79.04,76.45,77.52,2281541,WELL.N,2023-05-03,Welltower,Welltower Inc.,USD
77.7,78.21,75.93,76.9,2234074,WELL.N,2023-05-04,Welltower,Welltower Inc.,USD
77.21,78.98,76.84,78.76,1697186,WELL.N,2023-05-05,Welltower,Welltower Inc.,USD
77.36,77.99,76.2,76.33,4200509,WELL.N,2023-05-08,Welltower,Welltower Inc.,USD
76.35,78.72,76.0,78.32,4261047,WELL.N,2023-05-09,Welltower,Welltower Inc.,USD
78.8,79.7,77.95,79.38,2426324,WELL.N,2023-05-10,Welltower,Welltower Inc.,USD
78.8,79.9,78.19,79.15,2530200,WELL.N,2023-05-11,Welltower,Welltower Inc.,USD
79.12,79.59,78.8,79.3,1887323,WELL.N,2023-05-12,Welltower,Welltower Inc.,USD
79.11,80.24,78.58,80.13,2221381,WELL.N,2023-05-15,Welltower,Welltower Inc.,USD
80.3,80.3,77.48,77.53,2166728,WELL.N,2023-05-16,Welltower,Welltower Inc.,USD
77.81,77.935,76.385,77.51,1910981,WELL.N,2023-05-17,Welltower,Welltower Inc.,USD
77.0,77.82,76.475,76.88,1943069,WELL.N,2023-05-18,Welltower,Welltower Inc.,USD
77.26,77.52,76.12,76.54,1848005,WELL.N,2023-05-19,Welltower,Welltower Inc.,USD
76.64,77.42,76.31,76.49,1457789,WELL.N,2023-05-22,Welltower,Welltower Inc.,USD
76.4,77.325,76.09,76.17,1638044,WELL.N,2023-05-23,Welltower,Welltower Inc.,USD
76.12,76.39,74.12,74.23,1925926,WELL.N,2023-05-24,Welltower,Welltower Inc.,USD
74.52,74.52,72.47,73.62,1889217,WELL.N,2023-05-25,Welltower,Welltower Inc.,USD
73.9,74.0,72.845,73.54,1568966,WELL.N,2023-05-26,Welltower,Welltower Inc.,USD
73.31,74.145,72.83,73.13,1924013,WELL.N,2023-05-30,Welltower,Welltower Inc.,USD
73.55,74.84,73.25,74.61,7307307,WELL.N,2023-05-31,Welltower,Welltower Inc.,USD
74.08,75.11,73.28,74.61,1906376,WELL.N,2023-06-01,Welltower,Welltower Inc.,USD
75.64,76.769,75.22,75.76,2002215,WELL.N,2023-06-02,Welltower,Welltower Inc.,USD
75.85,76.25,75.41,76.09,1460008,WELL.N,2023-06-05,Welltower,Welltower Inc.,USD
76.67,78.67,76.445,78.65,2382574,WELL.N,2023-06-06,Welltower,Welltower Inc.,USD
79.43,80.73,78.88,80.42,2588149,WELL.N,2023-06-07,Welltower,Welltower Inc.,USD
79.86,80.51,79.042,79.8,3036544,WELL.N,2023-06-08,Welltower,Welltower Inc.,USD
80.02,81.15,79.55,81.1,2344055,WELL.N,2023-06-09,Welltower,Welltower Inc.,USD
81.04,81.82,80.835,81.81,2834302,WELL.N,2023-06-12,Welltower,Welltower Inc.,USD
81.75,82.605,81.5,81.95,2332745,WELL.N,2023-06-13,Welltower,Welltower Inc.,USD
82.51,82.92,81.36,81.54,3196274,WELL.N,2023-06-14,Welltower,Welltower Inc.,USD
81.51,81.51,79.41,80.15,4333672,WELL.N,2023-06-15,Welltower,Welltower Inc.,USD
80.52,81.97,79.98,80.41,11642809,WELL.N,2023-06-16,Welltower,Welltower Inc.,USD
80.01,80.29,78.613,79.22,2655237,WELL.N,2023-06-20,Welltower,Welltower Inc.,USD
78.71,79.12,78.01,78.99,2456077,WELL.N,2023-06-21,Welltower,Welltower Inc.,USD
79.24,79.38,77.3,78.46,1625931,WELL.N,2023-06-22,Welltower,Welltower Inc.,USD
77.92,78.54,75.86,76.28,3670670,WELL.N,2023-06-23,Welltower,Welltower Inc.,USD
76.55,79.68,76.43,79.57,2283629,WELL.N,2023-06-26,Welltower,Welltower Inc.,USD
80.03,80.98,79.18,80.74,1604356,WELL.N,2023-06-27,Welltower,Welltower Inc.,USD
80.37,80.565,79.64,80.06,1963952,WELL.N,2023-06-28,Welltower,Welltower Inc.,USD
79.82,80.53,79.48,80.39,1891831,WELL.N,2023-06-29,Welltower,Welltower Inc.,USD
80.91,81.22,79.435,80.89,4238287,WELL.N,2023-06-30,Welltower,Welltower Inc.,USD
80.35,81.77,80.35,81.47,968934,WELL.N,2023-07-03,Welltower,Welltower Inc.,USD
81.38,82.445,80.69,81.18,3081404,WELL.N,2023-07-05,Welltower,Welltower Inc.,USD
80.05,80.43,78.39,80.29,1830964,WELL.N,2023-07-06,Welltower,Welltower Inc.,USD
79.56,80.45,79.43,79.81,1427695,WELL.N,2023-07-07,Welltower,Welltower Inc.,USD
79.57,79.85,78.32,79.17,1710428,WELL.N,2023-07-10,Welltower,Welltower Inc.,USD
79.69,80.95,79.54,80.9,2501709,WELL.N,2023-07-11,Welltower,Welltower Inc.,USD
82.1,82.23,79.65,79.69,2254443,WELL.N,2023-07-12,Welltower,Welltower Inc.,USD
79.69,80.89,79.34,80.86,1866945,WELL.N,2023-07-13,Welltower,Welltower Inc.,USD
80.01,80.322,79.13,79.98,2114584,WELL.N,2023-07-14,Welltower,Welltower Inc.,USD
79.99,80.06,79.22,79.28,1199446,WELL.N,2023-07-17,Welltower,Welltower Inc.,USD
79.48,79.48,77.9,78.6,1828480,WELL.N,2023-07-18,Welltower,Welltower Inc.,USD
79.0,80.46,78.78,80.42,1857066,WELL.N,2023-07-19,Welltower,Welltower Inc.,USD
80.53,82.05,80.0,82.01,1557140,WELL.N,2023-07-20,Welltower,Welltower Inc.,USD
82.25,83.27,81.78,82.31,1531365,WELL.N,2023-07-21,Welltower,Welltower Inc.,USD
82.28,82.975,82.2,82.67,1202569,WELL.N,2023-07-24,Welltower,Welltower Inc.,USD
82.83,83.68,82.587,82.94,1708668,WELL.N,2023-07-25,Welltower,Welltower Inc.,USD
82.82,83.975,82.31,83.24,1608528,WELL.N,2023-07-26,Welltower,Welltower Inc.,USD
83.77,83.89,81.19,81.22,1487168,WELL.N,2023-07-27,Welltower,Welltower Inc.,USD
81.97,82.27,80.5,81.01,1198367,WELL.N,2023-07-28,Welltower,Welltower Inc.,USD
81.4,82.16,80.74,82.15,1910965,WELL.N,2023-07-31,Welltower,Welltower Inc.,USD
81.78,85.24,81.55,84.6,2401543,WELL.N,2023-08-01,Welltower,Welltower Inc.,USD
84.5,84.97,83.28,83.57,1582528,WELL.N,2023-08-02,Welltower,Welltower Inc.,USD
83.25,83.94,81.44,83.79,2183992,WELL.N,2023-08-03,Welltower,Welltower Inc.,USD
83.38,84.31,82.01,82.38,1737507,WELL.N,2023-08-04,Welltower,Welltower Inc.,USD
82.7,85.08,82.7,84.79,1639838,WELL.N,2023-08-07,Welltower,Welltower Inc.,USD
83.78,85.63,83.28,85.29,1512816,WELL.N,2023-08-08,Welltower,Welltower Inc.,USD
84.7,86.04,84.28,85.47,1993973,WELL.N,2023-08-09,Welltower,Welltower Inc.,USD
85.83,86.39,84.66,84.95,1420355,WELL.N,2023-08-10,Welltower,Welltower Inc.,USD
84.76,85.74,83.9,84.26,1872479,WELL.N,2023-08-11,Welltower,Welltower Inc.,USD
83.25,84.64,82.99,84.28,1803500,WELL.N,2023-08-14,Welltower,Welltower Inc.,USD
83.85,84.665,83.03,83.27,1600842,WELL.N,2023-08-15,Welltower,Welltower Inc.,USD
83.35,84.125,82.82,83.25,2216041,WELL.N,2023-08-16,Welltower,Welltower Inc.,USD
83.51,84.3,81.77,81.79,1883074,WELL.N,2023-08-17,Welltower,Welltower Inc.,USD
80.93,81.74,80.59,81.2,2170104,WELL.N,2023-08-18,Welltower,Welltower Inc.,USD
81.2,81.7,80.12,80.32,2207305,WELL.N,2023-08-21,Welltower,Welltower Inc.,USD
80.62,80.65,79.63,79.85,1642936,WELL.N,2023-08-22,Welltower,Welltower Inc.,USD
80.16,81.15,79.84,81.0,1641826,WELL.N,2023-08-23,Welltower,Welltower Inc.,USD
80.93,82.14,80.27,80.36,1537685,WELL.N,2023-08-24,Welltower,Welltower Inc.,USD
80.57,81.58,80.41,81.03,1388652,WELL.N,2023-08-25,Welltower,Welltower Inc.,USD
81.16,82.25,81.16,81.29,767911,WELL.N,2023-08-28,Welltower,Welltower Inc.,USD
81.29,83.14,81.0,83.06,1492949,WELL.N,2023-08-29,Welltower,Welltower Inc.,USD
83.04,83.375,82.44,82.91,1381915,WELL.N,2023-08-30,Welltower,Welltower Inc.,USD
83.02,83.41,82.62,82.88,3081792,WELL.N,2023-08-31,Welltower,Welltower Inc.,USD
83.32,83.76,82.25,82.64,1311864,WELL.N,2023-09-01,Welltower,Welltower Inc.,USD
82.66,83.01,80.41,80.86,1611285,WELL.N,2023-09-05,Welltower,Welltower Inc.,USD
81.22,82.56,80.85,81.98,1987951,WELL.N,2023-09-06,Welltower,Welltower Inc.,USD
82.21,83.25,81.98,82.55,1388125,WELL.N,2023-09-07,Welltower,Welltower Inc.,USD
82.55,83.05,82.09,82.6,1151025,WELL.N,2023-09-08,Welltower,Welltower Inc.,USD
83.03,83.92,82.775,83.74,1669559,WELL.N,2023-09-11,Welltower,Welltower Inc.,USD
83.21,84.35,83.19,83.59,1761144,WELL.N,2023-09-12,Welltower,Welltower Inc.,USD
83.56,84.17,82.39,82.58,1849583,WELL.N,2023-09-13,Welltower,Welltower Inc.,USD
83.61,84.81,83.6,84.51,2842684,WELL.N,2023-09-14,Welltower,Welltower Inc.,USD
84.115,85.155,83.82,84.37,7622995,WELL.N,2023-09-15,Welltower,Welltower Inc.,USD
84.53,85.25,83.73,84.79,2163121,WELL.N,2023-09-18,Welltower,Welltower Inc.,USD
84.98,85.26,83.74,83.74,2371400,WELL.N,2023-09-19,Welltower,Welltower Inc.,USD
84.85,86.72,84.22,85.26,2117455,WELL.N,2023-09-20,Welltower,Welltower Inc.,USD
84.96,85.34,83.55,83.74,2532489,WELL.N,2023-09-21,Welltower,Welltower Inc.,USD
83.67,84.37,82.7,82.83,2537195,WELL.N,2023-09-22,Welltower,Welltower Inc.,USD
82.39,83.38,82.27,83.19,1336838,WELL.N,2023-09-25,Welltower,Welltower Inc.,USD
82.59,82.81,81.03,81.09,1788697,WELL.N,2023-09-26,Welltower,Welltower Inc.,USD
81.55,82.59,80.02,80.2,2579520,WELL.N,2023-09-27,Welltower,Welltower Inc.,USD
80.9,81.695,80.35,80.46,2146148,WELL.N,2023-09-28,Welltower,Welltower Inc.,USD
83.51,84.25,81.4,81.92,4353373,WELL.N,2023-09-29,Welltower,Welltower Inc.,USD
81.51,84.5,80.67,81.73,5079452,WELL.N,2023-10-02,Welltower,Welltower Inc.,USD
80.85,81.39,78.38,79.31,3277538,WELL.N,2023-10-03,Welltower,Welltower Inc.,USD
79.77,81.74,79.555,81.65,2970061,WELL.N,2023-10-04,Welltower,Welltower Inc.,USD
81.52,83.24,81.52,83.0,3116880,WELL.N,2023-10-05,Welltower,Welltower Inc.,USD
82.2,82.9,80.55,81.48,3837570,WELL.N,2023-10-06,Welltower,Welltower Inc.,USD
80.83,82.4,80.8,82.12,2464731,WELL.N,2023-10-09,Welltower,Welltower Inc.,USD
82.09,84.45,82.09,83.67,2435729,WELL.N,2023-10-10,Welltower,Welltower Inc.,USD
84.36,85.95,84.14,85.81,3409688,WELL.N,2023-10-11,Welltower,Welltower Inc.,USD
84.8,85.41,84.31,85.0,2703366,WELL.N,2023-10-12,Welltower,Welltower Inc.,USD
85.58,85.68,84.59,85.15,2727127,WELL.N,2023-10-13,Welltower,Welltower Inc.,USD
85.77,85.98,84.53,85.67,2356430,WELL.N,2023-10-16,Welltower,Welltower Inc.,USD
85.28,86.97,85.07,86.56,2182679,WELL.N,2023-10-17,Welltower,Welltower Inc.,USD
86.06,86.48,84.89,85.76,1689840,WELL.N,2023-10-18,Welltower,Welltower Inc.,USD
85.2,85.72,83.75,83.92,3790584,WELL.N,2023-10-19,Welltower,Welltower Inc.,USD
84.07,84.78,83.61,83.89,2596790,WELL.N,2023-10-20,Welltower,Welltower Inc.,USD
83.11,83.54,82.74,82.99,3080826,WELL.N,2023-10-23,Welltower,Welltower Inc.,USD
83.67,84.6,83.52,84.29,3474022,WELL.N,2023-10-24,Welltower,Welltower Inc.,USD
83.71,84.25,82.52,82.67,3161218,WELL.N,2023-10-25,Welltower,Welltower Inc.,USD
83.01,84.0,82.97,83.04,2602441,WELL.N,2023-10-26,Welltower,Welltower Inc.,USD
83.48,83.8,81.29,81.35,2481009,WELL.N,2023-10-27,Welltower,Welltower Inc.,USD
82.25,82.76,80.8,81.87,5863589,WELL.N,2023-10-30,Welltower,Welltower Inc.,USD
83.73,85.65,82.535,83.61,4149342,WELL.N,2023-10-31,Welltower,Welltower Inc.,USD
83.84,85.47,83.07,85.43,2960950,WELL.N,2023-11-01,Welltower,Welltower Inc.,USD
86.69,88.07,86.0,87.8,2733347,WELL.N,2023-11-02,Welltower,Welltower Inc.,USD
88.8,89.69,88.225,88.45,2553743,WELL.N,2023-11-03,Welltower,Welltower Inc.,USD
88.07,88.48,87.365,88.14,1900550,WELL.N,2023-11-06,Welltower,Welltower Inc.,USD
85.78,86.78,85.6,85.65,9873998,WELL.N,2023-11-07,Welltower,Welltower Inc.,USD
86.09,86.73,85.48,86.37,12513550,WELL.N,2023-11-08,Welltower,Welltower Inc.,USD
86.825,87.315,84.55,84.64,2633845,WELL.N,2023-11-09,Welltower,Welltower Inc.,USD
85.49,86.175,84.94,85.98,4190376,WELL.N,2023-11-10,Welltower,Welltower Inc.,USD
84.94,85.66,84.38,85.47,2581089,WELL.N,2023-11-13,Welltower,Welltower Inc.,USD
87.85,88.09,86.84,86.94,3894076,WELL.N,2023-11-14,Welltower,Welltower Inc.,USD
86.83,87.693,86.235,86.28,3461735,WELL.N,2023-11-15,Welltower,Welltower Inc.,USD
86.47,87.57,86.36,86.77,2340717,WELL.N,2023-11-16,Welltower,Welltower Inc.,USD
87.47,87.78,86.525,87.49,2196733,WELL.N,2023-11-17,Welltower,Welltower Inc.,USD
87.54,89.083,87.28,88.55,2897386,WELL.N,2023-11-20,Welltower,Welltower Inc.,USD
88.14,89.14,87.845,88.74,2032705,WELL.N,2023-11-21,Welltower,Welltower Inc.,USD
89.45,89.5,87.89,88.7,1674477,WELL.N,2023-11-22,Welltower,Welltower Inc.,USD
88.67,89.72,88.1,89.62,920030,WELL.N,2023-11-24,Welltower,Welltower Inc.,USD
89.6,90.63,89.35,90.12,2336341,WELL.N,2023-11-27,Welltower,Welltower Inc.,USD
89.41,90.13,88.95,89.31,2676751,WELL.N,2023-11-28,Welltower,Welltower Inc.,USD
89.73,89.88,87.99,88.2,2534477,WELL.N,2023-11-29,Welltower,Welltower Inc.,USD
88.2,89.22,87.48,89.1,6974951,WELL.N,2023-11-30,Welltower,Welltower Inc.,USD
89.09,90.41,88.51,89.46,3281607,WELL.N,2023-12-01,Welltower,Welltower Inc.,USD
88.77,89.98,88.245,89.82,3011753,WELL.N,2023-12-04,Welltower,Welltower Inc.,USD
89.51,90.16,89.32,89.88,3330269,WELL.N,2023-12-05,Welltower,Welltower Inc.,USD
90.0,90.33,87.27,87.42,3717219,WELL.N,2023-12-06,Welltower,Welltower Inc.,USD
87.68,87.76,86.95,87.51,2512316,WELL.N,2023-12-07,Welltower,Welltower Inc.,USD
87.0,88.04,86.81,87.72,2072769,WELL.N,2023-12-08,Welltower,Welltower Inc.,USD
87.59,88.18,87.28,88.07,2220005,WELL.N,2023-12-11,Welltower,Welltower Inc.,USD
88.33,89.05,87.86,88.6,2140746,WELL.N,2023-12-12,Welltower,Welltower Inc.,USD
88.74,91.36,88.24,90.85,2712684,WELL.N,2023-12-13,Welltower,Welltower Inc.,USD
91.99,93.42,90.97,91.87,5067553,WELL.N,2023-12-14,Welltower,Welltower Inc.,USD
91.85,92.3,89.8,90.79,7152979,WELL.N,2023-12-15,Welltower,Welltower Inc.,USD
92.47,92.47,89.38,90.14,3144927,WELL.N,2023-12-18,Welltower,Welltower Inc.,USD
90.39,91.07,90.08,90.29,2124685,WELL.N,2023-12-19,Welltower,Welltower Inc.,USD
89.97,90.34,88.49,88.53,3196551,WELL.N,2023-12-20,Welltower,Welltower Inc.,USD
89.41,89.97,88.17,89.95,2097228,WELL.N,2023-12-21,Welltower,Welltower Inc.,USD
90.34,91.2,89.76,89.96,2187661,WELL.N,2023-12-22,Welltower,Welltower Inc.,USD
89.96,90.74,89.5,90.46,1008356,WELL.N,2023-12-26,Welltower,Welltower Inc.,USD
90.42,91.07,90.19,91.05,1332618,WELL.N,2023-12-27,Welltower,Welltower Inc.,USD
90.75,91.33,90.53,91.16,1318339,WELL.N,2023-12-28,Welltower,Welltower Inc.,USD
90.63,91.2,90.06,90.17,2331407,WELL.N,2023-12-29,Welltower,Welltower Inc.,USD
90.31,90.63,89.79,90.24,1906274,WELL.N,2024-01-02,Welltower,Welltower Inc.,USD
89.8,90.29,88.76,88.91,2079226,WELL.N,2024-01-03,Welltower,Welltower Inc.,USD
88.94,89.46,88.305,88.7,1824892,WELL.N,2024-01-04,Welltower,Welltower Inc.,USD
88.83,89.36,87.9,88.52,3072389,WELL.N,2024-01-05,Welltower,Welltower Inc.,USD
88.49,89.82,88.3,89.81,1787172,WELL.N,2024-01-08,Welltower,Welltower Inc.,USD
88.92,90.21,88.643,89.59,1731706,WELL.N,2024-01-09,Welltower,Welltower Inc.,USD
89.72,91.06,89.59,90.73,1881721,WELL.N,2024-01-10,Welltower,Welltower Inc.,USD
90.62,91.0,89.75,89.98,1505121,WELL.N,2024-01-11,Welltower,Welltower Inc.,USD
90.56,92.11,90.56,91.93,1937034,WELL.N,2024-01-12,Welltower,Welltower Inc.,USD
91.77,92.23,91.22,91.32,2243451,WELL.N,2024-01-16,Welltower,Welltower Inc.,USD
89.99,91.53,88.055,89.64,2005167,WELL.N,2024-01-17,Welltower,Welltower Inc.,USD
89.65,90.14,88.31,89.01,2284214,WELL.N,2024-01-18,Welltower,Welltower Inc.,USD
89.87,90.21,88.49,89.85,1946603,WELL.N,2024-01-19,Welltower,Welltower Inc.,USD
89.93,90.61,88.87,88.94,2170776,WELL.N,2024-01-22,Welltower,Welltower Inc.,USD
88.95,89.59,87.5,88.06,2408446,WELL.N,2024-01-23,Welltower,Welltower Inc.,USD
89.95,89.95,87.04,87.13,1943174,WELL.N,2024-01-24,Welltower,Welltower Inc.,USD
88.49,88.8,86.86,87.22,1790739,WELL.N,2024-01-25,Welltower,Welltower Inc.,USD
87.46,87.79,86.78,87.39,1293314,WELL.N,2024-01-26,Welltower,Welltower Inc.,USD
87.28,87.72,86.47,87.17,1580945,WELL.N,2024-01-29,Welltower,Welltower Inc.,USD
87.08,87.31,86.33,86.93,2878047,WELL.N,2024-01-30,Welltower,Welltower Inc.,USD
87.52,88.02,86.45,86.51,2766577,WELL.N,2024-01-31,Welltower,Welltower Inc.,USD
86.31,88.31,85.61,88.23,4542582,WELL.N,2024-02-01,Welltower,Welltower Inc.,USD
87.18,88.52,85.4,87.93,3900348,WELL.N,2024-02-02,Welltower,Welltower Inc.,USD
86.85,87.43,86.05,86.51,2726449,WELL.N,2024-02-05,Welltower,Welltower Inc.,USD
86.43,87.66,86.32,86.53,2821153,WELL.N,2024-02-06,Welltower,Welltower Inc.,USD
86.75,87.41,85.63,86.76,2645094,WELL.N,2024-02-07,Welltower,Welltower Inc.,USD
86.59,87.43,85.96,86.98,2161891,WELL.N,2024-02-08,Welltower,Welltower Inc.,USD
86.82,87.68,86.23,87.66,2124100,WELL.N,2024-02-09,Welltower,Welltower Inc.,USD
87.75,88.07,87.09,87.55,1916293,WELL.N,2024-02-12,Welltower,Welltower Inc.,USD
86.13,87.34,85.4,87.27,2552551,WELL.N,2024-02-13,Welltower,Welltower Inc.,USD
89.59,94.63,89.59,93.37,5693803,WELL.N,2024-02-14,Welltower,Welltower Inc.,USD
93.65,94.37,92.61,93.74,3125084,WELL.N,2024-02-15,Welltower,Welltower Inc.,USD
93.0,94.363,92.82,93.13,3102246,WELL.N,2024-02-16,Welltower,Welltower Inc.,USD
92.6,93.79,91.97,92.81,3622559,WELL.N,2024-02-20,Welltower,Welltower Inc.,USD
93.12,94.52,92.65,94.25,3004685,WELL.N,2024-02-21,Welltower,Welltower Inc.,USD
94.31,94.53,92.925,93.82,2609070,WELL.N,2024-02-22,Welltower,Welltower Inc.,USD
94.18,94.43,93.31,93.41,2007190,WELL.N,2024-02-23,Welltower,Welltower Inc.,USD
93.4,93.6,91.73,91.86,2270047,WELL.N,2024-02-26,Welltower,Welltower Inc.,USD
92.53,93.13,91.91,92.12,2707548,WELL.N,2024-02-27,Welltower,Welltower Inc.,USD
91.94,93.11,91.82,91.86,3651005,WELL.N,2024-02-28,Welltower,Welltower Inc.,USD
92.29,93.01,91.415,92.16,8932784,WELL.N,2024-02-29,Welltower,Welltower Inc.,USD
91.87,92.81,91.205,92.72,2556883,WELL.N,2024-03-01,Welltower,Welltower Inc.,USD
92.65,93.695,91.05,93.4,2521529,WELL.N,2024-03-04,Welltower,Welltower Inc.,USD
93.2,93.75,91.28,91.55,2457165,WELL.N,2024-03-05,Welltower,Welltower Inc.,USD
92.46,92.79,91.54,92.07,1809268,WELL.N,2024-03-06,Welltower,Welltower Inc.,USD
92.74,93.16,91.46,92.04,2102434,WELL.N,2024-03-07,Welltower,Welltower Inc.,USD
92.31,92.36,91.61,92.0,3137885,WELL.N,2024-03-08,Welltower,Welltower Inc.,USD
91.77,92.81,91.495,92.7,2170485,WELL.N,2024-03-11,Welltower,Welltower Inc.,USD
92.54,93.57,92.31,92.86,1743647,WELL.N,2024-03-12,Welltower,Welltower Inc.,USD
92.9,93.225,92.21,92.68,2334196,WELL.N,2024-03-13,Welltower,Welltower Inc.,USD
92.0,92.145,90.79,91.7,2517076,WELL.N,2024-03-14,Welltower,Welltower Inc.,USD
91.29,92.155,91.12,91.35,6279936,WELL.N,2024-03-15,Welltower,Welltower Inc.,USD
91.88,92.77,91.531,92.3,2074206,WELL.N,2024-03-18,Welltower,Welltower Inc.,USD
92.76,93.82,92.33,93.66,2686372,WELL.N,2024-03-19,Welltower,Welltower Inc.,USD
93.38,93.72,92.31,92.99,2212529,WELL.N,2024-03-20,Welltower,Welltower Inc.,USD
93.36,93.53,91.321,93.1,3810082,WELL.N,2024-03-21,Welltower,Welltower Inc.,USD
93.39,93.68,92.0,92.08,1659638,WELL.N,2024-03-22,Welltower,Welltower Inc.,USD
92.42,92.71,91.24,91.27,1762047,WELL.N,2024-03-25,Welltower,Welltower Inc.,USD
91.55,92.35,90.99,91.01,1776379,WELL.N,2024-03-26,Welltower,Welltower Inc.,USD
91.85,92.88,91.14,92.8,3077248,WELL.N,2024-03-27,Welltower,Welltower Inc.,USD
93.33,93.6,92.94,93.44,3519497,WELL.N,2024-03-28,Welltower,Welltower Inc.,USD
93.44,93.53,91.81,91.99,2198634,WELL.N,2024-04-01,Welltower,Welltower Inc.,USD
91.59,92.0,90.9,90.98,2581966,WELL.N,2024-04-02,Welltower,Welltower Inc.,USD
91.2,91.87,90.655,91.27,1974786,WELL.N,2024-04-03,Welltower,Welltower Inc.,USD
92.12,92.44,90.11,90.44,1787420,WELL.N,2024-04-04,Welltower,Welltower Inc.,USD
90.44,92.02,90.44,91.76,1728129,WELL.N,2024-04-05,Welltower,Welltower Inc.,USD
91.48,92.07,91.3,91.79,1807550,WELL.N,2024-04-08,Welltower,Welltower Inc.,USD
91.78,92.01,90.99,92.0,2018962,WELL.N,2024-04-09,Welltower,Welltower Inc.,USD
89.92,90.68,89.46,90.2,4559421,WELL.N,2024-04-10,Welltower,Welltower Inc.,USD
90.61,91.25,89.8,90.37,2312314,WELL.N,2024-04-11,Welltower,Welltower Inc.,USD
90.29,90.62,89.38,89.79,1808366,WELL.N,2024-04-12,Welltower,Welltower Inc.,USD
90.43,90.58,88.33,89.1,1548011,WELL.N,2024-04-15,Welltower,Welltower Inc.,USD
88.7,89.19,87.87,88.31,1911129,WELL.N,2024-04-16,Welltower,Welltower Inc.,USD
88.36,91.04,88.305,89.7,3175924,WELL.N,2024-04-17,Welltower,Welltower Inc.,USD
89.75,90.91,89.375,90.81,1879065,WELL.N,2024-04-18,Welltower,Welltower Inc.,USD
91.41,91.99,90.77,91.32,1901567,WELL.N,2024-04-19,Welltower,Welltower Inc.,USD
91.73,91.88,90.76,91.61,1940557,WELL.N,2024-04-22,Welltower,Welltower Inc.,USD
91.8,93.04,91.41,92.93,2378965,WELL.N,2024-04-23,Welltower,Welltower Inc.,USD
92.2,94.0,91.91,93.7,2692286,WELL.N,2024-04-24,Welltower,Welltower Inc.,USD
93.18,94.12,92.73,94.0,2477888,WELL.N,2024-04-25,Welltower,Welltower Inc.,USD
94.3,94.99,93.96,94.34,1857213,WELL.N,2024-04-26,Welltower,Welltower Inc.,USD
95.09,95.83,94.62,95.78,2607971,WELL.N,2024-04-29,Welltower,Welltower Inc.,USD
94.52,98.19,94.52,95.28,3879139,WELL.N,2024-04-30,Welltower,Welltower Inc.,USD
95.02,96.05,94.138,94.36,2283496,WELL.N,2024-05-01,Welltower,Welltower Inc.,USD
95.0,96.19,93.715,96.08,3129173,WELL.N,2024-05-02,Welltower,Welltower Inc.,USD
96.96,97.205,94.66,95.81,2557328,WELL.N,2024-05-03,Welltower,Welltower Inc.,USD
96.5,96.85,95.86,96.78,1605775,WELL.N,2024-05-06,Welltower,Welltower Inc.,USD
97.5,97.96,96.91,97.46,1836430,WELL.N,2024-05-07,Welltower,Welltower Inc.,USD
97.8,98.66,97.22,98.4,2293611,WELL.N,2024-05-08,Welltower,Welltower Inc.,USD
98.83,99.34,97.88,99.16,2253013,WELL.N,2024-05-09,Welltower,Welltower Inc.,USD
98.89,99.39,98.33,98.83,1763576,WELL.N,2024-05-10,Welltower,Welltower Inc.,USD
99.09,99.68,98.36,99.48,2091045,WELL.N,2024-05-13,Welltower,Welltower Inc.,USD
99.77,100.33,98.66,98.82,2721822,WELL.N,2024-05-14,Welltower,Welltower Inc.,USD
100.4,101.1,99.3,101.0,2632672,WELL.N,2024-05-15,Welltower,Welltower Inc.,USD
101.43,101.755,100.81,100.95,2326353,WELL.N,2024-05-16,Welltower,Welltower Inc.,USD
101.51,101.88,100.89,101.29,1913218,WELL.N,2024-05-17,Welltower,Welltower Inc.,USD
101.01,102.15,100.79,100.84,1800733,WELL.N,2024-05-20,Welltower,Welltower Inc.,USD
100.82,101.34,100.37,101.1,1472949,WELL.N,2024-05-21,Welltower,Welltower Inc.,USD
101.06,102.66,100.39,101.87,2274330,WELL.N,2024-05-22,Welltower,Welltower Inc.,USD
101.96,102.0,99.77,99.96,2129837,WELL.N,2024-05-23,Welltower,Welltower Inc.,USD
100.65,101.37,100.08,100.87,1936733,WELL.N,2024-05-24,Welltower,Welltower Inc.,USD
101.44,101.75,100.65,100.83,2738049,WELL.N,2024-05-28,Welltower,Welltower Inc.,USD
100.39,100.92,99.95,100.64,2075949,WELL.N,2024-05-29,Welltower,Welltower Inc.,USD
101.07,102.21,100.96,102.15,1672519,WELL.N,2024-05-30,Welltower,Welltower Inc.,USD
102.86,104.05,102.05,103.67,7068469,WELL.N,2024-05-31,Welltower,Welltower Inc.,USD
103.76,104.4,103.32,104.06,3030120,WELL.N,2024-06-03,Welltower,Welltower Inc.,USD
103.91,105.01,103.411,104.49,2039240,WELL.N,2024-06-04,Welltower,Welltower Inc.,USD
104.38,105.69,104.09,105.01,2202924,WELL.N,2024-06-05,Welltower,Welltower Inc.,USD
104.65,105.25,104.23,104.65,1666341,WELL.N,2024-06-06,Welltower,Welltower Inc.,USD
103.82,104.16,103.13,103.81,1967243,WELL.N,2024-06-07,Welltower,Welltower Inc.,USD
104.55,105.25,103.45,103.53,2267975,WELL.N,2024-06-10,Welltower,Welltower Inc.,USD
102.85,104.115,102.37,103.46,2346457,WELL.N,2024-06-11,Welltower,Welltower Inc.,USD
105.27,105.27,102.6,102.87,2182167,WELL.N,2024-06-12,Welltower,Welltower Inc.,USD
103.3,104.08,102.89,103.87,1883237,WELL.N,2024-06-13,Welltower,Welltower Inc.,USD
103.85,104.47,103.18,104.04,1859543,WELL.N,2024-06-14,Welltower,Welltower Inc.,USD
103.55,104.33,103.3,103.79,1900331,WELL.N,2024-06-17,Welltower,Welltower Inc.,USD
103.81,104.26,102.95,103.94,2172606,WELL.N,2024-06-18,Welltower,Welltower Inc.,USD
103.67,103.89,102.8,103.03,3079997,WELL.N,2024-06-20,Welltower,Welltower Inc.,USD
102.93,103.35,101.8,102.32,17573828,WELL.N,2024-06-21,Welltower,Welltower Inc.,USD
102.4,103.89,102.07,102.97,3349761,WELL.N,2024-06-24,Welltower,Welltower Inc.,USD
102.98,103.09,100.455,100.93,3136599,WELL.N,2024-06-25,Welltower,Welltower Inc.,USD
100.52,101.94,100.13,101.83,2846676,WELL.N,2024-06-26,Welltower,Welltower Inc.,USD
102.06,103.58,101.97,103.35,2649637,WELL.N,2024-06-27,Welltower,Welltower Inc.,USD
103.77,104.86,103.29,104.25,11688689,WELL.N,2024-06-28,Welltower,Welltower Inc.,USD
104.24,104.78,102.94,104.0,2494119,WELL.N,2024-07-01,Welltower,Welltower Inc.,USD
104.55,105.98,104.08,105.97,2775533,WELL.N,2024-07-02,Welltower,Welltower Inc.,USD
105.91,106.23,105.16,105.35,1204766,WELL.N,2024-07-03,Welltower,Welltower Inc.,USD
105.5,106.5,104.73,106.48,1626897,WELL.N,2024-07-05,Welltower,Welltower Inc.,USD
105.77,105.95,104.28,104.42,3726319,WELL.N,2024-07-08,Welltower,Welltower Inc.,USD
104.16,105.05,103.3,104.83,4672143,WELL.N,2024-07-09,Welltower,Welltower Inc.,USD
105.23,105.41,102.92,104.55,2448001,WELL.N,2024-07-10,Welltower,Welltower Inc.,USD
104.97,106.22,103.75,104.65,3071695,WELL.N,2024-07-11,Welltower,Welltower Inc.,USD
104.96,104.985,103.355,104.2,3512491,WELL.N,2024-07-12,Welltower,Welltower Inc.,USD
104.47,105.565,104.1,105.34,1811557,WELL.N,2024-07-15,Welltower,Welltower Inc.,USD
105.98,106.37,105.342,105.94,2181683,WELL.N,2024-07-16,Welltower,Welltower Inc.,USD
105.99,106.942,105.54,106.79,2144399,WELL.N,2024-07-17,Welltower,Welltower Inc.,USD
106.23,107.58,105.59,105.95,1599250,WELL.N,2024-07-18,Welltower,Welltower Inc.,USD
106.66,108.06,105.86,107.41,2100836,WELL.N,2024-07-19,Welltower,Welltower Inc.,USD
107.39,108.67,106.98,108.63,1744080,WELL.N,2024-07-22,Welltower,Welltower Inc.,USD
108.75,110.63,108.45,109.59,2601636,WELL.N,2024-07-23,Welltower,Welltower Inc.,USD
109.59,111.39,109.07,109.55,2224165,WELL.N,2024-07-24,Welltower,Welltower Inc.,USD
110.09,111.85,108.49,108.49,2572617,WELL.N,2024-07-25,Welltower,Welltower Inc.,USD
108.6,110.487,108.24,109.78,2104674,WELL.N,2024-07-26,Welltower,Welltower Inc.,USD
110.3,112.16,109.37,111.65,3316862,WELL.N,2024-07-29,Welltower,Welltower Inc.,USD
113.97,115.33,111.21,112.24,3992166,WELL.N,2024-07-30,Welltower,Welltower Inc.,USD
112.23,113.79,111.24,111.25,3178402,WELL.N,2024-07-31,Welltower,Welltower Inc.,USD
112.4,112.92,111.07,112.39,1967229,WELL.N,2024-08-01,Welltower,Welltower Inc.,USD
112.38,114.62,111.95,112.76,2827096,WELL.N,2024-08-02,Welltower,Welltower Inc.,USD
112.11,114.68,110.74,111.04,4104421,WELL.N,2024-08-05,Welltower,Welltower Inc.,USD
111.63,115.86,111.28,114.96,3935820,WELL.N,2024-08-06,Welltower,Welltower Inc.,USD
115.57,117.44,114.62,114.82,3426073,WELL.N,2024-08-07,Welltower,Welltower Inc.,USD
114.77,116.4,114.37,115.73,2543359,WELL.N,2024-08-08,Welltower,Welltower Inc.,USD
116.24,117.67,115.45,117.4,2209244,WELL.N,2024-08-09,Welltower,Welltower Inc.,USD
116.95,117.79,115.771,116.62,2116924,WELL.N,2024-08-12,Welltower,Welltower Inc.,USD
117.35,117.98,116.57,117.17,1740404,WELL.N,2024-08-13,Welltower,Welltower Inc.,USD
117.07,118.63,117.07,117.51,2340413,WELL.N,2024-08-14,Welltower,Welltower Inc.,USD
117.26,118.48,115.345,116.34,2462267,WELL.N,2024-08-15,Welltower,Welltower Inc.,USD
116.32,116.46,115.33,115.92,3472521,WELL.N,2024-08-16,Welltower,Welltower Inc.,USD
116.0,117.0,115.18,115.54,1681877,WELL.N,2024-08-19,Welltower,Welltower Inc.,USD
115.74,116.838,115.49,116.43,1681872,WELL.N,2024-08-20,Welltower,Welltower Inc.,USD
116.79,117.23,116.29,116.33,3015997,WELL.N,2024-08-21,Welltower,Welltower Inc.,USD
116.5,117.88,116.5,117.82,1668704,WELL.N,2024-08-22,Welltower,Welltower Inc.,USD
118.1,119.5,118.005,119.37,2221113,WELL.N,2024-08-23,Welltower,Welltower Inc.,USD
119.51,120.22,118.865,119.24,1399201,WELL.N,2024-08-26,Welltower,Welltower Inc.,USD
118.64,120.79,118.423,120.26,2356016,WELL.N,2024-08-27,Welltower,Welltower Inc.,USD
120.39,121.48,120.38,121.07,2948838,WELL.N,2024-08-28,Welltower,Welltower Inc.,USD
120.99,121.25,119.93,120.55,2011946,WELL.N,2024-08-29,Welltower,Welltower Inc.,USD
120.92,121.7,119.96,120.68,7190752,WELL.N,2024-08-30,Welltower,Welltower Inc.,USD
120.23,122.355,120.23,122.06,2888971,WELL.N,2024-09-03,Welltower,Welltower Inc.,USD
122.25,124.875,122.18,124.48,4334131,WELL.N,2024-09-04,Welltower,Welltower Inc.,USD
125.18,125.5,123.64,124.0,2608259,WELL.N,2024-09-05,Welltower,Welltower Inc.,USD
123.86,124.83,123.0,124.6,2457052,WELL.N,2024-09-06,Welltower,Welltower Inc.,USD
124.62,127.47,124.47,127.33,3460214,WELL.N,2024-09-09,Welltower,Welltower Inc.,USD
127.88,129.11,126.33,129.02,2506289,WELL.N,2024-09-10,Welltower,Welltower Inc.,USD
128.065,128.78,126.69,128.66,3995033,WELL.N,2024-09-11,Welltower,Welltower Inc.,USD
128.03,128.93,127.05,128.83,3055662,WELL.N,2024-09-12,Welltower,Welltower Inc.,USD
129.05,129.865,128.28,129.75,2100052,WELL.N,2024-09-13,Welltower,Welltower Inc.,USD
130.97,131.31,129.095,129.18,2199404,WELL.N,2024-09-16,Welltower,Welltower Inc.,USD
128.95,129.556,127.06,127.46,2110315,WELL.N,2024-09-17,Welltower,Welltower Inc.,USD
127.64,128.72,126.78,127.67,2729270,WELL.N,2024-09-18,Welltower,Welltower Inc.,USD
127.66,128.46,124.49,125.39,3091307,WELL.N,2024-09-19,Welltower,Welltower Inc.,USD
123.98,126.3,123.053,125.27,10565683,WELL.N,2024-09-20,Welltower,Welltower Inc.,USD
125.83,128.705,125.495,128.59,2410175,WELL.N,2024-09-23,Welltower,Welltower Inc.,USD
127.12,128.39,126.845,127.6,2389673,WELL.N,2024-09-24,Welltower,Welltower Inc.,USD
128.31,129.54,128.27,129.08,2777826,WELL.N,2024-09-25,Welltower,Welltower Inc.,USD
128.92,129.08,126.11,126.55,3375973,WELL.N,2024-09-26,Welltower,Welltower Inc.,USD
127.35,127.52,126.21,127.2,2286015,WELL.N,2024-09-27,Welltower,Welltower Inc.,USD
127.11,128.03,126.2,128.03,3515441,WELL.N,2024-09-30,Welltower,Welltower Inc.,USD
128.31,128.5,126.91,127.58,1981784,WELL.N,2024-10-01,Welltower,Welltower Inc.,USD
126.42,127.97,126.12,127.03,2047391,WELL.N,2024-10-02,Welltower,Welltower Inc.,USD
127.34,127.77,126.22,126.46,1702534,WELL.N,2024-10-03,Welltower,Welltower Inc.,USD
125.32,125.9,124.54,125.56,1966641,WELL.N,2024-10-04,Welltower,Welltower Inc.,USD
124.91,125.53,123.99,124.27,2857726,WELL.N,2024-10-07,Welltower,Welltower Inc.,USD
124.5,124.995,123.82,124.77,2092230,WELL.N,2024-10-08,Welltower,Welltower Inc.,USD
124.8,124.865,123.24,124.34,2413691,WELL.N,2024-10-09,Welltower,Welltower Inc.,USD
124.36,124.45,122.34,123.11,1722176,WELL.N,2024-10-10,Welltower,Welltower Inc.,USD
124.34,125.31,123.6,125.18,1758323,WELL.N,2024-10-11,Welltower,Welltower Inc.,USD
126.17,127.91,125.72,127.6,2195789,WELL.N,2024-10-14,Welltower,Welltower Inc.,USD
128.48,130.04,128.1,129.25,2442825,WELL.N,2024-10-15,Welltower,Welltower Inc.,USD
129.2,130.75,128.82,130.35,1560657,WELL.N,2024-10-16,Welltower,Welltower Inc.,USD
130.8,131.01,130.0,130.74,1971538,WELL.N,2024-10-17,Welltower,Welltower Inc.,USD
131.42,132.27,130.72,132.24,2187176,WELL.N,2024-10-18,Welltower,Welltower Inc.,USD
131.95,132.538,129.78,130.06,2416612,WELL.N,2024-10-21,Welltower,Welltower Inc.,USD
129.48,130.7,129.25,130.09,1416303,WELL.N,2024-10-22,Welltower,Welltower Inc.,USD
129.91,132.27,129.67,131.77,1676585,WELL.N,2024-10-23,Welltower,Welltower Inc.,USD
131.44,132.45,131.095,132.04,1197216,WELL.N,2024-10-24,Welltower,Welltower Inc.,USD
132.4,132.66,130.13,130.2,1837117,WELL.N,2024-10-25,Welltower,Welltower Inc.,USD
130.79,131.54,129.93,130.57,2282516,WELL.N,2024-10-28,Welltower,Welltower Inc.,USD
133.62,137.73,133.4,137.34,4160371,WELL.N,2024-10-29,Welltower,Welltower Inc.,USD
137.46,139.8,136.95,138.45,3679268,WELL.N,2024-10-30,Welltower,Welltower Inc.,USD
137.38,138.615,134.63,134.88,3980892,WELL.N,2024-10-31,Welltower,Welltower Inc.,USD
135.54,136.67,133.15,133.27,2217140,WELL.N,2024-11-01,Welltower,Welltower Inc.,USD
133.67,134.88,133.36,134.31,2131758,WELL.N,2024-11-04,Welltower,Welltower Inc.,USD
133.7,135.17,133.05,135.12,2355797,WELL.N,2024-11-05,Welltower,Welltower Inc.,USD
136.0,136.0,131.21,133.67,2928677,WELL.N,2024-11-06,Welltower,Welltower Inc.,USD
133.91,137.52,133.46,136.92,2020787,WELL.N,2024-11-07,Welltower,Welltower Inc.,USD
138.0,140.1943,137.905,138.2,2485014,WELL.N,2024-11-08,Welltower,Welltower Inc.,USD
138.0,138.79,136.9,137.63,2868476,WELL.N,2024-11-11,Welltower,Welltower Inc.,USD
137.58,137.97,135.9,135.96,2377007,WELL.N,2024-11-12,Welltower,Welltower Inc.,USD
136.63,137.31,134.78,134.95,3404843,WELL.N,2024-11-13,Welltower,Welltower Inc.,USD
134.64,135.31,133.26,134.42,2215529,WELL.N,2024-11-14,Welltower,Welltower Inc.,USD
133.91,136.25,133.805,136.02,1994313,WELL.N,2024-11-15,Welltower,Welltower Inc.,USD
135.2,137.21,135.2,137.01,2330702,WELL.N,2024-11-18,Welltower,Welltower Inc.,USD
137.11,138.59,136.415,138.18,1652566,WELL.N,2024-11-19,Welltower,Welltower Inc.,USD
137.56,138.47,137.16,137.4,1720093,WELL.N,2024-11-20,Welltower,Welltower Inc.,USD
137.27,138.34,136.82,137.88,1831042,WELL.N,2024-11-21,Welltower,Welltower Inc.,USD
138.82,139.34,137.3,137.91,1619166,WELL.N,2024-11-22,Welltower,Welltower Inc.,USD
137.79,138.52,135.685,135.75,9475131,WELL.N,2024-11-25,Welltower,Welltower Inc.,USD
136.57,139.1,136.05,138.96,2874713,WELL.N,2024-11-26,Welltower,Welltower Inc.,USD
139.83,140.75,138.8906,139.3,3352094,WELL.N,2024-11-27,Welltower,Welltower Inc.,USD
139.1,140.29,138.18,138.18,2149196,WELL.N,2024-11-29,Welltower,Welltower Inc.,USD
137.39,137.8,133.49,134.03,2416406,WELL.N,2024-12-02,Welltower,Welltower Inc.,USD
133.19,134.38,132.65,132.85,3142040,WELL.N,2024-12-03,Welltower,Welltower Inc.,USD
133.76,134.33,132.26,133.59,3159930,WELL.N,2024-12-04,Welltower,Welltower Inc.,USD
133.08,133.855,132.355,132.61,2468892,WELL.N,2024-12-05,Welltower,Welltower Inc.,USD
132.11,133.13,130.38,131.37,2304762,WELL.N,2024-12-06,Welltower,Welltower Inc.,USD
131.25,131.89,129.03,129.45,3808161,WELL.N,2024-12-09,Welltower,Welltower Inc.,USD
129.69,131.01,128.81,129.27,2581519,WELL.N,2024-12-10,Welltower,Welltower Inc.,USD
128.445,129.41,127.98,128.59,2252896,WELL.N,2024-12-11,Welltower,Welltower Inc.,USD
128.87,130.22,128.44,128.44,1810947,WELL.N,2024-12-12,Welltower,Welltower Inc.,USD
128.45,129.65,127.9,129.12,1955442,WELL.N,2024-12-13,Welltower,Welltower Inc.,USD
129.5,130.49,128.66,128.7,2170654,WELL.N,2024-12-16,Welltower,Welltower Inc.,USD
128.14,131.02,127.7201,129.23,3497892,WELL.N,2024-12-17,Welltower,Welltower Inc.,USD
128.71,129.94,125.4,125.59,4105163,WELL.N,2024-12-18,Welltower,Welltower Inc.,USD
125.98,128.38,123.66,123.78,4629156,WELL.N,2024-12-19,Welltower,Welltower Inc.,USD
124.58,126.6,123.25,124.64,11368571,WELL.N,2024-12-20,Welltower,Welltower Inc.,USD
124.77,126.02,124.02,125.62,1871941,WELL.N,2024-12-23,Welltower,Welltower Inc.,USD
125.02,126.89,125.02,126.59,1074764,WELL.N,2024-12-24,Welltower,Welltower Inc.,USD
125.6,126.87,125.6,126.39,1079007,WELL.N,2024-12-26,Welltower,Welltower Inc.,USD
125.6,126.43,124.71,125.0,2612197,WELL.N,2024-12-27,Welltower,Welltower Inc.,USD
124.35,125.22,123.48,124.92,1255027,WELL.N,2024-12-30,Welltower,Welltower Inc.,USD
125.94,126.27,124.75,126.03,2645399,WELL.N,2024-12-31,Welltower,Welltower Inc.,USD
125.64,126.11,123.57,124.72,1716590,WELL.N,2025-01-02,Welltower,Welltower Inc.,USD
124.92,126.175,124.46,125.82,2433667,WELL.N,2025-01-03,Welltower,Welltower Inc.,USD
125.78,126.32,123.77,124.05,2136804,WELL.N,2025-01-06,Welltower,Welltower Inc.,USD
124.73,125.58,123.66,124.24,2606347,WELL.N,2025-01-07,Welltower,Welltower Inc.,USD
124.87,127.18,124.01,126.48,2353144,WELL.N,2025-01-08,Welltower,Welltower Inc.,USD
125.13,126.27,123.11,124.78,3116210,WELL.N,2025-01-10,Welltower,Welltower Inc.,USD
124.5,125.91,124.19,125.72,2392128,WELL.N,2025-01-13,Welltower,Welltower Inc.,USD
125.74,127.0,125.7,126.87,1844383,WELL.N,2025-01-14,Welltower,Welltower Inc.,USD
128.93,129.43,125.8118,126.59,2525410,WELL.N,2025-01-15,Welltower,Welltower Inc.,USD
126.68,128.81,126.5,128.73,1732919,WELL.N,2025-01-16,Welltower,Welltower Inc.,USD
129.11,129.68,128.35,129.34,2727175,WELL.N,2025-01-17,Welltower,Welltower Inc.,USD
129.62,134.25,129.62,133.67,3558330,WELL.N,2025-01-21,Welltower,Welltower Inc.,USD
133.59,133.59,131.08,131.15,3666104,WELL.N,2025-01-22,Welltower,Welltower Inc.,USD
131.1,132.39,130.71,132.24,3374658,WELL.N,2025-01-23,Welltower,Welltower Inc.,USD
132.0,137.58,131.14,136.75,3504471,WELL.N,2025-01-24,Welltower,Welltower Inc.,USD
136.58,139.29,136.295,138.45,3033942,WELL.N,2025-01-27,Welltower,Welltower Inc.,USD
138.36,139.9,136.49,137.15,1989349,WELL.N,2025-01-28,Welltower,Welltower Inc.,USD
137.15,138.12,134.3,134.93,1781808,WELL.N,2025-01-29,Welltower,Welltower Inc.,USD
136.69,138.32,136.11,137.18,1906764,WELL.N,2025-01-30,Welltower,Welltower Inc.,USD
137.1,137.88,136.03,136.48,1579272,WELL.N,2025-01-31,Welltower,Welltower Inc.,USD
136.0,140.59,135.75,140.38,3399529,WELL.N,2025-02-03,Welltower,Welltower Inc.,USD
139.575,140.22,137.79,138.86,2581984,WELL.N,2025-02-04,Welltower,Welltower Inc.,USD
140.32,142.85,139.38,142.19,2057258,WELL.N,2025-02-05,Welltower,Welltower Inc.,USD
142.75,143.155,141.69,142.39,3072666,WELL.N,2025-02-06,Welltower,Welltower Inc.,USD
142.49,143.39,142.31,142.59,2065611,WELL.N,2025-02-07,Welltower,Welltower Inc.,USD
142.19,143.8419,140.8023,143.11,2062241,WELL.N,2025-02-10,Welltower,Welltower Inc.,USD
142.32,143.58,141.59,143.4,2556093,WELL.N,2025-02-11,Welltower,Welltower Inc.,USD
144.55,148.5,142.0,146.5,3815258,WELL.N,2025-02-12,Welltower,Welltower Inc.,USD
146.85,151.96,146.6,151.44,4201624,WELL.N,2025-02-13,Welltower,Welltower Inc.,USD
151.5,151.785,149.06,149.97,1878588,WELL.N,2025-02-14,Welltower,Welltower Inc.,USD
149.96,152.81,149.9,150.8,3117085,WELL.N,2025-02-18,Welltower,Welltower Inc.,USD
150.72,150.7808,149.28,149.71,2345178,WELL.N,2025-02-19,Welltower,Welltower Inc.,USD
149.13,151.07,148.79,150.32,3321765,WELL.N,2025-02-20,Welltower,Welltower Inc.,USD
150.33,151.078,147.29,148.58,3988479,WELL.N,2025-02-21,Welltower,Welltower Inc.,USD
148.92,151.77,148.83,150.64,2320877,WELL.N,2025-02-24,Welltower,Welltower Inc.,USD
150.35,152.59,149.44,151.74,3163473,WELL.N,2025-02-25,Welltower,Welltower Inc.,USD
152.315,152.43,149.8158,150.65,2045491,WELL.N,2025-02-26,Welltower,Welltower Inc.,USD
150.57,152.185,149.98,151.52,2150501,WELL.N,2025-02-27,Welltower,Welltower Inc.,USD
152.91,153.8999,150.7,153.51,5298928,WELL.N,2025-02-28,Welltower,Welltower Inc.,USD
153.49,157.165,152.51,156.86,3441402,WELL.N,2025-03-03,Welltower,Welltower Inc.,USD
157.31,158.55,153.36,153.9,3030359,WELL.N,2025-03-04,Welltower,Welltower Inc.,USD
152.28,155.52,152.28,154.85,2390994,WELL.N,2025-03-05,Welltower,Welltower Inc.,USD
153.72,154.0,148.79,148.97,3740944,WELL.N,2025-03-06,Welltower,Welltower Inc.,USD
149.21,149.82,146.23,147.45,3323950,WELL.N,2025-03-07,Welltower,Welltower Inc.,USD
145.44,146.87,143.58,146.2,3344953,WELL.N,2025-03-10,Welltower,Welltower Inc.,USD
147.22,149.33,145.72,147.29,2461350,WELL.N,2025-03-11,Welltower,Welltower Inc.,USD
148.18,148.42,146.07,147.38,2461150,WELL.N,2025-03-12,Welltower,Welltower Inc.,USD
147.75,148.245,144.75,145.89,2079604,WELL.N,2025-03-13,Welltower,Welltower Inc.,USD
146.04,148.29,145.38,147.84,2536230,WELL.N,2025-03-14,Welltower,Welltower Inc.,USD
148.17,151.74,147.21,151.26,2206438,WELL.N,2025-03-17,Welltower,Welltower Inc.,USD
151.0,152.6,149.71,149.97,2837987,WELL.N,2025-03-18,Welltower,Welltower Inc.,USD
149.97,150.49,148.12,148.76,4881032,WELL.N,2025-03-19,Welltower,Welltower Inc.,USD
148.76,149.145,147.33,147.89,4751354,WELL.N,2025-03-20,Welltower,Welltower Inc.,USD
146.62,148.39,145.78,146.52,12752237,WELL.N,2025-03-21,Welltower,Welltower Inc.,USD
147.77,150.84,146.915,149.84,4496352,WELL.N,2025-03-24,Welltower,Welltower Inc.,USD
149.71,150.68,147.355,148.17,4511187,WELL.N,2025-03-25,Welltower,Welltower Inc.,USD
148.42,150.12,147.98,149.85,1808662,WELL.N,2025-03-26,Welltower,Welltower Inc.,USD
149.79,151.36,149.04,149.92,2849521,WELL.N,2025-03-27,Welltower,Welltower Inc.,USD
150.92,153.74,150.82,153.42,2853006,WELL.N,2025-03-28,Welltower,Welltower Inc.,USD
153.87,154.47,152.04,153.21,3708558,WELL.N,2025-03-31,Welltower,Welltower Inc.,USD
154.05,154.47,151.8765,154.15,3198041,WELL.N,2025-04-01,Welltower,Welltower Inc.,USD
154.0,154.99,152.18,153.08,2464457,WELL.N,2025-04-02,Welltower,Welltower Inc.,USD
153.26,157.4,151.88,152.43,4044392,WELL.N,2025-04-03,Welltower,Welltower Inc.,USD
152.3,152.91,142.98,143.29,4825286,WELL.N,2025-04-04,Welltower,Welltower Inc.,USD
140.1,145.13,136.6386,138.81,5387725,WELL.N,2025-04-07,Welltower,Welltower Inc.,USD
142.98,143.31,135.27,136.49,4787120,WELL.N,2025-04-08,Welltower,Welltower Inc.,USD
134.73,142.12,130.29,141.49,4707269,WELL.N,2025-04-09,Welltower,Welltower Inc.,USD
140.99,143.88,138.05,141.81,3412313,WELL.N,2025-04-10,Welltower,Welltower Inc.,USD
141.4,143.12,139.09,142.67,2651412,WELL.N,2025-04-11,Welltower,Welltower Inc.,USD
143.9,146.52,142.74,145.59,2577017,WELL.N,2025-04-14,Welltower,Welltower Inc.,USD
146.39,147.91,144.8,146.59,1930467,WELL.N,2025-04-15,Welltower,Welltower Inc.,USD
146.52,147.87,144.945,145.63,2471012,WELL.N,2025-04-16,Welltower,Welltower Inc.,USD
146.43,148.375,146.26,147.27,1951691,WELL.N,2025-04-17,Welltower,Welltower Inc.,USD
146.76,147.27,141.55,143.65,2241790,WELL.N,2025-04-21,Welltower,Welltower Inc.,USD
144.95,148.0,144.55,147.25,3386105,WELL.N,2025-04-22,Welltower,Welltower Inc.,USD
147.38,148.895,146.345,147.65,1976362,WELL.N,2025-04-23,Welltower,Welltower Inc.,USD
147.03,148.97,146.62,147.75,1684204,WELL.N,2025-04-24,Welltower,Welltower Inc.,USD
148.08,148.95,145.9,146.96,1531347,WELL.N,2025-04-25,Welltower,Welltower Inc.,USD
147.82,149.35,146.88,149.05,2398192,WELL.N,2025-04-28,Welltower,Welltower Inc.,USD
152.63,152.815,149.89,151.48,4444755,WELL.N,2025-04-29,Welltower,Welltower Inc.,USD
151.04,153.79,150.1371,152.59,4269538,WELL.N,2025-04-30,Welltower,Welltower Inc.,USD
151.5,151.71,148.9001,150.33,2694988,WELL.N,2025-05-01,Welltower,Welltower Inc.,USD
152.04,153.1852,149.81,150.72,2367889,WELL.N,2025-05-02,Welltower,Welltower Inc.,USD
151.07,151.61,149.45,150.93,2688804,WELL.N,2025-05-05,Welltower,Welltower Inc.,USD
150.49,151.47,149.495,150.5,2528194,WELL.N,2025-05-06,Welltower,Welltower Inc.,USD
149.87,152.43,149.6,151.34,4334004,WELL.N,2025-05-07,Welltower,Welltower Inc.,USD
151.31,152.035,148.06,148.25,2605041,WELL.N,2025-05-08,Welltower,Welltower Inc.,USD
148.67,149.775,147.98,149.18,1764003,WELL.N,2025-05-09,Welltower,Welltower Inc.,USD
149.1,149.275,142.98,145.63,3227584,WELL.N,2025-05-12,Welltower,Welltower Inc.,USD
145.885,146.225,143.5518,145.28,3284431,WELL.N,2025-05-13,Welltower,Welltower Inc.,USD
144.22,144.295,142.65,143.4,3016239,WELL.N,2025-05-14,Welltower,Welltower Inc.,USD
143.78,147.0,143.78,146.89,2396222,WELL.N,2025-05-15,Welltower,Welltower Inc.,USD
147.28,148.72,146.5,148.72,2412625,WELL.N,2025-05-16,Welltower,Welltower Inc.,USD
148.41,150.71,147.61,150.65,2548803,WELL.N,2025-05-19,Welltower,Welltower Inc.,USD
149.44,151.41,149.42,151.22,2681920,WELL.N,2025-05-20,Welltower,Welltower Inc.,USD
151.55,152.11,148.06,148.3,2154109,WELL.N,2025-05-21,Welltower,Welltower Inc.,USD
148.47,148.792,146.645,146.9,1987938,WELL.N,2025-05-22,Welltower,Welltower Inc.,USD
148.16,149.72,147.49,149.17,2183284,WELL.N,2025-05-23,Welltower,Welltower Inc.,USD
150.68,153.1617,149.92,152.47,2343100,WELL.N,2025-05-27,Welltower,Welltower Inc.,USD
151.48,152.09,149.895,151.7,2244669,WELL.N,2025-05-28,Welltower,Welltower Inc.,USD
151.38,153.35,150.4,153.07,2820086,WELL.N,2025-05-29,Welltower,Welltower Inc.,USD
153.2,154.91,152.04,154.28,7389963,WELL.N,2025-05-30,Welltower,Welltower Inc.,USD
153.2,155.32,152.7933,155.22,2094313,WELL.N,2025-06-02,Welltower,Welltower Inc.,USD
155.38,155.7,151.4,152.2,2407491,WELL.N,2025-06-03,Welltower,Welltower Inc.,USD
151.88,153.1,150.34,152.05,2572529,WELL.N,2025-06-04,Welltower,Welltower Inc.,USD
152.05,153.92,150.56,153.03,2560048,WELL.N,2025-06-05,Welltower,Welltower Inc.,USD
153.22,154.565,152.61,154.45,1912791,WELL.N,2025-06-06,Welltower,Welltower Inc.,USD
152.13,153.797,148.6,150.31,4401416,WELL.N,2025-06-09,Welltower,Welltower Inc.,USD
150.0,151.61,149.82,150.9,2394540,WELL.N,2025-06-10,Welltower,Welltower Inc.,USD
150.6,151.5,148.695,150.24,2002818,WELL.N,2025-06-11,Welltower,Welltower Inc.,USD
151.66,152.925,150.865,151.91,1562761,WELL.N,2025-06-12,Welltower,Welltower Inc.,USD
151.98,152.44,150.49,152.4,2487414,WELL.N,2025-06-13,Welltower,Welltower Inc.,USD
152.89,154.13,150.05,150.58,2207930,WELL.N,2025-06-16,Welltower,Welltower Inc.,USD
150.82,152.06,149.7,151.87,4055973,WELL.N,2025-06-17,Welltower,Welltower Inc.,USD
152.0,153.92,151.09,153.18,4257007,WELL.N,2025-06-18,Welltower,Welltower Inc.,USD
152.91,154.2,151.14,151.24,11336516,WELL.N,2025-06-20,Welltower,Welltower Inc.,USD
152.82,154.85,152.245,154.12,5187496,WELL.N,2025-06-23,Welltower,Welltower Inc.,USD
153.26,155.385,152.5,154.25,4939906,WELL.N,2025-06-24,Welltower,Welltower Inc.,USD
153.03,154.861,152.16,153.43,3107749,WELL.N,2025-06-25,Welltower,Welltower Inc.,USD
155.01,156.22,151.72,153.48,3152141,WELL.N,2025-06-26,Welltower,Welltower Inc.,USD
153.08,153.42,151.92,152.13,3373597,WELL.N,2025-06-27,Welltower,Welltower Inc.,USD
151.87,153.88,150.01,153.73,4618455,WELL.N,2025-06-30,Welltower,Welltower Inc.,USD
154.16,154.795,150.0,151.6,3232665,WELL.N,2025-07-01,Welltower,Welltower Inc.,USD
151.07,151.73,148.9719,150.71,2921360,WELL.N,2025-07-02,Welltower,Welltower Inc.,USD
151.81,153.1,150.2,152.77,1513926,WELL.N,2025-07-03,Welltower,Welltower Inc.,USD
153.61,154.7289,152.74,154.23,3114138,WELL.N,2025-07-07,Welltower,Welltower Inc.,USD
153.42,154.0,150.53,151.76,2417781,WELL.N,2025-07-08,Welltower,Welltower Inc.,USD
151.17,153.18,150.7,152.25,3122149,WELL.N,2025-07-09,Welltower,Welltower Inc.,USD
151.81,153.61,150.78,152.72,2224012,WELL.N,2025-07-10,Welltower,Welltower Inc.,USD
152.12,155.52,151.92,155.16,2455355,WELL.N,2025-07-11,Welltower,Welltower Inc.,USD
155.355,158.22,155.355,158.07,2733990,WELL.N,2025-07-14,Welltower,Welltower Inc.,USD
157.63,158.55,155.3266,156.71,2104821,WELL.N,2025-07-15,Welltower,Welltower Inc.,USD
157.53,158.41,156.23,157.55,1824508,WELL.N,2025-07-16,Welltower,Welltower Inc.,USD
157.28,157.935,156.47,157.63,1484173,WELL.N,2025-07-17,Welltower,Welltower Inc.,USD
157.53,159.57,156.955,159.05,1559658,WELL.N,2025-07-18,Welltower,Welltower Inc.,USD
158.8,160.94,158.46,160.32,1475051,WELL.N,2025-07-21,Welltower,Welltower Inc.,USD
160.68,161.49,159.815,161.09,1898595,WELL.N,2025-07-22,Welltower,Welltower Inc.,USD
160.63,161.74,159.66,161.63,1448940,WELL.N,2025-07-23,Welltower,Welltower Inc.,USD
161.51,162.23,159.38,161.4,2417120,WELL.N,2025-07-24,Welltower,Welltower Inc.,USD
161.19,162.26,160.2,161.56,1588017,WELL.N,2025-07-25,Welltower,Welltower Inc.,USD
161.2,161.295,158.24,158.29,2178682,WELL.N,2025-07-28,Welltower,Welltower Inc.,USD
162.48,167.2,160.51,165.96,5267100,WELL.N,2025-07-29,Welltower,Welltower Inc.,USD
165.93,168.84,165.56,166.38,2461820,WELL.N,2025-07-30,Welltower,Welltower Inc.,USD
165.81,167.32,164.88,165.07,2908626,WELL.N,2025-07-31,Welltower,Welltower Inc.,USD
166.855,167.775,165.12,166.24,2413741,WELL.N,2025-08-01,Welltower,Welltower Inc.,USD
165.73,169.0,165.71,168.78,2858071,WELL.N,2025-08-04,Welltower,Welltower Inc.,USD
168.82,170.3,168.0,169.69,3127592,WELL.N,2025-08-05,Welltower,Welltower Inc.,USD
169.74,171.085,168.857,168.96,3106376,WELL.N,2025-08-06,Welltower,Welltower Inc.,USD
168.88,170.51,168.78,169.68,2663418,WELL.N,2025-08-07,Welltower,Welltower Inc.,USD
170.12,170.8899,168.03,168.03,1982568,WELL.N,2025-08-08,Welltower,Welltower Inc.,USD
167.9,169.565,167.02,168.03,2484987,WELL.N,2025-08-11,Welltower,Welltower Inc.,USD
167.45,167.45,162.185,164.79,2506861,WELL.N,2025-08-12,Welltower,Welltower Inc.,USD
165.26,165.51,161.27,163.04,3029078,WELL.N,2025-08-13,Welltower,Welltower Inc.,USD
163.54,164.36,161.74,161.88,1702718,WELL.N,2025-08-14,Welltower,Welltower Inc.,USD
162.07,163.33,161.26,162.9,2490272,WELL.N,2025-08-15,Welltower,Welltower Inc.,USD
163.27,164.41,162.0,162.41,1671139,WELL.N,2025-08-18,Welltower,Welltower Inc.,USD
162.41,163.61,162.29,163.57,1691975,WELL.N,2025-08-19,Welltower,Welltower Inc.,USD
164.455,167.32,164.455,165.99,2127759,WELL.N,2025-08-20,Welltower,Welltower Inc.,USD
165.615,167.8,165.43,166.94,2285266,WELL.N,2025-08-21,Welltower,Welltower Inc.,USD
167.86,168.47,163.97,164.43,2798525,WELL.N,2025-08-22,Welltower,Welltower Inc.,USD
164.53,165.99,164.48,164.9,1333004,WELL.N,2025-08-25,Welltower,Welltower Inc.,USD
165.0,166.595,164.1,165.84,3632078,WELL.N,2025-08-26,Welltower,Welltower Inc.,USD
166.25,168.15,166.07,167.75,1794418,WELL.N,2025-08-27,Welltower,Welltower Inc.,USD
167.43,168.5,166.66,167.4,2114931,WELL.N,2025-08-28,Welltower,Welltower Inc.,USD
167.5,168.56,167.29,168.28,1689723,WELL.N,2025-08-29,Welltower,Welltower Inc.,USD
168.09,169.27,166.98,167.74,2666944,WELL.N,2025-09-02,Welltower,Welltower Inc.,USD
167.48,169.47,167.14,167.43,2090906,WELL.N,2025-09-03,Welltower,Welltower Inc.,USD
168.25,168.91,166.17,167.68,2160964,WELL.N,2025-09-04,Welltower,Welltower Inc.,USD
168.36,168.5932,164.33,167.82,2700832,WELL.N,2025-09-05,Welltower,Welltower Inc.,USD
167.81,170.99,166.955,169.36,2679695,WELL.N,2025-09-08,Welltower,Welltower Inc.,USD
169.02,169.62,168.165,168.85,2136711,WELL.N,2025-09-09,Welltower,Welltower Inc.,USD
168.84,170.49,168.01,168.09,2045258,WELL.N,2025-09-10,Welltower,Welltower Inc.,USD
168.23,169.22,167.53,168.47,1816870,WELL.N,2025-09-11,Welltower,Welltower Inc.,USD
168.43,169.665,168.07,169.13,1981765,WELL.N,2025-09-12,Welltower,Welltower Inc.,USD
169.3,170.41,168.575,168.92,2074538,WELL.N,2025-09-15,Welltower,Welltower Inc.,USD
169.01,169.15,164.93,165.21,2715677,WELL.N,2025-09-16,Welltower,Welltower Inc.,USD
165.33,167.0,164.33,165.91,3769261,WELL.N,2025-09-17,Welltower,Welltower Inc.,USD
166.2,167.7216,166.1,166.53,3695699,WELL.N,2025-09-18,Welltower,Welltower Inc.,USD
166.77,168.2025,164.88,165.19,20205363,WELL.N,2025-09-19,Welltower,Welltower Inc.,USD
165.45,167.74,164.54,167.42,3535202,WELL.N,2025-09-22,Welltower,Welltower Inc.,USD
168.47,172.71,167.88,172.55,3126426,WELL.N,2025-09-23,Welltower,Welltower Inc.,USD
172.51,173.22,170.81,170.97,3678770,WELL.N,2025-09-24,Welltower,Welltower Inc.,USD
171.46,172.69,170.89,171.7,2776271,WELL.N,2025-09-25,Welltower,Welltower Inc.,USD
172.49,175.1,172.355,174.9,3167668,WELL.N,2025-09-26,Welltower,Welltower Inc.,USD
175.0,177.23,174.235,176.2,3427160,WELL.N,2025-09-29,Welltower,Welltower Inc.,USD
176.525,178.535,176.525,178.14,4692305,WELL.N,2025-09-30,Welltower,Welltower Inc.,USD
178.37,180.4,177.9375,179.38,3106564,WELL.N,2025-10-01,Welltower,Welltower Inc.,USD
178.92,179.365,174.89,175.5,3059086,WELL.N,2025-10-02,Welltower,Welltower Inc.,USD
175.38,176.6,175.0,175.04,2001403,WELL.N,2025-10-03,Welltower,Welltower Inc.,USD
174.04,175.4392,173.1516,174.14,1932406,WELL.N,2025-10-06,Welltower,Welltower Inc.,USD
173.86,174.0,171.79,173.0,2241604,WELL.N,2025-10-07,Welltower,Welltower Inc.,USD
172.47,172.805,168.88,169.14,3117009,WELL.N,2025-10-08,Welltower,Welltower Inc.,USD
169.59,170.07,166.48,167.27,2420393,WELL.N,2025-10-09,Welltower,Welltower Inc.,USD
167.02,167.96,165.52,165.94,2538204,WELL.N,2025-10-10,Welltower,Welltower Inc.,USD
165.555,166.89,163.75,166.85,2155614,WELL.N,2025-10-13,Welltower,Welltower Inc.,USD
166.88,169.48,166.88,169.34,3481597,WELL.N,2025-10-14,Welltower,Welltower Inc.,USD
169.0,173.355,168.83,172.34,2862548,WELL.N,2025-10-15,Welltower,Welltower Inc.,USD
173.58,173.72,171.25,172.08,2631166,WELL.N,2025-10-16,Welltower,Welltower Inc.,USD
172.64,175.655,172.5,175.09,3152414,WELL.N,2025-10-17,Welltower,Welltower Inc.,USD
176.33,177.9425,175.07,177.71,1901919,WELL.N,2025-10-20,Welltower,Welltower Inc.,USD
178.43,178.63,173.125,175.12,3450568,WELL.N,2025-10-21,Welltower,Welltower Inc.,USD
175.86,176.6,174.72,175.94,1571846,WELL.N,2025-10-22,Welltower,Welltower Inc.,USD
176.45,177.26,174.9,176.06,1832426,WELL.N,2025-10-23,Welltower,Welltower Inc.,USD
176.79,179.62,176.35,177.94,1893750,WELL.N,2025-10-24,Welltower,Welltower Inc.,USD
178.33,182.87,177.53,182.61,3371342,WELL.N,2025-10-27,Welltower,Welltower Inc.,USD
189.53,189.53,177.55,179.7,5371206,WELL.N,2025-10-28,Welltower,Welltower Inc.,USD
179.04,183.54,174.91,176.96,4807167,WELL.N,2025-10-29,Welltower,Welltower Inc.,USD
177.77,181.52,177.45,180.88,2802042,WELL.N,2025-10-30,Welltower,Welltower Inc.,USD
179.48,181.84,178.19,181.04,4039967,WELL.N,2025-10-31,Welltower,Welltower Inc.,USD
179.78,182.77,179.235,182.32,2926504,WELL.N,2025-11-03,Welltower,Welltower Inc.,USD
183.31,184.9,180.97,184.35,2578350,WELL.N,2025-11-04,Welltower,Welltower Inc.,USD
186.02,188.12,185.19,186.35,3129776,WELL.N,2025-11-05,Welltower,Welltower Inc.,USD
187.09,188.93,185.42,187.76,3826969,WELL.N,2025-11-06,Welltower,Welltower Inc.,USD
188.03,190.68,186.23,190.25,3319669,WELL.N,2025-11-07,Welltower,Welltower Inc.,USD
189.65,192.12,189.0,191.06,3429229,WELL.N,2025-11-10,Welltower,Welltower Inc.,USD
191.405,192.79,189.72,192.31,2139465,WELL.N,2025-11-11,Welltower,Welltower Inc.,USD
191.75,192.81,191.02,191.64,3879457,WELL.N,2025-11-12,Welltower,Welltower Inc.,USD
192.14,192.6075,190.11,191.07,3181933,WELL.N,2025-11-13,Welltower,Welltower Inc.,USD
192.45,194.83,191.53,193.82,2794341,WELL.N,2025-11-14,Welltower,Welltower Inc.,USD
194.64,197.43,194.22,197.27,5517149,WELL.N,2025-11-17,Welltower,Welltower Inc.,USD
197.99,200.64,197.37,198.29,3990304,WELL.N,2025-11-18,Welltower,Welltower Inc.,USD
197.2,199.65,196.26,196.9,2842121,WELL.N,2025-11-19,Welltower,Welltower Inc.,USD
198.19,201.42,197.07,197.58,5023235,WELL.N,2025-11-20,Welltower,Welltower Inc.,USD
197.78,200.25,194.6439,199.93,4471890,WELL.N,2025-11-21,Welltower,Welltower Inc.,USD
199.93,203.18,199.2,202.3,6147622,WELL.N,2025-11-24,Welltower,Welltower Inc.,USD
201.87,205.33,201.5479,204.59,2830248,WELL.N,2025-11-25,Welltower,Welltower Inc.,USD
204.5,207.01,202.72,206.25,2292053,WELL.N,2025-11-26,Welltower,Welltower Inc.,USD
206.76,209.05,206.215,208.22,1311172,WELL.N,2025-11-28,Welltower,Welltower Inc.,USD
207.6,208.12,203.72,203.9,2573007,WELL.N,2025-12-01,Welltower,Welltower Inc.,USD
204.19,204.75,202.35,203.2,2576751,WELL.N,2025-12-02,Welltower,Welltower Inc.,USD
202.77,203.23,200.795,201.92,2639712,WELL.N,2025-12-03,Welltower,Welltower Inc.,USD
201.86,205.545,201.065,203.87,2544919,WELL.N,2025-12-04,Welltower,Welltower Inc.,USD
204.4,205.035,203.05,204.31,2731970,WELL.N,2025-12-05,Welltower,Welltower Inc.,USD
204.52,204.86,200.512,200.88,3807914,WELL.N,2025-12-08,Welltower,Welltower Inc.,USD
201.47,203.375,195.43,195.8,3422557,WELL.N,2025-12-09,Welltower,Welltower Inc.,USD
196.64,197.21,190.72,191.07,3744324,WELL.N,2025-12-10,Welltower,Welltower Inc.,USD
190.29,190.59,183.6,184.97,7107391,WELL.N,2025-12-11,Welltower,Welltower Inc.,USD
186.13,187.93,185.01,186.73,4236648,WELL.N,2025-12-12,Welltower,Welltower Inc.,USD
188.02,191.01,187.83,190.47,3914773,WELL.N,2025-12-15,Welltower,Welltower Inc.,USD
190.59,193.18,189.93,190.4,2852723,WELL.N,2025-12-16,Welltower,Welltower Inc.,USD
190.07,191.5199,188.1222,189.16,4458100,WELL.N,2025-12-17,Welltower,Welltower Inc.,USD
188.86,190.015,184.68,187.49,4167380,WELL.N,2025-12-18,Welltower,Welltower Inc.,USD
187.41,188.42,185.76,186.01,16159348,WELL.N,2025-12-19,Welltower,Welltower Inc.,USD
186.49,187.24,185.11,186.43,2320364,WELL.N,2025-12-22,Welltower,Welltower Inc.,USD
186.17,187.49,185.26,186.86,2406321,WELL.N,2025-12-23,Welltower,Welltower Inc.,USD
186.86,187.735,186.46,187.7,818928,WELL.N,2025-12-24,Welltower,Welltower Inc.,USD
187.35,188.07,186.4,187.86,995103,WELL.N,2025-12-26,Welltower,Welltower Inc.,USD
188.86,189.77,188.03,189.64,1660492,WELL.N,2025-12-29,Welltower,Welltower Inc.,USD
190.43,190.84,187.74,188.0,1668766,WELL.N,2025-12-30,Welltower,Welltower Inc.,USD
188.25,188.4,185.27,185.61,2372608,WELL.N,2025-12-31,Welltower,Welltower Inc.,USD
185.61,186.99,183.67,186.94,2186429,WELL.N,2026-01-02,Welltower,Welltower Inc.,USD
187.02,187.03,181.91,184.73,3651230,WELL.N,2026-01-05,Welltower,Welltower Inc.,USD
183.99,186.7,183.55,185.66,3580127,WELL.N,2026-01-06,Welltower,Welltower Inc.,USD
186.0,188.92,185.49,185.65,2609356,WELL.N,2026-01-07,Welltower,Welltower Inc.,USD
186.13,187.015,182.97,186.31,2429749,WELL.N,2026-01-08,Welltower,Welltower Inc.,USD
186.91,190.0,185.73,186.08,2758027,WELL.N,2026-01-09,Welltower,Welltower Inc.,USD
186.82,189.735,186.42,186.68,2420817,WELL.N,2026-01-12,Welltower,Welltower Inc.,USD
186.5,188.615,185.61,188.25,2604010,WELL.N,2026-01-13,Welltower,Welltower Inc.,USD
188.18,189.24,186.2525,188.71,2388749,WELL.N,2026-01-14,Welltower,Welltower Inc.,USD
189.68,192.05,187.7,188.18,2276278,WELL.N,2026-01-15,Welltower,Welltower Inc.,USD
187.84,191.94,187.01,191.38,3239308,WELL.N,2026-01-16,Welltower,Welltower Inc.,USD
191.1,192.188,187.61,188.0,5219026,WELL.N,2026-01-20,Welltower,Welltower Inc.,USD
188.73,189.4975,185.23,186.0,3758871,WELL.N,2026-01-21,Welltower,Welltower Inc.,USD
186.08,186.46,181.56,181.96,3977640,WELL.N,2026-01-22,Welltower,Welltower Inc.,USD
181.97,184.045,181.51,183.68,4668063,WELL.N,2026-01-23,Welltower,Welltower Inc.,USD
184.0,184.595,182.46,183.63,3661419,WELL.N,2026-01-26,Welltower,Welltower Inc.,USD
184.49,184.99,182.605,183.49,2499207,WELL.N,2026-01-27,Welltower,Welltower Inc.,USD
183.25,185.845,182.565,183.94,2419641,WELL.N,2026-01-28,Welltower,Welltower Inc.,USD
184.85,187.28,183.35,185.69,2617835,WELL.N,2026-01-29,Welltower,Welltower Inc.,USD
185.24,188.895,184.39,188.36,2794922,WELL.N,2026-01-30,Welltower,Welltower Inc.,USD
188.46,189.6,187.275,187.43,3222766,WELL.N,2026-02-02,Welltower,Welltower Inc.,USD
187.08,187.78,181.47,187.5,2950270,WELL.N,2026-02-03,Welltower,Welltower Inc.,USD
188.16,189.21,185.1,185.48,2199250,WELL.N,2026-02-04,Welltower,Welltower Inc.,USD
185.76,192.1,185.76,191.06,2489292,WELL.N,2026-02-05,Welltower,Welltower Inc.,USD
192.91,196.31,191.66,195.92,2944369,WELL.N,2026-02-06,Welltower,Welltower Inc.,USD
196.35,198.845,196.03,197.25,2933859,WELL.N,2026-02-09,Welltower,Welltower Inc.,USD
197.2,201.14,196.775,200.84,3302238,WELL.N,2026-02-10,Welltower,Welltower Inc.,USD
205.36,212.62,205.36,207.88,5781190,WELL.N,2026-02-11,Welltower,Welltower Inc.,USD
209.02,212.18,207.0,208.14,6736674,WELL.N,2026-02-12,Welltower,Welltower Inc.,USD
208.38,211.86,207.83,210.72,3587607,WELL.N,2026-02-13,Welltower,Welltower Inc.,USD
212.01,216.43,211.41,215.48,4838389,WELL.N,2026-02-17,Welltower,Welltower Inc.,USD
214.84,215.56,208.22,208.59,4433643,WELL.N,2026-02-18,Welltower,Welltower Inc.,USD
209.38,210.18,207.01,208.01,2163666,WELL.N,2026-02-19,Welltower,Welltower Inc.,USD
208.85,209.72,206.675,208.19,1954229,WELL.N,2026-02-20,Welltower,Welltower Inc.,USD
208.71,211.5,207.38,209.54,2416762,WELL.N,2026-02-23,Welltower,Welltower Inc.,USD
209.73,210.15,206.32,209.3,2511761,WELL.N,2026-02-24,Welltower,Welltower Inc.,USD
208.26,210.85,207.57,208.25,2276960,WELL.N,2026-02-25,Welltower,Welltower Inc.,USD
208.46,209.87,207.09,208.45,2192851,WELL.N,2026-02-26,Welltower,Welltower Inc.,USD
209.03,211.14,207.09,207.12,6204483,WELL.N,2026-02-27,Welltower,Welltower Inc.,USD
207.855,210.44,207.13,210.16,3751705,WELL.N,2026-03-02,Welltower,Welltower Inc.,USD
207.67,209.0,205.37,208.0,2430803,WELL.N,2026-03-03,Welltower,Welltower Inc.,USD
207.56,208.11,205.575,206.85,3085736,WELL.N,2026-03-04,Welltower,Welltower Inc.,USD
205.28,206.03,199.2,205.05,4166934,WELL.N,2026-03-05,Welltower,Welltower Inc.,USD
202.32,205.31,200.42,204.29,2453788,WELL.N,2026-03-06,Welltower,Welltower Inc.,USD
202.86,208.24,202.61,207.68,3757566,WELL.N,2026-03-09,Welltower,Welltower Inc.,USD
206.95,210.68,205.23,207.72,2818809,WELL.N,2026-03-10,Welltower,Welltower Inc.,USD
207.46,207.595,204.44,205.33,2135287,WELL.N,2026-03-11,Welltower,Welltower Inc.,USD
204.61,207.19,203.16,206.2,3064636,WELL.N,2026-03-12,Welltower,Welltower Inc.,USD
207.89,210.12,206.32,207.82,2793154,WELL.N,2026-03-13,Welltower,Welltower Inc.,USD
209.68,211.0,208.44,210.18,2938516,WELL.N,2026-03-16,Welltower,Welltower Inc.,USD
212.5,214.5534,211.04,213.16,3530247,WELL.N,2026-03-17,Welltower,Welltower Inc.,USD
212.75,213.97,209.15,209.21,3093445,WELL.N,2026-03-18,Welltower,Welltower Inc.,USD
208.63,210.94,205.45,206.09,2535405,WELL.N,2026-03-19,Welltower,Welltower Inc.,USD
205.05,205.12,194.3,195.94,9165514,WELL.N,2026-03-20,Welltower,Welltower Inc.,USD
198.81,199.85,194.67,195.0,3598303,WELL.N,2026-03-23,Welltower,Welltower Inc.,USD
193.34,198.25,192.66,196.61,2598820,WELL.N,2026-03-24,Welltower,Welltower Inc.,USD
196.5,198.53,195.63,196.73,3036061,WELL.N,2026-03-25,Welltower,Welltower Inc.,USD
195.01,197.61,194.645,195.53,1970499,WELL.N,2026-03-26,Welltower,Welltower Inc.,USD
195.06,197.98,194.29,195.77,2192900,WELL.N,2026-03-27,Welltower,Welltower Inc.,USD
197.93,198.67,194.89,195.3,2529975,WELL.N,2026-03-30,Welltower,Welltower Inc.,USD
196.11,199.2,194.275,197.71,3425226,WELL.N,2026-03-31,Welltower,Welltower Inc.,USD
197.75,200.34,196.9305,198.86,3150435,WELL.N,2026-04-01,Welltower,Welltower Inc.,USD
198.835,202.38,198.835,202.33,2226189,WELL.N,2026-04-02,Welltower,Welltower Inc.,USD
201.61,203.09,200.74,200.91,1528844,WELL.N,2026-04-06,Welltower,Welltower Inc.,USD
200.82,202.38,199.295,201.58,1931802,WELL.N,2026-04-07,Welltower,Welltower Inc.,USD
202.54,205.3601,201.97,204.7,3545366,WELL.N,2026-04-08,Welltower,Welltower Inc.,USD
204.465,210.82,203.67,206.34,2772133,WELL.N,2026-04-09,Welltower,Welltower Inc.,USD
206.13,207.825,205.895,207.59,2418357,WELL.N,2026-04-10,Welltower,Welltower Inc.,USD
207.65,208.88,205.295,206.97,2547074,WELL.N,2026-04-13,Welltower,Welltower Inc.,USD
206.04,211.04,204.79,210.99,1926723,WELL.N,2026-04-14,Welltower,Welltower Inc.,USD
210.32,211.465,208.45,211.33,2276531,WELL.N,2026-04-15,Welltower,Welltower Inc.,USD
211.47,214.84,211.26,214.51,1906343,WELL.N,2026-04-16,Welltower,Welltower Inc.,USD
213.97,214.99,210.01,210.52,3276327,WELL.N,2026-04-17,Welltower,Welltower Inc.,USD
210.59,211.025,208.125,209.45,2124014,WELL.N,2026-04-20,Welltower,Welltower Inc.,USD
209.24,209.39,201.37,206.39,3664799,WELL.N,2026-04-21,Welltower,Welltower Inc.,USD
206.39,207.0,198.88,199.7,3522678,WELL.N,2026-04-22,Welltower,Welltower Inc.,USD
200.85,208.55,200.03,208.24,2333222,WELL.N,2026-04-23,Welltower,Welltower Inc.,USD
208.13,211.59,207.73,208.75,2272084,WELL.N,2026-04-24,Welltower,Welltower Inc.,USD
206.4,210.9,205.024,210.0,2114162,WELL.N,2026-04-27,Welltower,Welltower Inc.,USD
208.95,214.83,208.95,214.23,2975151,WELL.N,2026-04-28,Welltower,Welltower Inc.,USD
214.52,219.5857,211.41,212.09,3651372,WELL.N,2026-04-29,Welltower,Welltower Inc.,USD
211.46,218.58,210.625,217.34,4137912,WELL.N,2026-04-30,Welltower,Welltower Inc.,USD
217.36,218.81,216.0,216.91,2480634,WELL.N,2026-05-01,Welltower,Welltower Inc.,USD
215.61,218.54,215.44,217.14,3875150,WELL.N,2026-05-04,Welltower,Welltower Inc.,USD
217.98,217.98,212.0,214.3,2666501,WELL.N,2026-05-05,Welltower,Welltower Inc.,USD
214.21,216.78,213.02,216.47,2328769,WELL.N,2026-05-06,Welltower,Welltower Inc.,USD
215.305,215.96,208.67,212.95,2732851,WELL.N,2026-05-07,Welltower,Welltower Inc.,USD
213.25,217.67,213.25,214.63,2734466,WELL.N,2026-05-08,Welltower,Welltower Inc.,USD
215.0,217.565,213.175,214.84,2631865,WELL.N,2026-05-11,Welltower,Welltower Inc.,USD
213.86,218.135,213.52,217.5,2932191,WELL.N,2026-05-12,Welltower,Welltower Inc.,USD
215.87,221.675,215.6,220.14,3465832,WELL.N,2026-05-13,Welltower,Welltower Inc.,USD
221.41,221.41,216.89,217.75,2901278,WELL.N,2026-05-14,Welltower,Welltower Inc.,USD
218.115,218.115,213.21,213.74,4531074,WELL.N,2026-05-15,Welltower,Welltower Inc.,USD
212.91,215.4,211.78,212.61,1992169,WELL.N,2026-05-18,Welltower,Welltower Inc.,USD
212.025,218.0,212.025,218.0,7048706,WELL.N,2026-05-19,Welltower,Welltower Inc.,USD
218.29,220.5,214.34,218.61,5114444,WELL.N,2026-05-20,Welltower,Welltower Inc.,USD
217.52,217.99,214.64,216.01,4191489,WELL.N,2026-05-21,Welltower,Welltower Inc.,USD
218.0,218.4,215.24,216.17,2292008,WELL.N,2026-05-22,Welltower,Welltower Inc.,USD
217.58,219.75,215.73,218.13,3242680,WELL.N,2026-05-26,Welltower,Welltower Inc.,USD
216.99,217.805,214.11,214.18,2713455,WELL.N,2026-05-27,Welltower,Welltower Inc.,USD
213.94,215.51,209.29,210.29,3089485,WELL.N,2026-05-28,Welltower,Welltower Inc.,USD
209.99,210.87,205.33,205.33,10334712,WELL.N,2026-05-29,Welltower,Welltower Inc.,USD
205.03,207.4,197.33,197.36,3483458,WELL.N,2026-06-01,Welltower,Welltower Inc.,USD
197.25,198.455,194.6736,195.35,3348395,WELL.N,2026-06-02,Welltower,Welltower Inc.,USD
195.32,200.92,195.29,199.59,5469508,WELL.N,2026-06-03,Welltower,Welltower Inc.,USD
202.31,204.01,198.25,200.85,2844510,WELL.N,2026-06-04,Welltower,Welltower Inc.,USD
200.88,210.41,200.0,206.93,3176879,WELL.N,2026-06-05,Welltower,Welltower Inc.,USD
207.12,208.235,198.97,200.0,2905564,WELL.N,2026-06-08,Welltower,Welltower Inc.,USD
201.81,207.9,199.02,206.77,3160390,WELL.N,2026-06-09,Welltower,Welltower Inc.,USD
208.7,212.84,207.9,211.36,3111333,WELL.N,2026-06-10,Welltower,Welltower Inc.,USD
212.59,214.33,210.53,210.67,3807440,WELL.N,2026-06-11,Welltower,Welltower Inc.,USD
212.22,214.92,211.945,214.23,2264240,WELL.N,2026-06-12,Welltower,Welltower Inc.,USD
212.65,215.62,211.65,212.82,4469541,WELL.N,2026-06-15,Welltower,Welltower Inc.,USD
213.45,215.73,212.0601,213.5,2354345,WELL.N,2026-06-16,Welltower,Welltower Inc.,USD
213.19,214.17,206.31,206.55,4855000,WELL.N,2026-06-17,Welltower,Welltower Inc.,USD
208.52,208.52,202.9,206.65,8060889,WELL.N,2026-06-18,Welltower,Welltower Inc.,USD
207.795,212.485,206.21,211.45,3643784,WELL.N,2026-06-22,Welltower,Welltower Inc.,USD
213.06,219.0025,211.66,217.67,3593406,WELL.N,2026-06-23,Welltower,Welltower Inc.,USD
218.85,223.94,217.1,221.43,5355943,WELL.N,2026-06-24,Welltower,Welltower Inc.,USD
221.68,224.47,219.33,223.73,2824150,WELL.N,2026-06-25,Welltower,Welltower Inc.,USD
227.03,228.53,223.04,227.33,4944832,WELL.N,2026-06-26,Welltower,Welltower Inc.,USD
227.24,228.03,223.92,227.73,2592779,WELL.N,2026-06-29,Welltower,Welltower Inc.,USD
226.31,230.07,225.1555,226.97,4464861,WELL.N,2026-06-30,Welltower,Welltower Inc.,USD
227.6,231.85,226.97,230.19,2735922,WELL.N,2026-07-01,Welltower,Welltower Inc.,USD
231.15,236.06,229.215,236.06,4132045,WELL.N,2026-07-02,Welltower,Welltower Inc.,USD
235.87,236.335,231.01,232.69,2857840,WELL.N,2026-07-06,Welltower,Welltower Inc.,USD
234.53,239.105,233.265,237.59,4197847,WELL.N,2026-07-07,Welltower,Welltower Inc.,USD
236.62,238.0,233.81,233.9,2557550,WELL.N,2026-07-08,Welltower,Welltower Inc.,USD
233.67,234.695,231.71,232.12,1654824,WELL.N,2026-07-09,Welltower,Welltower Inc.,USD
232.73,233.01,228.37,231.59,2531137,WELL.N,2026-07-10,Welltower,Welltower Inc.,USD
233.17,235.73,230.9,234.55,1903134,WELL.N,2026-07-13,Welltower,Welltower Inc.,USD
235.4,237.22,234.0,236.0,3324391,WELL.N,2026-07-14,Welltower,Welltower Inc.,USD
236.69,238.03,232.32,233.29,2548167,WELL.N,2026-07-15,Welltower,Welltower Inc.,USD
234.26,241.79,233.865,241.49,2711512,WELL.N,2026-07-16,Welltower,Welltower Inc.,USD
244.07,246.43,242.23,243.25,2792412,WELL.N,2026-07-17,Welltower,Welltower Inc.,USD
243.46,245.36,242.68,244.84,2603647,WELL.N,2026-07-20,Welltower,Welltower Inc.,USD
242.27,247.45,242.27,246.37,2694349,WELL.N,2026-07-21,Welltower,Welltower Inc.,USD
247.24,247.3475,244.16,245.04,2019298,WELL.N,2026-07-22,Welltower,Welltower Inc.,USD
244.93,250.12,243.51,247.05,2831664,WELL.N,2026-07-23,Welltower,Welltower Inc.,USD
248.48,252.94,246.03,252.07,3312374,WELL.N,2026-07-24,Welltower,Welltower Inc.,USD
251.14,252.17,248.34,248.34,2610394,WELL.N,2026-07-27,Welltower,Welltower Inc.,USD
