code,date,close
180101.SZ,2021-06-21,2.65
180101.SZ,2021-06-22,2.464
180101.SZ,2021-06-23,2.393
180101.SZ,2021-06-24,2.4
180101.SZ,2021-06-25,2.407
180101.SZ,2021-06-28,2.398
180101.SZ,2021-06-29,2.373
180101.SZ,2021-06-30,2.374
180101.SZ,2021-07-01,2.443
180101.SZ,2021-07-02,2.395
180101.SZ,2021-07-05,2.387
180101.SZ,2021-07-06,2.381
180101.SZ,2021-07-07,2.374
180101.SZ,2021-07-08,2.364
180101.SZ,2021-07-09,2.359
180101.SZ,2021-07-12,2.351
180101.SZ,2021-07-13,2.338
180101.SZ,2021-07-14,2.332
180101.SZ,2021-07-15,2.332
180101.SZ,2021-07-16,2.363
180101.SZ,2021-07-19,2.375
180101.SZ,2021-07-20,2.367
180101.SZ,2021-07-21,2.361
180101.SZ,2021-07-22,2.361
180101.SZ,2021-07-23,2.373
180101.SZ,2021-07-26,2.358
180101.SZ,2021-07-27,2.341
180101.SZ,2021-07-28,2.335
180101.SZ,2021-07-29,2.346
180101.SZ,2021-07-30,2.341
180101.SZ,2021-08-02,2.34
180101.SZ,2021-08-03,2.345
180101.SZ,2021-08-04,2.345
180101.SZ,2021-08-05,2.344
180101.SZ,2021-08-06,2.347
180101.SZ,2021-08-09,2.352
180101.SZ,2021-08-10,2.349
180101.SZ,2021-08-11,2.348
180101.SZ,2021-08-12,2.347
180101.SZ,2021-08-13,2.346
180101.SZ,2021-08-16,2.344
180101.SZ,2021-08-17,2.341
180101.SZ,2021-08-18,2.343
180101.SZ,2021-08-19,2.345
180101.SZ,2021-08-20,2.349
180101.SZ,2021-08-23,2.353
180101.SZ,2021-08-24,2.361
180101.SZ,2021-08-25,2.379
180101.SZ,2021-08-26,2.41
180101.SZ,2021-08-27,2.43
180101.SZ,2021-08-30,2.492
180101.SZ,2021-08-31,2.481
180101.SZ,2021-09-01,2.455
180101.SZ,2021-09-02,2.465
180101.SZ,2021-09-03,2.472
180101.SZ,2021-09-06,2.489
180101.SZ,2021-09-07,2.513
180101.SZ,2021-09-08,2.561
180101.SZ,2021-09-09,2.539
180101.SZ,2021-09-10,2.535
180101.SZ,2021-09-13,2.564
180101.SZ,2021-09-14,2.591
180101.SZ,2021-09-15,2.671
180101.SZ,2021-09-16,2.628
180101.SZ,2021-09-17,2.626
180101.SZ,2021-09-22,2.611
180101.SZ,2021-09-23,2.627
180101.SZ,2021-09-24,2.6
180101.SZ,2021-09-27,2.605
180101.SZ,2021-09-28,2.568
180101.SZ,2021-09-29,2.55
180101.SZ,2021-09-30,2.558
180101.SZ,2021-10-08,2.595
180101.SZ,2021-10-11,2.591
180101.SZ,2021-10-12,2.573
180101.SZ,2021-10-13,2.57
180101.SZ,2021-10-14,2.568
180101.SZ,2021-10-15,2.581
180101.SZ,2021-10-18,2.58
180101.SZ,2021-10-19,2.592
180101.SZ,2021-10-20,2.614
180101.SZ,2021-10-21,2.641
180101.SZ,2021-10-22,2.642
180101.SZ,2021-10-25,2.651
180101.SZ,2021-10-26,2.629
180101.SZ,2021-10-27,2.637
180101.SZ,2021-10-28,2.655
180101.SZ,2021-10-29,2.692
180101.SZ,2021-11-01,2.66
180101.SZ,2021-11-02,2.631
180101.SZ,2021-11-03,2.613
180101.SZ,2021-11-04,2.575
180101.SZ,2021-11-05,2.606
180101.SZ,2021-11-08,2.592
180101.SZ,2021-11-09,2.584
180101.SZ,2021-11-10,2.578
180101.SZ,2021-11-11,2.597
180101.SZ,2021-11-12,2.597
180101.SZ,2021-11-15,2.597
180101.SZ,2021-11-16,2.594
180101.SZ,2021-11-17,2.589
180101.SZ,2021-11-18,2.608
180101.SZ,2021-11-19,2.602
180101.SZ,2021-11-22,2.593
180101.SZ,2021-11-23,2.589
180101.SZ,2021-11-24,2.588
180101.SZ,2021-11-25,2.591
180101.SZ,2021-11-26,2.617
180101.SZ,2021-11-29,2.636
180101.SZ,2021-11-30,2.645
180101.SZ,2021-12-01,2.611
180101.SZ,2021-12-02,2.61
180101.SZ,2021-12-03,2.617
180101.SZ,2021-12-06,2.62
180101.SZ,2021-12-07,2.635
180101.SZ,2021-12-08,2.66
180101.SZ,2021-12-09,2.69
180101.SZ,2021-12-10,2.691
180101.SZ,2021-12-13,2.709
180101.SZ,2021-12-14,2.737
180101.SZ,2021-12-15,2.832
180101.SZ,2021-12-16,2.777
180101.SZ,2021-12-17,2.792
180101.SZ,2021-12-20,2.753
180101.SZ,2021-12-21,2.721
180101.SZ,2021-12-22,2.738
180101.SZ,2021-12-23,2.757
180101.SZ,2021-12-24,2.765
180101.SZ,2021-12-27,2.786
180101.SZ,2021-12-28,2.791
180101.SZ,2021-12-29,2.77
180101.SZ,2021-12-30,2.752
180101.SZ,2021-12-31,2.771
180101.SZ,2022-01-04,2.8
180101.SZ,2022-01-05,2.8
180101.SZ,2022-01-06,2.796
180101.SZ,2022-01-07,2.79
180101.SZ,2022-01-10,2.798
180101.SZ,2022-01-11,2.825
180101.SZ,2022-01-12,2.864
180101.SZ,2022-01-13,2.859
180101.SZ,2022-01-14,2.831
180101.SZ,2022-01-17,2.854
180101.SZ,2022-01-18,2.85
180101.SZ,2022-01-19,2.851
180101.SZ,2022-01-20,2.874
180101.SZ,2022-01-21,2.956
180101.SZ,2022-01-24,3.058
180101.SZ,2022-01-25,2.986
180101.SZ,2022-01-26,2.999
180101.SZ,2022-01-27,2.99
180101.SZ,2022-01-28,3.089
180101.SZ,2022-02-07,3.136
180101.SZ,2022-02-08,3.301
180101.SZ,2022-02-09,3.29
180101.SZ,2022-02-10,3.369
180101.SZ,2022-02-11,3.51
180101.SZ,2022-02-14,3.646
180101.SZ,2022-02-15,3.67
180101.SZ,2022-02-16,3.582
180101.SZ,2022-02-17,3.416
180101.SZ,2022-02-18,3.493
180101.SZ,2022-02-21,3.49
180101.SZ,2022-02-22,3.33
180101.SZ,2022-02-23,3.262
180101.SZ,2022-02-24,3.126
180101.SZ,2022-02-25,3.192
180101.SZ,2022-02-28,3.168
180101.SZ,2022-03-01,3.123
180101.SZ,2022-03-02,3.217
180101.SZ,2022-03-03,3.281
180101.SZ,2022-03-04,3.27
180101.SZ,2022-03-07,3.148
180101.SZ,2022-03-08,3.057
180101.SZ,2022-03-09,3.076
180101.SZ,2022-03-10,3.11
180101.SZ,2022-03-11,3.105
180101.SZ,2022-03-14,3.078
180101.SZ,2022-03-15,2.89
180101.SZ,2022-03-16,3.0
180101.SZ,2022-03-17,3.079
180101.SZ,2022-03-18,3.1
180101.SZ,2022-03-21,3.178
180101.SZ,2022-03-22,3.288
180101.SZ,2022-03-23,3.192
180101.SZ,2022-03-24,3.209
180101.SZ,2022-03-25,3.154
180101.SZ,2022-03-28,3.102
180101.SZ,2022-03-29,3.111
180101.SZ,2022-03-30,3.127
180101.SZ,2022-03-31,3.106
180101.SZ,2022-04-01,3.247
180101.SZ,2022-04-06,3.271
180101.SZ,2022-04-07,3.207
180101.SZ,2022-04-08,3.281
180101.SZ,2022-04-11,3.226
180101.SZ,2022-04-12,3.237
180101.SZ,2022-04-13,3.228
180101.SZ,2022-04-14,3.228
180101.SZ,2022-04-15,3.22
180101.SZ,2022-04-18,3.222
180101.SZ,2022-04-19,3.212
180101.SZ,2022-04-20,3.218
180101.SZ,2022-04-21,3.17
180101.SZ,2022-04-22,3.134
180101.SZ,2022-04-25,3.007
180101.SZ,2022-04-26,3.022
180101.SZ,2022-04-27,3.059
180101.SZ,2022-04-28,3.022
180101.SZ,2022-04-29,3.035
180101.SZ,2022-05-05,3.016
180101.SZ,2022-05-06,3.054
180101.SZ,2022-05-09,3.014
180101.SZ,2022-05-10,3.005
180101.SZ,2022-05-11,3.025
180101.SZ,2022-05-12,3.037
180101.SZ,2022-05-13,3.043
180101.SZ,2022-05-16,3.035
180101.SZ,2022-05-17,3.036
180101.SZ,2022-05-18,3.023
180101.SZ,2022-05-19,3.004
180101.SZ,2022-05-20,3.016
180101.SZ,2022-05-23,3.007
180101.SZ,2022-05-24,3.0
180101.SZ,2022-05-25,3.015
180101.SZ,2022-05-26,3.004
180101.SZ,2022-05-27,3.003
180101.SZ,2022-05-30,2.996
180101.SZ,2022-05-31,2.969
180101.SZ,2022-06-01,2.916
180101.SZ,2022-06-02,2.931
180101.SZ,2022-06-06,2.997
180101.SZ,2022-06-07,3.071
180101.SZ,2022-06-08,3.025
180101.SZ,2022-06-09,3.008
180101.SZ,2022-06-10,2.998
180101.SZ,2022-06-13,2.985
180101.SZ,2022-06-14,2.994
180101.SZ,2022-06-15,3.001
180101.SZ,2022-06-16,2.998
180101.SZ,2022-06-17,2.998
180101.SZ,2022-06-20,2.961
180101.SZ,2022-06-21,2.954
180101.SZ,2022-06-22,2.963
180101.SZ,2022-06-23,2.989
180101.SZ,2022-06-24,3.023
180101.SZ,2022-06-27,3.06
180101.SZ,2022-06-28,3.084
180101.SZ,2022-06-29,3.08
180101.SZ,2022-06-30,3.113
180101.SZ,2022-07-01,3.118
180101.SZ,2022-07-04,3.125
180101.SZ,2022-07-05,3.099
180101.SZ,2022-07-06,3.087
180101.SZ,2022-07-07,3.122
180101.SZ,2022-07-08,3.151
180101.SZ,2022-07-11,3.154
180101.SZ,2022-07-12,3.198
180101.SZ,2022-07-13,3.186
180101.SZ,2022-07-14,3.195
180101.SZ,2022-07-15,3.194
180101.SZ,2022-07-18,3.203
180101.SZ,2022-07-19,3.245
180101.SZ,2022-07-20,3.262
180101.SZ,2022-07-21,3.259
180101.SZ,2022-07-22,3.236
180101.SZ,2022-07-25,3.193
180101.SZ,2022-07-26,3.183
180101.SZ,2022-07-27,3.188
180101.SZ,2022-07-28,3.205
180101.SZ,2022-07-29,3.249
180101.SZ,2022-08-01,3.258
180101.SZ,2022-08-02,3.228
180101.SZ,2022-08-03,3.23
180101.SZ,2022-08-04,3.257
180101.SZ,2022-08-05,3.255
180101.SZ,2022-08-08,3.236
180101.SZ,2022-08-09,3.235
180101.SZ,2022-08-10,3.235
180101.SZ,2022-08-11,3.23
180101.SZ,2022-08-12,3.226
180101.SZ,2022-08-15,3.227
180101.SZ,2022-08-16,3.235
180101.SZ,2022-08-17,3.246
180101.SZ,2022-08-18,3.249
180101.SZ,2022-08-19,3.3
180101.SZ,2022-08-22,3.261
180101.SZ,2022-08-23,3.274
180101.SZ,2022-08-24,3.277
180101.SZ,2022-08-25,3.316
180101.SZ,2022-08-26,3.3
180101.SZ,2022-08-29,3.256
180101.SZ,2022-08-30,3.278
180101.SZ,2022-08-31,3.28
180101.SZ,2022-09-01,3.255
180101.SZ,2022-09-02,3.265
180101.SZ,2022-09-05,3.261
180101.SZ,2022-09-06,3.28
180101.SZ,2022-09-07,3.278
180101.SZ,2022-09-08,3.294
180101.SZ,2022-09-09,3.315
180101.SZ,2022-09-13,3.305
180101.SZ,2022-09-14,3.3
180101.SZ,2022-09-15,3.3
180101.SZ,2022-09-16,3.285
180101.SZ,2022-09-19,3.281
180101.SZ,2022-09-20,3.281
180101.SZ,2022-09-21,3.286
180101.SZ,2022-09-22,3.294
180101.SZ,2022-09-23,3.288
180101.SZ,2022-09-26,3.3
180101.SZ,2022-09-27,3.308
180101.SZ,2022-09-28,3.36
180101.SZ,2022-09-29,3.307
180101.SZ,2022-09-30,3.298
180101.SZ,2022-10-10,3.266
180101.SZ,2022-10-11,3.303
180101.SZ,2022-10-12,3.286
180101.SZ,2022-10-13,3.267
180101.SZ,2022-10-14,3.283
180101.SZ,2022-10-17,3.265
180101.SZ,2022-10-18,3.285
180101.SZ,2022-10-19,3.282
180101.SZ,2022-10-20,3.283
180101.SZ,2022-10-21,3.288
180101.SZ,2022-10-24,3.273
180101.SZ,2022-10-25,3.269
180101.SZ,2022-10-26,3.197
180101.SZ,2022-10-27,3.108
180101.SZ,2022-10-28,3.111
180101.SZ,2022-10-31,3.072
180101.SZ,2022-11-01,3.095
180101.SZ,2022-11-02,3.121
180101.SZ,2022-11-03,3.134
180101.SZ,2022-11-04,3.171
180101.SZ,2022-11-07,3.176
180101.SZ,2022-11-08,3.15
180101.SZ,2022-11-09,3.141
180101.SZ,2022-11-10,3.125
180101.SZ,2022-11-11,3.126
180101.SZ,2022-11-14,3.094
180101.SZ,2022-11-15,3.08
180101.SZ,2022-11-16,3.082
180101.SZ,2022-11-17,3.059
180101.SZ,2022-11-18,3.027
180101.SZ,2022-11-21,3.027
180101.SZ,2022-11-22,3.015
180101.SZ,2022-11-23,3.002
180101.SZ,2022-11-24,3.019
180101.SZ,2022-11-25,3.026
180101.SZ,2022-11-28,3.011
180101.SZ,2022-11-29,3.026
180101.SZ,2022-11-30,3.034
180101.SZ,2022-12-01,3.034
180101.SZ,2022-12-02,3.048
180101.SZ,2022-12-05,3.057
180101.SZ,2022-12-06,3.066
180101.SZ,2022-12-07,3.055
180101.SZ,2022-12-08,3.05
180101.SZ,2022-12-09,3.052
180101.SZ,2022-12-12,3.028
180101.SZ,2022-12-13,3.016
180101.SZ,2022-12-14,3.019
180101.SZ,2022-12-15,3.054
180101.SZ,2022-12-16,3.105
180101.SZ,2022-12-19,3.094
180101.SZ,2022-12-20,3.006
180101.SZ,2022-12-21,3.01
180101.SZ,2022-12-22,3.002
180101.SZ,2022-12-23,2.985
180101.SZ,2022-12-26,2.983
180101.SZ,2022-12-27,2.977
180101.SZ,2022-12-28,2.953
180101.SZ,2022-12-29,2.946
180101.SZ,2022-12-30,2.975
180101.SZ,2023-01-03,2.961
180101.SZ,2023-01-04,2.957
180101.SZ,2023-01-05,2.936
180101.SZ,2023-01-06,2.949
180101.SZ,2023-01-09,2.947
180101.SZ,2023-01-10,2.941
180101.SZ,2023-01-11,2.949
180101.SZ,2023-01-12,2.948
180101.SZ,2023-01-13,2.944
180101.SZ,2023-01-16,2.931
180101.SZ,2023-01-17,2.926
180101.SZ,2023-01-18,2.923
180101.SZ,2023-01-19,2.916
180101.SZ,2023-01-20,2.926
180101.SZ,2023-01-30,2.938
180101.SZ,2023-01-31,2.998
180101.SZ,2023-02-01,3.015
180101.SZ,2023-02-02,3.001
180101.SZ,2023-02-03,2.975
180101.SZ,2023-02-06,2.98
180101.SZ,2023-02-07,2.992
180101.SZ,2023-02-08,2.986
180101.SZ,2023-02-09,2.989
180101.SZ,2023-02-10,2.999
180101.SZ,2023-02-13,3.026
180101.SZ,2023-02-14,3.041
180101.SZ,2023-02-15,3.028
180101.SZ,2023-02-16,3.027
180101.SZ,2023-02-17,3.033
180101.SZ,2023-02-20,3.038
180101.SZ,2023-02-21,3.06
180101.SZ,2023-02-22,3.048
180101.SZ,2023-02-23,3.02
180101.SZ,2023-02-24,3.006
180101.SZ,2023-02-27,2.994
180101.SZ,2023-02-28,2.999
180101.SZ,2023-03-01,3.004
180101.SZ,2023-03-02,2.997
180101.SZ,2023-03-03,2.998
180101.SZ,2023-03-06,2.983
180101.SZ,2023-03-07,2.954
180101.SZ,2023-03-08,2.943
180101.SZ,2023-03-09,2.931
180101.SZ,2023-03-10,2.94
180101.SZ,2023-03-13,2.985
180101.SZ,2023-03-14,2.965
180101.SZ,2023-03-15,2.965
180101.SZ,2023-03-16,2.95
180101.SZ,2023-03-17,2.956
180101.SZ,2023-03-20,2.934
180101.SZ,2023-03-21,2.922
180101.SZ,2023-03-22,2.915
180101.SZ,2023-03-23,2.918
180101.SZ,2023-03-24,2.906
180101.SZ,2023-03-27,2.892
180101.SZ,2023-03-28,2.861
180101.SZ,2023-03-29,2.825
180101.SZ,2023-03-30,2.801
180101.SZ,2023-03-31,2.861
180101.SZ,2023-04-03,2.914
180101.SZ,2023-04-04,2.907
180101.SZ,2023-04-06,2.848
180101.SZ,2023-04-07,2.838
180101.SZ,2023-04-10,2.831
180101.SZ,2023-04-11,2.815
180101.SZ,2023-04-12,2.803
180101.SZ,2023-04-13,2.778
180101.SZ,2023-04-14,2.795
180101.SZ,2023-04-17,2.802
180101.SZ,2023-04-18,2.812
180101.SZ,2023-04-19,2.801
180101.SZ,2023-04-20,2.79
180101.SZ,2023-04-21,2.742
180101.SZ,2023-04-24,2.721
180101.SZ,2023-04-25,2.648
180101.SZ,2023-04-26,2.638
180101.SZ,2023-04-27,2.606
180101.SZ,2023-04-28,2.608
180101.SZ,2023-05-04,2.53
180101.SZ,2023-05-05,2.482
180101.SZ,2023-05-08,2.502
180101.SZ,2023-05-09,2.552
180101.SZ,2023-05-10,2.62
180101.SZ,2023-05-11,2.643
180101.SZ,2023-05-12,2.647
180101.SZ,2023-05-15,2.67
180101.SZ,2023-05-16,2.729
180101.SZ,2023-05-17,2.749
180101.SZ,2023-05-19,2.733
180101.SZ,2023-05-22,2.65
180101.SZ,2023-05-23,2.6
180101.SZ,2023-05-24,2.61
180101.SZ,2023-05-25,2.619
180101.SZ,2023-05-26,2.627
180101.SZ,2023-05-29,2.548
180101.SZ,2023-05-30,2.495
180101.SZ,2023-05-31,2.471
180101.SZ,2023-06-01,2.474
180101.SZ,2023-06-02,2.478
180101.SZ,2023-06-05,2.433
180101.SZ,2023-06-06,2.38
180101.SZ,2023-06-07,2.391
180101.SZ,2023-06-08,2.424
180101.SZ,2023-06-09,2.42
180101.SZ,2023-06-12,2.41
180101.SZ,2023-06-13,2.399
180101.SZ,2023-06-14,2.39
180101.SZ,2023-06-15,2.407
180101.SZ,2023-06-16,2.47
180101.SZ,2023-06-19,2.448
180101.SZ,2023-06-20,2.432
180101.SZ,2023-06-21,2.412
180101.SZ,2023-06-26,2.385
180101.SZ,2023-06-27,2.39
180101.SZ,2023-06-28,2.391
180101.SZ,2023-06-29,2.387
180101.SZ,2023-06-30,2.369
180101.SZ,2023-07-03,2.35
180101.SZ,2023-07-04,2.33
180101.SZ,2023-07-05,2.304
180101.SZ,2023-07-06,2.356
180101.SZ,2023-07-07,2.375
180101.SZ,2023-07-10,2.394
180101.SZ,2023-07-11,2.377
180101.SZ,2023-07-12,2.334
180101.SZ,2023-07-13,2.348
180101.SZ,2023-07-14,2.364
180101.SZ,2023-07-17,2.4
180101.SZ,2023-07-18,2.489
180101.SZ,2023-07-19,2.43
180101.SZ,2023-07-20,2.413
180101.SZ,2023-07-21,2.434
180101.SZ,2023-07-24,2.445
180101.SZ,2023-07-25,2.46
180101.SZ,2023-07-26,2.454
180101.SZ,2023-07-27,2.454
180101.SZ,2023-07-28,2.454
180101.SZ,2023-07-31,2.455
180101.SZ,2023-08-01,2.463
180101.SZ,2023-08-02,2.475
180101.SZ,2023-08-03,2.463
180101.SZ,2023-08-04,2.466
180101.SZ,2023-08-07,2.445
180101.SZ,2023-08-08,2.442
180101.SZ,2023-08-09,2.443
180101.SZ,2023-08-10,2.445
180101.SZ,2023-08-11,2.435
180101.SZ,2023-08-14,2.428
180101.SZ,2023-08-15,2.418
180101.SZ,2023-08-16,2.402
180101.SZ,2023-08-17,2.381
180101.SZ,2023-08-18,2.366
180101.SZ,2023-08-21,2.371
180101.SZ,2023-08-22,2.378
180101.SZ,2023-08-23,2.384
180101.SZ,2023-08-24,2.39
180101.SZ,2023-08-25,2.399
180101.SZ,2023-08-28,2.407
180101.SZ,2023-08-29,2.409
180101.SZ,2023-08-30,2.403
180101.SZ,2023-08-31,2.399
180101.SZ,2023-09-01,2.399
180101.SZ,2023-09-04,2.388
180101.SZ,2023-09-05,2.385
180101.SZ,2023-09-06,2.39
180101.SZ,2023-09-07,2.396
180101.SZ,2023-09-08,2.397
180101.SZ,2023-09-11,2.404
180101.SZ,2023-09-12,2.4
180101.SZ,2023-09-13,2.391
180101.SZ,2023-09-14,2.38
180101.SZ,2023-09-15,2.361
180101.SZ,2023-09-18,2.353
180101.SZ,2023-09-19,2.352
180101.SZ,2023-09-20,2.357
180101.SZ,2023-09-21,2.357
180101.SZ,2023-09-22,2.358
180101.SZ,2023-09-25,2.35
180101.SZ,2023-09-26,2.345
180101.SZ,2023-09-27,2.341
180101.SZ,2023-09-28,2.343
180101.SZ,2023-10-09,2.34
180101.SZ,2023-10-10,2.328
180101.SZ,2023-10-11,2.319
180101.SZ,2023-10-12,2.324
180101.SZ,2023-10-13,2.32
180101.SZ,2023-10-16,2.309
180101.SZ,2023-10-17,2.297
180101.SZ,2023-10-18,2.288
180101.SZ,2023-10-19,2.259
180101.SZ,2023-10-20,2.22
180101.SZ,2023-10-23,2.175
180101.SZ,2023-10-24,2.203
180101.SZ,2023-10-25,2.208
180101.SZ,2023-10-26,2.198
180101.SZ,2023-10-27,2.194
180101.SZ,2023-10-30,2.173
180101.SZ,2023-10-31,2.17
180101.SZ,2023-11-01,2.103
180101.SZ,2023-11-02,2.091
180101.SZ,2023-11-03,2.094
180101.SZ,2023-11-06,2.085
180101.SZ,2023-11-07,2.074
180101.SZ,2023-11-08,2.076
180101.SZ,2023-11-09,2.082
180101.SZ,2023-11-10,2.066
180101.SZ,2023-11-13,2.045
180101.SZ,2023-11-14,2.036
180101.SZ,2023-11-15,2.02
180101.SZ,2023-11-16,2.008
180101.SZ,2023-11-17,2.005
180101.SZ,2023-11-20,1.998
180101.SZ,2023-11-21,1.985
180101.SZ,2023-11-22,1.963
180101.SZ,2023-11-23,1.927
180101.SZ,2023-11-24,1.891
180101.SZ,2023-11-27,1.86
180101.SZ,2023-11-28,1.853
180101.SZ,2023-11-29,1.853
180101.SZ,2023-11-30,1.856
180101.SZ,2023-12-01,1.86
180101.SZ,2023-12-04,1.859
180101.SZ,2023-12-05,1.859
180101.SZ,2023-12-06,1.853
180101.SZ,2023-12-07,1.831
180101.SZ,2023-12-08,1.828
180101.SZ,2023-12-11,1.821
180101.SZ,2023-12-12,1.81
180101.SZ,2023-12-13,1.78
180101.SZ,2023-12-14,1.755
180101.SZ,2023-12-15,1.73
180101.SZ,2023-12-18,1.694
180101.SZ,2023-12-19,1.636
180101.SZ,2023-12-20,1.647
180101.SZ,2023-12-21,1.717
180101.SZ,2023-12-22,1.717
180101.SZ,2023-12-25,1.696
180101.SZ,2023-12-26,1.678
180101.SZ,2023-12-27,1.621
180101.SZ,2023-12-28,1.612
180101.SZ,2023-12-29,1.638
180101.SZ,2024-01-02,1.61
180101.SZ,2024-01-03,1.595
180101.SZ,2024-01-04,1.553
180101.SZ,2024-01-05,1.506
180101.SZ,2024-01-08,1.46
180101.SZ,2024-01-09,1.437
180101.SZ,2024-01-10,1.42
180101.SZ,2024-01-11,1.44
180101.SZ,2024-01-12,1.43
180101.SZ,2024-01-15,1.446
180101.SZ,2024-01-16,1.481
180101.SZ,2024-01-17,1.53
180101.SZ,2024-01-18,1.508
180101.SZ,2024-01-19,1.508
180101.SZ,2024-01-22,1.462
180101.SZ,2024-01-23,1.432
180101.SZ,2024-01-24,1.433
180101.SZ,2024-01-25,1.474
180101.SZ,2024-01-26,1.478
180101.SZ,2024-01-29,1.481
180101.SZ,2024-01-30,1.479
180101.SZ,2024-01-31,1.461
180101.SZ,2024-02-01,1.453
180101.SZ,2024-02-02,1.447
180101.SZ,2024-02-05,1.425
180101.SZ,2024-02-06,1.436
180101.SZ,2024-02-07,1.432
180101.SZ,2024-02-08,1.472
180101.SZ,2024-02-19,1.565
180101.SZ,2024-02-20,1.604
180101.SZ,2024-02-21,1.668
180101.SZ,2024-02-22,1.72
180101.SZ,2024-02-23,1.788
180101.SZ,2024-02-26,1.89
180101.SZ,2024-02-28,1.824
180101.SZ,2024-02-29,1.862
180101.SZ,2024-03-01,1.933
180101.SZ,2024-03-04,1.997
180101.SZ,2024-03-05,2.021
180101.SZ,2024-03-06,1.996
180101.SZ,2024-03-07,1.96
180101.SZ,2024-03-08,1.947
180101.SZ,2024-03-11,1.977
180101.SZ,2024-03-12,1.955
180101.SZ,2024-03-13,1.931
180101.SZ,2024-03-14,1.916
180101.SZ,2024-03-15,1.919
180101.SZ,2024-03-18,1.918
180101.SZ,2024-03-19,1.916
180101.SZ,2024-03-20,1.9
180101.SZ,2024-03-21,1.878
180101.SZ,2024-03-22,1.848
180101.SZ,2024-03-25,1.819
180101.SZ,2024-03-26,1.833
180101.SZ,2024-03-27,1.919
180101.SZ,2024-03-28,1.91
180101.SZ,2024-03-29,1.905
180101.SZ,2024-04-01,1.892
180101.SZ,2024-04-02,1.863
180101.SZ,2024-04-03,1.882
180101.SZ,2024-04-08,1.9
180101.SZ,2024-04-09,1.903
180101.SZ,2024-04-10,1.943
180101.SZ,2024-04-11,1.957
180101.SZ,2024-04-12,1.95
180101.SZ,2024-04-15,1.894
180101.SZ,2024-04-16,1.859
180101.SZ,2024-04-17,1.892
180101.SZ,2024-04-18,1.873
180101.SZ,2024-04-19,1.868
180101.SZ,2024-04-22,1.853
180101.SZ,2024-04-23,1.842
180101.SZ,2024-04-24,1.845
180101.SZ,2024-04-25,1.888
180101.SZ,2024-04-26,1.919
180101.SZ,2024-04-29,1.918
180101.SZ,2024-04-30,1.889
180101.SZ,2024-05-06,1.896
180101.SZ,2024-05-07,1.94
180101.SZ,2024-05-08,1.946
180101.SZ,2024-05-09,1.95
180101.SZ,2024-05-10,1.956
180101.SZ,2024-05-13,1.96
180101.SZ,2024-05-14,1.957
180101.SZ,2024-05-15,1.946
180101.SZ,2024-05-16,1.958
180101.SZ,2024-05-17,1.964
180101.SZ,2024-05-20,1.956
180101.SZ,2024-05-21,1.954
180101.SZ,2024-05-22,1.939
180101.SZ,2024-05-23,1.934
180101.SZ,2024-05-24,1.955
180101.SZ,2024-05-27,1.963
180101.SZ,2024-05-28,1.965
180101.SZ,2024-05-29,1.964
180101.SZ,2024-05-30,1.948
180101.SZ,2024-05-31,1.963
180101.SZ,2024-06-03,1.959
180101.SZ,2024-06-04,1.954
180101.SZ,2024-06-05,1.94
180101.SZ,2024-06-06,1.938
180101.SZ,2024-06-07,1.942
180101.SZ,2024-06-11,1.897
180101.SZ,2024-06-12,1.896
180101.SZ,2024-06-13,1.9
180101.SZ,2024-06-14,1.884
180101.SZ,2024-06-17,1.863
180101.SZ,2024-06-18,1.862
180101.SZ,2024-06-19,1.866
180101.SZ,2024-06-20,1.864
180101.SZ,2024-06-21,1.866
180101.SZ,2024-06-24,1.863
180101.SZ,2024-06-25,1.849
180101.SZ,2024-06-26,1.856
180101.SZ,2024-06-27,1.855
180101.SZ,2024-06-28,1.842
180101.SZ,2024-07-01,1.84
180101.SZ,2024-07-02,1.845
180101.SZ,2024-07-03,1.836
180101.SZ,2024-07-04,1.83
180101.SZ,2024-07-05,1.827
180101.SZ,2024-07-08,1.884
180101.SZ,2024-07-09,1.872
180101.SZ,2024-07-10,1.898
180101.SZ,2024-07-11,1.888
180101.SZ,2024-07-12,1.892
180101.SZ,2024-07-15,1.898
180101.SZ,2024-07-16,1.885
180101.SZ,2024-07-17,1.899
180101.SZ,2024-07-18,1.898
180101.SZ,2024-07-19,1.9
180101.SZ,2024-07-22,1.906
180101.SZ,2024-07-23,1.904
180101.SZ,2024-07-24,1.903
180101.SZ,2024-07-25,1.903
180101.SZ,2024-07-26,1.932
180101.SZ,2024-07-29,1.94
180101.SZ,2024-07-30,1.947
180101.SZ,2024-07-31,1.939
180101.SZ,2024-08-01,1.94
180101.SZ,2024-08-02,1.946
180101.SZ,2024-08-05,1.981
180101.SZ,2024-08-06,2.038
180101.SZ,2024-08-07,2.113
180101.SZ,2024-08-08,2.085
180101.SZ,2024-08-09,2.099
180101.SZ,2024-08-12,2.044
180101.SZ,2024-08-13,2.034
180101.SZ,2024-08-14,2.057
180101.SZ,2024-08-15,2.043
180101.SZ,2024-08-16,2.032
180101.SZ,2024-08-19,2.034
180101.SZ,2024-08-20,2.066
180101.SZ,2024-08-21,2.06
180101.SZ,2024-08-22,2.067
180101.SZ,2024-08-23,2.028
180101.SZ,2024-08-26,2.0
180101.SZ,2024-08-27,1.965
180101.SZ,2024-08-28,1.988
180101.SZ,2024-08-29,1.975
180101.SZ,2024-08-30,1.973
180101.SZ,2024-09-02,1.985
180101.SZ,2024-09-03,1.975
180101.SZ,2024-09-04,1.961
180101.SZ,2024-09-05,1.983
180101.SZ,2024-09-06,1.979
180101.SZ,2024-09-09,1.98
180101.SZ,2024-09-10,1.955
180101.SZ,2024-09-11,1.943
180101.SZ,2024-09-12,1.935
180101.SZ,2024-09-13,1.951
180101.SZ,2024-09-18,1.956
180101.SZ,2024-09-19,1.961
180101.SZ,2024-09-20,1.969
180101.SZ,2024-09-23,1.956
180101.SZ,2024-09-24,1.985
180101.SZ,2024-09-25,2.0
180101.SZ,2024-09-26,1.99
180101.SZ,2024-09-27,1.987
180101.SZ,2024-09-30,1.985
180101.SZ,2024-10-08,2.054
180101.SZ,2024-10-09,2.01
180101.SZ,2024-10-10,1.997
180101.SZ,2024-10-11,2.002
180101.SZ,2024-10-14,1.988
180101.SZ,2024-10-15,1.986
180101.SZ,2024-10-16,1.978
180101.SZ,2024-10-17,1.983
180101.SZ,2024-10-18,1.984
180101.SZ,2024-10-21,1.972
180101.SZ,2024-10-22,1.98
180101.SZ,2024-10-23,1.976
180101.SZ,2024-10-24,1.969
180101.SZ,2024-10-25,1.974
180101.SZ,2024-10-28,1.964
180101.SZ,2024-10-29,1.961
180101.SZ,2024-10-30,1.94
180101.SZ,2024-10-31,1.944
180101.SZ,2024-11-01,1.937
180101.SZ,2024-11-04,1.958
180101.SZ,2024-11-05,1.97
180101.SZ,2024-11-06,1.97
180101.SZ,2024-11-07,1.967
180101.SZ,2024-11-08,1.969
180101.SZ,2024-11-11,1.98
180101.SZ,2024-11-12,1.98
180101.SZ,2024-11-13,1.984
180101.SZ,2024-11-14,2.018
180101.SZ,2024-11-15,1.997
180101.SZ,2024-11-18,1.993
180101.SZ,2024-11-19,1.999
180101.SZ,2024-11-20,1.999
180101.SZ,2024-11-21,2.0
180101.SZ,2024-11-22,1.994
180101.SZ,2024-11-25,1.982
180101.SZ,2024-11-26,1.968
180101.SZ,2024-11-27,1.977
180101.SZ,2024-11-28,1.967
180101.SZ,2024-11-29,1.965
180101.SZ,2024-12-02,1.97
180101.SZ,2024-12-03,1.975
180101.SZ,2024-12-04,1.978
180101.SZ,2024-12-05,1.972
180101.SZ,2024-12-06,1.972
180101.SZ,2024-12-09,1.97
180101.SZ,2024-12-10,1.978
180101.SZ,2024-12-11,1.985
180101.SZ,2024-12-12,2.014
180101.SZ,2024-12-13,2.017
180101.SZ,2024-12-16,2.02
180101.SZ,2024-12-17,2.0
180101.SZ,2024-12-18,1.954
180101.SZ,2024-12-19,1.978
180101.SZ,2024-12-20,1.986
180101.SZ,2024-12-23,1.986
180101.SZ,2024-12-24,1.985
180101.SZ,2024-12-25,2.014
180101.SZ,2024-12-26,2.014
180101.SZ,2024-12-27,2.049
180101.SZ,2024-12-30,2.05
180101.SZ,2024-12-31,2.019
180101.SZ,2025-01-02,2.026
180101.SZ,2025-01-03,2.056
180101.SZ,2025-01-06,2.08
180101.SZ,2025-01-07,2.068
180101.SZ,2025-01-08,2.086
180101.SZ,2025-01-09,2.123
180101.SZ,2025-01-10,2.175
180101.SZ,2025-01-13,2.162
180101.SZ,2025-01-14,2.124
180101.SZ,2025-01-15,2.171
180101.SZ,2025-01-16,2.172
180101.SZ,2025-01-17,2.175
180101.SZ,2025-01-20,2.168
180101.SZ,2025-01-21,2.171
180101.SZ,2025-01-22,2.173
180101.SZ,2025-01-23,2.193
180101.SZ,2025-01-24,2.206
180101.SZ,2025-01-27,2.24
180101.SZ,2025-02-05,2.239
180101.SZ,2025-02-06,2.236
180101.SZ,2025-02-07,2.221
180101.SZ,2025-02-10,2.277
180101.SZ,2025-02-11,2.353
180101.SZ,2025-02-12,2.3
180101.SZ,2025-02-13,2.26
180101.SZ,2025-02-14,2.312
180101.SZ,2025-02-17,2.352
180101.SZ,2025-02-18,2.348
180101.SZ,2025-02-19,2.357
180101.SZ,2025-02-20,2.348
180101.SZ,2025-02-21,2.342
180101.SZ,2025-02-24,2.294
180101.SZ,2025-02-25,2.273
180101.SZ,2025-02-26,2.264
180101.SZ,2025-02-27,2.243
180101.SZ,2025-02-28,2.227
180101.SZ,2025-03-03,2.275
180101.SZ,2025-03-04,2.3
180101.SZ,2025-03-05,2.304
180101.SZ,2025-03-06,2.303
180101.SZ,2025-03-07,2.293
180101.SZ,2025-03-10,2.3
180101.SZ,2025-03-11,2.308
180101.SZ,2025-03-12,2.29
180101.SZ,2025-03-13,2.296
180101.SZ,2025-03-14,2.307
180101.SZ,2025-03-17,2.301
180101.SZ,2025-03-18,2.303
180101.SZ,2025-03-19,2.344
180101.SZ,2025-03-20,2.349
180101.SZ,2025-03-21,2.339
180101.SZ,2025-03-24,2.337
180101.SZ,2025-03-25,2.33
180101.SZ,2025-03-26,2.328
180101.SZ,2025-03-27,2.329
180101.SZ,2025-03-28,2.337
180101.SZ,2025-03-31,2.32
180101.SZ,2025-04-01,2.286
180101.SZ,2025-04-02,2.31
180101.SZ,2025-04-03,2.308
180101.SZ,2025-04-07,2.291
180101.SZ,2025-04-08,2.243
180101.SZ,2025-04-09,2.188
180101.SZ,2025-04-10,2.206
180101.SZ,2025-04-11,2.236
180101.SZ,2025-04-14,2.242
180101.SZ,2025-04-15,2.264
180101.SZ,2025-04-16,2.287
180101.SZ,2025-04-17,2.316
180101.SZ,2025-04-18,2.299
180101.SZ,2025-04-21,2.305
180101.SZ,2025-04-22,2.269
180101.SZ,2025-04-23,2.246
180101.SZ,2025-04-24,2.22
180101.SZ,2025-04-25,2.178
180101.SZ,2025-04-28,2.138
180101.SZ,2025-04-29,2.12
180101.SZ,2025-04-30,2.142
180101.SZ,2025-05-06,2.173
180101.SZ,2025-05-07,2.2
180101.SZ,2025-05-08,2.177
180101.SZ,2025-05-09,2.15
180101.SZ,2025-05-12,2.175
180101.SZ,2025-05-13,2.171
180101.SZ,2025-05-14,2.173
180101.SZ,2025-05-15,2.172
180101.SZ,2025-05-16,2.181
180101.SZ,2025-05-19,2.166
180101.SZ,2025-05-20,2.159
180101.SZ,2025-05-21,2.217
180101.SZ,2025-05-22,2.179
180101.SZ,2025-05-23,2.169
180101.SZ,2025-05-26,2.172
180101.SZ,2025-05-27,2.148
180101.SZ,2025-05-28,2.161
180101.SZ,2025-05-29,2.159
180101.SZ,2025-05-30,2.145
180101.SZ,2025-06-03,2.128
180101.SZ,2025-06-04,2.134
180101.SZ,2025-06-05,2.155
180101.SZ,2025-06-06,2.15
180101.SZ,2025-06-09,2.149
180101.SZ,2025-06-10,2.159
180101.SZ,2025-06-11,2.182
180101.SZ,2025-06-12,2.174
180101.SZ,2025-06-13,2.196
180101.SZ,2025-06-16,2.198
180101.SZ,2025-06-17,2.185
180101.SZ,2025-06-18,2.205
180101.SZ,2025-06-19,2.19
180101.SZ,2025-06-20,2.204
180101.SZ,2025-06-23,2.19
180101.SZ,2025-06-24,2.182
180101.SZ,2025-06-25,2.17
180101.SZ,2025-06-26,2.169
180101.SZ,2025-06-27,2.164
180101.SZ,2025-06-30,2.153
180101.SZ,2025-07-01,2.141
180101.SZ,2025-07-02,2.164
180101.SZ,2025-07-03,2.178
180101.SZ,2025-07-04,2.188
180101.SZ,2025-07-07,2.149
180101.SZ,2025-07-08,2.145
180101.SZ,2025-07-09,2.145
180101.SZ,2025-07-10,2.145
180101.SZ,2025-07-11,2.142
180101.SZ,2025-07-14,2.128
180101.SZ,2025-07-15,2.134
180101.SZ,2025-07-16,2.133
180101.SZ,2025-07-17,2.117
180101.SZ,2025-07-18,2.112
180101.SZ,2025-07-21,2.1
180101.SZ,2025-07-22,2.09
180101.SZ,2025-07-23,2.09
180101.SZ,2025-07-24,2.096
180101.SZ,2025-07-25,2.1
180101.SZ,2025-07-28,2.1
180101.SZ,2025-07-29,2.094
180101.SZ,2025-07-30,2.095
180101.SZ,2025-07-31,2.09
180101.SZ,2025-08-01,2.087
180101.SZ,2025-08-04,2.082
180101.SZ,2025-08-05,2.082
180101.SZ,2025-08-06,2.081
180101.SZ,2025-08-07,2.088
180101.SZ,2025-08-08,2.083
180101.SZ,2025-08-11,2.079
180101.SZ,2025-08-12,2.08
180101.SZ,2025-08-13,2.079
180101.SZ,2025-08-14,2.07
180101.SZ,2025-08-15,2.057
180101.SZ,2025-08-18,2.024
180101.SZ,2025-08-19,2.018
180101.SZ,2025-08-20,2.019
180101.SZ,2025-08-21,2.02
180101.SZ,2025-08-22,2.024
180101.SZ,2025-08-25,2.024
180101.SZ,2025-08-26,2.066
180101.SZ,2025-08-27,2.06
180101.SZ,2025-08-28,2.057
180101.SZ,2025-08-29,2.035
180101.SZ,2025-09-01,2.026
180101.SZ,2025-09-02,2.031
180101.SZ,2025-09-03,2.03
180101.SZ,2025-09-04,2.042
180101.SZ,2025-09-05,2.035
180101.SZ,2025-09-08,2.025
180101.SZ,2025-09-09,2.039
180101.SZ,2025-09-10,2.029
180101.SZ,2025-09-11,2.027
180101.SZ,2025-09-12,1.987
180101.SZ,2025-09-15,1.99
180101.SZ,2025-09-16,1.99
180101.SZ,2025-09-17,1.998
180101.SZ,2025-09-18,1.994
180101.SZ,2025-09-19,2.002
180101.SZ,2025-09-22,1.998
180101.SZ,2025-09-23,2.0
180101.SZ,2025-09-24,1.996
180101.SZ,2025-09-25,1.99
180101.SZ,2025-09-26,1.995
180101.SZ,2025-09-29,1.993
180101.SZ,2025-09-30,1.993
180101.SZ,2025-10-09,1.984
180101.SZ,2025-10-10,1.985
180101.SZ,2025-10-13,1.984
180101.SZ,2025-10-14,1.984
180101.SZ,2025-10-15,1.982
180101.SZ,2025-10-16,1.982
180101.SZ,2025-10-17,1.979
180101.SZ,2025-10-20,1.959
180101.SZ,2025-10-21,1.954
180101.SZ,2025-10-22,1.954
180101.SZ,2025-10-23,1.96
180101.SZ,2025-10-24,1.962
180101.SZ,2025-10-27,1.959
180101.SZ,2025-10-28,1.96
180101.SZ,2025-10-29,1.959
180101.SZ,2025-10-30,1.95
180101.SZ,2025-10-31,1.94
180101.SZ,2025-11-03,1.917
180101.SZ,2025-11-04,1.9
180101.SZ,2025-11-05,1.908
180101.SZ,2025-11-06,1.915
180101.SZ,2025-11-07,1.924
180101.SZ,2025-11-10,1.941
180101.SZ,2025-11-11,1.935
180101.SZ,2025-11-12,1.933
180101.SZ,2025-11-13,1.939
180101.SZ,2025-11-14,1.94
180101.SZ,2025-11-18,1.931
180101.SZ,2025-11-19,1.93
180101.SZ,2025-11-20,1.927
180101.SZ,2025-11-21,1.921
180101.SZ,2025-11-24,1.913
180101.SZ,2025-11-25,1.927
180101.SZ,2025-11-26,1.927
180101.SZ,2025-11-27,1.91
180101.SZ,2025-11-28,1.915
180101.SZ,2025-12-01,1.911
180101.SZ,2025-12-02,1.911
180101.SZ,2025-12-03,1.913
180101.SZ,2025-12-04,1.916
180101.SZ,2025-12-05,1.917
180101.SZ,2025-12-08,1.918
180101.SZ,2025-12-09,1.886
180101.SZ,2025-12-10,1.891
180101.SZ,2025-12-11,1.89
180101.SZ,2025-12-12,1.889
180101.SZ,2025-12-15,1.88
180101.SZ,2025-12-16,1.879
180101.SZ,2025-12-17,1.872
180101.SZ,2025-12-18,1.869
180101.SZ,2025-12-19,1.866
180101.SZ,2025-12-22,1.858
180101.SZ,2025-12-23,1.85
180101.SZ,2025-12-24,1.885
180101.SZ,2025-12-25,1.887
180101.SZ,2025-12-26,1.875
180101.SZ,2025-12-29,1.874
180101.SZ,2025-12-30,1.871
180101.SZ,2025-12-31,1.88
180101.SZ,2026-01-05,1.905
180101.SZ,2026-01-06,1.92
180101.SZ,2026-01-07,1.935
180101.SZ,2026-01-08,1.932
180101.SZ,2026-01-09,1.93
180101.SZ,2026-01-12,1.938
180101.SZ,2026-01-13,1.938
180101.SZ,2026-01-14,1.928
180101.SZ,2026-01-15,1.925
180101.SZ,2026-01-16,1.936
180101.SZ,2026-01-19,1.943
180101.SZ,2026-01-20,1.949
180101.SZ,2026-01-21,1.961
180101.SZ,2026-01-22,1.971
180101.SZ,2026-01-23,1.952
180101.SZ,2026-01-26,1.965
180101.SZ,2026-01-27,1.964
180101.SZ,2026-01-28,1.979
180101.SZ,2026-01-29,2.041
180101.SZ,2026-01-30,2.015
180101.SZ,2026-02-02,1.994
180101.SZ,2026-02-03,1.993
180101.SZ,2026-02-04,2.017
180101.SZ,2026-02-05,2.008
180101.SZ,2026-02-06,1.994
180101.SZ,2026-02-09,1.98
180101.SZ,2026-02-10,1.993
180101.SZ,2026-02-11,1.992
180101.SZ,2026-02-12,1.999
180101.SZ,2026-02-13,1.999
180101.SZ,2026-02-24,1.984
180101.SZ,2026-02-25,1.993
180101.SZ,2026-02-26,1.986
180101.SZ,2026-02-27,1.981
180101.SZ,2026-03-02,1.975
180101.SZ,2026-03-03,1.975
180101.SZ,2026-03-04,1.969
180101.SZ,2026-03-05,1.977
180101.SZ,2026-03-06,1.981
180101.SZ,2026-03-09,1.964
180101.SZ,2026-03-10,1.976
180101.SZ,2026-03-11,1.943
180101.SZ,2026-03-12,1.91
180101.SZ,2026-03-13,1.904
180101.SZ,2026-03-16,1.894
180101.SZ,2026-03-17,1.895
180101.SZ,2026-03-18,1.895
180101.SZ,2026-03-19,1.887
180101.SZ,2026-03-20,1.885
180101.SZ,2026-03-23,1.871
180101.SZ,2026-03-24,1.877
180101.SZ,2026-03-25,1.887
180101.SZ,2026-03-26,1.891
180101.SZ,2026-03-27,1.904
180101.SZ,2026-03-30,1.888
180101.SZ,2026-03-31,1.893
180101.SZ,2026-04-01,1.885
180101.SZ,2026-04-02,1.879
180101.SZ,2026-04-03,1.896
180101.SZ,2026-04-07,1.901
180101.SZ,2026-04-08,1.902
180101.SZ,2026-04-09,1.887
180101.SZ,2026-04-10,1.883
180101.SZ,2026-04-13,1.873
180101.SZ,2026-04-14,1.872
180101.SZ,2026-04-15,1.871
180101.SZ,2026-04-16,1.887
180101.SZ,2026-04-17,1.9
180101.SZ,2026-04-20,1.9
180101.SZ,2026-04-21,1.893
180101.SZ,2026-04-22,1.889
180101.SZ,2026-04-23,1.88
180101.SZ,2026-04-24,1.862
180101.SZ,2026-04-27,1.843
180101.SZ,2026-04-28,1.832
180101.SZ,2026-04-29,1.83
180101.SZ,2026-04-30,1.834
180101.SZ,2026-05-06,1.825
180101.SZ,2026-05-07,1.821
180101.SZ,2026-05-08,1.816
180101.SZ,2026-05-11,1.814
180101.SZ,2026-05-12,1.814
180101.SZ,2026-05-13,1.803
180101.SZ,2026-05-14,1.773
180101.SZ,2026-05-15,1.75
180101.SZ,2026-05-18,1.751
180101.SZ,2026-05-19,1.79
180101.SZ,2026-05-20,1.796
180101.SZ,2026-05-21,1.778
180101.SZ,2026-05-22,1.777
180101.SZ,2026-05-25,1.761
180101.SZ,2026-05-26,1.752
180101.SZ,2026-05-27,1.747
180101.SZ,2026-05-28,1.743
180101.SZ,2026-05-29,1.75
180101.SZ,2026-06-01,1.762
180101.SZ,2026-06-02,1.763
180101.SZ,2026-06-03,1.751
180101.SZ,2026-06-04,1.74
180101.SZ,2026-06-05,1.739
180101.SZ,2026-06-08,1.728
180101.SZ,2026-06-09,1.707
180101.SZ,2026-06-10,1.673
180101.SZ,2026-06-11,1.641
180101.SZ,2026-06-12,1.661
180101.SZ,2026-06-15,1.657
180101.SZ,2026-06-16,1.645
180101.SZ,2026-06-17,1.64
180101.SZ,2026-06-18,1.622
180101.SZ,2026-06-22,1.587
180101.SZ,2026-06-23,1.58
180101.SZ,2026-06-24,1.55
180101.SZ,2026-06-25,1.586
180101.SZ,2026-06-26,1.565
180101.SZ,2026-06-29,1.575
180101.SZ,2026-06-30,1.601
180101.SZ,2026-07-01,1.618
180101.SZ,2026-07-02,1.611
180101.SZ,2026-07-03,1.625
180101.SZ,2026-07-06,1.635
180101.SZ,2026-07-07,1.63
180101.SZ,2026-07-08,1.614
180101.SZ,2026-07-09,1.605
180101.SZ,2026-07-10,1.604
180101.SZ,2026-07-13,1.582
180101.SZ,2026-07-14,1.574
180101.SZ,2026-07-15,1.586
180101.SZ,2026-07-16,1.591
180101.SZ,2026-07-17,1.593
180101.SZ,2026-07-20,1.573
180101.SZ,2026-07-21,1.57
180101.SZ,2026-07-22,1.546
180101.SZ,2026-07-23,1.551
180101.SZ,2026-07-24,1.548
180101.SZ,2026-07-27,1.536
180101.SZ,2026-07-28,1.514
180101.SZ,2026-07-29,1.514
180101.SZ,2026-07-30,1.496
180101.SZ,2026-07-31,1.514
180101.SZ,2026-08-03,1.479
180101.SZ,2026-08-04,1.434
180101.SZ,2026-08-05,1.393
180101.SZ,2026-08-06,1.374
180101.SZ,2026-08-07,1.38
180101.SZ,2026-08-10,1.371
180101.SZ,2026-08-11,1.356
180101.SZ,2026-08-12,1.353
180101.SZ,2026-08-13,1.356
180101.SZ,2026-08-14,1.383
180101.SZ,2026-08-17,1.383
180101.SZ,2026-08-18,1.405
180101.SZ,2026-08-19,1.404
180101.SZ,2026-08-20,1.424
180101.SZ,2026-08-21,1.436
180101.SZ,2026-08-24,1.447
180101.SZ,2026-08-25,1.471
180101.SZ,2026-08-26,1.515
180101.SZ,2026-08-27,1.548
180101.SZ,2026-08-28,1.555
180101.SZ,2026-08-31,1.575
180101.SZ,2026-09-01,1.544
180101.SZ,2026-09-02,1.526
180101.SZ,2026-09-03,1.485
180101.SZ,2026-09-04,1.487
180101.SZ,2026-09-07,1.475
180101.SZ,2026-09-08,1.472
180101.SZ,2026-09-09,1.481
180101.SZ,2026-09-10,1.47
180101.SZ,2026-09-11,1.458
180101.SZ,2026-09-14,1.451
180101.SZ,2026-09-15,1.452
180101.SZ,2026-09-16,1.445
180101.SZ,2026-09-17,1.459
180101.SZ,2026-09-18,1.425
180101.SZ,2026-09-21,1.408
180101.SZ,2026-09-22,1.405
180101.SZ,2026-09-23,1.41
180101.SZ,2026-09-24,1.41
180101.SZ,2026-09-28,1.407
180101.SZ,2026-09-29,1.41
180101.SZ,2026-09-30,1.43
180102.SZ,2022-10-10,2.847
180102.SZ,2022-10-11,2.665
180102.SZ,2022-10-12,2.719
180102.SZ,2022-10-13,2.71
180102.SZ,2022-10-14,2.673
180102.SZ,2022-10-17,2.669
180102.SZ,2022-10-18,2.686
180102.SZ,2022-10-19,2.666
180102.SZ,2022-10-20,2.651
180102.SZ,2022-10-21,2.638
180102.SZ,2022-10-24,2.594
180102.SZ,2022-10-25,2.574
180102.SZ,2022-10-26,2.574
180102.SZ,2022-10-27,2.578
180102.SZ,2022-10-28,2.588
180102.SZ,2022-10-31,2.582
180102.SZ,2022-11-01,2.608
180102.SZ,2022-11-02,2.656
180102.SZ,2022-11-03,2.654
180102.SZ,2022-11-04,2.688
180102.SZ,2022-11-07,2.688
180102.SZ,2022-11-08,2.659
180102.SZ,2022-11-09,2.64
180102.SZ,2022-11-10,2.635
180102.SZ,2022-11-11,2.651
180102.SZ,2022-11-14,2.642
180102.SZ,2022-11-15,2.618
180102.SZ,2022-11-16,2.605
180102.SZ,2022-11-17,2.611
180102.SZ,2022-11-18,2.606
180102.SZ,2022-11-21,2.649
180102.SZ,2022-11-22,2.638
180102.SZ,2022-11-23,2.636
180102.SZ,2022-11-24,2.64
180102.SZ,2022-11-25,2.654
180102.SZ,2022-11-28,2.661
180102.SZ,2022-11-29,2.676
180102.SZ,2022-11-30,2.666
180102.SZ,2022-12-01,2.68
180102.SZ,2022-12-02,2.678
180102.SZ,2022-12-05,2.68
180102.SZ,2022-12-06,2.67
180102.SZ,2022-12-07,2.66
180102.SZ,2022-12-08,2.65
180102.SZ,2022-12-09,2.641
180102.SZ,2022-12-12,2.636
180102.SZ,2022-12-13,2.62
180102.SZ,2022-12-14,2.61
180102.SZ,2022-12-15,2.617
180102.SZ,2022-12-16,2.618
180102.SZ,2022-12-19,2.619
180102.SZ,2022-12-20,2.589
180102.SZ,2022-12-21,2.584
180102.SZ,2022-12-22,2.595
180102.SZ,2022-12-23,2.606
180102.SZ,2022-12-26,2.6
180102.SZ,2022-12-27,2.557
180102.SZ,2022-12-28,2.472
180102.SZ,2022-12-29,2.45
180102.SZ,2022-12-30,2.445
180102.SZ,2023-01-03,2.395
180102.SZ,2023-01-04,2.378
180102.SZ,2023-01-05,2.356
180102.SZ,2023-01-06,2.391
180102.SZ,2023-01-09,2.404
180102.SZ,2023-01-10,2.433
180102.SZ,2023-01-11,2.455
180102.SZ,2023-01-12,2.45
180102.SZ,2023-01-13,2.436
180102.SZ,2023-01-16,2.436
180102.SZ,2023-01-17,2.421
180102.SZ,2023-01-18,2.435
180102.SZ,2023-01-19,2.438
180102.SZ,2023-01-20,2.452
180102.SZ,2023-01-30,2.46
180102.SZ,2023-01-31,2.494
180102.SZ,2023-02-01,2.506
180102.SZ,2023-02-02,2.499
180102.SZ,2023-02-03,2.507
180102.SZ,2023-02-06,2.506
180102.SZ,2023-02-07,2.508
180102.SZ,2023-02-08,2.502
180102.SZ,2023-02-09,2.495
180102.SZ,2023-02-10,2.508
180102.SZ,2023-02-13,2.524
180102.SZ,2023-02-14,2.542
180102.SZ,2023-02-15,2.548
180102.SZ,2023-02-16,2.561
180102.SZ,2023-02-17,2.566
180102.SZ,2023-02-20,2.583
180102.SZ,2023-02-21,2.584
180102.SZ,2023-02-22,2.577
180102.SZ,2023-02-23,2.559
180102.SZ,2023-02-24,2.545
180102.SZ,2023-02-27,2.543
180102.SZ,2023-02-28,2.537
180102.SZ,2023-03-01,2.535
180102.SZ,2023-03-02,2.528
180102.SZ,2023-03-03,2.52
180102.SZ,2023-03-06,2.522
180102.SZ,2023-03-07,2.516
180102.SZ,2023-03-08,2.502
180102.SZ,2023-03-09,2.501
180102.SZ,2023-03-10,2.5
180102.SZ,2023-03-13,2.521
180102.SZ,2023-03-14,2.521
180102.SZ,2023-03-15,2.519
180102.SZ,2023-03-16,2.509
180102.SZ,2023-03-17,2.51
180102.SZ,2023-03-20,2.507
180102.SZ,2023-03-21,2.505
180102.SZ,2023-03-22,2.506
180102.SZ,2023-03-23,2.512
180102.SZ,2023-03-24,2.513
180102.SZ,2023-03-27,2.512
180102.SZ,2023-03-28,2.499
180102.SZ,2023-03-29,2.492
180102.SZ,2023-03-30,2.494
180102.SZ,2023-03-31,2.512
180102.SZ,2023-04-03,2.517
180102.SZ,2023-04-04,2.512
180102.SZ,2023-04-06,2.494
180102.SZ,2023-04-07,2.496
180102.SZ,2023-04-10,2.495
180102.SZ,2023-04-11,2.483
180102.SZ,2023-04-12,2.464
180102.SZ,2023-04-13,2.465
180102.SZ,2023-04-14,2.483
180102.SZ,2023-04-17,2.5
180102.SZ,2023-04-18,2.512
180102.SZ,2023-04-19,2.51
180102.SZ,2023-04-20,2.511
180102.SZ,2023-04-21,2.482
180102.SZ,2023-04-24,2.488
180102.SZ,2023-04-25,2.472
180102.SZ,2023-04-26,2.468
180102.SZ,2023-04-27,2.455
180102.SZ,2023-04-28,2.44
180102.SZ,2023-05-04,2.428
180102.SZ,2023-05-05,2.413
180102.SZ,2023-05-08,2.396
180102.SZ,2023-05-09,2.375
180102.SZ,2023-05-10,2.396
180102.SZ,2023-05-11,2.423
180102.SZ,2023-05-12,2.42
180102.SZ,2023-05-15,2.401
180102.SZ,2023-05-16,2.4
180102.SZ,2023-05-17,2.397
180102.SZ,2023-05-18,2.395
180102.SZ,2023-05-19,2.392
180102.SZ,2023-05-22,2.397
180102.SZ,2023-05-23,2.398
180102.SZ,2023-05-24,2.399
180102.SZ,2023-05-25,2.378
180102.SZ,2023-05-26,2.36
180102.SZ,2023-05-29,2.349
180102.SZ,2023-05-30,2.328
180102.SZ,2023-05-31,2.296
180102.SZ,2023-06-01,2.28
180102.SZ,2023-06-02,2.254
180102.SZ,2023-06-05,2.194
180102.SZ,2023-06-06,2.159
180102.SZ,2023-06-07,2.19
180102.SZ,2023-06-08,2.242
180102.SZ,2023-06-09,2.235
180102.SZ,2023-06-12,2.232
180102.SZ,2023-06-13,2.227
180102.SZ,2023-06-14,2.222
180102.SZ,2023-06-15,2.234
180102.SZ,2023-06-16,2.245
180102.SZ,2023-06-19,2.223
180102.SZ,2023-06-20,2.22
180102.SZ,2023-06-21,2.206
180102.SZ,2023-06-26,2.18
180102.SZ,2023-06-27,2.179
180102.SZ,2023-06-28,2.173
180102.SZ,2023-06-29,2.171
180102.SZ,2023-06-30,2.148
180102.SZ,2023-07-03,2.121
180102.SZ,2023-07-04,2.105
180102.SZ,2023-07-05,2.082
180102.SZ,2023-07-06,2.1
180102.SZ,2023-07-07,2.147
180102.SZ,2023-07-10,2.128
180102.SZ,2023-07-11,2.125
180102.SZ,2023-07-12,2.111
180102.SZ,2023-07-13,2.115
180102.SZ,2023-07-14,2.136
180102.SZ,2023-07-17,2.162
180102.SZ,2023-07-18,2.24
180102.SZ,2023-07-19,2.196
180102.SZ,2023-07-20,2.176
180102.SZ,2023-07-21,2.193
180102.SZ,2023-07-24,2.21
180102.SZ,2023-07-25,2.212
180102.SZ,2023-07-26,2.211
180102.SZ,2023-07-27,2.204
180102.SZ,2023-07-28,2.206
180102.SZ,2023-07-31,2.208
180102.SZ,2023-08-01,2.219
180102.SZ,2023-08-02,2.222
180102.SZ,2023-08-03,2.23
180102.SZ,2023-08-04,2.233
180102.SZ,2023-08-07,2.242
180102.SZ,2023-08-08,2.261
180102.SZ,2023-08-09,2.27
180102.SZ,2023-08-10,2.258
180102.SZ,2023-08-11,2.235
180102.SZ,2023-08-14,2.256
180102.SZ,2023-08-15,2.265
180102.SZ,2023-08-16,2.27
180102.SZ,2023-08-17,2.257
180102.SZ,2023-08-18,2.25
180102.SZ,2023-08-21,2.25
180102.SZ,2023-08-22,2.239
180102.SZ,2023-08-23,2.217
180102.SZ,2023-08-24,2.208
180102.SZ,2023-08-25,2.235
180102.SZ,2023-08-28,2.249
180102.SZ,2023-08-29,2.253
180102.SZ,2023-08-30,2.273
180102.SZ,2023-08-31,2.226
180102.SZ,2023-09-01,2.23
180102.SZ,2023-09-04,2.231
180102.SZ,2023-09-05,2.23
180102.SZ,2023-09-06,2.238
180102.SZ,2023-09-07,2.245
180102.SZ,2023-09-08,2.26
180102.SZ,2023-09-11,2.264
180102.SZ,2023-09-12,2.27
180102.SZ,2023-09-13,2.27
180102.SZ,2023-09-14,2.259
180102.SZ,2023-09-15,2.269
180102.SZ,2023-09-18,2.267
180102.SZ,2023-09-19,2.245
180102.SZ,2023-09-20,2.222
180102.SZ,2023-09-21,2.229
180102.SZ,2023-09-22,2.231
180102.SZ,2023-09-25,2.229
180102.SZ,2023-09-26,2.22
180102.SZ,2023-09-27,2.22
180102.SZ,2023-09-28,2.217
180102.SZ,2023-10-09,2.211
180102.SZ,2023-10-10,2.219
180102.SZ,2023-10-11,2.22
180102.SZ,2023-10-12,2.213
180102.SZ,2023-10-13,2.205
180102.SZ,2023-10-16,2.208
180102.SZ,2023-10-17,2.187
180102.SZ,2023-10-18,2.184
180102.SZ,2023-10-19,2.183
180102.SZ,2023-10-20,2.169
180102.SZ,2023-10-23,2.143
180102.SZ,2023-10-24,2.158
180102.SZ,2023-10-25,2.17
180102.SZ,2023-10-26,2.158
180102.SZ,2023-10-27,2.149
180102.SZ,2023-10-30,2.118
180102.SZ,2023-10-31,2.105
180102.SZ,2023-11-01,2.088
180102.SZ,2023-11-02,2.09
180102.SZ,2023-11-03,2.095
180102.SZ,2023-11-06,2.089
180102.SZ,2023-11-07,2.086
180102.SZ,2023-11-08,2.105
180102.SZ,2023-11-09,2.118
180102.SZ,2023-11-10,2.111
180102.SZ,2023-11-13,2.102
180102.SZ,2023-11-14,2.081
180102.SZ,2023-11-15,2.07
180102.SZ,2023-11-16,2.055
180102.SZ,2023-11-17,2.051
180102.SZ,2023-11-20,2.037
180102.SZ,2023-11-21,2.029
180102.SZ,2023-11-22,2.004
180102.SZ,2023-11-23,1.977
180102.SZ,2023-11-24,1.927
180102.SZ,2023-11-27,1.855
180102.SZ,2023-11-28,1.77
180102.SZ,2023-11-29,1.786
180102.SZ,2023-11-30,1.808
180102.SZ,2023-12-01,1.808
180102.SZ,2023-12-04,1.802
180102.SZ,2023-12-05,1.798
180102.SZ,2023-12-06,1.797
180102.SZ,2023-12-07,1.796
180102.SZ,2023-12-08,1.772
180102.SZ,2023-12-11,1.768
180102.SZ,2023-12-12,1.751
180102.SZ,2023-12-13,1.736
180102.SZ,2023-12-14,1.695
180102.SZ,2023-12-15,1.705
180102.SZ,2023-12-18,1.701
180102.SZ,2023-12-19,1.698
180102.SZ,2023-12-20,1.75
180102.SZ,2023-12-21,1.796
180102.SZ,2023-12-22,1.827
180102.SZ,2023-12-25,1.829
180102.SZ,2023-12-26,1.831
180102.SZ,2023-12-27,1.818
180102.SZ,2023-12-28,1.818
180102.SZ,2023-12-29,1.811
180102.SZ,2024-01-02,1.789
180102.SZ,2024-01-03,1.785
180102.SZ,2024-01-04,1.786
180102.SZ,2024-01-05,1.78
180102.SZ,2024-01-08,1.766
180102.SZ,2024-01-09,1.683
180102.SZ,2024-01-10,1.654
180102.SZ,2024-01-11,1.658
180102.SZ,2024-01-12,1.65
180102.SZ,2024-01-15,1.661
180102.SZ,2024-01-16,1.68
180102.SZ,2024-01-17,1.706
180102.SZ,2024-01-18,1.677
180102.SZ,2024-01-19,1.684
180102.SZ,2024-01-22,1.684
180102.SZ,2024-01-23,1.691
180102.SZ,2024-01-24,1.694
180102.SZ,2024-01-25,1.7
180102.SZ,2024-01-26,1.693
180102.SZ,2024-01-29,1.688
180102.SZ,2024-01-30,1.675
180102.SZ,2024-01-31,1.62
180102.SZ,2024-02-01,1.593
180102.SZ,2024-02-02,1.585
180102.SZ,2024-02-05,1.56
180102.SZ,2024-02-06,1.567
180102.SZ,2024-02-07,1.579
180102.SZ,2024-02-08,1.656
180102.SZ,2024-02-19,1.74
180102.SZ,2024-02-20,1.743
180102.SZ,2024-02-21,1.769
180102.SZ,2024-02-22,1.823
180102.SZ,2024-02-23,1.867
180102.SZ,2024-02-26,1.899
180102.SZ,2024-02-27,1.882
180102.SZ,2024-02-28,1.84
180102.SZ,2024-02-29,1.858
180102.SZ,2024-03-01,1.912
180102.SZ,2024-03-04,1.994
180102.SZ,2024-03-05,1.99
180102.SZ,2024-03-06,1.972
180102.SZ,2024-03-07,1.925
180102.SZ,2024-03-08,1.909
180102.SZ,2024-03-11,1.912
180102.SZ,2024-03-12,1.914
180102.SZ,2024-03-13,1.885
180102.SZ,2024-03-14,1.886
180102.SZ,2024-03-15,1.882
180102.SZ,2024-03-18,1.864
180102.SZ,2024-03-19,1.857
180102.SZ,2024-03-20,1.828
180102.SZ,2024-03-21,1.812
180102.SZ,2024-03-22,1.818
180102.SZ,2024-03-25,1.842
180102.SZ,2024-03-26,1.852
180102.SZ,2024-03-27,1.898
180102.SZ,2024-03-28,1.9
180102.SZ,2024-03-29,1.909
180102.SZ,2024-04-01,1.918
180102.SZ,2024-04-02,1.911
180102.SZ,2024-04-03,1.888
180102.SZ,2024-04-08,1.912
180102.SZ,2024-04-09,1.921
180102.SZ,2024-04-10,1.942
180102.SZ,2024-04-11,1.977
180102.SZ,2024-04-12,1.965
180102.SZ,2024-04-15,1.953
180102.SZ,2024-04-16,1.914
180102.SZ,2024-04-17,1.934
180102.SZ,2024-04-18,1.933
180102.SZ,2024-04-19,1.908
180102.SZ,2024-04-22,1.919
180102.SZ,2024-04-23,1.92
180102.SZ,2024-04-24,1.925
180102.SZ,2024-04-25,1.94
180102.SZ,2024-04-26,1.99
180102.SZ,2024-04-29,2.003
180102.SZ,2024-04-30,1.973
180102.SZ,2024-05-06,1.986
180102.SZ,2024-05-07,2.009
180102.SZ,2024-05-08,2.001
180102.SZ,2024-05-09,2.005
180102.SZ,2024-05-10,1.997
180102.SZ,2024-05-13,1.992
180102.SZ,2024-05-14,1.99
180102.SZ,2024-05-15,1.979
180102.SZ,2024-05-16,2.0
180102.SZ,2024-05-17,1.999
180102.SZ,2024-05-20,1.984
180102.SZ,2024-05-21,1.973
180102.SZ,2024-05-22,1.968
180102.SZ,2024-05-23,1.95
180102.SZ,2024-05-24,1.953
180102.SZ,2024-05-27,1.951
180102.SZ,2024-05-28,1.957
180102.SZ,2024-05-29,1.96
180102.SZ,2024-05-30,1.957
180102.SZ,2024-05-31,1.959
180102.SZ,2024-06-03,1.973
180102.SZ,2024-06-04,1.983
180102.SZ,2024-06-05,1.982
180102.SZ,2024-06-06,1.968
180102.SZ,2024-06-07,1.963
180102.SZ,2024-06-11,1.946
180102.SZ,2024-06-12,1.939
180102.SZ,2024-06-13,1.94
180102.SZ,2024-06-14,1.935
180102.SZ,2024-06-17,1.927
180102.SZ,2024-06-18,1.934
180102.SZ,2024-06-19,1.932
180102.SZ,2024-06-20,1.935
180102.SZ,2024-06-21,1.946
180102.SZ,2024-06-24,1.963
180102.SZ,2024-06-25,1.944
180102.SZ,2024-06-26,1.94
180102.SZ,2024-06-27,1.945
180102.SZ,2024-06-28,1.936
180102.SZ,2024-07-01,1.931
180102.SZ,2024-07-02,1.931
180102.SZ,2024-07-03,1.926
180102.SZ,2024-07-04,1.926
180102.SZ,2024-07-05,1.92
180102.SZ,2024-07-08,1.908
180102.SZ,2024-07-09,1.903
180102.SZ,2024-07-10,1.903
180102.SZ,2024-07-11,1.92
180102.SZ,2024-07-12,1.917
180102.SZ,2024-07-15,1.91
180102.SZ,2024-07-16,1.907
180102.SZ,2024-07-17,1.931
180102.SZ,2024-07-18,1.918
180102.SZ,2024-07-19,1.937
180102.SZ,2024-07-22,1.917
180102.SZ,2024-07-23,1.911
180102.SZ,2024-07-24,1.905
180102.SZ,2024-07-25,1.901
180102.SZ,2024-07-26,1.898
180102.SZ,2024-07-29,1.9
180102.SZ,2024-07-30,1.932
180102.SZ,2024-07-31,1.946
180102.SZ,2024-08-01,1.974
180102.SZ,2024-08-02,2.0
180102.SZ,2024-08-05,2.018
180102.SZ,2024-08-06,2.039
180102.SZ,2024-08-07,2.073
180102.SZ,2024-08-08,2.034
180102.SZ,2024-08-09,2.046
180102.SZ,2024-08-12,2.07
180102.SZ,2024-08-13,2.045
180102.SZ,2024-08-14,2.016
180102.SZ,2024-08-15,2.014
180102.SZ,2024-08-16,2.02
180102.SZ,2024-08-19,2.016
180102.SZ,2024-08-20,1.976
180102.SZ,2024-08-21,1.973
180102.SZ,2024-08-22,1.996
180102.SZ,2024-08-23,2.008
180102.SZ,2024-08-26,1.991
180102.SZ,2024-08-27,1.981
180102.SZ,2024-08-28,1.986
180102.SZ,2024-08-29,1.969
180102.SZ,2024-08-30,1.97
180102.SZ,2024-09-02,1.975
180102.SZ,2024-09-03,1.964
180102.SZ,2024-09-04,1.944
180102.SZ,2024-09-05,1.955
180102.SZ,2024-09-06,1.975
180102.SZ,2024-09-09,1.974
180102.SZ,2024-09-10,1.952
180102.SZ,2024-09-11,1.957
180102.SZ,2024-09-12,1.949
180102.SZ,2024-09-13,1.971
180102.SZ,2024-09-18,1.964
180102.SZ,2024-09-19,1.946
180102.SZ,2024-09-20,1.937
180102.SZ,2024-09-23,1.939
180102.SZ,2024-09-24,1.957
180102.SZ,2024-09-25,1.987
180102.SZ,2024-09-26,1.996
180102.SZ,2024-09-27,1.993
180102.SZ,2024-09-30,1.973
180102.SZ,2024-10-08,1.99
180102.SZ,2024-10-09,1.999
180102.SZ,2024-10-10,1.984
180102.SZ,2024-10-11,1.991
180102.SZ,2024-10-14,1.988
180102.SZ,2024-10-15,1.981
180102.SZ,2024-10-16,1.979
180102.SZ,2024-10-17,1.98
180102.SZ,2024-10-18,1.974
180102.SZ,2024-10-21,1.96
180102.SZ,2024-10-22,1.959
180102.SZ,2024-10-23,1.966
180102.SZ,2024-10-24,1.966
180102.SZ,2024-10-25,1.953
180102.SZ,2024-10-28,1.957
180102.SZ,2024-10-29,1.941
180102.SZ,2024-10-30,1.938
180102.SZ,2024-10-31,1.927
180102.SZ,2024-11-01,1.926
180102.SZ,2024-11-04,1.922
180102.SZ,2024-11-05,1.913
180102.SZ,2024-11-06,1.918
180102.SZ,2024-11-07,1.915
180102.SZ,2024-11-08,1.917
180102.SZ,2024-11-11,1.918
180102.SZ,2024-11-12,1.918
180102.SZ,2024-11-13,1.906
180102.SZ,2024-11-14,1.894
180102.SZ,2024-11-15,1.891
180102.SZ,2024-11-18,1.898
180102.SZ,2024-11-19,1.874
180102.SZ,2024-11-20,1.861
180102.SZ,2024-11-21,1.86
180102.SZ,2024-11-22,1.849
180102.SZ,2024-11-25,1.852
180102.SZ,2024-11-26,1.848
180102.SZ,2024-11-27,1.846
180102.SZ,2024-11-28,1.847
180102.SZ,2024-11-29,1.843
180102.SZ,2024-12-02,1.841
180102.SZ,2024-12-03,1.838
180102.SZ,2024-12-04,1.82
180102.SZ,2024-12-05,1.809
180102.SZ,2024-12-06,1.825
180102.SZ,2024-12-09,1.827
180102.SZ,2024-12-10,1.823
180102.SZ,2024-12-11,1.83
180102.SZ,2024-12-12,1.879
180102.SZ,2024-12-13,1.871
180102.SZ,2024-12-16,1.871
180102.SZ,2024-12-17,1.879
180102.SZ,2024-12-18,1.852
180102.SZ,2024-12-19,1.852
180102.SZ,2024-12-20,1.862
180102.SZ,2024-12-23,1.885
180102.SZ,2024-12-24,1.889
180102.SZ,2024-12-25,1.899
180102.SZ,2024-12-26,1.906
180102.SZ,2024-12-27,1.921
180102.SZ,2024-12-30,1.923
180102.SZ,2024-12-31,1.93
180102.SZ,2025-01-02,1.942
180102.SZ,2025-01-03,1.969
180102.SZ,2025-01-06,1.983
180102.SZ,2025-01-07,1.948
180102.SZ,2025-01-08,1.985
180102.SZ,2025-01-09,2.024
180102.SZ,2025-01-10,2.035
180102.SZ,2025-01-13,2.019
180102.SZ,2025-01-14,2.001
180102.SZ,2025-01-15,2.014
180102.SZ,2025-01-16,2.023
180102.SZ,2025-01-17,2.061
180102.SZ,2025-01-20,2.074
180102.SZ,2025-01-21,2.068
180102.SZ,2025-01-22,2.099
180102.SZ,2025-01-23,2.12
180102.SZ,2025-01-24,2.176
180102.SZ,2025-01-27,2.167
180102.SZ,2025-02-05,2.213
180102.SZ,2025-02-06,2.231
180102.SZ,2025-02-07,2.274
180102.SZ,2025-02-10,2.335
180102.SZ,2025-02-11,2.348
180102.SZ,2025-02-12,2.278
180102.SZ,2025-02-13,2.195
180102.SZ,2025-02-14,2.254
180102.SZ,2025-02-17,2.265
180102.SZ,2025-02-18,2.273
180102.SZ,2025-02-19,2.267
180102.SZ,2025-02-20,2.258
180102.SZ,2025-02-21,2.245
180102.SZ,2025-02-24,2.196
180102.SZ,2025-02-25,2.167
180102.SZ,2025-02-26,2.168
180102.SZ,2025-02-27,2.143
180102.SZ,2025-02-28,2.119
180102.SZ,2025-03-03,2.151
180102.SZ,2025-03-04,2.186
180102.SZ,2025-03-05,2.197
180102.SZ,2025-03-06,2.175
180102.SZ,2025-03-07,2.175
180102.SZ,2025-03-10,2.182
180102.SZ,2025-03-11,2.169
180102.SZ,2025-03-12,2.153
180102.SZ,2025-03-13,2.159
180102.SZ,2025-03-14,2.168
180102.SZ,2025-03-17,2.177
180102.SZ,2025-03-18,2.189
180102.SZ,2025-03-19,2.237
180102.SZ,2025-03-20,2.242
180102.SZ,2025-03-21,2.226
180102.SZ,2025-03-24,2.22
180102.SZ,2025-03-25,2.24
180102.SZ,2025-03-26,2.216
180102.SZ,2025-03-27,2.21
180102.SZ,2025-03-28,2.244
180102.SZ,2025-03-31,2.235
180102.SZ,2025-04-01,2.2
180102.SZ,2025-04-02,2.215
180102.SZ,2025-04-03,2.251
180102.SZ,2025-04-07,2.25
180102.SZ,2025-04-08,2.217
180102.SZ,2025-04-09,2.172
180102.SZ,2025-04-10,2.185
180102.SZ,2025-04-11,2.196
180102.SZ,2025-04-14,2.2
180102.SZ,2025-04-15,2.186
180102.SZ,2025-04-16,2.207
180102.SZ,2025-04-17,2.24
180102.SZ,2025-04-18,2.241
180102.SZ,2025-04-21,2.248
180102.SZ,2025-04-22,2.182
180102.SZ,2025-04-23,2.13
180102.SZ,2025-04-24,2.118
180102.SZ,2025-04-25,2.082
180102.SZ,2025-04-28,2.055
180102.SZ,2025-04-29,2.08
180102.SZ,2025-04-30,2.07
180102.SZ,2025-05-06,2.087
180102.SZ,2025-05-07,2.099
180102.SZ,2025-05-08,2.071
180102.SZ,2025-05-09,2.083
180102.SZ,2025-05-12,2.135
180102.SZ,2025-05-13,2.138
180102.SZ,2025-05-14,2.164
180102.SZ,2025-05-15,2.13
180102.SZ,2025-05-16,2.146
180102.SZ,2025-05-19,2.147
180102.SZ,2025-05-20,2.139
180102.SZ,2025-05-21,2.135
180102.SZ,2025-05-22,2.084
180102.SZ,2025-05-23,2.068
180102.SZ,2025-05-26,2.03
180102.SZ,2025-05-27,1.996
180102.SZ,2025-05-28,2.021
180102.SZ,2025-05-29,2.008
180102.SZ,2025-05-30,1.996
180102.SZ,2025-06-03,1.952
180102.SZ,2025-06-04,1.955
180102.SZ,2025-06-05,1.966
180102.SZ,2025-06-06,2.005
180102.SZ,2025-06-09,2.006
180102.SZ,2025-06-10,2.007
180102.SZ,2025-06-11,1.997
180102.SZ,2025-06-12,1.988
180102.SZ,2025-06-13,1.997
180102.SZ,2025-06-16,2.005
180102.SZ,2025-06-17,2.004
180102.SZ,2025-06-18,2.006
180102.SZ,2025-06-19,2.006
180102.SZ,2025-06-20,2.0
180102.SZ,2025-06-23,1.986
180102.SZ,2025-06-24,1.965
180102.SZ,2025-06-25,1.972
180102.SZ,2025-06-26,1.965
180102.SZ,2025-06-27,1.955
180102.SZ,2025-06-30,1.938
180102.SZ,2025-07-01,1.951
180102.SZ,2025-07-02,1.964
180102.SZ,2025-07-03,1.966
180102.SZ,2025-07-04,1.993
180102.SZ,2025-07-07,1.981
180102.SZ,2025-07-08,1.98
180102.SZ,2025-07-09,1.982
180102.SZ,2025-07-10,1.983
180102.SZ,2025-07-11,1.982
180102.SZ,2025-07-14,1.997
180102.SZ,2025-07-15,2.001
180102.SZ,2025-07-16,2.004
180102.SZ,2025-07-17,2.008
180102.SZ,2025-07-18,2.008
180102.SZ,2025-07-21,2.001
180102.SZ,2025-07-22,1.998
180102.SZ,2025-07-23,1.983
180102.SZ,2025-07-24,1.996
180102.SZ,2025-07-25,1.99
180102.SZ,2025-07-28,1.99
180102.SZ,2025-07-29,1.986
180102.SZ,2025-07-30,1.982
180102.SZ,2025-07-31,1.995
180102.SZ,2025-08-01,1.983
180102.SZ,2025-08-04,1.982
180102.SZ,2025-08-05,1.97
180102.SZ,2025-08-06,1.949
180102.SZ,2025-08-07,1.955
180102.SZ,2025-08-08,1.95
180102.SZ,2025-08-11,1.937
180102.SZ,2025-08-12,1.935
180102.SZ,2025-08-13,1.897
180102.SZ,2025-08-14,1.888
180102.SZ,2025-08-15,1.87
180102.SZ,2025-08-18,1.815
180102.SZ,2025-08-19,1.794
180102.SZ,2025-08-20,1.805
180102.SZ,2025-08-21,1.793
180102.SZ,2025-08-22,1.791
180102.SZ,2025-08-25,1.797
180102.SZ,2025-08-26,1.865
180102.SZ,2025-08-27,1.868
180102.SZ,2025-08-28,1.867
180102.SZ,2025-08-29,1.86
180102.SZ,2025-09-01,1.865
180102.SZ,2025-09-02,1.885
180102.SZ,2025-09-03,1.91
180102.SZ,2025-09-04,1.927
180102.SZ,2025-09-05,1.927
180102.SZ,2025-09-08,1.915
180102.SZ,2025-09-09,1.901
180102.SZ,2025-09-10,1.876
180102.SZ,2025-09-11,1.865
180102.SZ,2025-09-12,1.839
180102.SZ,2025-09-15,1.835
180102.SZ,2025-09-16,1.847
180102.SZ,2025-09-17,1.848
180102.SZ,2025-09-18,1.851
180102.SZ,2025-09-19,1.85
180102.SZ,2025-09-22,1.812
180102.SZ,2025-09-23,1.812
180102.SZ,2025-09-24,1.809
180102.SZ,2025-09-25,1.805
180102.SZ,2025-09-26,1.802
180102.SZ,2025-09-29,1.801
180102.SZ,2025-09-30,1.804
180102.SZ,2025-10-09,1.804
180102.SZ,2025-10-10,1.798
180102.SZ,2025-10-13,1.803
180102.SZ,2025-10-14,1.796
180102.SZ,2025-10-15,1.79
180102.SZ,2025-10-16,1.788
180102.SZ,2025-10-17,1.797
180102.SZ,2025-10-20,1.785
180102.SZ,2025-10-21,1.785
180102.SZ,2025-10-22,1.79
180102.SZ,2025-10-23,1.799
180102.SZ,2025-10-24,1.8
180102.SZ,2025-10-27,1.77
180102.SZ,2025-10-28,1.773
180102.SZ,2025-10-29,1.768
180102.SZ,2025-10-30,1.756
180102.SZ,2025-10-31,1.66
180102.SZ,2025-11-03,1.607
180102.SZ,2025-11-04,1.613
180102.SZ,2025-11-05,1.601
180102.SZ,2025-11-06,1.581
180102.SZ,2025-11-07,1.596
180102.SZ,2025-11-10,1.59
180102.SZ,2025-11-11,1.595
180102.SZ,2025-11-12,1.585
180102.SZ,2025-11-13,1.624
180102.SZ,2025-11-14,1.657
180102.SZ,2025-11-17,1.655
180102.SZ,2025-11-18,1.65
180102.SZ,2025-11-19,1.645
180102.SZ,2025-11-20,1.644
180102.SZ,2025-11-21,1.634
180102.SZ,2025-11-24,1.618
180102.SZ,2025-11-25,1.63
180102.SZ,2025-11-26,1.642
180102.SZ,2025-11-27,1.642
180102.SZ,2025-11-28,1.659
180102.SZ,2025-12-01,1.652
180102.SZ,2025-12-02,1.649
180102.SZ,2025-12-03,1.65
180102.SZ,2025-12-04,1.654
180102.SZ,2025-12-05,1.631
180102.SZ,2025-12-08,1.631
180102.SZ,2025-12-09,1.624
180102.SZ,2025-12-10,1.62
180102.SZ,2025-12-11,1.62
180102.SZ,2025-12-12,1.629
180102.SZ,2025-12-15,1.62
180102.SZ,2025-12-16,1.616
180102.SZ,2025-12-17,1.619
180102.SZ,2025-12-18,1.619
180102.SZ,2025-12-19,1.622
180102.SZ,2025-12-22,1.619
180102.SZ,2025-12-23,1.62
180102.SZ,2025-12-24,1.65
180102.SZ,2025-12-25,1.65
180102.SZ,2025-12-26,1.63
180102.SZ,2025-12-29,1.61
180102.SZ,2025-12-30,1.604
180102.SZ,2025-12-31,1.617
180102.SZ,2026-01-05,1.619
180102.SZ,2026-01-06,1.62
180102.SZ,2026-01-07,1.625
180102.SZ,2026-01-08,1.645
180102.SZ,2026-01-09,1.653
180102.SZ,2026-01-12,1.668
180102.SZ,2026-01-13,1.683
180102.SZ,2026-01-14,1.684
180102.SZ,2026-01-15,1.685
180102.SZ,2026-01-16,1.69
180102.SZ,2026-01-19,1.696
180102.SZ,2026-01-20,1.698
180102.SZ,2026-01-21,1.699
180102.SZ,2026-01-22,1.69
180102.SZ,2026-01-23,1.679
180102.SZ,2026-01-26,1.65
180102.SZ,2026-01-27,1.634
180102.SZ,2026-01-28,1.628
180102.SZ,2026-01-29,1.629
180102.SZ,2026-01-30,1.622
180102.SZ,2026-02-02,1.623
180102.SZ,2026-02-03,1.611
180102.SZ,2026-02-04,1.619
180102.SZ,2026-02-05,1.617
180102.SZ,2026-02-06,1.614
180102.SZ,2026-02-09,1.612
180102.SZ,2026-02-10,1.615
180102.SZ,2026-02-11,1.615
180102.SZ,2026-02-12,1.613
180102.SZ,2026-02-13,1.612
180102.SZ,2026-02-24,1.615
180102.SZ,2026-02-25,1.61
180102.SZ,2026-02-26,1.599
180102.SZ,2026-02-27,1.603
180102.SZ,2026-03-02,1.597
180102.SZ,2026-03-03,1.6
180102.SZ,2026-03-04,1.6
180102.SZ,2026-03-05,1.59
180102.SZ,2026-03-06,1.585
180102.SZ,2026-03-09,1.555
180102.SZ,2026-03-10,1.567
180102.SZ,2026-03-11,1.559
180102.SZ,2026-03-12,1.55
180102.SZ,2026-03-13,1.547
180102.SZ,2026-03-16,1.528
180102.SZ,2026-03-17,1.512
180102.SZ,2026-03-18,1.508
180102.SZ,2026-03-19,1.502
180102.SZ,2026-03-20,1.496
180102.SZ,2026-03-23,1.463
180102.SZ,2026-03-24,1.462
180102.SZ,2026-03-25,1.453
180102.SZ,2026-03-26,1.453
180102.SZ,2026-03-27,1.457
180102.SZ,2026-03-30,1.439
180102.SZ,2026-03-31,1.444
180102.SZ,2026-04-01,1.48
180102.SZ,2026-04-02,1.481
180102.SZ,2026-04-03,1.488
180102.SZ,2026-04-07,1.493
180102.SZ,2026-04-08,1.483
180102.SZ,2026-04-09,1.48
180102.SZ,2026-04-10,1.478
180102.SZ,2026-04-13,1.48
180102.SZ,2026-04-14,1.476
180102.SZ,2026-04-15,1.503
180102.SZ,2026-04-16,1.499
180102.SZ,2026-04-17,1.524
180102.SZ,2026-04-20,1.51
180102.SZ,2026-04-21,1.51
180102.SZ,2026-04-22,1.459
180102.SZ,2026-04-23,1.455
180102.SZ,2026-04-24,1.46
180102.SZ,2026-04-27,1.444
180102.SZ,2026-04-28,1.44
180102.SZ,2026-04-29,1.43
180102.SZ,2026-04-30,1.428
180102.SZ,2026-05-06,1.409
180102.SZ,2026-05-07,1.399
180102.SZ,2026-05-08,1.385
180102.SZ,2026-05-11,1.36
180102.SZ,2026-05-12,1.343
180102.SZ,2026-05-13,1.324
180102.SZ,2026-05-14,1.291
180102.SZ,2026-05-15,1.262
180102.SZ,2026-05-18,1.22
180102.SZ,2026-05-19,1.278
180102.SZ,2026-05-20,1.245
180102.SZ,2026-05-21,1.217
180102.SZ,2026-05-22,1.219
180102.SZ,2026-05-25,1.24
180102.SZ,2026-05-26,1.226
180102.SZ,2026-05-27,1.189
180102.SZ,2026-05-28,1.128
180102.SZ,2026-05-29,1.139
180102.SZ,2026-06-01,1.177
180102.SZ,2026-06-02,1.185
180102.SZ,2026-06-03,1.187
180102.SZ,2026-06-04,1.195
180102.SZ,2026-06-05,1.186
180102.SZ,2026-06-08,1.169
180102.SZ,2026-06-09,1.144
180102.SZ,2026-06-10,1.126
180102.SZ,2026-06-11,1.103
180102.SZ,2026-06-12,1.115
180102.SZ,2026-06-15,1.123
180102.SZ,2026-06-16,1.125
180102.SZ,2026-06-17,1.122
180102.SZ,2026-06-18,1.096
180102.SZ,2026-06-22,1.045
180102.SZ,2026-06-23,1.0
180102.SZ,2026-06-24,0.982
180102.SZ,2026-06-25,1.004
180102.SZ,2026-06-26,0.977
180102.SZ,2026-06-29,0.983
180102.SZ,2026-06-30,0.998
180102.SZ,2026-07-01,1.01
180102.SZ,2026-07-02,1.002
180102.SZ,2026-07-03,1.02
180102.SZ,2026-07-06,1.025
180102.SZ,2026-07-07,1.026
180102.SZ,2026-07-08,1.024
180102.SZ,2026-07-09,1.018
180102.SZ,2026-07-10,1.041
180102.SZ,2026-07-13,1.047
180102.SZ,2026-07-14,1.048
180102.SZ,2026-07-15,1.04
180102.SZ,2026-07-16,1.047
180102.SZ,2026-07-17,1.043
180102.SZ,2026-07-20,1.028
180102.SZ,2026-07-21,1.006
180102.SZ,2026-07-22,1.018
180102.SZ,2026-07-23,1.009
180102.SZ,2026-07-24,1.007
180102.SZ,2026-07-27,1.007
180102.SZ,2026-07-28,1.005
180102.SZ,2026-07-29,1.003
180102.SZ,2026-07-30,1.001
180102.SZ,2026-07-31,1.008
180102.SZ,2026-08-03,1.005
180102.SZ,2026-08-04,1.003
180102.SZ,2026-08-05,0.999
180102.SZ,2026-08-06,1.0
180102.SZ,2026-08-07,1.003
180102.SZ,2026-08-10,1.002
180102.SZ,2026-08-11,1.0
180102.SZ,2026-08-12,0.996
180102.SZ,2026-08-13,0.987
180102.SZ,2026-08-14,0.986
180102.SZ,2026-08-17,0.985
180102.SZ,2026-08-18,0.986
180102.SZ,2026-08-19,0.989
180102.SZ,2026-08-20,0.995
180102.SZ,2026-08-21,1.005
180102.SZ,2026-08-24,0.997
180102.SZ,2026-08-25,0.995
180102.SZ,2026-08-26,1.034
180102.SZ,2026-08-27,1.05
180102.SZ,2026-08-28,1.074
180102.SZ,2026-08-31,1.07
180102.SZ,2026-09-01,1.045
180102.SZ,2026-09-02,1.028
180102.SZ,2026-09-03,1.024
180102.SZ,2026-09-04,1.018
180102.SZ,2026-09-07,1.016
180102.SZ,2026-09-08,1.015
180102.SZ,2026-09-09,1.017
180102.SZ,2026-09-10,1.009
180102.SZ,2026-09-11,0.996
180102.SZ,2026-09-14,0.996
180102.SZ,2026-09-15,0.998
180102.SZ,2026-09-16,0.998
180102.SZ,2026-09-17,1.009
180102.SZ,2026-09-18,1.002
180102.SZ,2026-09-21,1.001
180102.SZ,2026-09-22,1.003
180102.SZ,2026-09-23,1.008
180102.SZ,2026-09-24,1.007
180102.SZ,2026-09-28,1.002
180102.SZ,2026-09-29,1.003
180102.SZ,2026-09-30,1.004
180103.SZ,2022-12-27,3.059
180103.SZ,2022-12-28,3.04
180103.SZ,2022-12-29,3.049
180103.SZ,2022-12-30,3.069
180103.SZ,2023-01-03,3.067
180103.SZ,2023-01-04,3.07
180103.SZ,2023-01-05,3.047
180103.SZ,2023-01-06,3.06
180103.SZ,2023-01-09,3.064
180103.SZ,2023-01-10,3.07
180103.SZ,2023-01-11,3.086
180103.SZ,2023-01-12,3.069
180103.SZ,2023-01-13,3.074
180103.SZ,2023-01-16,3.074
180103.SZ,2023-01-17,3.074
180103.SZ,2023-01-18,3.077
180103.SZ,2023-01-19,3.08
180103.SZ,2023-01-20,3.079
180103.SZ,2023-01-30,3.072
180103.SZ,2023-01-31,3.111
180103.SZ,2023-02-01,3.12
180103.SZ,2023-02-02,3.113
180103.SZ,2023-02-03,3.132
180103.SZ,2023-02-06,3.133
180103.SZ,2023-02-07,3.126
180103.SZ,2023-02-08,3.138
180103.SZ,2023-02-09,3.129
180103.SZ,2023-02-10,3.131
180103.SZ,2023-02-13,3.148
180103.SZ,2023-02-14,3.164
180103.SZ,2023-02-15,3.156
180103.SZ,2023-02-16,3.154
180103.SZ,2023-02-17,3.156
180103.SZ,2023-02-20,3.151
180103.SZ,2023-02-21,3.161
180103.SZ,2023-02-22,3.163
180103.SZ,2023-02-23,3.152
180103.SZ,2023-02-24,3.134
180103.SZ,2023-02-27,3.135
180103.SZ,2023-02-28,3.139
180103.SZ,2023-03-01,3.142
180103.SZ,2023-03-02,3.141
180103.SZ,2023-03-03,3.141
180103.SZ,2023-03-06,3.139
180103.SZ,2023-03-07,3.123
180103.SZ,2023-03-08,3.126
180103.SZ,2023-03-09,3.127
180103.SZ,2023-03-10,3.133
180103.SZ,2023-03-13,3.134
180103.SZ,2023-03-14,3.131
180103.SZ,2023-03-15,3.124
180103.SZ,2023-03-16,3.106
180103.SZ,2023-03-17,3.105
180103.SZ,2023-03-20,3.096
180103.SZ,2023-03-21,3.09
180103.SZ,2023-03-22,3.107
180103.SZ,2023-03-23,3.113
180103.SZ,2023-03-24,3.12
180103.SZ,2023-03-27,3.129
180103.SZ,2023-03-28,3.11
180103.SZ,2023-03-29,3.088
180103.SZ,2023-03-30,3.069
180103.SZ,2023-03-31,3.096
180103.SZ,2023-04-03,3.105
180103.SZ,2023-04-04,3.098
180103.SZ,2023-04-06,3.067
180103.SZ,2023-04-07,3.085
180103.SZ,2023-04-10,3.076
180103.SZ,2023-04-11,3.076
180103.SZ,2023-04-12,3.068
180103.SZ,2023-04-13,3.038
180103.SZ,2023-04-14,3.028
180103.SZ,2023-04-17,3.06
180103.SZ,2023-04-18,3.075
180103.SZ,2023-04-19,3.075
180103.SZ,2023-04-20,3.051
180103.SZ,2023-04-21,2.997
180103.SZ,2023-04-24,3.01
180103.SZ,2023-04-25,3.011
180103.SZ,2023-04-26,2.999
180103.SZ,2023-04-27,2.985
180103.SZ,2023-04-28,2.993
180103.SZ,2023-05-04,2.943
180103.SZ,2023-05-05,2.933
180103.SZ,2023-05-08,2.936
180103.SZ,2023-05-09,2.922
180103.SZ,2023-05-10,2.985
180103.SZ,2023-05-11,3.004
180103.SZ,2023-05-12,3.009
180103.SZ,2023-05-15,2.983
180103.SZ,2023-05-16,3.0
180103.SZ,2023-05-17,2.983
180103.SZ,2023-05-18,2.975
180103.SZ,2023-05-19,2.968
180103.SZ,2023-05-22,2.973
180103.SZ,2023-05-23,2.973
180103.SZ,2023-05-24,2.97
180103.SZ,2023-05-25,2.952
180103.SZ,2023-05-26,2.927
180103.SZ,2023-05-29,2.912
180103.SZ,2023-05-30,2.867
180103.SZ,2023-05-31,2.828
180103.SZ,2023-06-01,2.835
180103.SZ,2023-06-02,2.833
180103.SZ,2023-06-05,2.729
180103.SZ,2023-06-06,2.741
180103.SZ,2023-06-07,2.713
180103.SZ,2023-06-08,2.76
180103.SZ,2023-06-09,2.745
180103.SZ,2023-06-12,2.713
180103.SZ,2023-06-13,2.72
180103.SZ,2023-06-14,2.715
180103.SZ,2023-06-15,2.721
180103.SZ,2023-06-16,2.705
180103.SZ,2023-06-19,2.664
180103.SZ,2023-06-20,2.664
180103.SZ,2023-06-21,2.664
180103.SZ,2023-06-26,2.619
180103.SZ,2023-06-27,2.613
180103.SZ,2023-06-28,2.588
180103.SZ,2023-06-29,2.554
180103.SZ,2023-06-30,2.525
180103.SZ,2023-07-03,2.49
180103.SZ,2023-07-04,2.471
180103.SZ,2023-07-05,2.41
180103.SZ,2023-07-06,2.422
180103.SZ,2023-07-07,2.525
180103.SZ,2023-07-10,2.498
180103.SZ,2023-07-11,2.485
180103.SZ,2023-07-12,2.472
180103.SZ,2023-07-13,2.482
180103.SZ,2023-07-14,2.508
180103.SZ,2023-07-17,2.587
180103.SZ,2023-07-18,2.684
180103.SZ,2023-07-19,2.688
180103.SZ,2023-07-20,2.643
180103.SZ,2023-07-21,2.68
180103.SZ,2023-07-24,2.679
180103.SZ,2023-07-25,2.682
180103.SZ,2023-07-26,2.666
180103.SZ,2023-07-27,2.65
180103.SZ,2023-07-28,2.666
180103.SZ,2023-07-31,2.658
180103.SZ,2023-08-01,2.676
180103.SZ,2023-08-02,2.699
180103.SZ,2023-08-03,2.719
180103.SZ,2023-08-04,2.769
180103.SZ,2023-08-07,2.77
180103.SZ,2023-08-08,2.758
180103.SZ,2023-08-09,2.739
180103.SZ,2023-08-10,2.733
180103.SZ,2023-08-11,2.727
180103.SZ,2023-08-14,2.73
180103.SZ,2023-08-15,2.733
180103.SZ,2023-08-16,2.729
180103.SZ,2023-08-17,2.691
180103.SZ,2023-08-18,2.681
180103.SZ,2023-08-21,2.677
180103.SZ,2023-08-22,2.666
180103.SZ,2023-08-23,2.65
180103.SZ,2023-08-24,2.605
180103.SZ,2023-08-25,2.641
180103.SZ,2023-08-28,2.654
180103.SZ,2023-08-29,2.618
180103.SZ,2023-08-30,2.625
180103.SZ,2023-08-31,2.634
180103.SZ,2023-09-01,2.634
180103.SZ,2023-09-04,2.635
180103.SZ,2023-09-05,2.644
180103.SZ,2023-09-06,2.651
180103.SZ,2023-09-07,2.651
180103.SZ,2023-09-08,2.675
180103.SZ,2023-09-11,2.685
180103.SZ,2023-09-12,2.699
180103.SZ,2023-09-13,2.701
180103.SZ,2023-09-14,2.695
180103.SZ,2023-09-15,2.695
180103.SZ,2023-09-18,2.676
180103.SZ,2023-09-19,2.699
180103.SZ,2023-09-20,2.691
180103.SZ,2023-09-21,2.69
180103.SZ,2023-09-22,2.699
180103.SZ,2023-09-25,2.702
180103.SZ,2023-09-26,2.705
180103.SZ,2023-09-27,2.697
180103.SZ,2023-09-28,2.682
180103.SZ,2023-10-09,2.68
180103.SZ,2023-10-10,2.67
180103.SZ,2023-10-11,2.665
180103.SZ,2023-10-12,2.65
180103.SZ,2023-10-13,2.661
180103.SZ,2023-10-16,2.662
180103.SZ,2023-10-17,2.645
180103.SZ,2023-10-18,2.63
180103.SZ,2023-10-19,2.615
180103.SZ,2023-10-20,2.62
180103.SZ,2023-10-23,2.585
180103.SZ,2023-10-24,2.624
180103.SZ,2023-10-25,2.597
180103.SZ,2023-10-26,2.572
180103.SZ,2023-10-27,2.545
180103.SZ,2023-10-30,2.518
180103.SZ,2023-10-31,2.51
180103.SZ,2023-11-01,2.507
180103.SZ,2023-11-02,2.502
180103.SZ,2023-11-03,2.493
180103.SZ,2023-11-06,2.48
180103.SZ,2023-11-07,2.465
180103.SZ,2023-11-08,2.484
180103.SZ,2023-11-09,2.509
180103.SZ,2023-11-10,2.493
180103.SZ,2023-11-13,2.501
180103.SZ,2023-11-14,2.5
180103.SZ,2023-11-15,2.486
180103.SZ,2023-11-16,2.468
180103.SZ,2023-11-17,2.461
180103.SZ,2023-11-20,2.436
180103.SZ,2023-11-21,2.39
180103.SZ,2023-11-22,2.39
180103.SZ,2023-11-23,2.328
180103.SZ,2023-11-24,2.28
180103.SZ,2023-11-27,2.237
180103.SZ,2023-11-28,2.156
180103.SZ,2023-11-29,2.13
180103.SZ,2023-11-30,2.153
180103.SZ,2023-12-01,2.165
180103.SZ,2023-12-04,2.19
180103.SZ,2023-12-05,2.184
180103.SZ,2023-12-06,2.2
180103.SZ,2023-12-07,2.211
180103.SZ,2023-12-08,2.207
180103.SZ,2023-12-11,2.207
180103.SZ,2023-12-12,2.194
180103.SZ,2023-12-13,2.187
180103.SZ,2023-12-14,2.183
180103.SZ,2023-12-15,2.186
180103.SZ,2023-12-18,2.173
180103.SZ,2023-12-19,2.143
180103.SZ,2023-12-20,2.143
180103.SZ,2023-12-21,2.225
180103.SZ,2023-12-22,2.256
180103.SZ,2023-12-25,2.256
180103.SZ,2023-12-26,2.252
180103.SZ,2023-12-27,2.225
180103.SZ,2023-12-28,2.22
180103.SZ,2023-12-29,2.225
180103.SZ,2024-01-02,2.21
180103.SZ,2024-01-03,2.207
180103.SZ,2024-01-04,2.167
180103.SZ,2024-01-05,2.132
180103.SZ,2024-01-08,2.069
180103.SZ,2024-01-09,1.939
180103.SZ,2024-01-10,1.91
180103.SZ,2024-01-11,1.916
180103.SZ,2024-01-12,1.917
180103.SZ,2024-01-15,1.946
180103.SZ,2024-01-16,1.963
180103.SZ,2024-01-17,2.006
180103.SZ,2024-01-18,1.99
180103.SZ,2024-01-19,2.012
180103.SZ,2024-01-22,2.02
180103.SZ,2024-01-23,2.048
180103.SZ,2024-01-24,2.05
180103.SZ,2024-01-25,2.031
180103.SZ,2024-01-26,2.017
180103.SZ,2024-01-29,2.033
180103.SZ,2024-01-30,2.037
180103.SZ,2024-01-31,2.048
180103.SZ,2024-02-01,2.048
180103.SZ,2024-02-02,2.009
180103.SZ,2024-02-05,1.95
180103.SZ,2024-02-06,1.941
180103.SZ,2024-02-07,1.959
180103.SZ,2024-02-08,2.005
180103.SZ,2024-02-19,2.088
180103.SZ,2024-02-20,2.13
180103.SZ,2024-02-21,2.171
180103.SZ,2024-02-22,2.22
180103.SZ,2024-02-23,2.227
180103.SZ,2024-02-26,2.256
180103.SZ,2024-02-27,2.254
180103.SZ,2024-02-28,2.215
180103.SZ,2024-02-29,2.263
180103.SZ,2024-03-01,2.342
180103.SZ,2024-03-04,2.403
180103.SZ,2024-03-05,2.427
180103.SZ,2024-03-06,2.395
180103.SZ,2024-03-07,2.356
180103.SZ,2024-03-08,2.353
180103.SZ,2024-03-11,2.352
180103.SZ,2024-03-12,2.372
180103.SZ,2024-03-13,2.36
180103.SZ,2024-03-14,2.352
180103.SZ,2024-03-15,2.357
180103.SZ,2024-03-18,2.355
180103.SZ,2024-03-19,2.358
180103.SZ,2024-03-20,2.36
180103.SZ,2024-03-21,2.318
180103.SZ,2024-03-22,2.286
180103.SZ,2024-03-25,2.243
180103.SZ,2024-03-26,2.248
180103.SZ,2024-03-27,2.305
180103.SZ,2024-03-28,2.29
180103.SZ,2024-03-29,2.277
180103.SZ,2024-04-01,2.272
180103.SZ,2024-04-02,2.271
180103.SZ,2024-04-03,2.308
180103.SZ,2024-04-08,2.331
180103.SZ,2024-04-09,2.338
180103.SZ,2024-04-10,2.364
180103.SZ,2024-04-11,2.385
180103.SZ,2024-04-12,2.373
180103.SZ,2024-04-15,2.364
180103.SZ,2024-04-16,2.333
180103.SZ,2024-04-17,2.364
180103.SZ,2024-04-18,2.36
180103.SZ,2024-04-19,2.358
180103.SZ,2024-04-22,2.368
180103.SZ,2024-04-23,2.375
180103.SZ,2024-04-24,2.341
180103.SZ,2024-04-25,2.385
180103.SZ,2024-04-26,2.41
180103.SZ,2024-04-29,2.408
180103.SZ,2024-04-30,2.397
180103.SZ,2024-05-06,2.416
180103.SZ,2024-05-07,2.416
180103.SZ,2024-05-08,2.409
180103.SZ,2024-05-09,2.431
180103.SZ,2024-05-10,2.425
180103.SZ,2024-05-13,2.415
180103.SZ,2024-05-14,2.41
180103.SZ,2024-05-15,2.407
180103.SZ,2024-05-16,2.408
180103.SZ,2024-05-17,2.419
180103.SZ,2024-05-20,2.407
180103.SZ,2024-05-21,2.391
180103.SZ,2024-05-22,2.372
180103.SZ,2024-05-23,2.365
180103.SZ,2024-05-24,2.392
180103.SZ,2024-05-27,2.401
180103.SZ,2024-05-28,2.4
180103.SZ,2024-05-29,2.418
180103.SZ,2024-05-30,2.419
180103.SZ,2024-05-31,2.424
180103.SZ,2024-06-03,2.429
180103.SZ,2024-06-04,2.456
180103.SZ,2024-06-05,2.495
180103.SZ,2024-06-06,2.504
180103.SZ,2024-06-07,2.475
180103.SZ,2024-06-11,2.46
180103.SZ,2024-06-12,2.458
180103.SZ,2024-06-13,2.47
180103.SZ,2024-06-14,2.474
180103.SZ,2024-06-17,2.486
180103.SZ,2024-06-18,2.493
180103.SZ,2024-06-19,2.473
180103.SZ,2024-06-20,2.471
180103.SZ,2024-06-21,2.472
180103.SZ,2024-06-24,2.475
180103.SZ,2024-06-25,2.475
180103.SZ,2024-06-26,2.459
180103.SZ,2024-06-27,2.465
180103.SZ,2024-06-28,2.449
180103.SZ,2024-07-01,2.448
180103.SZ,2024-07-02,2.453
180103.SZ,2024-07-03,2.477
180103.SZ,2024-07-04,2.452
180103.SZ,2024-07-05,2.452
180103.SZ,2024-07-08,2.425
180103.SZ,2024-07-09,2.425
180103.SZ,2024-07-10,2.425
180103.SZ,2024-07-11,2.43
180103.SZ,2024-07-12,2.426
180103.SZ,2024-07-15,2.428
180103.SZ,2024-07-16,2.436
180103.SZ,2024-07-17,2.443
180103.SZ,2024-07-18,2.445
180103.SZ,2024-07-19,2.457
180103.SZ,2024-07-22,2.476
180103.SZ,2024-07-23,2.48
180103.SZ,2024-07-24,2.468
180103.SZ,2024-07-25,2.474
180103.SZ,2024-07-26,2.484
180103.SZ,2024-07-29,2.456
180103.SZ,2024-07-30,2.465
180103.SZ,2024-07-31,2.48
180103.SZ,2024-08-01,2.46
180103.SZ,2024-08-02,2.459
180103.SZ,2024-08-05,2.478
180103.SZ,2024-08-06,2.489
180103.SZ,2024-08-07,2.58
180103.SZ,2024-08-08,2.579
180103.SZ,2024-08-09,2.597
180103.SZ,2024-08-12,2.592
180103.SZ,2024-08-13,2.58
180103.SZ,2024-08-14,2.578
180103.SZ,2024-08-15,2.57
180103.SZ,2024-08-16,2.5
180103.SZ,2024-08-19,2.466
180103.SZ,2024-08-20,2.451
180103.SZ,2024-08-21,2.435
180103.SZ,2024-08-22,2.462
180103.SZ,2024-08-23,2.469
180103.SZ,2024-08-26,2.443
180103.SZ,2024-08-27,2.453
180103.SZ,2024-08-28,2.48
180103.SZ,2024-08-29,2.478
180103.SZ,2024-08-30,2.48
180103.SZ,2024-09-02,2.479
180103.SZ,2024-09-03,2.475
180103.SZ,2024-09-04,2.494
180103.SZ,2024-09-05,2.54
180103.SZ,2024-09-06,2.509
180103.SZ,2024-09-09,2.484
180103.SZ,2024-09-10,2.505
180103.SZ,2024-09-11,2.494
180103.SZ,2024-09-12,2.483
180103.SZ,2024-09-13,2.494
180103.SZ,2024-09-18,2.469
180103.SZ,2024-09-19,2.427
180103.SZ,2024-09-20,2.442
180103.SZ,2024-09-23,2.453
180103.SZ,2024-09-24,2.456
180103.SZ,2024-09-25,2.47
180103.SZ,2024-09-26,2.472
180103.SZ,2024-09-27,2.461
180103.SZ,2024-09-30,2.44
180103.SZ,2024-10-08,2.431
180103.SZ,2024-10-09,2.43
180103.SZ,2024-10-10,2.43
180103.SZ,2024-10-11,2.435
180103.SZ,2024-10-14,2.424
180103.SZ,2024-10-15,2.401
180103.SZ,2024-10-16,2.391
180103.SZ,2024-10-17,2.4
180103.SZ,2024-10-18,2.383
180103.SZ,2024-10-21,2.356
180103.SZ,2024-10-22,2.356
180103.SZ,2024-10-23,2.347
180103.SZ,2024-10-24,2.317
180103.SZ,2024-10-25,2.275
180103.SZ,2024-10-28,2.27
180103.SZ,2024-10-29,2.27
180103.SZ,2024-10-30,2.311
180103.SZ,2024-10-31,2.297
180103.SZ,2024-11-01,2.264
180103.SZ,2024-11-04,2.245
180103.SZ,2024-11-05,2.231
180103.SZ,2024-11-06,2.217
180103.SZ,2024-11-07,2.216
180103.SZ,2024-11-08,2.226
180103.SZ,2024-11-11,2.29
180103.SZ,2024-11-12,2.258
180103.SZ,2024-11-13,2.258
180103.SZ,2024-11-14,2.283
180103.SZ,2024-11-15,2.269
180103.SZ,2024-11-18,2.279
180103.SZ,2024-11-19,2.28
180103.SZ,2024-11-20,2.264
180103.SZ,2024-11-21,2.265
180103.SZ,2024-11-22,2.258
180103.SZ,2024-11-25,2.266
180103.SZ,2024-11-26,2.266
180103.SZ,2024-11-27,2.24
180103.SZ,2024-11-28,2.202
180103.SZ,2024-11-29,2.198
180103.SZ,2024-12-02,2.189
180103.SZ,2024-12-03,2.145
180103.SZ,2024-12-04,2.13
180103.SZ,2024-12-05,2.166
180103.SZ,2024-12-06,2.159
180103.SZ,2024-12-09,2.151
180103.SZ,2024-12-10,2.146
180103.SZ,2024-12-11,2.19
180103.SZ,2024-12-12,2.238
180103.SZ,2024-12-13,2.231
180103.SZ,2024-12-16,2.24
180103.SZ,2024-12-17,2.24
180103.SZ,2024-12-18,2.22
180103.SZ,2024-12-19,2.22
180103.SZ,2024-12-20,2.217
180103.SZ,2024-12-23,2.215
180103.SZ,2024-12-24,2.26
180103.SZ,2024-12-25,2.277
180103.SZ,2024-12-26,2.297
180103.SZ,2024-12-27,2.37
180103.SZ,2024-12-30,2.375
180103.SZ,2024-12-31,2.395
180103.SZ,2025-01-02,2.358
180103.SZ,2025-01-03,2.375
180103.SZ,2025-01-06,2.36
180103.SZ,2025-01-07,2.34
180103.SZ,2025-01-08,2.35
180103.SZ,2025-01-09,2.35
180103.SZ,2025-01-10,2.35
180103.SZ,2025-01-13,2.31
180103.SZ,2025-01-14,2.262
180103.SZ,2025-01-15,2.299
180103.SZ,2025-01-16,2.31
180103.SZ,2025-01-17,2.32
180103.SZ,2025-01-20,2.363
180103.SZ,2025-01-21,2.38
180103.SZ,2025-01-22,2.378
180103.SZ,2025-01-23,2.417
180103.SZ,2025-01-24,2.465
180103.SZ,2025-01-27,2.445
180103.SZ,2025-02-05,2.444
180103.SZ,2025-02-06,2.441
180103.SZ,2025-02-07,2.437
180103.SZ,2025-02-10,2.47
180103.SZ,2025-02-11,2.543
180103.SZ,2025-02-12,2.501
180103.SZ,2025-02-13,2.463
180103.SZ,2025-02-14,2.516
180103.SZ,2025-02-17,2.546
180103.SZ,2025-02-18,2.526
180103.SZ,2025-02-19,2.5
180103.SZ,2025-02-20,2.5
180103.SZ,2025-02-21,2.498
180103.SZ,2025-02-24,2.46
180103.SZ,2025-02-25,2.458
180103.SZ,2025-02-26,2.438
180103.SZ,2025-02-27,2.416
180103.SZ,2025-02-28,2.392
180103.SZ,2025-03-03,2.4
180103.SZ,2025-03-04,2.439
180103.SZ,2025-03-05,2.436
180103.SZ,2025-03-06,2.432
180103.SZ,2025-03-07,2.427
180103.SZ,2025-03-10,2.433
180103.SZ,2025-03-11,2.435
180103.SZ,2025-03-12,2.424
180103.SZ,2025-03-13,2.416
180103.SZ,2025-03-14,2.434
180103.SZ,2025-03-17,2.441
180103.SZ,2025-03-18,2.489
180103.SZ,2025-03-19,2.495
180103.SZ,2025-03-20,2.48
180103.SZ,2025-03-21,2.468
180103.SZ,2025-03-24,2.432
180103.SZ,2025-03-25,2.432
180103.SZ,2025-03-26,2.429
180103.SZ,2025-03-27,2.439
180103.SZ,2025-03-28,2.47
180103.SZ,2025-03-31,2.499
180103.SZ,2025-04-01,2.488
180103.SZ,2025-04-02,2.53
180103.SZ,2025-04-03,2.53
180103.SZ,2025-04-07,2.459
180103.SZ,2025-04-08,2.401
180103.SZ,2025-04-09,2.37
180103.SZ,2025-04-10,2.42
180103.SZ,2025-04-11,2.435
180103.SZ,2025-04-14,2.426
180103.SZ,2025-04-15,2.43
180103.SZ,2025-04-16,2.463
180103.SZ,2025-04-17,2.481
180103.SZ,2025-04-18,2.458
180103.SZ,2025-04-21,2.433
180103.SZ,2025-04-22,2.38
180103.SZ,2025-04-23,2.359
180103.SZ,2025-04-24,2.37
180103.SZ,2025-04-25,2.35
180103.SZ,2025-04-28,2.302
180103.SZ,2025-04-29,2.27
180103.SZ,2025-04-30,2.266
180103.SZ,2025-05-06,2.282
180103.SZ,2025-05-07,2.33
180103.SZ,2025-05-08,2.321
180103.SZ,2025-05-09,2.326
180103.SZ,2025-05-12,2.375
180103.SZ,2025-05-13,2.371
180103.SZ,2025-05-14,2.375
180103.SZ,2025-05-15,2.357
180103.SZ,2025-05-16,2.368
180103.SZ,2025-05-19,2.362
180103.SZ,2025-05-20,2.385
180103.SZ,2025-05-21,2.406
180103.SZ,2025-05-22,2.385
180103.SZ,2025-05-23,2.364
180103.SZ,2025-05-26,2.365
180103.SZ,2025-05-27,2.341
180103.SZ,2025-05-28,2.346
180103.SZ,2025-05-29,2.346
180103.SZ,2025-05-30,2.346
180103.SZ,2025-06-03,2.318
180103.SZ,2025-06-04,2.32
180103.SZ,2025-06-05,2.347
180103.SZ,2025-06-06,2.35
180103.SZ,2025-06-09,2.363
180103.SZ,2025-06-10,2.355
180103.SZ,2025-06-11,2.36
180103.SZ,2025-06-12,2.38
180103.SZ,2025-06-13,2.381
180103.SZ,2025-06-16,2.365
180103.SZ,2025-06-17,2.386
180103.SZ,2025-06-18,2.43
180103.SZ,2025-06-19,2.412
180103.SZ,2025-06-20,2.404
180103.SZ,2025-06-23,2.39
180103.SZ,2025-06-24,2.358
180103.SZ,2025-06-25,2.375
180103.SZ,2025-06-26,2.39
180103.SZ,2025-06-27,2.389
180103.SZ,2025-06-30,2.39
180103.SZ,2025-07-01,2.406
180103.SZ,2025-07-02,2.435
180103.SZ,2025-07-03,2.455
180103.SZ,2025-07-04,2.44
180103.SZ,2025-07-07,2.425
180103.SZ,2025-07-08,2.416
180103.SZ,2025-07-09,2.412
180103.SZ,2025-07-10,2.402
180103.SZ,2025-07-11,2.389
180103.SZ,2025-07-14,2.397
180103.SZ,2025-07-15,2.412
180103.SZ,2025-07-16,2.438
180103.SZ,2025-07-17,2.435
180103.SZ,2025-07-18,2.426
180103.SZ,2025-07-21,2.417
180103.SZ,2025-07-22,2.39
180103.SZ,2025-07-23,2.383
180103.SZ,2025-07-24,2.399
180103.SZ,2025-07-25,2.398
180103.SZ,2025-07-28,2.406
180103.SZ,2025-07-29,2.394
180103.SZ,2025-07-30,2.396
180103.SZ,2025-07-31,2.395
180103.SZ,2025-08-01,2.391
180103.SZ,2025-08-04,2.391
180103.SZ,2025-08-05,2.381
180103.SZ,2025-08-06,2.377
180103.SZ,2025-08-07,2.373
180103.SZ,2025-08-08,2.356
180103.SZ,2025-08-11,2.353
180103.SZ,2025-08-12,2.352
180103.SZ,2025-08-13,2.352
180103.SZ,2025-08-14,2.35
180103.SZ,2025-08-15,2.341
180103.SZ,2025-08-18,2.297
180103.SZ,2025-08-19,2.285
180103.SZ,2025-08-20,2.306
180103.SZ,2025-08-21,2.31
180103.SZ,2025-08-22,2.303
180103.SZ,2025-08-25,2.315
180103.SZ,2025-08-26,2.362
180103.SZ,2025-08-27,2.35
180103.SZ,2025-08-28,2.335
180103.SZ,2025-08-29,2.33
180103.SZ,2025-09-01,2.33
180103.SZ,2025-09-02,2.334
180103.SZ,2025-09-03,2.34
180103.SZ,2025-09-04,2.336
180103.SZ,2025-09-05,2.336
180103.SZ,2025-09-08,2.33
180103.SZ,2025-09-09,2.336
180103.SZ,2025-09-10,2.329
180103.SZ,2025-09-11,2.325
180103.SZ,2025-09-12,2.318
180103.SZ,2025-09-15,2.311
180103.SZ,2025-09-16,2.315
180103.SZ,2025-09-17,2.321
180103.SZ,2025-09-18,2.325
180103.SZ,2025-09-19,2.32
180103.SZ,2025-09-22,2.315
180103.SZ,2025-09-23,2.313
180103.SZ,2025-09-24,2.32
180103.SZ,2025-09-25,2.308
180103.SZ,2025-09-26,2.307
180103.SZ,2025-09-29,2.308
180103.SZ,2025-09-30,2.314
180103.SZ,2025-10-09,2.309
180103.SZ,2025-10-10,2.302
180103.SZ,2025-10-13,2.3
180103.SZ,2025-10-14,2.299
180103.SZ,2025-10-15,2.296
180103.SZ,2025-10-16,2.292
180103.SZ,2025-10-17,2.277
180103.SZ,2025-10-20,2.259
180103.SZ,2025-10-21,2.243
180103.SZ,2025-10-22,2.242
180103.SZ,2025-10-23,2.248
180103.SZ,2025-10-24,2.248
180103.SZ,2025-10-27,2.208
180103.SZ,2025-10-28,2.22
180103.SZ,2025-10-29,2.225
180103.SZ,2025-10-30,2.23
180103.SZ,2025-10-31,2.195
180103.SZ,2025-11-03,2.145
180103.SZ,2025-11-04,2.11
180103.SZ,2025-11-05,2.117
180103.SZ,2025-11-06,2.116
180103.SZ,2025-11-07,2.14
180103.SZ,2025-11-10,2.112
180103.SZ,2025-11-11,2.1
180103.SZ,2025-11-12,2.099
180103.SZ,2025-11-13,2.088
180103.SZ,2025-11-14,2.09
180103.SZ,2025-11-17,2.091
180103.SZ,2025-11-18,2.085
180103.SZ,2025-11-19,2.073
180103.SZ,2025-11-20,2.074
180103.SZ,2025-11-21,2.075
180103.SZ,2025-11-24,2.041
180103.SZ,2025-11-25,2.041
180103.SZ,2025-11-26,2.032
180103.SZ,2025-11-27,2.012
180103.SZ,2025-11-28,2.047
180103.SZ,2025-12-01,2.06
180103.SZ,2025-12-02,2.095
180103.SZ,2025-12-03,2.04
180103.SZ,2025-12-04,2.024
180103.SZ,2025-12-05,2.007
180103.SZ,2025-12-08,1.979
180103.SZ,2025-12-09,1.976
180103.SZ,2025-12-10,1.986
180103.SZ,2025-12-11,1.988
180103.SZ,2025-12-12,1.994
180103.SZ,2025-12-15,1.997
180103.SZ,2025-12-16,1.987
180103.SZ,2025-12-17,1.993
180103.SZ,2025-12-18,1.993
180103.SZ,2025-12-19,1.99
180103.SZ,2025-12-22,2.0
180103.SZ,2025-12-23,1.999
180103.SZ,2025-12-24,2.025
180103.SZ,2025-12-25,2.045
180103.SZ,2025-12-26,2.045
180103.SZ,2025-12-29,2.019
180103.SZ,2025-12-30,2.029
180103.SZ,2025-12-31,2.067
180103.SZ,2026-01-05,2.059
180103.SZ,2026-01-06,2.095
180103.SZ,2026-01-07,2.112
180103.SZ,2026-01-08,2.156
180103.SZ,2026-01-09,2.164
180103.SZ,2026-01-12,2.194
180103.SZ,2026-01-13,2.185
180103.SZ,2026-01-14,2.186
180103.SZ,2026-01-15,2.156
180103.SZ,2026-01-16,2.135
180103.SZ,2026-01-19,2.127
180103.SZ,2026-01-20,2.13
180103.SZ,2026-01-21,2.125
180103.SZ,2026-01-22,2.136
180103.SZ,2026-01-23,2.124
180103.SZ,2026-01-26,2.108
180103.SZ,2026-01-27,2.116
180103.SZ,2026-01-28,2.153
180103.SZ,2026-01-29,2.173
180103.SZ,2026-01-30,2.17
180103.SZ,2026-02-02,2.153
180103.SZ,2026-02-03,2.149
180103.SZ,2026-02-04,2.154
180103.SZ,2026-02-05,2.154
180103.SZ,2026-02-06,2.154
180103.SZ,2026-02-09,2.17
180103.SZ,2026-02-10,2.2
180103.SZ,2026-02-11,2.196
180103.SZ,2026-02-12,2.202
180103.SZ,2026-02-13,2.205
180103.SZ,2026-02-24,2.178
180103.SZ,2026-02-25,2.165
180103.SZ,2026-02-26,2.159
180103.SZ,2026-02-27,2.165
180103.SZ,2026-03-02,2.165
180103.SZ,2026-03-03,2.185
180103.SZ,2026-03-04,2.185
180103.SZ,2026-03-05,2.188
180103.SZ,2026-03-06,2.171
180103.SZ,2026-03-09,2.139
180103.SZ,2026-03-10,2.153
180103.SZ,2026-03-11,2.14
180103.SZ,2026-03-12,2.117
180103.SZ,2026-03-13,2.12
180103.SZ,2026-03-16,2.123
180103.SZ,2026-03-17,2.115
180103.SZ,2026-03-18,2.111
180103.SZ,2026-03-19,2.114
180103.SZ,2026-03-20,2.115
180103.SZ,2026-03-23,2.097
180103.SZ,2026-03-24,2.095
180103.SZ,2026-03-25,2.098
180103.SZ,2026-03-26,2.09
180103.SZ,2026-03-27,2.086
180103.SZ,2026-03-30,2.085
180103.SZ,2026-03-31,2.074
180103.SZ,2026-04-01,2.071
180103.SZ,2026-04-02,2.077
180103.SZ,2026-04-03,2.09
180103.SZ,2026-04-07,2.123
180103.SZ,2026-04-08,2.125
180103.SZ,2026-04-09,2.119
180103.SZ,2026-04-10,2.115
180103.SZ,2026-04-13,2.098
180103.SZ,2026-04-14,2.073
180103.SZ,2026-04-15,2.067
180103.SZ,2026-04-16,2.09
180103.SZ,2026-04-17,2.083
180103.SZ,2026-04-20,2.096
180103.SZ,2026-04-21,2.078
180103.SZ,2026-04-22,2.065
180103.SZ,2026-04-23,2.058
180103.SZ,2026-04-24,2.063
180103.SZ,2026-04-27,2.057
180103.SZ,2026-04-28,2.055
180103.SZ,2026-04-29,2.065
180103.SZ,2026-04-30,2.058
180103.SZ,2026-05-06,2.06
180103.SZ,2026-05-07,2.04
180103.SZ,2026-05-08,2.042
180103.SZ,2026-05-11,2.034
180103.SZ,2026-05-12,2.02
180103.SZ,2026-05-13,1.967
180103.SZ,2026-05-14,1.935
180103.SZ,2026-05-15,1.912
180103.SZ,2026-05-18,1.909
180103.SZ,2026-05-19,1.972
180103.SZ,2026-05-20,1.955
180103.SZ,2026-05-21,1.929
180103.SZ,2026-05-22,1.926
180103.SZ,2026-05-25,1.918
180103.SZ,2026-05-26,1.909
180103.SZ,2026-05-27,1.867
180103.SZ,2026-05-28,1.858
180103.SZ,2026-05-29,1.882
180103.SZ,2026-06-01,1.915
180103.SZ,2026-06-02,1.911
180103.SZ,2026-06-03,1.906
180103.SZ,2026-06-04,1.923
180103.SZ,2026-06-05,1.928
180103.SZ,2026-06-08,1.92
180103.SZ,2026-06-09,1.91
180103.SZ,2026-06-10,1.88
180103.SZ,2026-06-11,1.875
180103.SZ,2026-06-12,1.883
180103.SZ,2026-06-15,1.859
180103.SZ,2026-06-16,1.861
180103.SZ,2026-06-17,1.86
180103.SZ,2026-06-18,1.843
180103.SZ,2026-06-22,1.813
180103.SZ,2026-06-23,1.793
180103.SZ,2026-06-24,1.767
180103.SZ,2026-06-25,1.765
180103.SZ,2026-06-26,1.759
180103.SZ,2026-06-29,1.76
180103.SZ,2026-06-30,1.755
180103.SZ,2026-07-01,1.78
180103.SZ,2026-07-02,1.805
180103.SZ,2026-07-03,1.817
180103.SZ,2026-07-06,1.849
180103.SZ,2026-07-07,1.85
180103.SZ,2026-07-08,1.837
180103.SZ,2026-07-09,1.82
180103.SZ,2026-07-10,1.828
180103.SZ,2026-07-13,1.837
180103.SZ,2026-07-14,1.84
180103.SZ,2026-07-15,1.838
180103.SZ,2026-07-16,1.855
180103.SZ,2026-07-17,1.83
180103.SZ,2026-07-20,1.81
180103.SZ,2026-07-21,1.75
180103.SZ,2026-07-22,1.74
180103.SZ,2026-07-23,1.739
180103.SZ,2026-07-24,1.735
180103.SZ,2026-07-27,1.734
180103.SZ,2026-07-28,1.727
180103.SZ,2026-07-29,1.735
180103.SZ,2026-07-30,1.753
180103.SZ,2026-07-31,1.781
180103.SZ,2026-08-03,1.78
180103.SZ,2026-08-04,1.77
180103.SZ,2026-08-05,1.757
180103.SZ,2026-08-06,1.769
180103.SZ,2026-08-07,1.794
180103.SZ,2026-08-10,1.807
180103.SZ,2026-08-11,1.798
180103.SZ,2026-08-12,1.797
180103.SZ,2026-08-13,1.803
180103.SZ,2026-08-14,1.803
180103.SZ,2026-08-17,1.81
180103.SZ,2026-08-18,1.793
180103.SZ,2026-08-19,1.801
180103.SZ,2026-08-20,1.796
180103.SZ,2026-08-21,1.783
180103.SZ,2026-08-24,1.767
180103.SZ,2026-08-25,1.746
180103.SZ,2026-08-26,1.778
180103.SZ,2026-08-27,1.774
180103.SZ,2026-08-28,1.762
180103.SZ,2026-08-31,1.75
180103.SZ,2026-09-01,1.74
180103.SZ,2026-09-02,1.73
180103.SZ,2026-09-03,1.69
180103.SZ,2026-09-04,1.671
180103.SZ,2026-09-07,1.639
180103.SZ,2026-09-08,1.612
180103.SZ,2026-09-09,1.607
180103.SZ,2026-09-10,1.592
180103.SZ,2026-09-11,1.59
180103.SZ,2026-09-14,1.571
180103.SZ,2026-09-15,1.574
180103.SZ,2026-09-16,1.567
180103.SZ,2026-09-17,1.577
180103.SZ,2026-09-18,1.574
180103.SZ,2026-09-21,1.559
180103.SZ,2026-09-22,1.554
180103.SZ,2026-09-23,1.554
180103.SZ,2026-09-24,1.55
180103.SZ,2026-09-28,1.536
180103.SZ,2026-09-29,1.533
180103.SZ,2026-09-30,1.544
180105.SZ,2024-09-23,2.574
180105.SZ,2024-09-24,2.52
180105.SZ,2024-09-25,2.515
180105.SZ,2024-09-26,2.481
180105.SZ,2024-09-27,2.431
180105.SZ,2024-09-30,2.368
180105.SZ,2024-10-08,2.375
180105.SZ,2024-10-09,2.369
180105.SZ,2024-10-10,2.39
180105.SZ,2024-10-11,2.404
180105.SZ,2024-10-14,2.39
180105.SZ,2024-10-15,2.351
180105.SZ,2024-10-16,2.351
180105.SZ,2024-10-17,2.35
180105.SZ,2024-10-18,2.345
180105.SZ,2024-10-21,2.343
180105.SZ,2024-10-22,2.39
180105.SZ,2024-10-23,2.384
180105.SZ,2024-10-24,2.386
180105.SZ,2024-10-25,2.373
180105.SZ,2024-10-28,2.35
180105.SZ,2024-10-29,2.346
180105.SZ,2024-10-30,2.34
180105.SZ,2024-10-31,2.342
180105.SZ,2024-11-01,2.334
180105.SZ,2024-11-04,2.333
180105.SZ,2024-11-05,2.328
180105.SZ,2024-11-06,2.321
180105.SZ,2024-11-07,2.326
180105.SZ,2024-11-08,2.314
180105.SZ,2024-11-11,2.326
180105.SZ,2024-11-12,2.319
180105.SZ,2024-11-13,2.349
180105.SZ,2024-11-14,2.371
180105.SZ,2024-11-15,2.36
180105.SZ,2024-11-18,2.358
180105.SZ,2024-11-19,2.363
180105.SZ,2024-11-20,2.357
180105.SZ,2024-11-21,2.353
180105.SZ,2024-11-22,2.332
180105.SZ,2024-11-25,2.33
180105.SZ,2024-11-26,2.33
180105.SZ,2024-11-27,2.34
180105.SZ,2024-11-28,2.346
180105.SZ,2024-11-29,2.331
180105.SZ,2024-12-02,2.352
180105.SZ,2024-12-03,2.351
180105.SZ,2024-12-04,2.352
180105.SZ,2024-12-05,2.355
180105.SZ,2024-12-06,2.356
180105.SZ,2024-12-09,2.35
180105.SZ,2024-12-10,2.351
180105.SZ,2024-12-11,2.352
180105.SZ,2024-12-12,2.356
180105.SZ,2024-12-13,2.355
180105.SZ,2024-12-16,2.35
180105.SZ,2024-12-17,2.345
180105.SZ,2024-12-18,2.345
180105.SZ,2024-12-19,2.345
180105.SZ,2024-12-20,2.35
180105.SZ,2024-12-23,2.356
180105.SZ,2024-12-24,2.351
180105.SZ,2024-12-25,2.352
180105.SZ,2024-12-26,2.352
180105.SZ,2024-12-27,2.35
180105.SZ,2024-12-30,2.366
180105.SZ,2024-12-31,2.364
180105.SZ,2025-01-02,2.37
180105.SZ,2025-01-03,2.457
180105.SZ,2025-01-06,2.476
180105.SZ,2025-01-07,2.422
180105.SZ,2025-01-08,2.461
180105.SZ,2025-01-09,2.485
180105.SZ,2025-01-10,2.5
180105.SZ,2025-01-13,2.446
180105.SZ,2025-01-14,2.408
180105.SZ,2025-01-15,2.456
180105.SZ,2025-01-16,2.462
180105.SZ,2025-01-17,2.439
180105.SZ,2025-01-20,2.457
180105.SZ,2025-01-21,2.462
180105.SZ,2025-01-22,2.473
180105.SZ,2025-01-23,2.473
180105.SZ,2025-01-24,2.501
180105.SZ,2025-01-27,2.538
180105.SZ,2025-02-05,2.506
180105.SZ,2025-02-06,2.489
180105.SZ,2025-02-07,2.522
180105.SZ,2025-02-10,2.536
180105.SZ,2025-02-11,2.572
180105.SZ,2025-02-12,2.586
180105.SZ,2025-02-13,2.565
180105.SZ,2025-02-14,2.552
180105.SZ,2025-02-17,2.594
180105.SZ,2025-02-18,2.593
180105.SZ,2025-02-19,2.578
180105.SZ,2025-02-20,2.55
180105.SZ,2025-02-21,2.542
180105.SZ,2025-02-24,2.488
180105.SZ,2025-02-25,2.456
180105.SZ,2025-02-26,2.453
180105.SZ,2025-02-27,2.473
180105.SZ,2025-02-28,2.458
180105.SZ,2025-03-03,2.455
180105.SZ,2025-03-04,2.496
180105.SZ,2025-03-05,2.51
180105.SZ,2025-03-06,2.504
180105.SZ,2025-03-07,2.524
180105.SZ,2025-03-10,2.523
180105.SZ,2025-03-11,2.521
180105.SZ,2025-03-12,2.522
180105.SZ,2025-03-13,2.53
180105.SZ,2025-03-14,2.554
180105.SZ,2025-03-17,2.544
180105.SZ,2025-03-18,2.529
180105.SZ,2025-03-19,2.548
180105.SZ,2025-03-20,2.562
180105.SZ,2025-03-21,2.563
180105.SZ,2025-03-24,2.569
180105.SZ,2025-03-25,2.567
180105.SZ,2025-03-26,2.574
180105.SZ,2025-03-27,2.575
180105.SZ,2025-03-28,2.57
180105.SZ,2025-03-31,2.546
180105.SZ,2025-04-01,2.528
180105.SZ,2025-04-02,2.544
180105.SZ,2025-04-03,2.558
180105.SZ,2025-04-07,2.509
180105.SZ,2025-04-08,2.505
180105.SZ,2025-04-09,2.56
180105.SZ,2025-04-10,2.579
180105.SZ,2025-04-11,2.575
180105.SZ,2025-04-14,2.566
180105.SZ,2025-04-15,2.505
180105.SZ,2025-04-16,2.506
180105.SZ,2025-04-17,2.516
180105.SZ,2025-04-18,2.525
180105.SZ,2025-04-21,2.493
180105.SZ,2025-04-22,2.45
180105.SZ,2025-04-23,2.45
180105.SZ,2025-04-24,2.442
180105.SZ,2025-04-25,2.429
180105.SZ,2025-04-28,2.42
180105.SZ,2025-04-29,2.44
180105.SZ,2025-04-30,2.439
180105.SZ,2025-05-06,2.43
180105.SZ,2025-05-07,2.434
180105.SZ,2025-05-08,2.426
180105.SZ,2025-05-09,2.417
180105.SZ,2025-05-12,2.417
180105.SZ,2025-05-13,2.421
180105.SZ,2025-05-14,2.422
180105.SZ,2025-05-15,2.411
180105.SZ,2025-05-16,2.41
180105.SZ,2025-05-19,2.404
180105.SZ,2025-05-20,2.408
180105.SZ,2025-05-21,2.434
180105.SZ,2025-05-22,2.443
180105.SZ,2025-05-23,2.4
180105.SZ,2025-05-26,2.414
180105.SZ,2025-05-27,2.411
180105.SZ,2025-05-28,2.412
180105.SZ,2025-05-29,2.41
180105.SZ,2025-05-30,2.41
180105.SZ,2025-06-03,2.4
180105.SZ,2025-06-04,2.435
180105.SZ,2025-06-05,2.453
180105.SZ,2025-06-06,2.465
180105.SZ,2025-06-09,2.449
180105.SZ,2025-06-10,2.458
180105.SZ,2025-06-11,2.454
180105.SZ,2025-06-12,2.445
180105.SZ,2025-06-13,2.459
180105.SZ,2025-06-16,2.475
180105.SZ,2025-06-17,2.47
180105.SZ,2025-06-18,2.472
180105.SZ,2025-06-19,2.472
180105.SZ,2025-06-20,2.503
180105.SZ,2025-06-23,2.487
180105.SZ,2025-06-24,2.476
180105.SZ,2025-06-25,2.464
180105.SZ,2025-06-26,2.465
180105.SZ,2025-06-27,2.441
180105.SZ,2025-06-30,2.45
180105.SZ,2025-07-01,2.454
180105.SZ,2025-07-02,2.47
180105.SZ,2025-07-03,2.465
180105.SZ,2025-07-04,2.465
180105.SZ,2025-07-07,2.394
180105.SZ,2025-07-08,2.388
180105.SZ,2025-07-09,2.388
180105.SZ,2025-07-10,2.383
180105.SZ,2025-07-11,2.382
180105.SZ,2025-07-14,2.381
180105.SZ,2025-07-15,2.388
180105.SZ,2025-07-16,2.405
180105.SZ,2025-07-17,2.402
180105.SZ,2025-07-18,2.404
180105.SZ,2025-07-21,2.376
180105.SZ,2025-07-22,2.376
180105.SZ,2025-07-23,2.369
180105.SZ,2025-07-24,2.392
180105.SZ,2025-07-25,2.377
180105.SZ,2025-07-28,2.404
180105.SZ,2025-07-29,2.404
180105.SZ,2025-07-30,2.409
180105.SZ,2025-07-31,2.444
180105.SZ,2025-08-01,2.44
180105.SZ,2025-08-04,2.43
180105.SZ,2025-08-05,2.453
180105.SZ,2025-08-06,2.468
180105.SZ,2025-08-07,2.47
180105.SZ,2025-08-08,2.478
180105.SZ,2025-08-11,2.477
180105.SZ,2025-08-12,2.472
180105.SZ,2025-08-13,2.467
180105.SZ,2025-08-14,2.464
180105.SZ,2025-08-15,2.448
180105.SZ,2025-08-18,2.387
180105.SZ,2025-08-19,2.375
180105.SZ,2025-08-20,2.38
180105.SZ,2025-08-21,2.394
180105.SZ,2025-08-22,2.38
180105.SZ,2025-08-25,2.382
180105.SZ,2025-08-26,2.407
180105.SZ,2025-08-27,2.389
180105.SZ,2025-08-28,2.374
180105.SZ,2025-08-29,2.442
180105.SZ,2025-09-01,2.437
180105.SZ,2025-09-02,2.421
180105.SZ,2025-09-03,2.37
180105.SZ,2025-09-04,2.368
180105.SZ,2025-09-05,2.37
180105.SZ,2025-09-08,2.355
180105.SZ,2025-09-09,2.354
180105.SZ,2025-09-10,2.345
180105.SZ,2025-09-11,2.33
180105.SZ,2025-09-12,2.315
180105.SZ,2025-09-15,2.322
180105.SZ,2025-09-16,2.318
180105.SZ,2025-09-17,2.326
180105.SZ,2025-09-18,2.315
180105.SZ,2025-09-19,2.305
180105.SZ,2025-09-22,2.319
180105.SZ,2025-09-23,2.3
180105.SZ,2025-09-24,2.294
180105.SZ,2025-09-25,2.27
180105.SZ,2025-09-26,2.247
180105.SZ,2025-09-29,2.23
180105.SZ,2025-09-30,2.223
180105.SZ,2025-10-09,2.257
180105.SZ,2025-10-10,2.266
180105.SZ,2025-10-13,2.281
180105.SZ,2025-10-14,2.282
180105.SZ,2025-10-15,2.267
180105.SZ,2025-10-16,2.215
180105.SZ,2025-10-17,2.203
180105.SZ,2025-10-20,2.2
180105.SZ,2025-10-21,2.178
180105.SZ,2025-10-22,2.183
180105.SZ,2025-10-23,2.181
180105.SZ,2025-10-24,2.174
180105.SZ,2025-10-27,2.153
180105.SZ,2025-10-28,2.175
180105.SZ,2025-10-29,2.155
180105.SZ,2025-10-30,2.098
180105.SZ,2025-10-31,2.083
180105.SZ,2025-11-03,2.026
180105.SZ,2025-11-04,1.979
180105.SZ,2025-11-05,1.964
180105.SZ,2025-11-06,1.949
180105.SZ,2025-11-07,1.937
180105.SZ,2025-11-10,1.924
180105.SZ,2025-11-11,1.949
180105.SZ,2025-11-12,1.923
180105.SZ,2025-11-13,1.918
180105.SZ,2025-11-14,1.914
180105.SZ,2025-11-17,1.903
180105.SZ,2025-11-18,1.882
180105.SZ,2025-11-19,1.871
180105.SZ,2025-11-20,1.868
180105.SZ,2025-11-21,1.865
180105.SZ,2025-11-24,1.865
180105.SZ,2025-11-25,1.882
180105.SZ,2025-11-26,1.885
180105.SZ,2025-11-27,1.877
180105.SZ,2025-11-28,1.88
180105.SZ,2025-12-01,1.88
180105.SZ,2025-12-02,1.873
180105.SZ,2025-12-03,1.871
180105.SZ,2025-12-04,1.877
180105.SZ,2025-12-05,1.88
180105.SZ,2025-12-08,1.884
180105.SZ,2025-12-09,1.877
180105.SZ,2025-12-10,1.879
180105.SZ,2025-12-11,1.869
180105.SZ,2025-12-12,1.872
180105.SZ,2025-12-15,1.845
180105.SZ,2025-12-16,1.829
180105.SZ,2025-12-17,1.831
180105.SZ,2025-12-18,1.822
180105.SZ,2025-12-19,1.813
180105.SZ,2025-12-22,1.81
180105.SZ,2025-12-23,1.803
180105.SZ,2025-12-24,1.853
180105.SZ,2025-12-25,1.884
180105.SZ,2025-12-26,1.88
180105.SZ,2025-12-29,1.877
180105.SZ,2025-12-30,1.887
180105.SZ,2025-12-31,1.891
180105.SZ,2026-01-05,1.891
180105.SZ,2026-01-06,1.909
180105.SZ,2026-01-07,1.93
180105.SZ,2026-01-08,1.95
180105.SZ,2026-01-09,1.935
180105.SZ,2026-01-12,1.933
180105.SZ,2026-01-13,1.942
180105.SZ,2026-01-14,1.943
180105.SZ,2026-01-15,1.948
180105.SZ,2026-01-16,1.943
180105.SZ,2026-01-19,1.943
180105.SZ,2026-01-20,1.946
180105.SZ,2026-01-21,1.947
180105.SZ,2026-01-22,1.942
180105.SZ,2026-01-23,1.928
180105.SZ,2026-01-26,1.897
180105.SZ,2026-01-27,1.847
180105.SZ,2026-01-28,1.846
180105.SZ,2026-01-29,1.856
180105.SZ,2026-01-30,1.831
180105.SZ,2026-02-02,1.823
180105.SZ,2026-02-03,1.819
180105.SZ,2026-02-04,1.83
180105.SZ,2026-02-05,1.821
180105.SZ,2026-02-06,1.817
180105.SZ,2026-02-09,1.805
180105.SZ,2026-02-10,1.803
180105.SZ,2026-02-11,1.809
180105.SZ,2026-02-12,1.805
180105.SZ,2026-02-13,1.81
180105.SZ,2026-02-24,1.81
180105.SZ,2026-02-25,1.809
180105.SZ,2026-02-26,1.793
180105.SZ,2026-02-27,1.773
180105.SZ,2026-03-02,1.764
180105.SZ,2026-03-03,1.763
180105.SZ,2026-03-04,1.74
180105.SZ,2026-03-05,1.74
180105.SZ,2026-03-06,1.74
180105.SZ,2026-03-09,1.729
180105.SZ,2026-03-10,1.739
180105.SZ,2026-03-11,1.73
180105.SZ,2026-03-12,1.735
180105.SZ,2026-03-13,1.743
180105.SZ,2026-03-16,1.744
180105.SZ,2026-03-17,1.741
180105.SZ,2026-03-18,1.741
180105.SZ,2026-03-19,1.745
180105.SZ,2026-03-20,1.742
180105.SZ,2026-03-23,1.725
180105.SZ,2026-03-24,1.728
180105.SZ,2026-03-25,1.727
180105.SZ,2026-03-26,1.727
180105.SZ,2026-03-27,1.735
180105.SZ,2026-03-30,1.731
180105.SZ,2026-03-31,1.73
180105.SZ,2026-04-01,1.76
180105.SZ,2026-04-02,1.765
180105.SZ,2026-04-03,1.761
180105.SZ,2026-04-07,1.79
180105.SZ,2026-04-08,1.781
180105.SZ,2026-04-09,1.728
180105.SZ,2026-04-10,1.726
180105.SZ,2026-04-13,1.729
180105.SZ,2026-04-14,1.735
180105.SZ,2026-04-15,1.728
180105.SZ,2026-04-16,1.73
180105.SZ,2026-04-17,1.723
180105.SZ,2026-04-20,1.76
180105.SZ,2026-04-21,1.746
180105.SZ,2026-04-22,1.698
180105.SZ,2026-04-23,1.698
180105.SZ,2026-04-24,1.71
180105.SZ,2026-04-27,1.689
180105.SZ,2026-04-28,1.687
180105.SZ,2026-04-29,1.68
180105.SZ,2026-04-30,1.675
180105.SZ,2026-05-06,1.665
180105.SZ,2026-05-07,1.688
180105.SZ,2026-05-08,1.684
180105.SZ,2026-05-11,1.673
180105.SZ,2026-05-12,1.671
180105.SZ,2026-05-13,1.665
180105.SZ,2026-05-14,1.667
180105.SZ,2026-05-15,1.649
180105.SZ,2026-05-18,1.641
180105.SZ,2026-05-19,1.641
180105.SZ,2026-05-20,1.589
180105.SZ,2026-05-21,1.57
180105.SZ,2026-05-22,1.57
180105.SZ,2026-05-25,1.542
180105.SZ,2026-05-26,1.515
180105.SZ,2026-05-27,1.5
180105.SZ,2026-05-28,1.448
180105.SZ,2026-05-29,1.468
180105.SZ,2026-06-01,1.484
180105.SZ,2026-06-02,1.472
180105.SZ,2026-06-03,1.503
180105.SZ,2026-06-04,1.525
180105.SZ,2026-06-05,1.513
180105.SZ,2026-06-08,1.521
180105.SZ,2026-06-09,1.511
180105.SZ,2026-06-10,1.492
180105.SZ,2026-06-11,1.478
180105.SZ,2026-06-12,1.489
180105.SZ,2026-06-15,1.489
180105.SZ,2026-06-16,1.49
180105.SZ,2026-06-17,1.492
180105.SZ,2026-06-18,1.485
180105.SZ,2026-06-22,1.445
180105.SZ,2026-06-23,1.425
180105.SZ,2026-06-24,1.354
180105.SZ,2026-06-25,1.372
180105.SZ,2026-06-26,1.345
180105.SZ,2026-06-29,1.335
180105.SZ,2026-06-30,1.364
180105.SZ,2026-07-01,1.375
180105.SZ,2026-07-02,1.359
180105.SZ,2026-07-03,1.349
180105.SZ,2026-07-06,1.365
180105.SZ,2026-07-07,1.37
180105.SZ,2026-07-08,1.358
180105.SZ,2026-07-09,1.358
180105.SZ,2026-07-10,1.37
180105.SZ,2026-07-13,1.373
180105.SZ,2026-07-14,1.362
180105.SZ,2026-07-15,1.362
180105.SZ,2026-07-16,1.37
180105.SZ,2026-07-17,1.365
180105.SZ,2026-07-20,1.355
180105.SZ,2026-07-21,1.344
180105.SZ,2026-07-22,1.3
180105.SZ,2026-07-23,1.296
180105.SZ,2026-07-24,1.294
180105.SZ,2026-07-27,1.295
180105.SZ,2026-07-28,1.288
180105.SZ,2026-07-29,1.289
180105.SZ,2026-07-30,1.288
180105.SZ,2026-07-31,1.296
180105.SZ,2026-08-03,1.288
180105.SZ,2026-08-04,1.285
180105.SZ,2026-08-05,1.283
180105.SZ,2026-08-06,1.282
180105.SZ,2026-08-07,1.28
180105.SZ,2026-08-10,1.275
180105.SZ,2026-08-11,1.277
180105.SZ,2026-08-12,1.268
180105.SZ,2026-08-13,1.268
180105.SZ,2026-08-14,1.269
180105.SZ,2026-08-17,1.269
180105.SZ,2026-08-18,1.279
180105.SZ,2026-08-19,1.28
180105.SZ,2026-08-20,1.284
180105.SZ,2026-08-21,1.284
180105.SZ,2026-08-24,1.264
180105.SZ,2026-08-25,1.257
180105.SZ,2026-08-26,1.3
180105.SZ,2026-08-27,1.326
180105.SZ,2026-08-28,1.337
180105.SZ,2026-08-31,1.315
180105.SZ,2026-09-01,1.277
180105.SZ,2026-09-02,1.257
180105.SZ,2026-09-03,1.253
180105.SZ,2026-09-04,1.255
180105.SZ,2026-09-07,1.25
180105.SZ,2026-09-08,1.199
180105.SZ,2026-09-09,1.207
180105.SZ,2026-09-10,1.182
180105.SZ,2026-09-11,1.146
180105.SZ,2026-09-14,1.13
180105.SZ,2026-09-15,1.124
180105.SZ,2026-09-16,1.12
180105.SZ,2026-09-17,1.125
180105.SZ,2026-09-18,1.116
180105.SZ,2026-09-21,1.121
180105.SZ,2026-09-22,1.127
180105.SZ,2026-09-23,1.127
180105.SZ,2026-09-24,1.122
180105.SZ,2026-09-28,1.119
180105.SZ,2026-09-29,1.112
180105.SZ,2026-09-30,1.121
180106.SZ,2024-12-19,3.399
180106.SZ,2024-12-20,3.421
180106.SZ,2024-12-23,3.42
180106.SZ,2024-12-24,3.396
180106.SZ,2024-12-25,3.389
180106.SZ,2024-12-26,3.4
180106.SZ,2024-12-27,3.421
180106.SZ,2024-12-30,3.444
180106.SZ,2024-12-31,3.473
180106.SZ,2025-01-02,3.468
180106.SZ,2025-01-03,3.555
180106.SZ,2025-01-06,3.609
180106.SZ,2025-01-07,3.57
180106.SZ,2025-01-08,3.599
180106.SZ,2025-01-09,3.749
180106.SZ,2025-01-10,3.75
180106.SZ,2025-01-13,3.74
180106.SZ,2025-01-14,3.732
180106.SZ,2025-01-15,3.722
180106.SZ,2025-01-16,3.718
180106.SZ,2025-01-17,3.719
180106.SZ,2025-01-20,3.726
180106.SZ,2025-01-21,3.726
180106.SZ,2025-01-22,3.735
180106.SZ,2025-01-23,3.781
180106.SZ,2025-01-24,3.877
180106.SZ,2025-01-27,4.004
180106.SZ,2025-02-05,3.996
180106.SZ,2025-02-06,3.998
180106.SZ,2025-02-07,4.021
180106.SZ,2025-02-10,4.082
180106.SZ,2025-02-11,4.195
180106.SZ,2025-02-12,4.167
180106.SZ,2025-02-13,4.11
180106.SZ,2025-02-14,4.115
180106.SZ,2025-02-17,4.096
180106.SZ,2025-02-18,4.06
180106.SZ,2025-02-19,4.065
180106.SZ,2025-02-20,4.05
180106.SZ,2025-02-21,4.05
180106.SZ,2025-02-24,4.064
180106.SZ,2025-02-25,4.05
180106.SZ,2025-02-26,4.049
180106.SZ,2025-02-27,4.005
180106.SZ,2025-02-28,3.993
180106.SZ,2025-03-03,3.974
180106.SZ,2025-03-04,3.99
180106.SZ,2025-03-05,3.988
180106.SZ,2025-03-06,3.978
180106.SZ,2025-03-07,3.979
180106.SZ,2025-03-10,3.999
180106.SZ,2025-03-11,4.001
180106.SZ,2025-03-12,4.002
180106.SZ,2025-03-13,4.003
180106.SZ,2025-03-14,4.004
180106.SZ,2025-03-17,4.04
180106.SZ,2025-03-18,4.044
180106.SZ,2025-03-19,4.09
180106.SZ,2025-03-20,4.11
180106.SZ,2025-03-21,4.104
180106.SZ,2025-03-24,4.08
180106.SZ,2025-03-25,4.089
180106.SZ,2025-03-26,4.1
180106.SZ,2025-03-27,4.112
180106.SZ,2025-03-28,4.138
180106.SZ,2025-03-31,4.08
180106.SZ,2025-04-01,4.053
180106.SZ,2025-04-02,4.088
180106.SZ,2025-04-03,4.11
180106.SZ,2025-04-07,4.1
180106.SZ,2025-04-08,4.095
180106.SZ,2025-04-09,4.065
180106.SZ,2025-04-10,4.086
180106.SZ,2025-04-11,4.2
180106.SZ,2025-04-14,4.2
180106.SZ,2025-04-15,4.18
180106.SZ,2025-04-16,4.172
180106.SZ,2025-04-17,4.189
180106.SZ,2025-04-18,4.171
180106.SZ,2025-04-21,4.154
180106.SZ,2025-04-22,4.075
180106.SZ,2025-04-23,4.07
180106.SZ,2025-04-24,4.067
180106.SZ,2025-04-25,4.054
180106.SZ,2025-04-28,3.938
180106.SZ,2025-04-29,3.976
180106.SZ,2025-04-30,4.0
180106.SZ,2025-05-06,3.98
180106.SZ,2025-05-07,3.969
180106.SZ,2025-05-08,3.974
180106.SZ,2025-05-09,3.959
180106.SZ,2025-05-12,3.965
180106.SZ,2025-05-13,3.997
180106.SZ,2025-05-14,4.02
180106.SZ,2025-05-15,3.984
180106.SZ,2025-05-16,3.996
180106.SZ,2025-05-19,4.021
180106.SZ,2025-05-20,4.066
180106.SZ,2025-05-21,4.155
180106.SZ,2025-05-22,4.168
180106.SZ,2025-05-23,4.193
180106.SZ,2025-05-26,4.194
180106.SZ,2025-05-27,4.188
180106.SZ,2025-05-28,4.153
180106.SZ,2025-05-29,4.19
180106.SZ,2025-05-30,4.184
180106.SZ,2025-06-03,4.195
180106.SZ,2025-06-04,4.199
180106.SZ,2025-06-05,4.2
180106.SZ,2025-06-06,4.21
180106.SZ,2025-06-09,4.3
180106.SZ,2025-06-10,4.25
180106.SZ,2025-06-11,4.27
180106.SZ,2025-06-12,4.256
180106.SZ,2025-06-13,4.29
180106.SZ,2025-06-16,4.289
180106.SZ,2025-06-17,4.298
180106.SZ,2025-06-18,4.31
180106.SZ,2025-06-19,4.32
180106.SZ,2025-06-20,4.323
180106.SZ,2025-06-23,4.318
180106.SZ,2025-06-24,4.27
180106.SZ,2025-06-25,4.241
180106.SZ,2025-06-26,4.169
180106.SZ,2025-06-27,4.156
180106.SZ,2025-06-30,4.12
180106.SZ,2025-07-01,4.107
180106.SZ,2025-07-02,4.163
180106.SZ,2025-07-03,4.185
180106.SZ,2025-07-04,4.203
180106.SZ,2025-07-07,4.151
180106.SZ,2025-07-08,4.135
180106.SZ,2025-07-09,4.13
180106.SZ,2025-07-10,4.133
180106.SZ,2025-07-11,4.158
180106.SZ,2025-07-14,4.005
180106.SZ,2025-07-15,4.052
180106.SZ,2025-07-16,4.048
180106.SZ,2025-07-17,4.039
180106.SZ,2025-07-18,3.997
180106.SZ,2025-07-21,3.88
180106.SZ,2025-07-22,3.787
180106.SZ,2025-07-23,3.748
180106.SZ,2025-07-24,3.747
180106.SZ,2025-07-25,3.764
180106.SZ,2025-07-28,3.829
180106.SZ,2025-07-29,3.806
180106.SZ,2025-07-30,3.849
180106.SZ,2025-07-31,3.868
180106.SZ,2025-08-01,3.879
180106.SZ,2025-08-04,3.875
180106.SZ,2025-08-05,3.859
180106.SZ,2025-08-06,3.85
180106.SZ,2025-08-07,3.836
180106.SZ,2025-08-08,3.811
180106.SZ,2025-08-11,3.865
180106.SZ,2025-08-12,3.831
180106.SZ,2025-08-13,3.84
180106.SZ,2025-08-14,3.811
180106.SZ,2025-08-15,3.797
180106.SZ,2025-08-18,3.726
180106.SZ,2025-08-19,3.682
180106.SZ,2025-08-20,3.748
180106.SZ,2025-08-21,3.714
180106.SZ,2025-08-22,3.747
180106.SZ,2025-08-25,3.778
180106.SZ,2025-08-26,3.782
180106.SZ,2025-08-27,3.785
180106.SZ,2025-08-28,3.72
180106.SZ,2025-08-29,3.776
180106.SZ,2025-09-01,3.803
180106.SZ,2025-09-02,3.821
180106.SZ,2025-09-03,3.928
180106.SZ,2025-09-04,3.884
180106.SZ,2025-09-05,3.829
180106.SZ,2025-09-08,3.804
180106.SZ,2025-09-09,3.779
180106.SZ,2025-09-10,3.815
180106.SZ,2025-09-11,3.8
180106.SZ,2025-09-12,3.794
180106.SZ,2025-09-15,3.79
180106.SZ,2025-09-16,3.79
180106.SZ,2025-09-17,3.816
180106.SZ,2025-09-18,3.814
180106.SZ,2025-09-19,3.837
180106.SZ,2025-09-22,3.81
180106.SZ,2025-09-23,3.799
180106.SZ,2025-09-24,3.77
180106.SZ,2025-09-25,3.763
180106.SZ,2025-09-26,3.745
180106.SZ,2025-09-29,3.799
180106.SZ,2025-09-30,3.804
180106.SZ,2025-10-09,3.799
180106.SZ,2025-10-10,3.783
180106.SZ,2025-10-13,3.828
180106.SZ,2025-10-14,3.806
180106.SZ,2025-10-15,3.781
180106.SZ,2025-10-16,3.734
180106.SZ,2025-10-17,3.728
180106.SZ,2025-10-20,3.665
180106.SZ,2025-10-21,3.702
180106.SZ,2025-10-22,3.709
180106.SZ,2025-10-23,3.75
180106.SZ,2025-10-24,3.782
180106.SZ,2025-10-27,3.752
180106.SZ,2025-10-28,3.765
180106.SZ,2025-10-29,3.731
180106.SZ,2025-10-30,3.691
180106.SZ,2025-10-31,3.688
180106.SZ,2025-11-03,3.568
180106.SZ,2025-11-04,3.454
180106.SZ,2025-11-05,3.454
180106.SZ,2025-11-06,3.448
180106.SZ,2025-11-07,3.34
180106.SZ,2025-11-10,3.345
180106.SZ,2025-11-11,3.347
180106.SZ,2025-11-12,3.305
180106.SZ,2025-11-13,3.311
180106.SZ,2025-11-14,3.378
180106.SZ,2025-11-17,3.371
180106.SZ,2025-11-18,3.434
180106.SZ,2025-11-19,3.426
180106.SZ,2025-11-20,3.436
180106.SZ,2025-11-21,3.39
180106.SZ,2025-11-24,3.384
180106.SZ,2025-11-25,3.372
180106.SZ,2025-11-26,3.374
180106.SZ,2025-11-27,3.322
180106.SZ,2025-11-28,3.307
180106.SZ,2025-12-01,3.274
180106.SZ,2025-12-02,3.244
180106.SZ,2025-12-03,3.243
180106.SZ,2025-12-04,3.228
180106.SZ,2025-12-05,3.2
180106.SZ,2025-12-08,3.183
180106.SZ,2025-12-09,3.193
180106.SZ,2025-12-10,3.247
180106.SZ,2025-12-11,3.308
180106.SZ,2025-12-12,3.362
180106.SZ,2025-12-15,3.36
180106.SZ,2025-12-16,3.34
180106.SZ,2025-12-17,3.343
180106.SZ,2025-12-18,3.342
180106.SZ,2025-12-19,3.3
180106.SZ,2025-12-22,3.293
180106.SZ,2025-12-23,3.287
180106.SZ,2025-12-24,3.3
180106.SZ,2025-12-25,3.29
180106.SZ,2025-12-26,3.267
180106.SZ,2025-12-29,3.27
180106.SZ,2025-12-30,3.27
180106.SZ,2025-12-31,3.27
180106.SZ,2026-01-05,3.39
180106.SZ,2026-01-06,3.5
180106.SZ,2026-01-07,3.48
180106.SZ,2026-01-08,3.492
180106.SZ,2026-01-09,3.496
180106.SZ,2026-01-12,3.508
180106.SZ,2026-01-13,3.515
180106.SZ,2026-01-14,3.51
180106.SZ,2026-01-15,3.459
180106.SZ,2026-01-16,3.459
180106.SZ,2026-01-19,3.49
180106.SZ,2026-01-20,3.507
180106.SZ,2026-01-21,3.55
180106.SZ,2026-01-22,3.6
180106.SZ,2026-01-23,3.606
180106.SZ,2026-01-26,3.593
180106.SZ,2026-01-27,3.59
180106.SZ,2026-01-28,3.589
180106.SZ,2026-01-29,3.613
180106.SZ,2026-01-30,3.587
180106.SZ,2026-02-02,3.55
180106.SZ,2026-02-03,3.566
180106.SZ,2026-02-04,3.574
180106.SZ,2026-02-05,3.558
180106.SZ,2026-02-06,3.559
180106.SZ,2026-02-09,3.551
180106.SZ,2026-02-10,3.564
180106.SZ,2026-02-11,3.573
180106.SZ,2026-02-12,3.586
180106.SZ,2026-02-13,3.606
180106.SZ,2026-02-24,3.58
180106.SZ,2026-02-25,3.567
180106.SZ,2026-02-26,3.543
180106.SZ,2026-02-27,3.48
180106.SZ,2026-03-02,3.435
180106.SZ,2026-03-03,3.454
180106.SZ,2026-03-04,3.444
180106.SZ,2026-03-05,3.446
180106.SZ,2026-03-06,3.382
180106.SZ,2026-03-09,3.352
180106.SZ,2026-03-10,3.359
180106.SZ,2026-03-11,3.351
180106.SZ,2026-03-12,3.337
180106.SZ,2026-03-13,3.351
180106.SZ,2026-03-16,3.358
180106.SZ,2026-03-17,3.413
180106.SZ,2026-03-18,3.404
180106.SZ,2026-03-19,3.39
180106.SZ,2026-03-20,3.384
180106.SZ,2026-03-23,3.35
180106.SZ,2026-03-24,3.36
180106.SZ,2026-03-25,3.361
180106.SZ,2026-03-26,3.36
180106.SZ,2026-03-27,3.36
180106.SZ,2026-03-30,3.362
180106.SZ,2026-03-31,3.361
180106.SZ,2026-04-01,3.328
180106.SZ,2026-04-02,3.281
180106.SZ,2026-04-03,3.278
180106.SZ,2026-04-07,3.299
180106.SZ,2026-04-08,3.32
180106.SZ,2026-04-09,3.3
180106.SZ,2026-04-10,3.294
180106.SZ,2026-04-13,3.165
180106.SZ,2026-04-14,3.078
180106.SZ,2026-04-15,3.12
180106.SZ,2026-04-16,3.175
180106.SZ,2026-04-17,3.175
180106.SZ,2026-04-20,3.16
180106.SZ,2026-04-21,3.13
180106.SZ,2026-04-22,3.126
180106.SZ,2026-04-23,3.108
180106.SZ,2026-04-24,3.081
180106.SZ,2026-04-27,3.08
180106.SZ,2026-04-28,3.093
180106.SZ,2026-04-29,3.089
180106.SZ,2026-04-30,3.09
180106.SZ,2026-05-06,3.08
180106.SZ,2026-05-07,3.05
180106.SZ,2026-05-08,3.03
180106.SZ,2026-05-11,3.015
180106.SZ,2026-05-12,2.976
180106.SZ,2026-05-13,2.932
180106.SZ,2026-05-14,2.873
180106.SZ,2026-05-15,2.828
180106.SZ,2026-05-18,2.781
180106.SZ,2026-05-19,2.812
180106.SZ,2026-05-20,2.799
180106.SZ,2026-05-21,2.77
180106.SZ,2026-05-22,2.796
180106.SZ,2026-05-25,2.866
180106.SZ,2026-05-26,2.812
180106.SZ,2026-05-27,2.818
180106.SZ,2026-05-28,2.8
180106.SZ,2026-05-29,2.867
180106.SZ,2026-06-01,2.86
180106.SZ,2026-06-02,2.843
180106.SZ,2026-06-03,2.885
180106.SZ,2026-06-04,2.906
180106.SZ,2026-06-05,2.905
180106.SZ,2026-06-08,2.9
180106.SZ,2026-06-09,2.871
180106.SZ,2026-06-10,2.827
180106.SZ,2026-06-11,2.821
180106.SZ,2026-06-12,2.827
180106.SZ,2026-06-15,2.823
180106.SZ,2026-06-16,2.866
180106.SZ,2026-06-17,2.863
180106.SZ,2026-06-18,2.886
180106.SZ,2026-06-22,2.783
180106.SZ,2026-06-23,2.777
180106.SZ,2026-06-24,2.731
180106.SZ,2026-06-25,2.751
180106.SZ,2026-06-26,2.743
180106.SZ,2026-06-29,2.741
180106.SZ,2026-06-30,2.772
180106.SZ,2026-07-01,2.75
180106.SZ,2026-07-02,2.715
180106.SZ,2026-07-03,2.725
180106.SZ,2026-07-06,2.734
180106.SZ,2026-07-07,2.734
180106.SZ,2026-07-08,2.733
180106.SZ,2026-07-09,2.726
180106.SZ,2026-07-10,2.734
180106.SZ,2026-07-13,2.732
180106.SZ,2026-07-14,2.727
180106.SZ,2026-07-15,2.688
180106.SZ,2026-07-16,2.687
180106.SZ,2026-07-17,2.687
180106.SZ,2026-07-20,2.658
180106.SZ,2026-07-21,2.67
180106.SZ,2026-07-22,2.604
180106.SZ,2026-07-23,2.603
180106.SZ,2026-07-24,2.589
180106.SZ,2026-07-27,2.569
180106.SZ,2026-07-28,2.525
180106.SZ,2026-07-29,2.549
180106.SZ,2026-07-30,2.555
180106.SZ,2026-07-31,2.595
180106.SZ,2026-08-03,2.599
180106.SZ,2026-08-04,2.517
180106.SZ,2026-08-05,2.493
180106.SZ,2026-08-06,2.43
180106.SZ,2026-08-07,2.427
180106.SZ,2026-08-10,2.397
180106.SZ,2026-08-11,2.392
180106.SZ,2026-08-12,2.376
180106.SZ,2026-08-13,2.384
180106.SZ,2026-08-14,2.4
180106.SZ,2026-08-17,2.381
180106.SZ,2026-08-18,2.392
180106.SZ,2026-08-19,2.422
180106.SZ,2026-08-20,2.497
180106.SZ,2026-08-21,2.477
180106.SZ,2026-08-24,2.468
180106.SZ,2026-08-25,2.462
180106.SZ,2026-08-26,2.489
180106.SZ,2026-08-27,2.53
180106.SZ,2026-08-28,2.563
180106.SZ,2026-08-31,2.563
180106.SZ,2026-09-01,2.562
180106.SZ,2026-09-02,2.51
180106.SZ,2026-09-03,2.492
180106.SZ,2026-09-04,2.505
180106.SZ,2026-09-07,2.476
180106.SZ,2026-09-08,2.485
180106.SZ,2026-09-09,2.48
180106.SZ,2026-09-10,2.46
180106.SZ,2026-09-11,2.458
180106.SZ,2026-09-14,2.458
180106.SZ,2026-09-15,2.466
180106.SZ,2026-09-16,2.45
180106.SZ,2026-09-17,2.455
180106.SZ,2026-09-18,2.443
180106.SZ,2026-09-21,2.43
180106.SZ,2026-09-22,2.418
180106.SZ,2026-09-23,2.476
180106.SZ,2026-09-24,2.488
180106.SZ,2026-09-28,2.474
180106.SZ,2026-09-29,2.465
180106.SZ,2026-09-30,2.455
180301.SZ,2021-06-21,2.367
180301.SZ,2021-06-22,2.335
180301.SZ,2021-06-23,2.308
180301.SZ,2021-06-24,2.323
180301.SZ,2021-06-25,2.324
180301.SZ,2021-06-28,2.314
180301.SZ,2021-06-29,2.302
180301.SZ,2021-06-30,2.303
180301.SZ,2021-07-01,2.313
180301.SZ,2021-07-02,2.31
180301.SZ,2021-07-05,2.302
180301.SZ,2021-07-06,2.298
180301.SZ,2021-07-07,2.293
180301.SZ,2021-07-08,2.293
180301.SZ,2021-07-09,2.29
180301.SZ,2021-07-12,2.284
180301.SZ,2021-07-13,2.268
180301.SZ,2021-07-14,2.254
180301.SZ,2021-07-15,2.285
180301.SZ,2021-07-16,2.298
180301.SZ,2021-07-19,2.3
180301.SZ,2021-07-20,2.3
180301.SZ,2021-07-21,2.296
180301.SZ,2021-07-22,2.287
180301.SZ,2021-07-23,2.286
180301.SZ,2021-07-26,2.278
180301.SZ,2021-07-27,2.271
180301.SZ,2021-07-28,2.279
180301.SZ,2021-07-29,2.29
180301.SZ,2021-07-30,2.29
180301.SZ,2021-08-02,2.303
180301.SZ,2021-08-03,2.307
180301.SZ,2021-08-04,2.306
180301.SZ,2021-08-05,2.302
180301.SZ,2021-08-06,2.302
180301.SZ,2021-08-09,2.3
180301.SZ,2021-08-10,2.301
180301.SZ,2021-08-11,2.3
180301.SZ,2021-08-12,2.299
180301.SZ,2021-08-13,2.298
180301.SZ,2021-08-16,2.297
180301.SZ,2021-08-17,2.295
180301.SZ,2021-08-18,2.301
180301.SZ,2021-08-19,2.306
180301.SZ,2021-08-20,2.31
180301.SZ,2021-08-23,2.309
180301.SZ,2021-08-24,2.311
180301.SZ,2021-08-25,2.335
180301.SZ,2021-08-26,2.34
180301.SZ,2021-08-27,2.394
180301.SZ,2021-08-30,2.418
180301.SZ,2021-08-31,2.386
180301.SZ,2021-09-01,2.352
180301.SZ,2021-09-02,2.369
180301.SZ,2021-09-03,2.364
180301.SZ,2021-09-06,2.366
180301.SZ,2021-09-07,2.372
180301.SZ,2021-09-08,2.371
180301.SZ,2021-09-09,2.371
180301.SZ,2021-09-10,2.367
180301.SZ,2021-09-13,2.366
180301.SZ,2021-09-14,2.388
180301.SZ,2021-09-15,2.433
180301.SZ,2021-09-16,2.42
180301.SZ,2021-09-17,2.421
180301.SZ,2021-09-22,2.44
180301.SZ,2021-09-23,2.493
180301.SZ,2021-09-24,2.474
180301.SZ,2021-09-27,2.473
180301.SZ,2021-09-28,2.475
180301.SZ,2021-09-29,2.477
180301.SZ,2021-09-30,2.479
180301.SZ,2021-10-08,2.509
180301.SZ,2021-10-11,2.501
180301.SZ,2021-10-12,2.501
180301.SZ,2021-10-13,2.502
180301.SZ,2021-10-14,2.504
180301.SZ,2021-10-15,2.506
180301.SZ,2021-10-18,2.518
180301.SZ,2021-10-19,2.555
180301.SZ,2021-10-20,2.599
180301.SZ,2021-10-21,2.656
180301.SZ,2021-10-22,2.692
180301.SZ,2021-10-25,2.725
180301.SZ,2021-10-26,2.727
180301.SZ,2021-10-27,2.76
180301.SZ,2021-10-28,2.817
180301.SZ,2021-10-29,2.888
180301.SZ,2021-11-01,2.889
180301.SZ,2021-11-02,2.792
180301.SZ,2021-11-03,2.754
180301.SZ,2021-11-04,2.795
180301.SZ,2021-11-05,2.844
180301.SZ,2021-11-08,2.836
180301.SZ,2021-11-09,2.812
180301.SZ,2021-11-10,2.801
180301.SZ,2021-11-11,2.834
180301.SZ,2021-11-12,2.849
180301.SZ,2021-11-15,2.826
180301.SZ,2021-11-16,2.82
180301.SZ,2021-11-17,2.841
180301.SZ,2021-11-18,2.828
180301.SZ,2021-11-19,2.825
180301.SZ,2021-11-22,2.786
180301.SZ,2021-11-23,2.786
180301.SZ,2021-11-24,2.815
180301.SZ,2021-11-25,2.808
180301.SZ,2021-11-26,2.83
180301.SZ,2021-11-29,2.823
180301.SZ,2021-11-30,2.868
180301.SZ,2021-12-01,2.926
180301.SZ,2021-12-02,3.013
180301.SZ,2021-12-03,3.003
180301.SZ,2021-12-06,3.025
180301.SZ,2021-12-07,3.034
180301.SZ,2021-12-08,3.086
180301.SZ,2021-12-09,3.188
180301.SZ,2021-12-10,3.279
180301.SZ,2021-12-13,3.28
180301.SZ,2021-12-14,3.254
180301.SZ,2021-12-15,3.258
180301.SZ,2021-12-16,3.173
180301.SZ,2021-12-17,3.151
180301.SZ,2021-12-20,3.129
180301.SZ,2021-12-21,3.099
180301.SZ,2021-12-22,3.11
180301.SZ,2021-12-23,3.161
180301.SZ,2021-12-24,3.17
180301.SZ,2021-12-27,3.176
180301.SZ,2021-12-28,3.169
180301.SZ,2021-12-29,3.14
180301.SZ,2021-12-30,3.11
180301.SZ,2021-12-31,3.06
180301.SZ,2022-01-04,3.118
180301.SZ,2022-01-05,3.175
180301.SZ,2022-01-06,3.184
180301.SZ,2022-01-07,3.176
180301.SZ,2022-01-10,3.177
180301.SZ,2022-01-11,3.268
180301.SZ,2022-01-12,3.281
180301.SZ,2022-01-13,3.301
180301.SZ,2022-01-14,3.29
180301.SZ,2022-01-17,3.302
180301.SZ,2022-01-18,3.286
180301.SZ,2022-01-19,3.285
180301.SZ,2022-01-20,3.29
180301.SZ,2022-01-21,3.41
180301.SZ,2022-01-24,3.589
180301.SZ,2022-01-25,3.529
180301.SZ,2022-01-26,3.499
180301.SZ,2022-01-27,3.494
180301.SZ,2022-01-28,3.668
180301.SZ,2022-02-07,3.887
180301.SZ,2022-02-08,4.127
180301.SZ,2022-02-10,4.042
180301.SZ,2022-02-11,4.033
180301.SZ,2022-02-14,4.13
180301.SZ,2022-02-15,4.099
180301.SZ,2022-02-16,4.005
180301.SZ,2022-02-17,3.86
180301.SZ,2022-02-18,4.003
180301.SZ,2022-02-21,3.998
180301.SZ,2022-02-22,3.811
180301.SZ,2022-02-23,3.791
180301.SZ,2022-02-24,3.65
180301.SZ,2022-02-25,3.686
180301.SZ,2022-02-28,3.548
180301.SZ,2022-03-01,3.481
180301.SZ,2022-03-02,3.559
180301.SZ,2022-03-03,3.682
180301.SZ,2022-03-04,3.669
180301.SZ,2022-03-07,3.532
180301.SZ,2022-03-08,3.331
180301.SZ,2022-03-09,3.309
180301.SZ,2022-03-10,3.345
180301.SZ,2022-03-11,3.292
180301.SZ,2022-03-14,3.188
180301.SZ,2022-03-15,2.977
180301.SZ,2022-03-16,3.01
180301.SZ,2022-03-17,3.04
180301.SZ,2022-03-18,3.037
180301.SZ,2022-03-21,3.236
180301.SZ,2022-03-22,3.441
180301.SZ,2022-03-23,3.337
180301.SZ,2022-03-24,3.38
180301.SZ,2022-03-25,3.322
180301.SZ,2022-03-28,3.265
180301.SZ,2022-03-29,3.283
180301.SZ,2022-03-30,3.288
180301.SZ,2022-03-31,3.277
180301.SZ,2022-04-01,3.446
180301.SZ,2022-04-06,3.47
180301.SZ,2022-04-07,3.304
180301.SZ,2022-04-08,3.37
180301.SZ,2022-04-11,3.296
180301.SZ,2022-04-12,3.342
180301.SZ,2022-04-13,3.34
180301.SZ,2022-04-14,3.327
180301.SZ,2022-04-15,3.292
180301.SZ,2022-04-18,3.294
180301.SZ,2022-04-19,3.288
180301.SZ,2022-04-20,3.285
180301.SZ,2022-04-21,3.219
180301.SZ,2022-04-22,3.184
180301.SZ,2022-04-25,3.042
180301.SZ,2022-04-26,3.037
180301.SZ,2022-04-27,3.067
180301.SZ,2022-04-28,3.019
180301.SZ,2022-04-29,3.05
180301.SZ,2022-05-05,3.015
180301.SZ,2022-05-06,3.015
180301.SZ,2022-05-09,2.983
180301.SZ,2022-05-10,2.981
180301.SZ,2022-05-11,3.03
180301.SZ,2022-05-12,3.032
180301.SZ,2022-05-13,3.017
180301.SZ,2022-05-16,3.003
180301.SZ,2022-05-17,2.99
180301.SZ,2022-05-18,2.98
180301.SZ,2022-05-19,2.95
180301.SZ,2022-05-20,2.967
180301.SZ,2022-05-23,2.957
180301.SZ,2022-05-24,2.94
180301.SZ,2022-05-25,2.934
180301.SZ,2022-05-26,2.942
180301.SZ,2022-05-27,2.949
180301.SZ,2022-05-30,2.942
180301.SZ,2022-05-31,2.916
180301.SZ,2022-06-01,2.931
180301.SZ,2022-06-02,2.948
180301.SZ,2022-06-06,3.0
180301.SZ,2022-06-07,3.109
180301.SZ,2022-06-08,3.093
180301.SZ,2022-06-09,3.122
180301.SZ,2022-06-10,3.118
180301.SZ,2022-06-13,3.101
180301.SZ,2022-06-14,3.12
180301.SZ,2022-06-15,3.144
180301.SZ,2022-06-16,3.14
180301.SZ,2022-06-17,3.129
180301.SZ,2022-06-20,3.105
180301.SZ,2022-06-21,3.136
180301.SZ,2022-06-22,3.135
180301.SZ,2022-06-23,3.158
180301.SZ,2022-06-24,3.231
180301.SZ,2022-06-27,3.281
180301.SZ,2022-06-28,3.316
180301.SZ,2022-06-29,3.302
180301.SZ,2022-06-30,3.353
180301.SZ,2022-07-01,3.356
180301.SZ,2022-07-04,3.359
180301.SZ,2022-07-05,3.34
180301.SZ,2022-07-06,3.319
180301.SZ,2022-07-07,3.301
180301.SZ,2022-07-08,3.318
180301.SZ,2022-07-11,3.305
180301.SZ,2022-07-12,3.318
180301.SZ,2022-07-13,3.299
180301.SZ,2022-07-14,3.356
180301.SZ,2022-07-15,3.343
180301.SZ,2022-07-18,3.351
180301.SZ,2022-07-19,3.357
180301.SZ,2022-07-20,3.37
180301.SZ,2022-07-21,3.366
180301.SZ,2022-07-22,3.357
180301.SZ,2022-07-25,3.308
180301.SZ,2022-07-26,3.283
180301.SZ,2022-07-27,3.278
180301.SZ,2022-07-28,3.299
180301.SZ,2022-07-29,3.314
180301.SZ,2022-08-01,3.324
180301.SZ,2022-08-02,3.31
180301.SZ,2022-08-03,3.309
180301.SZ,2022-08-04,3.343
180301.SZ,2022-08-05,3.333
180301.SZ,2022-08-08,3.317
180301.SZ,2022-08-09,3.275
180301.SZ,2022-08-10,3.296
180301.SZ,2022-08-11,3.282
180301.SZ,2022-08-12,3.279
180301.SZ,2022-08-15,3.283
180301.SZ,2022-08-16,3.306
180301.SZ,2022-08-17,3.305
180301.SZ,2022-08-18,3.328
180301.SZ,2022-08-19,3.445
180301.SZ,2022-08-22,3.473
180301.SZ,2022-08-23,3.48
180301.SZ,2022-08-24,3.44
180301.SZ,2022-08-25,3.462
180301.SZ,2022-08-26,3.437
180301.SZ,2022-08-29,3.405
180301.SZ,2022-08-30,3.42
180301.SZ,2022-08-31,3.421
180301.SZ,2022-09-01,3.393
180301.SZ,2022-09-02,3.399
180301.SZ,2022-09-05,3.391
180301.SZ,2022-09-06,3.393
180301.SZ,2022-09-07,3.407
180301.SZ,2022-09-08,3.445
180301.SZ,2022-09-09,3.484
180301.SZ,2022-09-13,3.48
180301.SZ,2022-09-14,3.481
180301.SZ,2022-09-15,3.461
180301.SZ,2022-09-16,3.46
180301.SZ,2022-09-19,3.436
180301.SZ,2022-09-20,3.441
180301.SZ,2022-09-21,3.427
180301.SZ,2022-09-22,3.435
180301.SZ,2022-09-23,3.437
180301.SZ,2022-09-26,3.437
180301.SZ,2022-09-27,3.43
180301.SZ,2022-09-28,3.51
180301.SZ,2022-09-29,3.446
180301.SZ,2022-09-30,3.405
180301.SZ,2022-10-10,3.326
180301.SZ,2022-10-11,3.275
180301.SZ,2022-10-12,3.267
180301.SZ,2022-10-13,3.299
180301.SZ,2022-10-14,3.292
180301.SZ,2022-10-17,3.299
180301.SZ,2022-10-18,3.332
180301.SZ,2022-10-19,3.308
180301.SZ,2022-10-20,3.317
180301.SZ,2022-10-21,3.332
180301.SZ,2022-10-24,3.28
180301.SZ,2022-10-25,3.268
180301.SZ,2022-10-26,3.245
180301.SZ,2022-10-27,3.163
180301.SZ,2022-10-28,3.2
180301.SZ,2022-10-31,3.174
180301.SZ,2022-11-01,3.191
180301.SZ,2022-11-02,3.246
180301.SZ,2022-11-03,3.28
180301.SZ,2022-11-04,3.31
180301.SZ,2022-11-07,3.284
180301.SZ,2022-11-08,3.245
180301.SZ,2022-11-09,3.234
180301.SZ,2022-11-10,3.229
180301.SZ,2022-11-11,3.225
180301.SZ,2022-11-14,3.22
180301.SZ,2022-11-15,3.222
180301.SZ,2022-11-16,3.21
180301.SZ,2022-11-17,3.19
180301.SZ,2022-11-18,3.167
180301.SZ,2022-11-21,3.197
180301.SZ,2022-11-22,3.19
180301.SZ,2022-11-23,3.19
180301.SZ,2022-11-24,3.187
180301.SZ,2022-11-25,3.183
180301.SZ,2022-11-28,3.177
180301.SZ,2022-11-29,3.18
180301.SZ,2022-11-30,3.171
180301.SZ,2022-12-01,3.18
180301.SZ,2022-12-02,3.18
180301.SZ,2022-12-05,3.215
180301.SZ,2022-12-06,3.245
180301.SZ,2022-12-07,3.243
180301.SZ,2022-12-08,3.239
180301.SZ,2022-12-09,3.242
180301.SZ,2022-12-12,3.211
180301.SZ,2022-12-13,3.19
180301.SZ,2022-12-14,3.186
180301.SZ,2022-12-15,3.168
180301.SZ,2022-12-16,3.122
180301.SZ,2022-12-19,3.118
180301.SZ,2022-12-20,3.096
180301.SZ,2022-12-21,3.077
180301.SZ,2022-12-22,3.079
180301.SZ,2022-12-23,3.125
180301.SZ,2022-12-26,3.142
180301.SZ,2022-12-27,3.126
180301.SZ,2022-12-28,3.082
180301.SZ,2022-12-29,3.083
180301.SZ,2022-12-30,3.087
180301.SZ,2023-01-03,3.092
180301.SZ,2023-01-04,3.075
180301.SZ,2023-01-05,3.044
180301.SZ,2023-01-06,3.085
180301.SZ,2023-01-09,3.077
180301.SZ,2023-01-10,3.085
180301.SZ,2023-01-11,3.057
180301.SZ,2023-01-12,3.038
180301.SZ,2023-01-13,3.018
180301.SZ,2023-01-16,3.019
180301.SZ,2023-01-17,3.019
180301.SZ,2023-01-18,3.026
180301.SZ,2023-01-19,3.03
180301.SZ,2023-01-20,3.052
180301.SZ,2023-01-30,3.08
180301.SZ,2023-01-31,3.122
180301.SZ,2023-02-01,3.145
180301.SZ,2023-02-02,3.117
180301.SZ,2023-02-03,3.12
180301.SZ,2023-02-06,3.117
180301.SZ,2023-02-07,3.118
180301.SZ,2023-02-08,3.118
180301.SZ,2023-02-09,3.116
180301.SZ,2023-02-10,3.122
180301.SZ,2023-02-13,3.151
180301.SZ,2023-02-14,3.167
180301.SZ,2023-02-15,3.15
180301.SZ,2023-02-16,3.134
180301.SZ,2023-02-17,3.104
180301.SZ,2023-02-20,3.12
180301.SZ,2023-02-21,3.154
180301.SZ,2023-02-22,3.145
180301.SZ,2023-02-23,3.12
180301.SZ,2023-02-24,3.12
180301.SZ,2023-02-27,3.091
180301.SZ,2023-02-28,3.122
180301.SZ,2023-03-01,3.107
180301.SZ,2023-03-02,3.099
180301.SZ,2023-03-03,3.088
180301.SZ,2023-03-06,3.079
180301.SZ,2023-03-07,3.081
180301.SZ,2023-03-08,3.061
180301.SZ,2023-03-09,3.056
180301.SZ,2023-03-10,3.057
180301.SZ,2023-03-13,3.093
180301.SZ,2023-03-14,3.087
180301.SZ,2023-03-15,3.077
180301.SZ,2023-03-16,3.069
180301.SZ,2023-03-17,3.069
180301.SZ,2023-03-20,3.056
180301.SZ,2023-03-21,3.054
180301.SZ,2023-03-22,3.055
180301.SZ,2023-03-23,3.055
180301.SZ,2023-03-24,3.056
180301.SZ,2023-03-27,3.07
180301.SZ,2023-03-28,3.058
180301.SZ,2023-03-29,3.015
180301.SZ,2023-03-30,3.016
180301.SZ,2023-03-31,3.044
180301.SZ,2023-04-03,3.048
180301.SZ,2023-04-04,3.032
180301.SZ,2023-04-06,3.012
180301.SZ,2023-04-07,3.021
180301.SZ,2023-04-10,3.014
180301.SZ,2023-04-11,3.008
180301.SZ,2023-04-12,2.971
180301.SZ,2023-04-13,2.94
180301.SZ,2023-04-14,2.96
180301.SZ,2023-04-17,2.989
180301.SZ,2023-04-18,3.007
180301.SZ,2023-04-19,2.987
180301.SZ,2023-04-20,2.976
180301.SZ,2023-04-21,2.974
180301.SZ,2023-04-24,3.012
180301.SZ,2023-04-25,3.015
180301.SZ,2023-04-26,2.899
180301.SZ,2023-04-27,2.859
180301.SZ,2023-04-28,2.865
180301.SZ,2023-05-04,2.834
180301.SZ,2023-05-05,2.832
180301.SZ,2023-05-08,2.812
180301.SZ,2023-05-09,2.785
180301.SZ,2023-05-10,2.835
180301.SZ,2023-05-11,2.852
180301.SZ,2023-05-12,2.829
180301.SZ,2023-05-15,2.833
180301.SZ,2023-05-16,2.854
180301.SZ,2023-05-17,2.851
180301.SZ,2023-05-19,2.828
180301.SZ,2023-05-22,2.811
180301.SZ,2023-05-23,2.804
180301.SZ,2023-05-24,2.789
180301.SZ,2023-05-25,2.792
180301.SZ,2023-05-26,2.769
180301.SZ,2023-05-29,2.748
180301.SZ,2023-05-30,2.72
180301.SZ,2023-05-31,2.707
180301.SZ,2023-06-01,2.665
180301.SZ,2023-06-02,2.629
180301.SZ,2023-06-05,2.574
180301.SZ,2023-06-06,2.574
180301.SZ,2023-06-07,2.607
180301.SZ,2023-06-08,2.679
180301.SZ,2023-06-09,2.677
180301.SZ,2023-06-12,2.631
180301.SZ,2023-06-13,2.61
180301.SZ,2023-06-14,2.582
180301.SZ,2023-06-15,2.591
180301.SZ,2023-06-16,2.641
180301.SZ,2023-06-19,2.618
180301.SZ,2023-06-20,2.596
180301.SZ,2023-06-21,2.576
180301.SZ,2023-06-26,2.566
180301.SZ,2023-06-27,2.55
180301.SZ,2023-06-28,2.537
180301.SZ,2023-06-29,2.515
180301.SZ,2023-06-30,2.502
180301.SZ,2023-07-03,2.464
180301.SZ,2023-07-04,2.428
180301.SZ,2023-07-05,2.38
180301.SZ,2023-07-06,2.411
180301.SZ,2023-07-07,2.442
180301.SZ,2023-07-10,2.466
180301.SZ,2023-07-11,2.459
180301.SZ,2023-07-12,2.468
180301.SZ,2023-07-13,2.546
180301.SZ,2023-07-14,2.587
180301.SZ,2023-07-17,2.626
180301.SZ,2023-07-18,2.75
180301.SZ,2023-07-19,2.666
180301.SZ,2023-07-20,2.619
180301.SZ,2023-07-21,2.643
180301.SZ,2023-07-24,2.668
180301.SZ,2023-07-25,2.673
180301.SZ,2023-07-26,2.661
180301.SZ,2023-07-27,2.66
180301.SZ,2023-07-28,2.635
180301.SZ,2023-07-31,2.696
180301.SZ,2023-08-01,2.75
180301.SZ,2023-08-02,2.75
180301.SZ,2023-08-03,2.758
180301.SZ,2023-08-04,2.809
180301.SZ,2023-08-07,2.831
180301.SZ,2023-08-08,2.842
180301.SZ,2023-08-09,2.842
180301.SZ,2023-08-10,2.83
180301.SZ,2023-08-11,2.793
180301.SZ,2023-08-14,2.809
180301.SZ,2023-08-15,2.818
180301.SZ,2023-08-16,2.791
180301.SZ,2023-08-17,2.762
180301.SZ,2023-08-18,2.78
180301.SZ,2023-08-21,2.744
180301.SZ,2023-08-22,2.723
180301.SZ,2023-08-23,2.713
180301.SZ,2023-08-24,2.705
180301.SZ,2023-08-25,2.714
180301.SZ,2023-08-28,2.72
180301.SZ,2023-08-29,2.707
180301.SZ,2023-08-30,2.708
180301.SZ,2023-08-31,2.693
180301.SZ,2023-09-01,2.684
180301.SZ,2023-09-04,2.659
180301.SZ,2023-09-05,2.661
180301.SZ,2023-09-06,2.681
180301.SZ,2023-09-07,2.682
180301.SZ,2023-09-08,2.69
180301.SZ,2023-09-11,2.729
180301.SZ,2023-09-12,2.766
180301.SZ,2023-09-13,2.744
180301.SZ,2023-09-14,2.743
180301.SZ,2023-09-15,2.73
180301.SZ,2023-09-18,2.713
180301.SZ,2023-09-19,2.728
180301.SZ,2023-09-20,2.74
180301.SZ,2023-09-21,2.753
180301.SZ,2023-09-22,2.731
180301.SZ,2023-09-25,2.73
180301.SZ,2023-09-26,2.728
180301.SZ,2023-09-27,2.726
180301.SZ,2023-09-28,2.728
180301.SZ,2023-10-09,2.724
180301.SZ,2023-10-10,2.71
180301.SZ,2023-10-11,2.669
180301.SZ,2023-10-12,2.654
180301.SZ,2023-10-13,2.628
180301.SZ,2023-10-16,2.603
180301.SZ,2023-10-17,2.569
180301.SZ,2023-10-18,2.546
180301.SZ,2023-10-19,2.509
180301.SZ,2023-10-20,2.478
180301.SZ,2023-10-23,2.422
180301.SZ,2023-10-24,2.489
180301.SZ,2023-10-25,2.505
180301.SZ,2023-10-26,2.49
180301.SZ,2023-10-27,2.478
180301.SZ,2023-10-30,2.452
180301.SZ,2023-10-31,2.43
180301.SZ,2023-11-01,2.41
180301.SZ,2023-11-02,2.398
180301.SZ,2023-11-03,2.4
180301.SZ,2023-11-06,2.39
180301.SZ,2023-11-07,2.381
180301.SZ,2023-11-08,2.4
180301.SZ,2023-11-09,2.468
180301.SZ,2023-11-10,2.459
180301.SZ,2023-11-13,2.439
180301.SZ,2023-11-14,2.438
180301.SZ,2023-11-15,2.42
180301.SZ,2023-11-16,2.42
180301.SZ,2023-11-17,2.405
180301.SZ,2023-11-20,2.376
180301.SZ,2023-11-21,2.359
180301.SZ,2023-11-22,2.346
180301.SZ,2023-11-23,2.324
180301.SZ,2023-11-24,2.276
180301.SZ,2023-11-27,2.225
180301.SZ,2023-11-28,2.209
180301.SZ,2023-11-29,2.201
180301.SZ,2023-11-30,2.229
180301.SZ,2023-12-01,2.222
180301.SZ,2023-12-04,2.201
180301.SZ,2023-12-05,2.198
180301.SZ,2023-12-06,2.183
180301.SZ,2023-12-07,2.163
180301.SZ,2023-12-08,2.165
180301.SZ,2023-12-11,2.139
180301.SZ,2023-12-12,2.123
180301.SZ,2023-12-13,2.088
180301.SZ,2023-12-14,2.082
180301.SZ,2023-12-15,2.08
180301.SZ,2023-12-18,2.079
180301.SZ,2023-12-19,2.068
180301.SZ,2023-12-20,2.168
180301.SZ,2023-12-21,2.262
180301.SZ,2023-12-22,2.3
180301.SZ,2023-12-25,2.315
180301.SZ,2023-12-26,2.316
180301.SZ,2023-12-27,2.317
180301.SZ,2023-12-28,2.33
180301.SZ,2023-12-29,2.356
180301.SZ,2024-01-02,2.309
180301.SZ,2024-01-03,2.31
180301.SZ,2024-01-04,2.302
180301.SZ,2024-01-05,2.3
180301.SZ,2024-01-08,2.235
180301.SZ,2024-01-09,2.134
180301.SZ,2024-01-10,2.0
180301.SZ,2024-01-11,2.083
180301.SZ,2024-01-12,2.044
180301.SZ,2024-01-15,2.032
180301.SZ,2024-01-16,2.03
180301.SZ,2024-01-17,2.14
180301.SZ,2024-01-18,2.1
180301.SZ,2024-01-19,2.107
180301.SZ,2024-01-22,2.05
180301.SZ,2024-01-23,2.003
180301.SZ,2024-01-24,2.007
180301.SZ,2024-01-25,2.032
180301.SZ,2024-01-26,2.031
180301.SZ,2024-01-29,2.036
180301.SZ,2024-01-30,2.031
180301.SZ,2024-01-31,2.014
180301.SZ,2024-02-01,2.024
180301.SZ,2024-02-02,2.02
180301.SZ,2024-02-05,2.016
180301.SZ,2024-02-06,2.015
180301.SZ,2024-02-07,2.02
180301.SZ,2024-02-08,2.058
180301.SZ,2024-02-19,2.181
180301.SZ,2024-02-20,2.168
180301.SZ,2024-02-21,2.192
180301.SZ,2024-02-22,2.294
180301.SZ,2024-02-23,2.333
180301.SZ,2024-02-26,2.377
180301.SZ,2024-02-27,2.351
180301.SZ,2024-02-28,2.29
180301.SZ,2024-02-29,2.3
180301.SZ,2024-03-01,2.34
180301.SZ,2024-03-04,2.363
180301.SZ,2024-03-05,2.38
180301.SZ,2024-03-06,2.371
180301.SZ,2024-03-07,2.35
180301.SZ,2024-03-08,2.351
180301.SZ,2024-03-11,2.348
180301.SZ,2024-03-12,2.336
180301.SZ,2024-03-13,2.3
180301.SZ,2024-03-14,2.306
180301.SZ,2024-03-15,2.3
180301.SZ,2024-03-18,2.29
180301.SZ,2024-03-19,2.273
180301.SZ,2024-03-20,2.248
180301.SZ,2024-03-21,2.24
180301.SZ,2024-03-22,2.232
180301.SZ,2024-03-25,2.227
180301.SZ,2024-03-26,2.285
180301.SZ,2024-03-27,2.331
180301.SZ,2024-03-28,2.325
180301.SZ,2024-03-29,2.299
180301.SZ,2024-04-01,2.291
180301.SZ,2024-04-02,2.291
180301.SZ,2024-04-03,2.331
180301.SZ,2024-04-08,2.275
180301.SZ,2024-04-09,2.3
180301.SZ,2024-04-10,2.3
180301.SZ,2024-04-11,2.304
180301.SZ,2024-04-12,2.303
180301.SZ,2024-04-15,2.285
180301.SZ,2024-04-16,2.272
180301.SZ,2024-04-17,2.314
180301.SZ,2024-04-18,2.314
180301.SZ,2024-04-19,2.306
180301.SZ,2024-04-22,2.329
180301.SZ,2024-04-23,2.371
180301.SZ,2024-04-24,2.364
180301.SZ,2024-04-25,2.373
180301.SZ,2024-04-26,2.402
180301.SZ,2024-04-29,2.423
180301.SZ,2024-04-30,2.398
180301.SZ,2024-05-06,2.393
180301.SZ,2024-05-07,2.393
180301.SZ,2024-05-08,2.374
180301.SZ,2024-05-09,2.38
180301.SZ,2024-05-10,2.373
180301.SZ,2024-05-13,2.334
180301.SZ,2024-05-14,2.314
180301.SZ,2024-05-15,2.29
180301.SZ,2024-05-16,2.338
180301.SZ,2024-05-17,2.344
180301.SZ,2024-05-20,2.345
180301.SZ,2024-05-21,2.345
180301.SZ,2024-05-22,2.333
180301.SZ,2024-05-23,2.34
180301.SZ,2024-05-24,2.348
180301.SZ,2024-05-27,2.345
180301.SZ,2024-05-28,2.339
180301.SZ,2024-05-29,2.339
180301.SZ,2024-05-30,2.34
180301.SZ,2024-05-31,2.347
180301.SZ,2024-06-03,2.356
180301.SZ,2024-06-04,2.351
180301.SZ,2024-06-05,2.36
180301.SZ,2024-06-06,2.36
180301.SZ,2024-06-07,2.352
180301.SZ,2024-06-11,2.324
180301.SZ,2024-06-12,2.321
180301.SZ,2024-06-13,2.332
180301.SZ,2024-06-14,2.333
180301.SZ,2024-06-17,2.319
180301.SZ,2024-06-18,2.313
180301.SZ,2024-06-19,2.305
180301.SZ,2024-06-20,2.284
180301.SZ,2024-06-21,2.286
180301.SZ,2024-06-24,2.294
180301.SZ,2024-06-25,2.28
180301.SZ,2024-06-26,2.288
180301.SZ,2024-06-27,2.31
180301.SZ,2024-06-28,2.297
180301.SZ,2024-07-01,2.28
180301.SZ,2024-07-02,2.277
180301.SZ,2024-07-03,2.263
180301.SZ,2024-07-04,2.262
180301.SZ,2024-07-05,2.252
180301.SZ,2024-07-08,2.237
180301.SZ,2024-07-09,2.226
180301.SZ,2024-07-10,2.193
180301.SZ,2024-07-11,2.16
180301.SZ,2024-07-12,2.163
180301.SZ,2024-07-15,2.2
180301.SZ,2024-07-16,2.237
180301.SZ,2024-07-17,2.21
180301.SZ,2024-07-18,2.213
180301.SZ,2024-07-19,2.208
180301.SZ,2024-07-22,2.183
180301.SZ,2024-07-23,2.175
180301.SZ,2024-07-24,2.174
180301.SZ,2024-07-25,2.16
180301.SZ,2024-07-26,2.191
180301.SZ,2024-07-29,2.19
180301.SZ,2024-07-30,2.195
180301.SZ,2024-07-31,2.201
180301.SZ,2024-08-01,2.215
180301.SZ,2024-08-02,2.227
180301.SZ,2024-08-05,2.247
180301.SZ,2024-08-06,2.262
180301.SZ,2024-08-07,2.299
180301.SZ,2024-08-08,2.283
180301.SZ,2024-08-09,2.28
180301.SZ,2024-08-12,2.21
180301.SZ,2024-08-13,2.216
180301.SZ,2024-08-14,2.243
180301.SZ,2024-08-15,2.24
180301.SZ,2024-08-16,2.228
180301.SZ,2024-08-19,2.194
180301.SZ,2024-08-20,2.178
180301.SZ,2024-08-21,2.195
180301.SZ,2024-08-22,2.176
180301.SZ,2024-08-23,2.152
180301.SZ,2024-08-26,2.15
180301.SZ,2024-08-27,2.114
180301.SZ,2024-08-28,2.135
180301.SZ,2024-08-29,2.125
180301.SZ,2024-08-30,2.139
180301.SZ,2024-09-02,2.141
180301.SZ,2024-09-03,2.11
180301.SZ,2024-09-04,2.111
180301.SZ,2024-09-05,2.129
180301.SZ,2024-09-06,2.128
180301.SZ,2024-09-09,2.115
180301.SZ,2024-09-10,2.102
180301.SZ,2024-09-11,2.1
180301.SZ,2024-09-12,2.116
180301.SZ,2024-09-13,2.118
180301.SZ,2024-09-18,2.088
180301.SZ,2024-09-19,2.09
180301.SZ,2024-09-20,2.103
180301.SZ,2024-09-23,2.12
180301.SZ,2024-09-24,2.138
180301.SZ,2024-09-25,2.144
180301.SZ,2024-09-26,2.145
180301.SZ,2024-09-27,2.128
180301.SZ,2024-09-30,2.12
180301.SZ,2024-10-08,2.155
180301.SZ,2024-10-09,2.134
180301.SZ,2024-10-10,2.13
180301.SZ,2024-10-11,2.125
180301.SZ,2024-10-14,2.118
180301.SZ,2024-10-15,2.114
180301.SZ,2024-10-16,2.118
180301.SZ,2024-10-17,2.11
180301.SZ,2024-10-18,2.118
180301.SZ,2024-10-21,2.113
180301.SZ,2024-10-22,2.12
180301.SZ,2024-10-23,2.115
180301.SZ,2024-10-24,2.104
180301.SZ,2024-10-25,2.112
180301.SZ,2024-10-28,2.114
180301.SZ,2024-10-29,2.111
180301.SZ,2024-10-30,2.105
180301.SZ,2024-10-31,2.105
180301.SZ,2024-11-01,2.098
180301.SZ,2024-11-04,2.096
180301.SZ,2024-11-05,2.1
180301.SZ,2024-11-06,2.069
180301.SZ,2024-11-07,2.022
180301.SZ,2024-11-08,2.011
180301.SZ,2024-11-11,2.017
180301.SZ,2024-11-12,2.031
180301.SZ,2024-11-13,2.015
180301.SZ,2024-11-14,2.021
180301.SZ,2024-11-15,2.016
180301.SZ,2024-11-18,2.007
180301.SZ,2024-11-19,1.999
180301.SZ,2024-11-20,2.0
180301.SZ,2024-11-21,2.004
180301.SZ,2024-11-22,2.0
180301.SZ,2024-11-25,2.0
180301.SZ,2024-11-26,1.998
180301.SZ,2024-11-27,1.996
180301.SZ,2024-11-28,1.994
180301.SZ,2024-11-29,1.997
180301.SZ,2024-12-02,2.003
180301.SZ,2024-12-03,2.002
180301.SZ,2024-12-04,2.01
180301.SZ,2024-12-05,2.005
180301.SZ,2024-12-06,2.0
180301.SZ,2024-12-09,2.004
180301.SZ,2024-12-10,2.002
180301.SZ,2024-12-11,2.021
180301.SZ,2024-12-12,2.045
180301.SZ,2024-12-13,2.034
180301.SZ,2024-12-16,2.034
180301.SZ,2024-12-17,2.029
180301.SZ,2024-12-18,2.017
180301.SZ,2024-12-19,2.006
180301.SZ,2024-12-20,1.99
180301.SZ,2024-12-23,1.997
180301.SZ,2024-12-24,1.998
180301.SZ,2024-12-25,1.998
180301.SZ,2024-12-26,1.998
180301.SZ,2024-12-27,2.011
180301.SZ,2024-12-30,2.024
180301.SZ,2024-12-31,2.035
180301.SZ,2025-01-02,2.06
180301.SZ,2025-01-03,2.091
180301.SZ,2025-01-06,2.077
180301.SZ,2025-01-07,2.034
180301.SZ,2025-01-08,2.05
180301.SZ,2025-01-09,2.087
180301.SZ,2025-01-10,2.109
180301.SZ,2025-01-13,2.107
180301.SZ,2025-01-14,2.065
180301.SZ,2025-01-15,2.087
180301.SZ,2025-01-16,2.086
180301.SZ,2025-01-17,2.083
180301.SZ,2025-01-20,2.087
180301.SZ,2025-01-21,2.093
180301.SZ,2025-01-22,2.124
180301.SZ,2025-01-23,2.175
180301.SZ,2025-01-24,2.187
180301.SZ,2025-01-27,2.196
180301.SZ,2025-02-05,2.19
180301.SZ,2025-02-06,2.18
180301.SZ,2025-02-07,2.184
180301.SZ,2025-02-10,2.26
180301.SZ,2025-02-11,2.339
180301.SZ,2025-02-12,2.285
180301.SZ,2025-02-13,2.243
180301.SZ,2025-02-14,2.263
180301.SZ,2025-02-17,2.275
180301.SZ,2025-02-18,2.267
180301.SZ,2025-02-19,2.265
180301.SZ,2025-02-20,2.274
180301.SZ,2025-02-21,2.285
180301.SZ,2025-02-24,2.25
180301.SZ,2025-02-25,2.231
180301.SZ,2025-02-26,2.236
180301.SZ,2025-02-27,2.2
180301.SZ,2025-02-28,2.205
180301.SZ,2025-03-03,2.205
180301.SZ,2025-03-04,2.23
180301.SZ,2025-03-05,2.229
180301.SZ,2025-03-06,2.211
180301.SZ,2025-03-07,2.199
180301.SZ,2025-03-10,2.208
180301.SZ,2025-03-11,2.203
180301.SZ,2025-03-12,2.195
180301.SZ,2025-03-13,2.2
180301.SZ,2025-03-14,2.21
180301.SZ,2025-03-17,2.242
180301.SZ,2025-03-18,2.251
180301.SZ,2025-03-19,2.271
180301.SZ,2025-03-20,2.28
180301.SZ,2025-03-21,2.274
180301.SZ,2025-03-24,2.254
180301.SZ,2025-03-25,2.258
180301.SZ,2025-03-26,2.263
180301.SZ,2025-03-27,2.271
180301.SZ,2025-03-28,2.275
180301.SZ,2025-03-31,2.27
180301.SZ,2025-04-01,2.251
180301.SZ,2025-04-02,2.235
180301.SZ,2025-04-03,2.22
180301.SZ,2025-04-07,2.11
180301.SZ,2025-04-08,2.111
180301.SZ,2025-04-09,2.109
180301.SZ,2025-04-10,2.12
180301.SZ,2025-04-11,2.122
180301.SZ,2025-04-14,2.125
180301.SZ,2025-04-15,2.118
180301.SZ,2025-04-16,2.133
180301.SZ,2025-04-17,2.129
180301.SZ,2025-04-18,2.117
180301.SZ,2025-04-21,2.107
180301.SZ,2025-04-22,2.097
180301.SZ,2025-04-23,2.122
180301.SZ,2025-04-24,2.115
180301.SZ,2025-04-25,2.11
180301.SZ,2025-04-28,2.085
180301.SZ,2025-04-29,2.094
180301.SZ,2025-04-30,2.111
180301.SZ,2025-05-06,2.113
180301.SZ,2025-05-07,2.127
180301.SZ,2025-05-08,2.139
180301.SZ,2025-05-09,2.158
180301.SZ,2025-05-12,2.176
180301.SZ,2025-05-13,2.179
180301.SZ,2025-05-14,2.193
180301.SZ,2025-05-15,2.198
180301.SZ,2025-05-16,2.202
180301.SZ,2025-05-19,2.218
180301.SZ,2025-05-20,2.211
180301.SZ,2025-05-21,2.236
180301.SZ,2025-05-22,2.229
180301.SZ,2025-05-23,2.22
180301.SZ,2025-05-26,2.193
180301.SZ,2025-05-27,2.179
180301.SZ,2025-05-28,2.21
180301.SZ,2025-05-29,2.228
180301.SZ,2025-05-30,2.19
180301.SZ,2025-06-03,2.185
180301.SZ,2025-06-04,2.178
180301.SZ,2025-06-05,2.19
180301.SZ,2025-06-06,2.225
180301.SZ,2025-06-09,2.204
180301.SZ,2025-06-10,2.213
180301.SZ,2025-06-11,2.237
180301.SZ,2025-06-12,2.234
180301.SZ,2025-06-13,2.24
180301.SZ,2025-06-16,2.258
180301.SZ,2025-06-17,2.257
180301.SZ,2025-06-18,2.251
180301.SZ,2025-06-19,2.255
180301.SZ,2025-06-20,2.27
180301.SZ,2025-06-23,2.262
180301.SZ,2025-06-24,2.229
180301.SZ,2025-06-25,2.216
180301.SZ,2025-06-26,2.208
180301.SZ,2025-06-27,2.199
180301.SZ,2025-06-30,2.204
180301.SZ,2025-07-01,2.225
180301.SZ,2025-07-02,2.24
180301.SZ,2025-07-03,2.243
180301.SZ,2025-07-04,2.245
180301.SZ,2025-07-07,2.247
180301.SZ,2025-07-08,2.233
180301.SZ,2025-07-09,2.233
180301.SZ,2025-07-10,2.238
180301.SZ,2025-07-11,2.228
180301.SZ,2025-07-14,2.229
180301.SZ,2025-07-15,2.23
180301.SZ,2025-07-16,2.23
180301.SZ,2025-07-17,2.226
180301.SZ,2025-07-18,2.249
180301.SZ,2025-07-21,2.258
180301.SZ,2025-07-22,2.24
180301.SZ,2025-07-23,2.226
180301.SZ,2025-07-24,2.251
180301.SZ,2025-07-25,2.257
180301.SZ,2025-07-28,2.254
180301.SZ,2025-07-29,2.25
180301.SZ,2025-07-30,2.269
180301.SZ,2025-07-31,2.281
180301.SZ,2025-08-01,2.302
180301.SZ,2025-08-04,2.29
180301.SZ,2025-08-05,2.275
180301.SZ,2025-08-06,2.28
180301.SZ,2025-08-07,2.302
180301.SZ,2025-08-08,2.302
180301.SZ,2025-08-11,2.282
180301.SZ,2025-08-12,2.285
180301.SZ,2025-08-13,2.296
180301.SZ,2025-08-14,2.289
180301.SZ,2025-08-15,2.276
180301.SZ,2025-08-18,2.268
180301.SZ,2025-08-19,2.256
180301.SZ,2025-08-20,2.259
180301.SZ,2025-08-21,2.267
180301.SZ,2025-08-22,2.27
180301.SZ,2025-08-25,2.275
180301.SZ,2025-08-26,2.288
180301.SZ,2025-08-27,2.288
180301.SZ,2025-08-28,2.294
180301.SZ,2025-08-29,2.293
180301.SZ,2025-09-01,2.288
180301.SZ,2025-09-02,2.322
180301.SZ,2025-09-03,2.271
180301.SZ,2025-09-04,2.268
180301.SZ,2025-09-05,2.288
180301.SZ,2025-09-08,2.279
180301.SZ,2025-09-09,2.269
180301.SZ,2025-09-10,2.257
180301.SZ,2025-09-11,2.259
180301.SZ,2025-09-12,2.276
180301.SZ,2025-09-15,2.298
180301.SZ,2025-09-16,2.291
180301.SZ,2025-09-17,2.294
180301.SZ,2025-09-18,2.29
180301.SZ,2025-09-19,2.298
180301.SZ,2025-09-22,2.303
180301.SZ,2025-09-23,2.3
180301.SZ,2025-09-24,2.299
180301.SZ,2025-09-25,2.288
180301.SZ,2025-09-26,2.298
180301.SZ,2025-09-29,2.298
180301.SZ,2025-09-30,2.296
180301.SZ,2025-10-09,2.29
180301.SZ,2025-10-10,2.284
180301.SZ,2025-10-13,2.286
180301.SZ,2025-10-14,2.28
180301.SZ,2025-10-15,2.281
180301.SZ,2025-10-16,2.272
180301.SZ,2025-10-17,2.271
180301.SZ,2025-10-20,2.266
180301.SZ,2025-10-21,2.25
180301.SZ,2025-10-22,2.251
180301.SZ,2025-10-23,2.266
180301.SZ,2025-10-24,2.269
180301.SZ,2025-10-27,2.264
180301.SZ,2025-10-28,2.287
180301.SZ,2025-10-29,2.287
180301.SZ,2025-10-30,2.29
180301.SZ,2025-10-31,2.281
180301.SZ,2025-11-03,2.277
180301.SZ,2025-11-04,2.266
180301.SZ,2025-11-05,2.275
180301.SZ,2025-11-06,2.263
180301.SZ,2025-11-07,2.282
180301.SZ,2025-11-10,2.333
180301.SZ,2025-11-11,2.329
180301.SZ,2025-11-12,2.33
180301.SZ,2025-11-13,2.32
180301.SZ,2025-11-14,2.334
180301.SZ,2025-11-17,2.335
180301.SZ,2025-11-18,2.355
180301.SZ,2025-11-19,2.346
180301.SZ,2025-11-20,2.33
180301.SZ,2025-11-21,2.309
180301.SZ,2025-11-24,2.301
180301.SZ,2025-11-25,2.308
180301.SZ,2025-11-26,2.328
180301.SZ,2025-11-27,2.321
180301.SZ,2025-11-28,2.326
180301.SZ,2025-12-01,2.303
180301.SZ,2025-12-02,2.314
180301.SZ,2025-12-03,2.312
180301.SZ,2025-12-04,2.305
180301.SZ,2025-12-05,2.308
180301.SZ,2025-12-08,2.305
180301.SZ,2025-12-09,2.298
180301.SZ,2025-12-10,2.305
180301.SZ,2025-12-11,2.3
180301.SZ,2025-12-12,2.299
180301.SZ,2025-12-15,2.297
180301.SZ,2025-12-16,2.296
180301.SZ,2025-12-17,2.299
180301.SZ,2025-12-18,2.284
180301.SZ,2025-12-19,2.274
180301.SZ,2025-12-22,2.268
180301.SZ,2025-12-23,2.259
180301.SZ,2025-12-24,2.323
180301.SZ,2025-12-25,2.339
180301.SZ,2025-12-26,2.341
180301.SZ,2025-12-29,2.342
180301.SZ,2025-12-30,2.338
180301.SZ,2025-12-31,2.337
180301.SZ,2026-01-05,2.341
180301.SZ,2026-01-06,2.365
180301.SZ,2026-01-07,2.39
180301.SZ,2026-01-08,2.398
180301.SZ,2026-01-09,2.397
180301.SZ,2026-01-12,2.371
180301.SZ,2026-01-13,2.371
180301.SZ,2026-01-14,2.373
180301.SZ,2026-01-15,2.375
180301.SZ,2026-01-16,2.372
180301.SZ,2026-01-19,2.374
180301.SZ,2026-01-20,2.416
180301.SZ,2026-01-21,2.45
180301.SZ,2026-01-22,2.436
180301.SZ,2026-01-23,2.437
180301.SZ,2026-01-26,2.44
180301.SZ,2026-01-27,2.43
180301.SZ,2026-01-28,2.435
180301.SZ,2026-01-29,2.496
180301.SZ,2026-01-30,2.45
180301.SZ,2026-02-02,2.436
180301.SZ,2026-02-03,2.429
180301.SZ,2026-02-04,2.423
180301.SZ,2026-02-05,2.428
180301.SZ,2026-02-06,2.421
180301.SZ,2026-02-09,2.411
180301.SZ,2026-02-10,2.42
180301.SZ,2026-02-11,2.436
180301.SZ,2026-02-12,2.455
180301.SZ,2026-02-13,2.422
180301.SZ,2026-02-24,2.456
180301.SZ,2026-02-25,2.447
180301.SZ,2026-02-26,2.442
180301.SZ,2026-02-27,2.433
180301.SZ,2026-03-02,2.423
180301.SZ,2026-03-03,2.431
180301.SZ,2026-03-04,2.422
180301.SZ,2026-03-05,2.429
180301.SZ,2026-03-06,2.433
180301.SZ,2026-03-09,2.432
180301.SZ,2026-03-10,2.431
180301.SZ,2026-03-11,2.427
180301.SZ,2026-03-12,2.418
180301.SZ,2026-03-13,2.426
180301.SZ,2026-03-16,2.4
180301.SZ,2026-03-17,2.414
180301.SZ,2026-03-18,2.414
180301.SZ,2026-03-19,2.408
180301.SZ,2026-03-20,2.415
180301.SZ,2026-03-23,2.39
180301.SZ,2026-03-24,2.394
180301.SZ,2026-03-25,2.405
180301.SZ,2026-03-26,2.389
180301.SZ,2026-03-27,2.388
180301.SZ,2026-03-30,2.389
180301.SZ,2026-03-31,2.391
180301.SZ,2026-04-01,2.392
180301.SZ,2026-04-02,2.386
180301.SZ,2026-04-03,2.393
180301.SZ,2026-04-07,2.41
180301.SZ,2026-04-08,2.426
180301.SZ,2026-04-09,2.421
180301.SZ,2026-04-10,2.427
180301.SZ,2026-04-13,2.394
180301.SZ,2026-04-14,2.396
180301.SZ,2026-04-15,2.39
180301.SZ,2026-04-16,2.406
180301.SZ,2026-04-17,2.394
180301.SZ,2026-04-20,2.39
180301.SZ,2026-04-21,2.389
180301.SZ,2026-04-22,2.378
180301.SZ,2026-04-23,2.385
180301.SZ,2026-04-24,2.366
180301.SZ,2026-04-27,2.36
180301.SZ,2026-04-28,2.35
180301.SZ,2026-04-29,2.32
180301.SZ,2026-04-30,2.327
180301.SZ,2026-05-06,2.3
180301.SZ,2026-05-07,2.305
180301.SZ,2026-05-08,2.306
180301.SZ,2026-05-11,2.304
180301.SZ,2026-05-12,2.313
180301.SZ,2026-05-13,2.31
180301.SZ,2026-05-14,2.269
180301.SZ,2026-05-15,2.25
180301.SZ,2026-05-18,2.247
180301.SZ,2026-05-19,2.287
180301.SZ,2026-05-20,2.271
180301.SZ,2026-05-21,2.27
180301.SZ,2026-05-22,2.281
180301.SZ,2026-05-25,2.26
180301.SZ,2026-05-26,2.242
180301.SZ,2026-05-27,2.222
180301.SZ,2026-05-28,2.183
180301.SZ,2026-05-29,2.201
180301.SZ,2026-06-01,2.263
180301.SZ,2026-06-02,2.27
180301.SZ,2026-06-03,2.265
180301.SZ,2026-06-04,2.262
180301.SZ,2026-06-05,2.277
180301.SZ,2026-06-08,2.273
180301.SZ,2026-06-09,2.27
180301.SZ,2026-06-10,2.254
180301.SZ,2026-06-11,2.257
180301.SZ,2026-06-12,2.255
180301.SZ,2026-06-15,2.264
180301.SZ,2026-06-16,2.263
180301.SZ,2026-06-17,2.256
180301.SZ,2026-06-18,2.208
180301.SZ,2026-06-22,2.153
180301.SZ,2026-06-23,2.154
180301.SZ,2026-06-24,2.111
180301.SZ,2026-06-25,2.195
180301.SZ,2026-06-26,2.143
180301.SZ,2026-06-29,2.16
180301.SZ,2026-06-30,2.23
180301.SZ,2026-07-01,2.233
180301.SZ,2026-07-02,2.212
180301.SZ,2026-07-03,2.241
180301.SZ,2026-07-06,2.226
180301.SZ,2026-07-07,2.224
180301.SZ,2026-07-08,2.188
180301.SZ,2026-07-09,2.189
180301.SZ,2026-07-10,2.255
180301.SZ,2026-07-13,2.246
180301.SZ,2026-07-14,2.251
180301.SZ,2026-07-15,2.201
180301.SZ,2026-07-16,2.25
180301.SZ,2026-07-17,2.24
180301.SZ,2026-07-20,2.222
180301.SZ,2026-07-21,2.168
180301.SZ,2026-07-22,2.106
180301.SZ,2026-07-23,2.069
180301.SZ,2026-07-24,2.036
180301.SZ,2026-07-27,2.032
180301.SZ,2026-07-28,2.046
180301.SZ,2026-07-29,2.06
180301.SZ,2026-07-30,2.074
180301.SZ,2026-07-31,2.135
180301.SZ,2026-08-03,2.1
180301.SZ,2026-08-04,2.08
180301.SZ,2026-08-05,2.058
180301.SZ,2026-08-06,2.044
180301.SZ,2026-08-07,2.046
180301.SZ,2026-08-10,2.06
180301.SZ,2026-08-11,2.051
180301.SZ,2026-08-12,2.039
180301.SZ,2026-08-13,2.06
180301.SZ,2026-08-14,2.061
180301.SZ,2026-08-17,2.058
180301.SZ,2026-08-18,2.067
180301.SZ,2026-08-19,2.061
180301.SZ,2026-08-20,2.096
180301.SZ,2026-08-21,2.083
180301.SZ,2026-08-24,2.081
180301.SZ,2026-08-25,2.106
180301.SZ,2026-08-26,2.13
180301.SZ,2026-08-27,2.147
180301.SZ,2026-08-28,2.132
180301.SZ,2026-08-31,2.149
180301.SZ,2026-09-01,2.14
180301.SZ,2026-09-02,2.136
180301.SZ,2026-09-03,2.072
180301.SZ,2026-09-04,2.069
180301.SZ,2026-09-07,2.062
180301.SZ,2026-09-08,2.07
180301.SZ,2026-09-09,2.073
180301.SZ,2026-09-10,2.06
180301.SZ,2026-09-11,2.059
180301.SZ,2026-09-14,2.049
180301.SZ,2026-09-15,2.075
180301.SZ,2026-09-16,2.077
180301.SZ,2026-09-17,2.075
180301.SZ,2026-09-18,2.061
180301.SZ,2026-09-21,2.058
180301.SZ,2026-09-22,2.067
180301.SZ,2026-09-23,2.081
180301.SZ,2026-09-24,2.087
180301.SZ,2026-09-28,2.085
180301.SZ,2026-09-29,2.08
180301.SZ,2026-09-30,2.08
180302.SZ,2024-07-09,2.49
180302.SZ,2024-07-10,2.465
180302.SZ,2024-07-11,2.406
180302.SZ,2024-07-12,2.382
180302.SZ,2024-07-15,2.376
180302.SZ,2024-07-16,2.295
180302.SZ,2024-07-17,2.257
180302.SZ,2024-07-18,2.242
180302.SZ,2024-07-19,2.3
180302.SZ,2024-07-22,2.296
180302.SZ,2024-07-23,2.295
180302.SZ,2024-07-24,2.288
180302.SZ,2024-07-25,2.28
180302.SZ,2024-07-26,2.337
180302.SZ,2024-07-29,2.345
180302.SZ,2024-07-30,2.397
180302.SZ,2024-07-31,2.406
180302.SZ,2024-08-01,2.378
180302.SZ,2024-08-02,2.401
180302.SZ,2024-08-05,2.401
180302.SZ,2024-08-06,2.425
180302.SZ,2024-08-07,2.472
180302.SZ,2024-08-08,2.447
180302.SZ,2024-08-09,2.456
180302.SZ,2024-08-12,2.417
180302.SZ,2024-08-13,2.384
180302.SZ,2024-08-14,2.383
180302.SZ,2024-08-15,2.372
180302.SZ,2024-08-16,2.375
180302.SZ,2024-08-19,2.367
180302.SZ,2024-08-20,2.37
180302.SZ,2024-08-21,2.37
180302.SZ,2024-08-22,2.376
180302.SZ,2024-08-23,2.367
180302.SZ,2024-08-26,2.353
180302.SZ,2024-08-27,2.36
180302.SZ,2024-08-28,2.398
180302.SZ,2024-08-29,2.369
180302.SZ,2024-08-30,2.374
180302.SZ,2024-09-02,2.362
180302.SZ,2024-09-03,2.336
180302.SZ,2024-09-04,2.351
180302.SZ,2024-09-05,2.364
180302.SZ,2024-09-06,2.342
180302.SZ,2024-09-09,2.339
180302.SZ,2024-09-10,2.338
180302.SZ,2024-09-11,2.344
180302.SZ,2024-09-12,2.341
180302.SZ,2024-09-13,2.35
180302.SZ,2024-09-18,2.352
180302.SZ,2024-09-19,2.313
180302.SZ,2024-09-20,2.326
180302.SZ,2024-09-23,2.34
180302.SZ,2024-09-24,2.361
180302.SZ,2024-09-25,2.364
180302.SZ,2024-09-26,2.38
180302.SZ,2024-09-27,2.407
180302.SZ,2024-09-30,2.402
180302.SZ,2024-10-08,2.401
180302.SZ,2024-10-09,2.382
180302.SZ,2024-10-10,2.348
180302.SZ,2024-10-11,2.38
180302.SZ,2024-10-14,2.385
180302.SZ,2024-10-15,2.381
180302.SZ,2024-10-16,2.379
180302.SZ,2024-10-17,2.384
180302.SZ,2024-10-18,2.38
180302.SZ,2024-10-21,2.379
180302.SZ,2024-10-22,2.378
180302.SZ,2024-10-23,2.378
180302.SZ,2024-10-24,2.345
180302.SZ,2024-10-25,2.346
180302.SZ,2024-10-28,2.351
180302.SZ,2024-10-29,2.35
180302.SZ,2024-10-30,2.358
180302.SZ,2024-10-31,2.383
180302.SZ,2024-11-01,2.39
180302.SZ,2024-11-04,2.364
180302.SZ,2024-11-05,2.374
180302.SZ,2024-11-06,2.37
180302.SZ,2024-11-07,2.38
180302.SZ,2024-11-08,2.371
180302.SZ,2024-11-11,2.38
180302.SZ,2024-11-12,2.355
180302.SZ,2024-11-13,2.357
180302.SZ,2024-11-14,2.35
180302.SZ,2024-11-15,2.352
180302.SZ,2024-11-18,2.334
180302.SZ,2024-11-19,2.323
180302.SZ,2024-11-20,2.331
180302.SZ,2024-11-21,2.352
180302.SZ,2024-11-22,2.348
180302.SZ,2024-11-25,2.343
180302.SZ,2024-11-26,2.346
180302.SZ,2024-11-27,2.326
180302.SZ,2024-11-28,2.279
180302.SZ,2024-11-29,2.264
180302.SZ,2024-12-02,2.225
180302.SZ,2024-12-03,2.219
180302.SZ,2024-12-04,2.232
180302.SZ,2024-12-05,2.298
180302.SZ,2024-12-06,2.29
180302.SZ,2024-12-09,2.294
180302.SZ,2024-12-10,2.311
180302.SZ,2024-12-11,2.356
180302.SZ,2024-12-12,2.431
180302.SZ,2024-12-13,2.434
180302.SZ,2024-12-16,2.462
180302.SZ,2024-12-17,2.439
180302.SZ,2024-12-18,2.365
180302.SZ,2024-12-19,2.415
180302.SZ,2024-12-20,2.431
180302.SZ,2024-12-23,2.43
180302.SZ,2024-12-24,2.411
180302.SZ,2024-12-25,2.453
180302.SZ,2024-12-26,2.43
180302.SZ,2024-12-27,2.429
180302.SZ,2024-12-30,2.396
180302.SZ,2024-12-31,2.429
180302.SZ,2025-01-02,2.443
180302.SZ,2025-01-03,2.435
180302.SZ,2025-01-06,2.435
180302.SZ,2025-01-07,2.391
180302.SZ,2025-01-08,2.422
180302.SZ,2025-01-09,2.434
180302.SZ,2025-01-10,2.45
180302.SZ,2025-01-13,2.434
180302.SZ,2025-01-14,2.441
180302.SZ,2025-01-15,2.468
180302.SZ,2025-01-16,2.45
180302.SZ,2025-01-17,2.457
180302.SZ,2025-01-20,2.461
180302.SZ,2025-01-21,2.467
180302.SZ,2025-01-22,2.51
180302.SZ,2025-01-23,2.591
180302.SZ,2025-01-24,2.61
180302.SZ,2025-01-27,2.616
180302.SZ,2025-02-05,2.625
180302.SZ,2025-02-06,2.636
180302.SZ,2025-02-07,2.716
180302.SZ,2025-02-10,2.834
180302.SZ,2025-02-11,2.913
180302.SZ,2025-02-12,2.859
180302.SZ,2025-02-13,2.829
180302.SZ,2025-02-14,2.829
180302.SZ,2025-02-17,2.901
180302.SZ,2025-02-18,2.866
180302.SZ,2025-02-19,2.878
180302.SZ,2025-02-20,2.904
180302.SZ,2025-02-21,2.928
180302.SZ,2025-02-24,2.829
180302.SZ,2025-02-25,2.803
180302.SZ,2025-02-26,2.788
180302.SZ,2025-02-27,2.732
180302.SZ,2025-02-28,2.696
180302.SZ,2025-03-03,2.741
180302.SZ,2025-03-04,2.785
180302.SZ,2025-03-05,2.85
180302.SZ,2025-03-06,2.837
180302.SZ,2025-03-07,2.845
180302.SZ,2025-03-10,2.855
180302.SZ,2025-03-11,2.842
180302.SZ,2025-03-12,2.819
180302.SZ,2025-03-13,2.83
180302.SZ,2025-03-14,2.846
180302.SZ,2025-03-17,2.86
180302.SZ,2025-03-18,2.9
180302.SZ,2025-03-19,2.892
180302.SZ,2025-03-20,2.883
180302.SZ,2025-03-21,2.891
180302.SZ,2025-03-24,2.873
180302.SZ,2025-03-25,2.848
180302.SZ,2025-03-26,2.845
180302.SZ,2025-03-27,2.852
180302.SZ,2025-03-28,2.842
180302.SZ,2025-03-31,2.86
180302.SZ,2025-04-01,2.868
180302.SZ,2025-04-02,2.886
180302.SZ,2025-04-03,2.879
180302.SZ,2025-04-07,2.821
180302.SZ,2025-04-08,2.805
180302.SZ,2025-04-09,2.761
180302.SZ,2025-04-10,2.806
180302.SZ,2025-04-11,2.82
180302.SZ,2025-04-14,2.829
180302.SZ,2025-04-15,2.849
180302.SZ,2025-04-16,2.86
180302.SZ,2025-04-17,2.877
180302.SZ,2025-04-18,2.867
180302.SZ,2025-04-21,2.865
180302.SZ,2025-04-22,2.886
180302.SZ,2025-04-23,2.881
180302.SZ,2025-04-24,2.852
180302.SZ,2025-04-25,2.813
180302.SZ,2025-04-28,2.8
180302.SZ,2025-04-29,2.8
180302.SZ,2025-04-30,2.796
180302.SZ,2025-05-06,2.81
180302.SZ,2025-05-07,2.799
180302.SZ,2025-05-08,2.841
180302.SZ,2025-05-09,2.876
180302.SZ,2025-05-12,2.875
180302.SZ,2025-05-13,2.889
180302.SZ,2025-05-14,2.917
180302.SZ,2025-05-15,2.936
180302.SZ,2025-05-16,3.028
180302.SZ,2025-05-19,3.088
180302.SZ,2025-05-20,3.087
180302.SZ,2025-05-21,3.115
180302.SZ,2025-05-22,3.118
180302.SZ,2025-05-23,3.101
180302.SZ,2025-05-26,3.07
180302.SZ,2025-05-27,3.046
180302.SZ,2025-05-28,3.084
180302.SZ,2025-05-29,3.08
180302.SZ,2025-05-30,3.067
180302.SZ,2025-06-03,3.047
180302.SZ,2025-06-04,3.051
180302.SZ,2025-06-05,3.069
180302.SZ,2025-06-06,3.117
180302.SZ,2025-06-09,3.12
180302.SZ,2025-06-10,3.065
180302.SZ,2025-06-11,3.077
180302.SZ,2025-06-12,3.103
180302.SZ,2025-06-13,3.131
180302.SZ,2025-06-16,3.155
180302.SZ,2025-06-17,3.19
180302.SZ,2025-06-18,3.223
180302.SZ,2025-06-19,3.27
180302.SZ,2025-06-20,3.3
180302.SZ,2025-06-23,3.299
180302.SZ,2025-06-24,3.209
180302.SZ,2025-06-25,3.171
180302.SZ,2025-06-26,3.142
180302.SZ,2025-06-27,3.145
180302.SZ,2025-06-30,3.104
180302.SZ,2025-07-01,3.103
180302.SZ,2025-07-02,3.135
180302.SZ,2025-07-03,3.171
180302.SZ,2025-07-04,3.189
180302.SZ,2025-07-07,3.218
180302.SZ,2025-07-08,3.19
180302.SZ,2025-07-09,3.19
180302.SZ,2025-07-10,3.125
180302.SZ,2025-07-11,3.111
180302.SZ,2025-07-14,3.118
180302.SZ,2025-07-15,3.12
180302.SZ,2025-07-16,3.12
180302.SZ,2025-07-17,3.12
180302.SZ,2025-07-18,3.106
180302.SZ,2025-07-21,3.097
180302.SZ,2025-07-22,3.06
180302.SZ,2025-07-23,3.02
180302.SZ,2025-07-24,3.055
180302.SZ,2025-07-25,3.056
180302.SZ,2025-07-28,3.078
180302.SZ,2025-07-29,3.069
180302.SZ,2025-07-30,3.13
180302.SZ,2025-07-31,3.15
180302.SZ,2025-08-01,3.15
180302.SZ,2025-08-04,3.152
180302.SZ,2025-08-05,3.158
180302.SZ,2025-08-06,3.16
180302.SZ,2025-08-07,3.17
180302.SZ,2025-08-08,3.193
180302.SZ,2025-08-11,3.178
180302.SZ,2025-08-12,3.18
180302.SZ,2025-08-13,3.167
180302.SZ,2025-08-14,3.167
180302.SZ,2025-08-15,3.151
180302.SZ,2025-08-18,3.083
180302.SZ,2025-08-19,3.08
180302.SZ,2025-08-20,3.091
180302.SZ,2025-08-21,3.089
180302.SZ,2025-08-22,3.097
180302.SZ,2025-08-25,3.069
180302.SZ,2025-08-26,3.13
180302.SZ,2025-08-27,3.12
180302.SZ,2025-08-28,3.129
180302.SZ,2025-08-29,3.141
180302.SZ,2025-09-01,3.14
180302.SZ,2025-09-02,3.132
180302.SZ,2025-09-03,3.149
180302.SZ,2025-09-04,3.137
180302.SZ,2025-09-05,3.139
180302.SZ,2025-09-08,3.115
180302.SZ,2025-09-09,3.122
180302.SZ,2025-09-10,3.129
180302.SZ,2025-09-11,3.13
180302.SZ,2025-09-12,3.129
180302.SZ,2025-09-15,3.144
180302.SZ,2025-09-16,3.144
180302.SZ,2025-09-17,3.159
180302.SZ,2025-09-18,3.158
180302.SZ,2025-09-19,3.17
180302.SZ,2025-09-22,3.149
180302.SZ,2025-09-23,3.148
180302.SZ,2025-09-24,3.154
180302.SZ,2025-09-25,3.146
180302.SZ,2025-09-26,3.149
180302.SZ,2025-09-29,3.138
180302.SZ,2025-09-30,3.145
180302.SZ,2025-10-09,3.13
180302.SZ,2025-10-10,3.144
180302.SZ,2025-10-13,3.151
180302.SZ,2025-10-14,3.139
180302.SZ,2025-10-15,3.117
180302.SZ,2025-10-16,3.117
180302.SZ,2025-10-17,3.121
180302.SZ,2025-10-20,3.086
180302.SZ,2025-10-21,3.054
180302.SZ,2025-10-22,3.062
180302.SZ,2025-10-23,3.094
180302.SZ,2025-10-24,3.11
180302.SZ,2025-10-27,3.113
180302.SZ,2025-10-28,3.124
180302.SZ,2025-10-29,3.14
180302.SZ,2025-10-30,3.134
180302.SZ,2025-10-31,3.103
180302.SZ,2025-11-03,3.048
180302.SZ,2025-11-04,2.979
180302.SZ,2025-11-05,2.927
180302.SZ,2025-11-06,2.91
180302.SZ,2025-11-07,2.992
180302.SZ,2025-11-10,2.955
180302.SZ,2025-11-11,2.957
180302.SZ,2025-11-12,2.956
180302.SZ,2025-11-13,2.957
180302.SZ,2025-11-14,2.977
180302.SZ,2025-11-17,2.98
180302.SZ,2025-11-18,2.963
180302.SZ,2025-11-19,2.965
180302.SZ,2025-11-20,2.971
180302.SZ,2025-11-21,2.946
180302.SZ,2025-11-24,2.909
180302.SZ,2025-11-25,2.913
180302.SZ,2025-11-26,2.919
180302.SZ,2025-11-27,2.902
180302.SZ,2025-11-28,2.893
180302.SZ,2025-12-01,2.898
180302.SZ,2025-12-02,2.902
180302.SZ,2025-12-03,2.894
180302.SZ,2025-12-04,2.869
180302.SZ,2025-12-05,2.854
180302.SZ,2025-12-08,2.825
180302.SZ,2025-12-09,2.777
180302.SZ,2025-12-10,2.791
180302.SZ,2025-12-11,2.784
180302.SZ,2025-12-12,2.804
180302.SZ,2025-12-15,2.773
180302.SZ,2025-12-16,2.775
180302.SZ,2025-12-17,2.772
180302.SZ,2025-12-18,2.757
180302.SZ,2025-12-19,2.756
180302.SZ,2025-12-22,2.752
180302.SZ,2025-12-23,2.738
180302.SZ,2025-12-24,2.893
180302.SZ,2025-12-25,2.9
180302.SZ,2025-12-26,2.85
180302.SZ,2025-12-29,2.837
180302.SZ,2025-12-30,2.84
180302.SZ,2025-12-31,2.845
180302.SZ,2026-01-05,2.841
180302.SZ,2026-01-06,2.869
180302.SZ,2026-01-07,2.912
180302.SZ,2026-01-08,3.001
180302.SZ,2026-01-09,3.022
180302.SZ,2026-01-12,2.96
180302.SZ,2026-01-13,2.93
180302.SZ,2026-01-14,2.913
180302.SZ,2026-01-15,2.914
180302.SZ,2026-01-16,2.946
180302.SZ,2026-01-19,2.966
180302.SZ,2026-01-20,2.971
180302.SZ,2026-01-21,2.98
180302.SZ,2026-01-22,3.001
180302.SZ,2026-01-23,2.957
180302.SZ,2026-01-26,2.94
180302.SZ,2026-01-27,2.948
180302.SZ,2026-01-28,2.966
180302.SZ,2026-01-29,2.984
180302.SZ,2026-01-30,2.967
180302.SZ,2026-02-02,2.94
180302.SZ,2026-02-03,2.951
180302.SZ,2026-02-04,2.962
180302.SZ,2026-02-05,2.97
180302.SZ,2026-02-06,2.967
180302.SZ,2026-02-09,2.965
180302.SZ,2026-02-10,2.97
180302.SZ,2026-02-11,2.982
180302.SZ,2026-02-12,2.99
180302.SZ,2026-02-13,2.97
180302.SZ,2026-02-24,2.974
180302.SZ,2026-02-25,2.977
180302.SZ,2026-02-26,2.955
180302.SZ,2026-02-27,2.964
180302.SZ,2026-03-02,2.954
180302.SZ,2026-03-03,2.971
180302.SZ,2026-03-04,2.971
180302.SZ,2026-03-05,2.959
180302.SZ,2026-03-06,2.952
180302.SZ,2026-03-09,2.95
180302.SZ,2026-03-10,2.958
180302.SZ,2026-03-11,2.969
180302.SZ,2026-03-12,2.966
180302.SZ,2026-03-13,2.967
180302.SZ,2026-03-16,2.932
180302.SZ,2026-03-17,2.955
180302.SZ,2026-03-18,2.956
180302.SZ,2026-03-19,2.94
180302.SZ,2026-03-20,2.945
180302.SZ,2026-03-23,2.937
180302.SZ,2026-03-24,2.95
180302.SZ,2026-03-25,2.982
180302.SZ,2026-03-26,2.995
180302.SZ,2026-03-27,2.96
180302.SZ,2026-03-30,2.973
180302.SZ,2026-03-31,2.947
180302.SZ,2026-04-01,2.96
180302.SZ,2026-04-02,2.96
180302.SZ,2026-04-03,2.96
180302.SZ,2026-04-07,2.969
180302.SZ,2026-04-08,2.97
180302.SZ,2026-04-09,2.927
180302.SZ,2026-04-10,2.928
180302.SZ,2026-04-13,2.942
180302.SZ,2026-04-14,2.915
180302.SZ,2026-04-15,2.896
180302.SZ,2026-04-16,2.911
180302.SZ,2026-04-17,2.898
180302.SZ,2026-04-20,2.898
180302.SZ,2026-04-21,2.914
180302.SZ,2026-04-22,2.899
180302.SZ,2026-04-23,2.946
180302.SZ,2026-04-24,2.962
180302.SZ,2026-04-27,2.955
180302.SZ,2026-04-28,2.96
180302.SZ,2026-04-29,2.958
180302.SZ,2026-04-30,2.951
180302.SZ,2026-05-06,2.955
180302.SZ,2026-05-07,2.949
180302.SZ,2026-05-08,2.954
180302.SZ,2026-05-11,2.957
180302.SZ,2026-05-12,2.956
180302.SZ,2026-05-13,2.96
180302.SZ,2026-05-14,2.94
180302.SZ,2026-05-15,2.94
180302.SZ,2026-05-18,2.924
180302.SZ,2026-05-19,2.938
180302.SZ,2026-05-20,2.938
180302.SZ,2026-05-21,2.919
180302.SZ,2026-05-22,2.92
180302.SZ,2026-05-25,2.93
180302.SZ,2026-05-26,2.931
180302.SZ,2026-05-27,2.9
180302.SZ,2026-05-28,2.899
180302.SZ,2026-05-29,2.955
180302.SZ,2026-06-01,2.936
180302.SZ,2026-06-02,2.928
180302.SZ,2026-06-03,2.933
180302.SZ,2026-06-04,2.931
180302.SZ,2026-06-05,2.919
180302.SZ,2026-06-08,2.907
180302.SZ,2026-06-09,2.87
180302.SZ,2026-06-10,2.856
180302.SZ,2026-06-11,2.882
180302.SZ,2026-06-12,2.883
180302.SZ,2026-06-15,2.878
180302.SZ,2026-06-16,2.886
180302.SZ,2026-06-17,2.882
180302.SZ,2026-06-18,2.865
180302.SZ,2026-06-22,2.732
180302.SZ,2026-06-23,2.689
180302.SZ,2026-06-24,2.614
180302.SZ,2026-06-25,2.735
180302.SZ,2026-06-26,2.702
180302.SZ,2026-06-29,2.796
180302.SZ,2026-06-30,2.869
180302.SZ,2026-07-01,2.815
180302.SZ,2026-07-02,2.84
180302.SZ,2026-07-03,2.851
180302.SZ,2026-07-06,2.826
180302.SZ,2026-07-07,2.829
180302.SZ,2026-07-08,2.815
180302.SZ,2026-07-09,2.805
180302.SZ,2026-07-10,2.883
180302.SZ,2026-07-13,2.845
180302.SZ,2026-07-14,2.847
180302.SZ,2026-07-15,2.842
180302.SZ,2026-07-16,2.858
180302.SZ,2026-07-17,2.834
180302.SZ,2026-07-20,2.804
180302.SZ,2026-07-21,2.745
180302.SZ,2026-07-22,2.656
180302.SZ,2026-07-23,2.65
180302.SZ,2026-07-24,2.653
180302.SZ,2026-07-27,2.661
180302.SZ,2026-07-28,2.659
180302.SZ,2026-07-29,2.711
180302.SZ,2026-07-30,2.696
180302.SZ,2026-07-31,2.74
180302.SZ,2026-08-03,2.733
180302.SZ,2026-08-04,2.705
180302.SZ,2026-08-05,2.66
180302.SZ,2026-08-06,2.643
180302.SZ,2026-08-07,2.643
180302.SZ,2026-08-10,2.625
180302.SZ,2026-08-11,2.635
180302.SZ,2026-08-12,2.652
180302.SZ,2026-08-13,2.682
180302.SZ,2026-08-14,2.68
180302.SZ,2026-08-17,2.663
180302.SZ,2026-08-18,2.656
180302.SZ,2026-08-19,2.67
180302.SZ,2026-08-20,2.706
180302.SZ,2026-08-21,2.701
180302.SZ,2026-08-24,2.673
180302.SZ,2026-08-25,2.679
180302.SZ,2026-08-26,2.734
180302.SZ,2026-08-27,2.735
180302.SZ,2026-08-28,2.72
180302.SZ,2026-08-31,2.72
180302.SZ,2026-09-01,2.703
180302.SZ,2026-09-02,2.68
180302.SZ,2026-09-03,2.676
180302.SZ,2026-09-04,2.65
180302.SZ,2026-09-07,2.648
180302.SZ,2026-09-08,2.632
180302.SZ,2026-09-09,2.679
180302.SZ,2026-09-10,2.652
180302.SZ,2026-09-11,2.634
180302.SZ,2026-09-14,2.633
180302.SZ,2026-09-15,2.648
180302.SZ,2026-09-16,2.629
180302.SZ,2026-09-17,2.681
180302.SZ,2026-09-18,2.63
180302.SZ,2026-09-21,2.598
180302.SZ,2026-09-22,2.568
180302.SZ,2026-09-23,2.594
180302.SZ,2026-09-24,2.598
180302.SZ,2026-09-28,2.606
180302.SZ,2026-09-29,2.593
180302.SZ,2026-09-30,2.588
180303.SZ,2024-10-29,4.074
180303.SZ,2024-10-30,3.989
180303.SZ,2024-10-31,4.015
180303.SZ,2024-11-01,3.912
180303.SZ,2024-11-04,3.807
180303.SZ,2024-11-05,3.739
180303.SZ,2024-11-06,3.737
180303.SZ,2024-11-07,3.751
180303.SZ,2024-11-08,3.751
180303.SZ,2024-11-11,3.738
180303.SZ,2024-11-12,3.761
180303.SZ,2024-11-13,3.742
180303.SZ,2024-11-14,3.736
180303.SZ,2024-11-15,3.725
180303.SZ,2024-11-18,3.723
180303.SZ,2024-11-19,3.739
180303.SZ,2024-11-20,3.726
180303.SZ,2024-11-21,3.747
180303.SZ,2024-11-22,3.712
180303.SZ,2024-11-25,3.7
180303.SZ,2024-11-26,3.69
180303.SZ,2024-11-27,3.695
180303.SZ,2024-11-28,3.748
180303.SZ,2024-11-29,3.73
180303.SZ,2024-12-02,3.729
180303.SZ,2024-12-03,3.722
180303.SZ,2024-12-04,3.724
180303.SZ,2024-12-05,3.723
180303.SZ,2024-12-06,3.736
180303.SZ,2024-12-09,3.737
180303.SZ,2024-12-10,3.741
180303.SZ,2024-12-11,3.749
180303.SZ,2024-12-12,3.785
180303.SZ,2024-12-13,3.794
180303.SZ,2024-12-16,3.778
180303.SZ,2024-12-17,3.778
180303.SZ,2024-12-18,3.787
180303.SZ,2024-12-19,3.802
180303.SZ,2024-12-20,3.792
180303.SZ,2024-12-23,3.772
180303.SZ,2024-12-24,3.764
180303.SZ,2024-12-25,3.737
180303.SZ,2024-12-26,3.726
180303.SZ,2024-12-27,3.74
180303.SZ,2024-12-30,3.86
180303.SZ,2024-12-31,3.9
180303.SZ,2025-01-02,3.868
180303.SZ,2025-01-03,3.859
180303.SZ,2025-01-06,3.772
180303.SZ,2025-01-07,3.732
180303.SZ,2025-01-08,3.753
180303.SZ,2025-01-09,3.784
180303.SZ,2025-01-10,3.827
180303.SZ,2025-01-13,3.809
180303.SZ,2025-01-14,3.787
180303.SZ,2025-01-15,3.817
180303.SZ,2025-01-16,3.81
180303.SZ,2025-01-17,3.827
180303.SZ,2025-01-20,3.89
180303.SZ,2025-01-21,3.911
180303.SZ,2025-01-22,3.953
180303.SZ,2025-01-23,3.949
180303.SZ,2025-01-24,4.016
180303.SZ,2025-01-27,4.023
180303.SZ,2025-02-05,4.054
180303.SZ,2025-02-06,4.049
180303.SZ,2025-02-07,4.041
180303.SZ,2025-02-10,4.093
180303.SZ,2025-02-11,4.198
180303.SZ,2025-02-12,4.213
180303.SZ,2025-02-13,4.165
180303.SZ,2025-02-14,4.164
180303.SZ,2025-02-17,4.178
180303.SZ,2025-02-18,4.17
180303.SZ,2025-02-19,4.152
180303.SZ,2025-02-20,4.155
180303.SZ,2025-02-21,4.174
180303.SZ,2025-02-24,4.151
180303.SZ,2025-02-25,4.132
180303.SZ,2025-02-26,4.066
180303.SZ,2025-02-27,4.051
180303.SZ,2025-02-28,4.065
180303.SZ,2025-03-03,4.015
180303.SZ,2025-03-04,4.06
180303.SZ,2025-03-05,4.14
180303.SZ,2025-03-06,4.18
180303.SZ,2025-03-07,4.208
180303.SZ,2025-03-10,4.224
180303.SZ,2025-03-11,4.228
180303.SZ,2025-03-12,4.23
180303.SZ,2025-03-13,4.227
180303.SZ,2025-03-14,4.238
180303.SZ,2025-03-17,4.291
180303.SZ,2025-03-18,4.286
180303.SZ,2025-03-19,4.372
180303.SZ,2025-03-20,4.356
180303.SZ,2025-03-21,4.347
180303.SZ,2025-03-24,4.26
180303.SZ,2025-03-25,4.283
180303.SZ,2025-03-26,4.277
180303.SZ,2025-03-27,4.297
180303.SZ,2025-03-28,4.361
180303.SZ,2025-03-31,4.342
180303.SZ,2025-04-01,4.298
180303.SZ,2025-04-02,4.25
180303.SZ,2025-04-03,4.285
180303.SZ,2025-04-07,4.279
180303.SZ,2025-04-08,4.208
180303.SZ,2025-04-09,4.16
180303.SZ,2025-04-10,4.224
180303.SZ,2025-04-11,4.265
180303.SZ,2025-04-14,4.294
180303.SZ,2025-04-15,4.318
180303.SZ,2025-04-16,4.28
180303.SZ,2025-04-17,4.323
180303.SZ,2025-04-18,4.448
180303.SZ,2025-04-21,4.37
180303.SZ,2025-04-22,4.33
180303.SZ,2025-04-23,4.28
180303.SZ,2025-04-24,4.26
180303.SZ,2025-04-25,4.265
180303.SZ,2025-04-28,4.228
180303.SZ,2025-04-29,4.24
180303.SZ,2025-04-30,4.23
180303.SZ,2025-05-06,4.249
180303.SZ,2025-05-07,4.229
180303.SZ,2025-05-08,4.248
180303.SZ,2025-05-09,4.297
180303.SZ,2025-05-12,4.321
180303.SZ,2025-05-13,4.3
180303.SZ,2025-05-14,4.28
180303.SZ,2025-05-15,4.256
180303.SZ,2025-05-16,4.282
180303.SZ,2025-05-19,4.297
180303.SZ,2025-05-20,4.357
180303.SZ,2025-05-21,4.394
180303.SZ,2025-05-22,4.35
180303.SZ,2025-05-23,4.339
180303.SZ,2025-05-26,4.41
180303.SZ,2025-05-27,4.334
180303.SZ,2025-05-28,4.318
180303.SZ,2025-05-29,4.314
180303.SZ,2025-05-30,4.355
180303.SZ,2025-06-03,4.398
180303.SZ,2025-06-04,4.389
180303.SZ,2025-06-05,4.538
180303.SZ,2025-06-06,4.536
180303.SZ,2025-06-09,4.539
180303.SZ,2025-06-10,4.594
180303.SZ,2025-06-11,4.685
180303.SZ,2025-06-12,4.69
180303.SZ,2025-06-13,4.67
180303.SZ,2025-06-16,4.715
180303.SZ,2025-06-17,4.738
180303.SZ,2025-06-18,4.76
180303.SZ,2025-06-19,4.693
180303.SZ,2025-06-20,4.74
180303.SZ,2025-06-23,4.754
180303.SZ,2025-06-24,4.675
180303.SZ,2025-06-25,4.62
180303.SZ,2025-06-26,4.611
180303.SZ,2025-06-27,4.65
180303.SZ,2025-06-30,4.57
180303.SZ,2025-07-01,4.613
180303.SZ,2025-07-02,4.619
180303.SZ,2025-07-03,4.635
180303.SZ,2025-07-04,4.594
180303.SZ,2025-07-07,4.57
180303.SZ,2025-07-08,4.561
180303.SZ,2025-07-09,4.501
180303.SZ,2025-07-10,4.513
180303.SZ,2025-07-11,4.564
180303.SZ,2025-07-14,4.52
180303.SZ,2025-07-15,4.515
180303.SZ,2025-07-16,4.53
180303.SZ,2025-07-17,4.532
180303.SZ,2025-07-18,4.508
180303.SZ,2025-07-21,4.513
180303.SZ,2025-07-22,4.46
180303.SZ,2025-07-23,4.418
180303.SZ,2025-07-24,4.484
180303.SZ,2025-07-25,4.544
180303.SZ,2025-07-28,4.5
180303.SZ,2025-07-29,4.496
180303.SZ,2025-07-30,4.524
180303.SZ,2025-07-31,4.565
180303.SZ,2025-08-01,4.573
180303.SZ,2025-08-04,4.599
180303.SZ,2025-08-05,4.703
180303.SZ,2025-08-06,4.729
180303.SZ,2025-08-07,4.723
180303.SZ,2025-08-08,4.77
180303.SZ,2025-08-11,4.786
180303.SZ,2025-08-12,4.769
180303.SZ,2025-08-13,4.75
180303.SZ,2025-08-14,4.741
180303.SZ,2025-08-15,4.7
180303.SZ,2025-08-18,4.648
180303.SZ,2025-08-19,4.65
180303.SZ,2025-08-20,4.743
180303.SZ,2025-08-21,4.721
180303.SZ,2025-08-22,4.722
180303.SZ,2025-08-25,4.689
180303.SZ,2025-08-26,4.674
180303.SZ,2025-08-27,4.725
180303.SZ,2025-08-28,4.868
180303.SZ,2025-08-29,4.9
180303.SZ,2025-09-01,4.814
180303.SZ,2025-09-02,4.844
180303.SZ,2025-09-03,4.894
180303.SZ,2025-09-04,4.842
180303.SZ,2025-09-05,4.843
180303.SZ,2025-09-08,4.83
180303.SZ,2025-09-09,4.864
180303.SZ,2025-09-10,4.787
180303.SZ,2025-09-11,4.727
180303.SZ,2025-09-12,4.67
180303.SZ,2025-09-15,4.655
180303.SZ,2025-09-16,4.633
180303.SZ,2025-09-17,4.603
180303.SZ,2025-09-18,4.548
180303.SZ,2025-09-19,4.596
180303.SZ,2025-09-22,4.6
180303.SZ,2025-09-23,4.596
180303.SZ,2025-09-24,4.583
180303.SZ,2025-09-25,4.577
180303.SZ,2025-09-26,4.587
180303.SZ,2025-09-29,4.599
180303.SZ,2025-09-30,4.583
180303.SZ,2025-10-09,4.58
180303.SZ,2025-10-10,4.575
180303.SZ,2025-10-13,4.58
180303.SZ,2025-10-14,4.572
180303.SZ,2025-10-15,4.515
180303.SZ,2025-10-16,4.418
180303.SZ,2025-10-17,4.38
180303.SZ,2025-10-20,4.309
180303.SZ,2025-10-21,4.262
180303.SZ,2025-10-22,4.26
180303.SZ,2025-10-23,4.241
180303.SZ,2025-10-24,4.366
180303.SZ,2025-10-27,4.289
180303.SZ,2025-10-28,4.3
180303.SZ,2025-10-29,4.267
180303.SZ,2025-10-30,4.239
180303.SZ,2025-10-31,4.184
180303.SZ,2025-11-03,4.136
180303.SZ,2025-11-04,4.054
180303.SZ,2025-11-05,4.0
180303.SZ,2025-11-06,4.0
180303.SZ,2025-11-07,4.0
180303.SZ,2025-11-10,4.01
180303.SZ,2025-11-11,4.085
180303.SZ,2025-11-12,4.078
180303.SZ,2025-11-13,4.054
180303.SZ,2025-11-14,4.116
180303.SZ,2025-11-17,4.125
180303.SZ,2025-11-18,4.11
180303.SZ,2025-11-19,4.079
180303.SZ,2025-11-20,4.048
180303.SZ,2025-11-21,4.044
180303.SZ,2025-11-24,4.04
180303.SZ,2025-11-25,4.055
180303.SZ,2025-11-26,4.098
180303.SZ,2025-11-27,4.089
180303.SZ,2025-11-28,4.073
180303.SZ,2025-12-01,4.102
180303.SZ,2025-12-02,4.086
180303.SZ,2025-12-03,4.056
180303.SZ,2025-12-04,4.034
180303.SZ,2025-12-05,4.041
180303.SZ,2025-12-08,4.009
180303.SZ,2025-12-09,3.998
180303.SZ,2025-12-10,4.011
180303.SZ,2025-12-11,4.016
180303.SZ,2025-12-12,4.022
180303.SZ,2025-12-15,3.97
180303.SZ,2025-12-16,3.968
180303.SZ,2025-12-17,3.96
180303.SZ,2025-12-18,3.962
180303.SZ,2025-12-19,3.95
180303.SZ,2025-12-22,3.865
180303.SZ,2025-12-23,3.909
180303.SZ,2025-12-24,4.02
180303.SZ,2025-12-25,4.07
180303.SZ,2025-12-26,4.024
180303.SZ,2025-12-29,4.02
180303.SZ,2025-12-30,4.0
180303.SZ,2025-12-31,3.99
180303.SZ,2026-01-05,4.0
180303.SZ,2026-01-06,4.08
180303.SZ,2026-01-07,4.124
180303.SZ,2026-01-08,4.174
180303.SZ,2026-01-09,4.179
180303.SZ,2026-01-12,4.175
180303.SZ,2026-01-13,4.1
180303.SZ,2026-01-14,4.138
180303.SZ,2026-01-15,4.14
180303.SZ,2026-01-16,4.169
180303.SZ,2026-01-19,4.176
180303.SZ,2026-01-20,4.193
180303.SZ,2026-01-21,4.25
180303.SZ,2026-01-22,4.423
180303.SZ,2026-01-23,4.472
180303.SZ,2026-01-26,4.453
180303.SZ,2026-01-27,4.457
180303.SZ,2026-01-28,4.44
180303.SZ,2026-01-29,4.443
180303.SZ,2026-01-30,4.398
180303.SZ,2026-02-02,4.305
180303.SZ,2026-02-03,4.331
180303.SZ,2026-02-04,4.337
180303.SZ,2026-02-05,4.336
180303.SZ,2026-02-06,4.329
180303.SZ,2026-02-09,4.31
180303.SZ,2026-02-10,4.318
180303.SZ,2026-02-11,4.317
180303.SZ,2026-02-12,4.293
180303.SZ,2026-02-13,4.3
180303.SZ,2026-02-24,4.293
180303.SZ,2026-02-25,4.321
180303.SZ,2026-02-26,4.327
180303.SZ,2026-02-27,4.322
180303.SZ,2026-03-02,4.306
180303.SZ,2026-03-03,4.35
180303.SZ,2026-03-04,4.321
180303.SZ,2026-03-05,4.337
180303.SZ,2026-03-06,4.309
180303.SZ,2026-03-09,4.328
180303.SZ,2026-03-10,4.323
180303.SZ,2026-03-11,4.296
180303.SZ,2026-03-12,4.232
180303.SZ,2026-03-13,4.229
180303.SZ,2026-03-16,4.127
180303.SZ,2026-03-17,4.09
180303.SZ,2026-03-18,4.144
180303.SZ,2026-03-19,4.16
180303.SZ,2026-03-20,4.137
180303.SZ,2026-03-23,4.092
180303.SZ,2026-03-24,4.102
180303.SZ,2026-03-25,4.133
180303.SZ,2026-03-26,4.117
180303.SZ,2026-03-27,4.106
180303.SZ,2026-03-30,4.095
180303.SZ,2026-03-31,4.076
180303.SZ,2026-04-01,4.068
180303.SZ,2026-04-02,4.048
180303.SZ,2026-04-03,4.066
180303.SZ,2026-04-07,4.115
180303.SZ,2026-04-08,4.157
180303.SZ,2026-04-09,4.129
180303.SZ,2026-04-10,4.118
180303.SZ,2026-04-13,4.086
180303.SZ,2026-04-14,4.074
180303.SZ,2026-04-15,4.101
180303.SZ,2026-04-16,4.199
180303.SZ,2026-04-17,4.177
180303.SZ,2026-04-20,4.159
180303.SZ,2026-04-21,4.166
180303.SZ,2026-04-22,4.153
180303.SZ,2026-04-23,4.082
180303.SZ,2026-04-24,4.02
180303.SZ,2026-04-27,4.031
180303.SZ,2026-04-28,4.04
180303.SZ,2026-04-29,4.015
180303.SZ,2026-04-30,4.017
180303.SZ,2026-05-06,4.014
180303.SZ,2026-05-07,4.013
180303.SZ,2026-05-08,4.017
180303.SZ,2026-05-11,4.0
180303.SZ,2026-05-12,4.007
180303.SZ,2026-05-13,4.008
180303.SZ,2026-05-14,3.97
180303.SZ,2026-05-15,3.975
180303.SZ,2026-05-18,4.009
180303.SZ,2026-05-19,4.066
180303.SZ,2026-05-20,4.041
180303.SZ,2026-05-21,3.957
180303.SZ,2026-05-22,3.863
180303.SZ,2026-05-25,3.84
180303.SZ,2026-05-26,3.797
180303.SZ,2026-05-27,3.7
180303.SZ,2026-05-28,3.564
180303.SZ,2026-05-29,3.614
180303.SZ,2026-06-01,3.618
180303.SZ,2026-06-02,3.595
180303.SZ,2026-06-03,3.687
180303.SZ,2026-06-04,3.763
180303.SZ,2026-06-05,3.864
180303.SZ,2026-06-08,3.817
180303.SZ,2026-06-09,3.76
180303.SZ,2026-06-10,3.692
180303.SZ,2026-06-11,3.668
180303.SZ,2026-06-12,3.753
180303.SZ,2026-06-15,3.77
180303.SZ,2026-06-16,3.829
180303.SZ,2026-06-17,3.83
180303.SZ,2026-06-18,3.794
180303.SZ,2026-06-22,3.633
180303.SZ,2026-06-23,3.538
180303.SZ,2026-06-24,3.481
180303.SZ,2026-06-25,3.61
180303.SZ,2026-06-26,3.53
180303.SZ,2026-06-29,3.638
180303.SZ,2026-06-30,3.722
180303.SZ,2026-07-01,3.723
180303.SZ,2026-07-02,3.72
180303.SZ,2026-07-03,3.76
180303.SZ,2026-07-06,3.771
180303.SZ,2026-07-07,3.75
180303.SZ,2026-07-08,3.694
180303.SZ,2026-07-09,3.698
180303.SZ,2026-07-10,3.77
180303.SZ,2026-07-13,3.733
180303.SZ,2026-07-14,3.715
180303.SZ,2026-07-15,3.666
180303.SZ,2026-07-16,3.671
180303.SZ,2026-07-17,3.685
180303.SZ,2026-07-20,3.668
180303.SZ,2026-07-21,3.595
180303.SZ,2026-07-22,3.48
180303.SZ,2026-07-23,3.442
180303.SZ,2026-07-24,3.443
180303.SZ,2026-07-27,3.44
180303.SZ,2026-07-28,3.363
180303.SZ,2026-07-29,3.34
180303.SZ,2026-07-30,3.324
180303.SZ,2026-07-31,3.364
180303.SZ,2026-08-03,3.334
180303.SZ,2026-08-04,3.299
180303.SZ,2026-08-05,3.263
180303.SZ,2026-08-06,3.19
180303.SZ,2026-08-07,3.21
180303.SZ,2026-08-10,3.13
180303.SZ,2026-08-11,3.094
180303.SZ,2026-08-12,3.096
180303.SZ,2026-08-13,3.057
180303.SZ,2026-08-14,3.104
180303.SZ,2026-08-17,3.07
180303.SZ,2026-08-18,3.129
180303.SZ,2026-08-19,3.184
180303.SZ,2026-08-20,3.233
180303.SZ,2026-08-21,3.244
180303.SZ,2026-08-24,3.27
180303.SZ,2026-08-25,3.143
180303.SZ,2026-08-26,3.211
180303.SZ,2026-08-27,3.212
180303.SZ,2026-08-28,3.218
180303.SZ,2026-08-31,3.221
180303.SZ,2026-09-01,3.194
180303.SZ,2026-09-02,3.165
180303.SZ,2026-09-03,3.127
180303.SZ,2026-09-04,3.088
180303.SZ,2026-09-07,3.08
180303.SZ,2026-09-08,3.112
180303.SZ,2026-09-09,3.122
180303.SZ,2026-09-10,3.119
180303.SZ,2026-09-11,3.123
180303.SZ,2026-09-14,3.09
180303.SZ,2026-09-15,3.154
180303.SZ,2026-09-16,3.155
180303.SZ,2026-09-17,3.261
180303.SZ,2026-09-18,3.236
180303.SZ,2026-09-21,3.199
180303.SZ,2026-09-22,3.178
180303.SZ,2026-09-23,3.228
180303.SZ,2026-09-24,3.222
180303.SZ,2026-09-28,3.205
180303.SZ,2026-09-29,3.21
180303.SZ,2026-09-30,3.18
180305.SZ,2025-04-21,3.735
180305.SZ,2025-04-22,3.742
180305.SZ,2025-04-23,3.738
180305.SZ,2025-04-24,3.741
180305.SZ,2025-04-25,3.721
180305.SZ,2025-04-28,3.67
180305.SZ,2025-04-29,3.696
180305.SZ,2025-04-30,3.711
180305.SZ,2025-05-06,3.728
180305.SZ,2025-05-07,3.749
180305.SZ,2025-05-08,3.755
180305.SZ,2025-05-09,3.749
180305.SZ,2025-05-12,3.759
180305.SZ,2025-05-13,3.75
180305.SZ,2025-05-14,3.756
180305.SZ,2025-05-15,3.753
180305.SZ,2025-05-16,3.766
180305.SZ,2025-05-19,3.78
180305.SZ,2025-05-20,3.8
180305.SZ,2025-05-21,3.83
180305.SZ,2025-05-22,3.82
180305.SZ,2025-05-23,3.804
180305.SZ,2025-05-26,3.804
180305.SZ,2025-05-27,3.799
180305.SZ,2025-05-28,3.796
180305.SZ,2025-05-29,3.807
180305.SZ,2025-05-30,3.805
180305.SZ,2025-06-03,3.796
180305.SZ,2025-06-04,3.793
180305.SZ,2025-06-05,3.801
180305.SZ,2025-06-06,3.818
180305.SZ,2025-06-09,3.812
180305.SZ,2025-06-10,3.806
180305.SZ,2025-06-11,3.816
180305.SZ,2025-06-12,3.814
180305.SZ,2025-06-13,3.83
180305.SZ,2025-06-16,3.852
180305.SZ,2025-06-17,3.889
180305.SZ,2025-06-18,3.972
180305.SZ,2025-06-19,3.986
180305.SZ,2025-06-20,4.102
180305.SZ,2025-06-23,4.16
180305.SZ,2025-06-24,4.141
180305.SZ,2025-06-25,4.14
180305.SZ,2025-06-26,4.1
180305.SZ,2025-06-27,4.052
180305.SZ,2025-06-30,4.046
180305.SZ,2025-07-01,4.049
180305.SZ,2025-07-02,4.063
180305.SZ,2025-07-03,4.057
180305.SZ,2025-07-04,4.044
180305.SZ,2025-07-07,4.076
180305.SZ,2025-07-08,4.078
180305.SZ,2025-07-09,4.08
180305.SZ,2025-07-10,4.078
180305.SZ,2025-07-11,4.076
180305.SZ,2025-07-14,4.077
180305.SZ,2025-07-15,4.085
180305.SZ,2025-07-16,4.097
180305.SZ,2025-07-17,4.081
180305.SZ,2025-07-18,4.089
180305.SZ,2025-07-21,4.098
180305.SZ,2025-07-22,4.048
180305.SZ,2025-07-23,3.995
180305.SZ,2025-07-24,3.995
180305.SZ,2025-07-25,3.979
180305.SZ,2025-07-28,4.025
180305.SZ,2025-07-29,3.98
180305.SZ,2025-07-30,4.0
180305.SZ,2025-07-31,4.05
180305.SZ,2025-08-01,4.064
180305.SZ,2025-08-04,4.049
180305.SZ,2025-08-05,4.031
180305.SZ,2025-08-06,4.062
180305.SZ,2025-08-07,4.078
180305.SZ,2025-08-08,4.072
180305.SZ,2025-08-11,4.07
180305.SZ,2025-08-12,4.07
180305.SZ,2025-08-13,4.067
180305.SZ,2025-08-14,4.064
180305.SZ,2025-08-15,4.052
180305.SZ,2025-08-18,3.965
180305.SZ,2025-08-19,3.978
180305.SZ,2025-08-20,4.01
180305.SZ,2025-08-21,4.033
180305.SZ,2025-08-22,4.025
180305.SZ,2025-08-25,4.006
180305.SZ,2025-08-26,4.035
180305.SZ,2025-08-27,4.033
180305.SZ,2025-08-28,4.04
180305.SZ,2025-08-29,4.068
180305.SZ,2025-09-01,4.037
180305.SZ,2025-09-02,4.051
180305.SZ,2025-09-03,4.066
180305.SZ,2025-09-04,4.066
180305.SZ,2025-09-05,4.049
180305.SZ,2025-09-08,4.029
180305.SZ,2025-09-09,4.033
180305.SZ,2025-09-10,4.03
180305.SZ,2025-09-11,4.018
180305.SZ,2025-09-12,4.03
180305.SZ,2025-09-15,4.05
180305.SZ,2025-09-16,4.063
180305.SZ,2025-09-17,4.057
180305.SZ,2025-09-18,4.076
180305.SZ,2025-09-19,4.078
180305.SZ,2025-09-22,4.061
180305.SZ,2025-09-23,4.103
180305.SZ,2025-09-24,4.067
180305.SZ,2025-09-25,4.038
180305.SZ,2025-09-26,4.04
180305.SZ,2025-09-29,4.032
180305.SZ,2025-09-30,4.037
180305.SZ,2025-10-09,4.021
180305.SZ,2025-10-10,4.024
180305.SZ,2025-10-13,4.034
180305.SZ,2025-10-14,4.02
180305.SZ,2025-10-15,4.0
180305.SZ,2025-10-16,3.994
180305.SZ,2025-10-17,3.994
180305.SZ,2025-10-20,3.962
180305.SZ,2025-10-21,3.926
180305.SZ,2025-10-22,3.92
180305.SZ,2025-10-23,3.963
180305.SZ,2025-10-24,3.995
180305.SZ,2025-10-27,3.986
180305.SZ,2025-10-28,4.008
180305.SZ,2025-10-29,4.039
180305.SZ,2025-10-30,4.038
180305.SZ,2025-10-31,4.027
180305.SZ,2025-11-03,4.032
180305.SZ,2025-11-04,4.011
180305.SZ,2025-11-05,4.009
180305.SZ,2025-11-06,4.007
180305.SZ,2025-11-07,3.995
180305.SZ,2025-11-10,4.03
180305.SZ,2025-11-11,4.057
180305.SZ,2025-11-12,4.075
180305.SZ,2025-11-13,4.091
180305.SZ,2025-11-14,4.145
180305.SZ,2025-11-17,4.143
180305.SZ,2025-11-18,4.031
180305.SZ,2025-11-19,3.989
180305.SZ,2025-11-20,3.995
180305.SZ,2025-11-21,3.968
180305.SZ,2025-11-24,3.981
180305.SZ,2025-11-25,4.002
180305.SZ,2025-11-26,4.03
180305.SZ,2025-11-27,4.021
180305.SZ,2025-11-28,3.998
180305.SZ,2025-12-01,3.982
180305.SZ,2025-12-02,3.967
180305.SZ,2025-12-03,4.012
180305.SZ,2025-12-04,4.007
180305.SZ,2025-12-05,4.0
180305.SZ,2025-12-08,3.991
180305.SZ,2025-12-09,3.976
180305.SZ,2025-12-10,3.993
180305.SZ,2025-12-11,3.986
180305.SZ,2025-12-12,3.995
180305.SZ,2025-12-15,3.972
180305.SZ,2025-12-16,3.96
180305.SZ,2025-12-17,3.95
180305.SZ,2025-12-18,3.921
180305.SZ,2025-12-19,3.932
180305.SZ,2025-12-22,3.921
180305.SZ,2025-12-23,3.886
180305.SZ,2025-12-24,3.961
180305.SZ,2025-12-25,4.0
180305.SZ,2025-12-26,3.988
180305.SZ,2025-12-29,3.998
180305.SZ,2025-12-30,3.981
180305.SZ,2025-12-31,4.002
180305.SZ,2026-01-05,4.019
180305.SZ,2026-01-06,4.025
180305.SZ,2026-01-07,4.058
180305.SZ,2026-01-08,4.028
180305.SZ,2026-01-09,4.042
180305.SZ,2026-01-12,4.038
180305.SZ,2026-01-13,4.04
180305.SZ,2026-01-14,4.042
180305.SZ,2026-01-15,4.037
180305.SZ,2026-01-16,4.05
180305.SZ,2026-01-19,4.051
180305.SZ,2026-01-20,4.082
180305.SZ,2026-01-21,4.109
180305.SZ,2026-01-22,4.188
180305.SZ,2026-01-23,4.27
180305.SZ,2026-01-26,4.259
180305.SZ,2026-01-27,4.255
180305.SZ,2026-01-28,4.266
180305.SZ,2026-01-29,4.398
180305.SZ,2026-01-30,4.349
180305.SZ,2026-02-02,4.284
180305.SZ,2026-02-03,4.285
180305.SZ,2026-02-04,4.285
180305.SZ,2026-02-05,4.316
180305.SZ,2026-02-06,4.278
180305.SZ,2026-02-09,4.232
180305.SZ,2026-02-10,4.286
180305.SZ,2026-02-11,4.319
180305.SZ,2026-02-12,4.288
180305.SZ,2026-02-13,4.293
180305.SZ,2026-02-24,4.307
180305.SZ,2026-02-25,4.29
180305.SZ,2026-02-26,4.27
180305.SZ,2026-02-27,4.244
180305.SZ,2026-03-02,4.222
180305.SZ,2026-03-03,4.23
180305.SZ,2026-03-04,4.185
180305.SZ,2026-03-05,4.152
180305.SZ,2026-03-06,4.1
180305.SZ,2026-03-09,4.102
180305.SZ,2026-03-10,4.163
180305.SZ,2026-03-11,4.195
180305.SZ,2026-03-12,4.148
180305.SZ,2026-03-13,4.134
180305.SZ,2026-03-16,4.001
180305.SZ,2026-03-17,3.961
180305.SZ,2026-03-18,3.92
180305.SZ,2026-03-19,3.935
180305.SZ,2026-03-20,3.943
180305.SZ,2026-03-23,3.86
180305.SZ,2026-03-24,3.889
180305.SZ,2026-03-25,3.891
180305.SZ,2026-03-26,3.83
180305.SZ,2026-03-27,3.8
180305.SZ,2026-03-30,3.805
180305.SZ,2026-03-31,3.799
180305.SZ,2026-04-01,3.769
180305.SZ,2026-04-02,3.761
180305.SZ,2026-04-03,3.78
180305.SZ,2026-04-07,3.825
180305.SZ,2026-04-08,3.9
180305.SZ,2026-04-09,3.902
180305.SZ,2026-04-10,3.92
180305.SZ,2026-04-13,3.889
180305.SZ,2026-04-14,3.833
180305.SZ,2026-04-15,3.82
180305.SZ,2026-04-16,3.852
180305.SZ,2026-04-17,3.826
180305.SZ,2026-04-20,3.833
180305.SZ,2026-04-21,3.81
180305.SZ,2026-04-22,3.724
180305.SZ,2026-04-23,3.702
180305.SZ,2026-04-24,3.687
180305.SZ,2026-04-27,3.682
180305.SZ,2026-04-28,3.699
180305.SZ,2026-04-29,3.743
180305.SZ,2026-04-30,3.728
180305.SZ,2026-05-06,3.708
180305.SZ,2026-05-07,3.732
180305.SZ,2026-05-08,3.687
180305.SZ,2026-05-11,3.665
180305.SZ,2026-05-12,3.67
180305.SZ,2026-05-13,3.65
180305.SZ,2026-05-14,3.613
180305.SZ,2026-05-15,3.615
180305.SZ,2026-05-18,3.613
180305.SZ,2026-05-19,3.7
180305.SZ,2026-05-20,3.7
180305.SZ,2026-05-21,3.653
180305.SZ,2026-05-22,3.613
180305.SZ,2026-05-25,3.598
180305.SZ,2026-05-26,3.601
180305.SZ,2026-05-27,3.544
180305.SZ,2026-05-28,3.415
180305.SZ,2026-05-29,3.486
180305.SZ,2026-06-01,3.55
180305.SZ,2026-06-02,3.557
180305.SZ,2026-06-03,3.57
180305.SZ,2026-06-04,3.601
180305.SZ,2026-06-05,3.68
180305.SZ,2026-06-08,3.633
180305.SZ,2026-06-09,3.558
180305.SZ,2026-06-10,3.485
180305.SZ,2026-06-11,3.465
180305.SZ,2026-06-12,3.483
180305.SZ,2026-06-15,3.487
180305.SZ,2026-06-16,3.459
180305.SZ,2026-06-17,3.45
180305.SZ,2026-06-18,3.385
180305.SZ,2026-06-22,3.35
180305.SZ,2026-06-23,3.321
180305.SZ,2026-06-24,3.296
180305.SZ,2026-06-25,3.295
180305.SZ,2026-06-26,3.23
180305.SZ,2026-06-29,3.344
180305.SZ,2026-06-30,3.413
180305.SZ,2026-07-01,3.406
180305.SZ,2026-07-02,3.387
180305.SZ,2026-07-03,3.42
180305.SZ,2026-07-06,3.421
180305.SZ,2026-07-07,3.394
180305.SZ,2026-07-08,3.365
180305.SZ,2026-07-09,3.419
180305.SZ,2026-07-10,3.429
180305.SZ,2026-07-13,3.425
180305.SZ,2026-07-14,3.389
180305.SZ,2026-07-15,3.389
180305.SZ,2026-07-16,3.502
180305.SZ,2026-07-17,3.483
180305.SZ,2026-07-20,3.45
180305.SZ,2026-07-21,3.383
180305.SZ,2026-07-22,3.326
180305.SZ,2026-07-23,3.308
180305.SZ,2026-07-24,3.306
180305.SZ,2026-07-27,3.3
180305.SZ,2026-07-28,3.297
180305.SZ,2026-07-29,3.3
180305.SZ,2026-07-30,3.3
180305.SZ,2026-07-31,3.3
180305.SZ,2026-08-03,3.299
180305.SZ,2026-08-04,3.289
180305.SZ,2026-08-05,3.3
180305.SZ,2026-08-06,3.32
180305.SZ,2026-08-07,3.35
180305.SZ,2026-08-10,3.34
180305.SZ,2026-08-11,3.36
180305.SZ,2026-08-12,3.299
180305.SZ,2026-08-13,3.266
180305.SZ,2026-08-14,3.329
180305.SZ,2026-08-17,3.319
180305.SZ,2026-08-18,3.35
180305.SZ,2026-08-19,3.374
180305.SZ,2026-08-20,3.391
180305.SZ,2026-08-21,3.378
180305.SZ,2026-08-24,3.38
180305.SZ,2026-08-25,3.389
180305.SZ,2026-08-26,3.434
180305.SZ,2026-08-27,3.434
180305.SZ,2026-08-28,3.414
180305.SZ,2026-08-31,3.408
180305.SZ,2026-09-01,3.39
180305.SZ,2026-09-02,3.41
180305.SZ,2026-09-03,3.4
180305.SZ,2026-09-04,3.426
180305.SZ,2026-09-07,3.343
180305.SZ,2026-09-08,3.343
180305.SZ,2026-09-09,3.368
180305.SZ,2026-09-10,3.336
180305.SZ,2026-09-11,3.347
180305.SZ,2026-09-14,3.341
180305.SZ,2026-09-15,3.393
180305.SZ,2026-09-16,3.38
180305.SZ,2026-09-17,3.389
180305.SZ,2026-09-18,3.387
180305.SZ,2026-09-21,3.368
180305.SZ,2026-09-22,3.368
180305.SZ,2026-09-23,3.4
180305.SZ,2026-09-24,3.399
180305.SZ,2026-09-28,3.397
180305.SZ,2026-09-29,3.354
180305.SZ,2026-09-30,3.372
180306.SZ,2025-12-19,5.499
180306.SZ,2025-12-22,5.404
180306.SZ,2025-12-23,5.509
180306.SZ,2025-12-24,5.712
180306.SZ,2025-12-25,5.703
180306.SZ,2025-12-26,5.611
180306.SZ,2025-12-29,5.6
180306.SZ,2025-12-30,5.6
180306.SZ,2025-12-31,5.78
180306.SZ,2026-01-05,5.715
180306.SZ,2026-01-06,5.8
180306.SZ,2026-01-07,5.789
180306.SZ,2026-01-08,5.859
180306.SZ,2026-01-09,5.827
180306.SZ,2026-01-12,5.965
180306.SZ,2026-01-13,5.945
180306.SZ,2026-01-14,5.975
180306.SZ,2026-01-15,5.925
180306.SZ,2026-01-16,5.92
180306.SZ,2026-01-19,5.975
180306.SZ,2026-01-20,5.998
180306.SZ,2026-01-21,5.992
180306.SZ,2026-01-22,6.059
180306.SZ,2026-01-23,6.095
180306.SZ,2026-01-26,6.054
180306.SZ,2026-01-27,6.015
180306.SZ,2026-01-28,6.055
180306.SZ,2026-01-29,6.158
180306.SZ,2026-01-30,6.118
180306.SZ,2026-02-02,6.038
180306.SZ,2026-02-03,6.077
180306.SZ,2026-02-04,6.097
180306.SZ,2026-02-05,6.083
180306.SZ,2026-02-06,6.039
180306.SZ,2026-02-09,6.019
180306.SZ,2026-02-10,6.034
180306.SZ,2026-02-11,6.038
180306.SZ,2026-02-12,6.043
180306.SZ,2026-02-13,6.046
180306.SZ,2026-02-24,6.05
180306.SZ,2026-02-25,6.047
180306.SZ,2026-02-26,5.999
180306.SZ,2026-02-27,5.91
180306.SZ,2026-03-02,5.833
180306.SZ,2026-03-03,5.815
180306.SZ,2026-03-04,5.775
180306.SZ,2026-03-05,5.785
180306.SZ,2026-03-06,5.735
180306.SZ,2026-03-09,5.718
180306.SZ,2026-03-10,5.785
180306.SZ,2026-03-11,5.774
180306.SZ,2026-03-12,5.765
180306.SZ,2026-03-13,5.768
180306.SZ,2026-03-16,5.722
180306.SZ,2026-03-17,5.736
180306.SZ,2026-03-18,5.748
180306.SZ,2026-03-19,5.745
180306.SZ,2026-03-20,5.722
180306.SZ,2026-03-23,5.646
180306.SZ,2026-03-24,5.7
180306.SZ,2026-03-25,5.64
180306.SZ,2026-03-26,5.639
180306.SZ,2026-03-27,5.669
180306.SZ,2026-03-30,5.67
180306.SZ,2026-03-31,5.635
180306.SZ,2026-04-01,5.641
180306.SZ,2026-04-02,5.599
180306.SZ,2026-04-03,5.634
180306.SZ,2026-04-07,5.705
180306.SZ,2026-04-08,5.744
180306.SZ,2026-04-09,5.76
180306.SZ,2026-04-10,5.75
180306.SZ,2026-04-13,5.751
180306.SZ,2026-04-14,5.75
180306.SZ,2026-04-15,5.747
180306.SZ,2026-04-16,5.774
180306.SZ,2026-04-17,5.754
180306.SZ,2026-04-20,5.757
180306.SZ,2026-04-21,5.739
180306.SZ,2026-04-22,5.738
180306.SZ,2026-04-23,5.73
180306.SZ,2026-04-24,5.701
180306.SZ,2026-04-27,5.684
180306.SZ,2026-04-28,5.645
180306.SZ,2026-04-29,5.6
180306.SZ,2026-04-30,5.588
180306.SZ,2026-05-06,5.581
180306.SZ,2026-05-07,5.581
180306.SZ,2026-05-08,5.575
180306.SZ,2026-05-11,5.538
180306.SZ,2026-05-12,5.519
180306.SZ,2026-05-13,5.47
180306.SZ,2026-05-14,5.365
180306.SZ,2026-05-15,5.3
180306.SZ,2026-05-18,5.29
180306.SZ,2026-05-19,5.4
180306.SZ,2026-05-20,5.419
180306.SZ,2026-05-21,5.353
180306.SZ,2026-05-22,5.319
180306.SZ,2026-05-25,5.299
180306.SZ,2026-05-26,5.174
180306.SZ,2026-05-27,5.08
180306.SZ,2026-05-28,4.962
180306.SZ,2026-05-29,4.999
180306.SZ,2026-06-01,4.99
180306.SZ,2026-06-02,4.994
180306.SZ,2026-06-03,5.057
180306.SZ,2026-06-04,5.198
180306.SZ,2026-06-05,5.226
180306.SZ,2026-06-08,5.22
180306.SZ,2026-06-09,5.1
180306.SZ,2026-06-10,5.105
180306.SZ,2026-06-11,5.1
180306.SZ,2026-06-12,5.202
180306.SZ,2026-06-15,5.197
180306.SZ,2026-06-16,5.213
180306.SZ,2026-06-17,5.214
180306.SZ,2026-06-18,5.125
180306.SZ,2026-06-22,4.969
180306.SZ,2026-06-23,4.909
180306.SZ,2026-06-24,4.811
180306.SZ,2026-06-25,4.87
180306.SZ,2026-06-26,4.969
180306.SZ,2026-06-29,5.1
180306.SZ,2026-06-30,5.135
180306.SZ,2026-07-01,5.166
180306.SZ,2026-07-02,5.18
180306.SZ,2026-07-03,5.195
180306.SZ,2026-07-06,5.139
180306.SZ,2026-07-07,5.129
180306.SZ,2026-07-08,5.11
180306.SZ,2026-07-09,5.086
180306.SZ,2026-07-10,5.014
180306.SZ,2026-07-13,4.961
180306.SZ,2026-07-14,4.9
180306.SZ,2026-07-15,4.821
180306.SZ,2026-07-16,4.878
180306.SZ,2026-07-17,4.811
180306.SZ,2026-07-20,4.775
180306.SZ,2026-07-21,4.788
180306.SZ,2026-07-22,4.785
180306.SZ,2026-07-23,4.78
180306.SZ,2026-07-24,4.792
180306.SZ,2026-07-27,4.773
180306.SZ,2026-07-28,4.729
180306.SZ,2026-07-29,4.7
180306.SZ,2026-07-30,4.703
180306.SZ,2026-07-31,4.778
180306.SZ,2026-08-03,4.8
180306.SZ,2026-08-04,4.807
180306.SZ,2026-08-05,4.814
180306.SZ,2026-08-06,4.722
180306.SZ,2026-08-07,4.722
180306.SZ,2026-08-10,4.708
180306.SZ,2026-08-11,4.664
180306.SZ,2026-08-12,4.59
180306.SZ,2026-08-13,4.561
180306.SZ,2026-08-14,4.571
180306.SZ,2026-08-17,4.587
180306.SZ,2026-08-18,4.594
180306.SZ,2026-08-19,4.6
180306.SZ,2026-08-20,4.644
180306.SZ,2026-08-21,4.648
180306.SZ,2026-08-24,4.656
180306.SZ,2026-08-25,4.656
180306.SZ,2026-08-26,4.672
180306.SZ,2026-08-27,4.671
180306.SZ,2026-08-28,4.69
180306.SZ,2026-08-31,4.677
180306.SZ,2026-09-01,4.612
180306.SZ,2026-09-02,4.58
180306.SZ,2026-09-03,4.562
180306.SZ,2026-09-04,4.583
180306.SZ,2026-09-07,4.549
180306.SZ,2026-09-08,4.534
180306.SZ,2026-09-09,4.527
180306.SZ,2026-09-10,4.53
180306.SZ,2026-09-11,4.502
180306.SZ,2026-09-14,4.463
180306.SZ,2026-09-15,4.457
180306.SZ,2026-09-16,4.467
180306.SZ,2026-09-17,4.59
180306.SZ,2026-09-18,4.554
180306.SZ,2026-09-21,4.572
180306.SZ,2026-09-22,4.566
180306.SZ,2026-09-23,4.59
180306.SZ,2026-09-24,4.598
180306.SZ,2026-09-28,4.61
180306.SZ,2026-09-29,4.58
180306.SZ,2026-09-30,4.592
180501.SZ,2022-08-31,3.229
180501.SZ,2022-09-01,3.406
180501.SZ,2022-09-02,3.407
180501.SZ,2022-09-05,3.395
180501.SZ,2022-09-06,3.404
180501.SZ,2022-09-07,3.416
180501.SZ,2022-09-08,3.428
180501.SZ,2022-09-09,3.427
180501.SZ,2022-09-13,3.423
180501.SZ,2022-09-14,3.418
180501.SZ,2022-09-15,3.413
180501.SZ,2022-09-16,3.398
180501.SZ,2022-09-19,3.393
180501.SZ,2022-09-20,3.389
180501.SZ,2022-09-21,3.39
180501.SZ,2022-09-22,3.394
180501.SZ,2022-09-23,3.395
180501.SZ,2022-09-26,3.392
180501.SZ,2022-09-27,3.388
180501.SZ,2022-09-28,3.4
180501.SZ,2022-09-29,3.385
180501.SZ,2022-09-30,3.381
180501.SZ,2022-10-10,3.326
180501.SZ,2022-10-11,3.276
180501.SZ,2022-10-12,3.277
180501.SZ,2022-10-13,3.273
180501.SZ,2022-10-14,3.276
180501.SZ,2022-10-17,3.272
180501.SZ,2022-10-18,3.272
180501.SZ,2022-10-19,3.268
180501.SZ,2022-10-20,3.264
180501.SZ,2022-10-21,3.253
180501.SZ,2022-10-24,3.218
180501.SZ,2022-10-25,3.168
180501.SZ,2022-10-26,3.192
180501.SZ,2022-10-27,3.208
180501.SZ,2022-10-28,3.208
180501.SZ,2022-10-31,3.222
180501.SZ,2022-11-01,3.233
180501.SZ,2022-11-02,3.241
180501.SZ,2022-11-03,3.248
180501.SZ,2022-11-04,3.329
180501.SZ,2022-11-07,3.29
180501.SZ,2022-11-08,3.269
180501.SZ,2022-11-09,3.251
180501.SZ,2022-11-10,3.229
180501.SZ,2022-11-11,3.257
180501.SZ,2022-11-14,3.238
180501.SZ,2022-11-15,3.235
180501.SZ,2022-11-16,3.2
180501.SZ,2022-11-17,3.123
180501.SZ,2022-11-18,3.1
180501.SZ,2022-11-21,3.103
180501.SZ,2022-11-22,3.084
180501.SZ,2022-11-23,3.074
180501.SZ,2022-11-24,3.05
180501.SZ,2022-11-25,3.045
180501.SZ,2022-11-28,3.017
180501.SZ,2022-11-29,3.031
180501.SZ,2022-11-30,3.028
180501.SZ,2022-12-01,3.031
180501.SZ,2022-12-02,3.06
180501.SZ,2022-12-05,3.1
180501.SZ,2022-12-06,3.101
180501.SZ,2022-12-07,3.09
180501.SZ,2022-12-08,3.085
180501.SZ,2022-12-09,3.073
180501.SZ,2022-12-12,3.056
180501.SZ,2022-12-13,3.033
180501.SZ,2022-12-14,3.02
180501.SZ,2022-12-15,3.022
180501.SZ,2022-12-16,3.008
180501.SZ,2022-12-19,2.996
180501.SZ,2022-12-20,2.925
180501.SZ,2022-12-21,2.899
180501.SZ,2022-12-22,2.9
180501.SZ,2022-12-23,2.91
180501.SZ,2022-12-26,2.894
180501.SZ,2022-12-27,2.857
180501.SZ,2022-12-28,2.807
180501.SZ,2022-12-29,2.756
180501.SZ,2022-12-30,2.719
180501.SZ,2023-01-03,2.687
180501.SZ,2023-01-04,2.682
180501.SZ,2023-01-05,2.69
180501.SZ,2023-01-06,2.718
180501.SZ,2023-01-09,2.747
180501.SZ,2023-01-10,2.748
180501.SZ,2023-01-11,2.747
180501.SZ,2023-01-12,2.743
180501.SZ,2023-01-13,2.739
180501.SZ,2023-01-16,2.728
180501.SZ,2023-01-17,2.705
180501.SZ,2023-01-18,2.702
180501.SZ,2023-01-19,2.702
180501.SZ,2023-01-20,2.732
180501.SZ,2023-01-30,2.769
180501.SZ,2023-01-31,2.857
180501.SZ,2023-02-01,2.937
180501.SZ,2023-02-02,2.932
180501.SZ,2023-02-03,2.907
180501.SZ,2023-02-06,2.91
180501.SZ,2023-02-07,2.884
180501.SZ,2023-02-08,2.875
180501.SZ,2023-02-09,2.868
180501.SZ,2023-02-10,2.871
180501.SZ,2023-02-13,2.893
180501.SZ,2023-02-14,2.956
180501.SZ,2023-02-15,2.97
180501.SZ,2023-02-16,2.926
180501.SZ,2023-02-17,2.933
180501.SZ,2023-02-20,2.931
180501.SZ,2023-02-21,2.939
180501.SZ,2023-02-22,2.938
180501.SZ,2023-02-23,2.929
180501.SZ,2023-02-24,2.888
180501.SZ,2023-02-27,2.89
180501.SZ,2023-02-28,2.883
180501.SZ,2023-03-01,2.888
180501.SZ,2023-03-02,2.89
180501.SZ,2023-03-03,2.889
180501.SZ,2023-03-06,2.878
180501.SZ,2023-03-07,2.872
180501.SZ,2023-03-08,2.846
180501.SZ,2023-03-09,2.857
180501.SZ,2023-03-10,2.864
180501.SZ,2023-03-13,2.897
180501.SZ,2023-03-14,2.901
180501.SZ,2023-03-15,2.876
180501.SZ,2023-03-16,2.87
180501.SZ,2023-03-17,2.856
180501.SZ,2023-03-20,2.839
180501.SZ,2023-03-21,2.828
180501.SZ,2023-03-22,2.818
180501.SZ,2023-03-23,2.819
180501.SZ,2023-03-24,2.818
180501.SZ,2023-03-27,2.814
180501.SZ,2023-03-28,2.784
180501.SZ,2023-03-29,2.775
180501.SZ,2023-03-30,2.765
180501.SZ,2023-03-31,2.785
180501.SZ,2023-04-03,2.778
180501.SZ,2023-04-04,2.784
180501.SZ,2023-04-06,2.755
180501.SZ,2023-04-07,2.779
180501.SZ,2023-04-10,2.773
180501.SZ,2023-04-11,2.765
180501.SZ,2023-04-12,2.761
180501.SZ,2023-04-13,2.752
180501.SZ,2023-04-14,2.751
180501.SZ,2023-04-17,2.763
180501.SZ,2023-04-18,2.787
180501.SZ,2023-04-19,2.786
180501.SZ,2023-04-20,2.785
180501.SZ,2023-04-21,2.791
180501.SZ,2023-04-24,2.813
180501.SZ,2023-04-25,2.814
180501.SZ,2023-04-26,2.711
180501.SZ,2023-04-27,2.677
180501.SZ,2023-04-28,2.664
180501.SZ,2023-05-04,2.612
180501.SZ,2023-05-05,2.554
180501.SZ,2023-05-08,2.532
180501.SZ,2023-05-09,2.575
180501.SZ,2023-05-10,2.66
180501.SZ,2023-05-11,2.681
180501.SZ,2023-05-12,2.656
180501.SZ,2023-05-15,2.63
180501.SZ,2023-05-16,2.629
180501.SZ,2023-05-17,2.656
180501.SZ,2023-05-18,2.643
180501.SZ,2023-05-19,2.623
180501.SZ,2023-05-22,2.617
180501.SZ,2023-05-23,2.607
180501.SZ,2023-05-24,2.592
180501.SZ,2023-05-25,2.572
180501.SZ,2023-05-26,2.56
180501.SZ,2023-05-29,2.571
180501.SZ,2023-05-30,2.559
180501.SZ,2023-05-31,2.541
180501.SZ,2023-06-01,2.521
180501.SZ,2023-06-02,2.519
180501.SZ,2023-06-05,2.457
180501.SZ,2023-06-06,2.419
180501.SZ,2023-06-07,2.425
180501.SZ,2023-06-08,2.499
180501.SZ,2023-06-09,2.518
180501.SZ,2023-06-12,2.51
180501.SZ,2023-06-13,2.506
180501.SZ,2023-06-14,2.516
180501.SZ,2023-06-15,2.524
180501.SZ,2023-06-16,2.537
180501.SZ,2023-06-19,2.54
180501.SZ,2023-06-20,2.548
180501.SZ,2023-06-21,2.544
180501.SZ,2023-06-26,2.517
180501.SZ,2023-06-27,2.555
180501.SZ,2023-06-28,2.542
180501.SZ,2023-06-29,2.535
180501.SZ,2023-06-30,2.543
180501.SZ,2023-07-03,2.532
180501.SZ,2023-07-04,2.536
180501.SZ,2023-07-05,2.52
180501.SZ,2023-07-06,2.542
180501.SZ,2023-07-07,2.585
180501.SZ,2023-07-10,2.58
180501.SZ,2023-07-11,2.577
180501.SZ,2023-07-12,2.565
180501.SZ,2023-07-13,2.573
180501.SZ,2023-07-14,2.577
180501.SZ,2023-07-17,2.62
180501.SZ,2023-07-18,2.696
180501.SZ,2023-07-19,2.675
180501.SZ,2023-07-20,2.655
180501.SZ,2023-07-21,2.677
180501.SZ,2023-07-24,2.671
180501.SZ,2023-07-25,2.676
180501.SZ,2023-07-26,2.683
180501.SZ,2023-07-27,2.672
180501.SZ,2023-07-28,2.681
180501.SZ,2023-07-31,2.681
180501.SZ,2023-08-01,2.68
180501.SZ,2023-08-02,2.681
180501.SZ,2023-08-03,2.667
180501.SZ,2023-08-04,2.67
180501.SZ,2023-08-07,2.686
180501.SZ,2023-08-08,2.712
180501.SZ,2023-08-09,2.7
180501.SZ,2023-08-10,2.699
180501.SZ,2023-08-11,2.686
180501.SZ,2023-08-14,2.67
180501.SZ,2023-08-15,2.673
180501.SZ,2023-08-16,2.673
180501.SZ,2023-08-17,2.678
180501.SZ,2023-08-18,2.683
180501.SZ,2023-08-21,2.681
180501.SZ,2023-08-22,2.656
180501.SZ,2023-08-23,2.648
180501.SZ,2023-08-24,2.667
180501.SZ,2023-08-25,2.675
180501.SZ,2023-08-28,2.686
180501.SZ,2023-08-29,2.68
180501.SZ,2023-08-30,2.683
180501.SZ,2023-08-31,2.662
180501.SZ,2023-09-01,2.646
180501.SZ,2023-09-04,2.621
180501.SZ,2023-09-05,2.633
180501.SZ,2023-09-06,2.647
180501.SZ,2023-09-07,2.664
180501.SZ,2023-09-08,2.675
180501.SZ,2023-09-11,2.693
180501.SZ,2023-09-12,2.709
180501.SZ,2023-09-13,2.691
180501.SZ,2023-09-14,2.692
180501.SZ,2023-09-15,2.679
180501.SZ,2023-09-18,2.668
180501.SZ,2023-09-19,2.674
180501.SZ,2023-09-20,2.69
180501.SZ,2023-09-21,2.687
180501.SZ,2023-09-22,2.635
180501.SZ,2023-09-25,2.641
180501.SZ,2023-09-26,2.639
180501.SZ,2023-09-27,2.639
180501.SZ,2023-09-28,2.631
180501.SZ,2023-10-09,2.619
180501.SZ,2023-10-10,2.61
180501.SZ,2023-10-11,2.603
180501.SZ,2023-10-12,2.61
180501.SZ,2023-10-13,2.604
180501.SZ,2023-10-16,2.603
180501.SZ,2023-10-17,2.567
180501.SZ,2023-10-18,2.533
180501.SZ,2023-10-19,2.522
180501.SZ,2023-10-20,2.496
180501.SZ,2023-10-23,2.472
180501.SZ,2023-10-24,2.53
180501.SZ,2023-10-25,2.551
180501.SZ,2023-10-26,2.533
180501.SZ,2023-10-27,2.522
180501.SZ,2023-10-30,2.512
180501.SZ,2023-10-31,2.5
180501.SZ,2023-11-01,2.494
180501.SZ,2023-11-02,2.482
180501.SZ,2023-11-03,2.489
180501.SZ,2023-11-06,2.498
180501.SZ,2023-11-07,2.491
180501.SZ,2023-11-08,2.503
180501.SZ,2023-11-09,2.523
180501.SZ,2023-11-10,2.528
180501.SZ,2023-11-13,2.519
180501.SZ,2023-11-14,2.52
180501.SZ,2023-11-15,2.51
180501.SZ,2023-11-16,2.51
180501.SZ,2023-11-17,2.52
180501.SZ,2023-11-20,2.523
180501.SZ,2023-11-21,2.525
180501.SZ,2023-11-22,2.525
180501.SZ,2023-11-23,2.528
180501.SZ,2023-11-24,2.53
180501.SZ,2023-11-27,2.481
180501.SZ,2023-11-28,2.479
180501.SZ,2023-11-29,2.477
180501.SZ,2023-11-30,2.544
180501.SZ,2023-12-01,2.545
180501.SZ,2023-12-04,2.536
180501.SZ,2023-12-05,2.515
180501.SZ,2023-12-06,2.491
180501.SZ,2023-12-07,2.469
180501.SZ,2023-12-08,2.432
180501.SZ,2023-12-11,2.407
180501.SZ,2023-12-12,2.405
180501.SZ,2023-12-13,2.394
180501.SZ,2023-12-14,2.38
180501.SZ,2023-12-15,2.4
180501.SZ,2023-12-18,2.43
180501.SZ,2023-12-19,2.388
180501.SZ,2023-12-20,2.395
180501.SZ,2023-12-21,2.419
180501.SZ,2023-12-22,2.453
180501.SZ,2023-12-25,2.466
180501.SZ,2023-12-26,2.453
180501.SZ,2023-12-27,2.435
180501.SZ,2023-12-28,2.456
180501.SZ,2023-12-29,2.49
180501.SZ,2024-01-02,2.468
180501.SZ,2024-01-03,2.468
180501.SZ,2024-01-04,2.447
180501.SZ,2024-01-05,2.44
180501.SZ,2024-01-08,2.397
180501.SZ,2024-01-09,2.34
180501.SZ,2024-01-10,2.254
180501.SZ,2024-01-11,2.24
180501.SZ,2024-01-12,2.215
180501.SZ,2024-01-15,2.267
180501.SZ,2024-01-16,2.319
180501.SZ,2024-01-17,2.396
180501.SZ,2024-01-18,2.369
180501.SZ,2024-01-19,2.375
180501.SZ,2024-01-22,2.326
180501.SZ,2024-01-23,2.334
180501.SZ,2024-01-24,2.349
180501.SZ,2024-01-25,2.355
180501.SZ,2024-01-26,2.35
180501.SZ,2024-01-29,2.35
180501.SZ,2024-01-30,2.342
180501.SZ,2024-01-31,2.339
180501.SZ,2024-02-01,2.32
180501.SZ,2024-02-02,2.316
180501.SZ,2024-02-05,2.276
180501.SZ,2024-02-06,2.301
180501.SZ,2024-02-07,2.313
180501.SZ,2024-02-08,2.33
180501.SZ,2024-02-19,2.45
180501.SZ,2024-02-20,2.465
180501.SZ,2024-02-21,2.464
180501.SZ,2024-02-22,2.485
180501.SZ,2024-02-23,2.528
180501.SZ,2024-02-26,2.587
180501.SZ,2024-02-27,2.551
180501.SZ,2024-02-28,2.525
180501.SZ,2024-02-29,2.55
180501.SZ,2024-03-01,2.599
180501.SZ,2024-03-04,2.66
180501.SZ,2024-03-05,2.64
180501.SZ,2024-03-06,2.585
180501.SZ,2024-03-07,2.559
180501.SZ,2024-03-08,2.591
180501.SZ,2024-03-11,2.6
180501.SZ,2024-03-12,2.584
180501.SZ,2024-03-13,2.576
180501.SZ,2024-03-14,2.587
180501.SZ,2024-03-15,2.574
180501.SZ,2024-03-18,2.58
180501.SZ,2024-03-19,2.59
180501.SZ,2024-03-20,2.563
180501.SZ,2024-03-21,2.55
180501.SZ,2024-03-22,2.497
180501.SZ,2024-03-25,2.458
180501.SZ,2024-03-26,2.47
180501.SZ,2024-03-27,2.534
180501.SZ,2024-03-28,2.514
180501.SZ,2024-03-29,2.509
180501.SZ,2024-04-01,2.514
180501.SZ,2024-04-02,2.514
180501.SZ,2024-04-03,2.525
180501.SZ,2024-04-08,2.482
180501.SZ,2024-04-09,2.485
180501.SZ,2024-04-10,2.485
180501.SZ,2024-04-11,2.544
180501.SZ,2024-04-12,2.54
180501.SZ,2024-04-15,2.512
180501.SZ,2024-04-16,2.502
180501.SZ,2024-04-17,2.523
180501.SZ,2024-04-18,2.516
180501.SZ,2024-04-19,2.511
180501.SZ,2024-04-22,2.52
180501.SZ,2024-04-23,2.551
180501.SZ,2024-04-24,2.57
180501.SZ,2024-04-25,2.589
180501.SZ,2024-04-26,2.597
180501.SZ,2024-04-29,2.592
180501.SZ,2024-04-30,2.586
180501.SZ,2024-05-06,2.577
180501.SZ,2024-05-07,2.599
180501.SZ,2024-05-08,2.601
180501.SZ,2024-05-09,2.6
180501.SZ,2024-05-10,2.6
180501.SZ,2024-05-13,2.6
180501.SZ,2024-05-14,2.606
180501.SZ,2024-05-15,2.596
180501.SZ,2024-05-16,2.597
180501.SZ,2024-05-17,2.635
180501.SZ,2024-05-20,2.63
180501.SZ,2024-05-21,2.598
180501.SZ,2024-05-22,2.6
180501.SZ,2024-05-23,2.599
180501.SZ,2024-05-24,2.618
180501.SZ,2024-05-27,2.607
180501.SZ,2024-05-28,2.6
180501.SZ,2024-05-29,2.607
180501.SZ,2024-05-30,2.61
180501.SZ,2024-05-31,2.61
180501.SZ,2024-06-03,2.66
180501.SZ,2024-06-04,2.66
180501.SZ,2024-06-05,2.673
180501.SZ,2024-06-06,2.676
180501.SZ,2024-06-07,2.675
180501.SZ,2024-06-11,2.67
180501.SZ,2024-06-12,2.67
180501.SZ,2024-06-13,2.734
180501.SZ,2024-06-14,2.758
180501.SZ,2024-06-17,2.76
180501.SZ,2024-06-18,2.763
180501.SZ,2024-06-19,2.758
180501.SZ,2024-06-20,2.75
180501.SZ,2024-06-21,2.75
180501.SZ,2024-06-24,2.752
180501.SZ,2024-06-25,2.756
180501.SZ,2024-06-26,2.762
180501.SZ,2024-06-27,2.818
180501.SZ,2024-06-28,2.818
180501.SZ,2024-07-01,2.817
180501.SZ,2024-07-02,2.857
180501.SZ,2024-07-03,2.886
180501.SZ,2024-07-04,2.866
180501.SZ,2024-07-05,2.872
180501.SZ,2024-07-08,2.851
180501.SZ,2024-07-09,2.82
180501.SZ,2024-07-10,2.82
180501.SZ,2024-07-11,2.81
180501.SZ,2024-07-12,2.824
180501.SZ,2024-07-15,2.905
180501.SZ,2024-07-16,2.921
180501.SZ,2024-07-17,2.92
180501.SZ,2024-07-18,2.933
180501.SZ,2024-07-19,2.932
180501.SZ,2024-07-22,2.917
180501.SZ,2024-07-23,2.938
180501.SZ,2024-07-24,2.97
180501.SZ,2024-07-25,2.998
180501.SZ,2024-07-26,3.049
180501.SZ,2024-07-29,2.999
180501.SZ,2024-07-30,2.999
180501.SZ,2024-07-31,2.996
180501.SZ,2024-08-01,2.973
180501.SZ,2024-08-02,3.041
180501.SZ,2024-08-05,3.098
180501.SZ,2024-08-06,3.08
180501.SZ,2024-08-07,3.161
180501.SZ,2024-08-08,3.115
180501.SZ,2024-08-09,3.084
180501.SZ,2024-08-12,3.013
180501.SZ,2024-08-13,3.027
180501.SZ,2024-08-14,3.08
180501.SZ,2024-08-15,3.04
180501.SZ,2024-08-16,3.042
180501.SZ,2024-08-19,3.017
180501.SZ,2024-08-20,2.969
180501.SZ,2024-08-21,2.906
180501.SZ,2024-08-22,3.005
180501.SZ,2024-08-23,3.028
180501.SZ,2024-08-26,3.025
180501.SZ,2024-08-27,3.003
180501.SZ,2024-08-28,3.028
180501.SZ,2024-08-29,3.001
180501.SZ,2024-08-30,2.945
180501.SZ,2024-09-02,2.967
180501.SZ,2024-09-03,2.94
180501.SZ,2024-09-04,2.939
180501.SZ,2024-09-05,2.951
180501.SZ,2024-09-06,2.968
180501.SZ,2024-09-09,2.991
180501.SZ,2024-09-10,2.98
180501.SZ,2024-09-11,2.941
180501.SZ,2024-09-12,2.935
180501.SZ,2024-09-13,2.932
180501.SZ,2024-09-18,2.913
180501.SZ,2024-09-19,2.909
180501.SZ,2024-09-20,2.899
180501.SZ,2024-09-23,2.896
180501.SZ,2024-09-24,2.921
180501.SZ,2024-09-25,2.963
180501.SZ,2024-09-26,3.0
180501.SZ,2024-09-27,2.953
180501.SZ,2024-09-30,2.9
180501.SZ,2024-10-08,2.859
180501.SZ,2024-10-09,2.811
180501.SZ,2024-10-10,2.783
180501.SZ,2024-10-11,2.85
180501.SZ,2024-10-14,2.825
180501.SZ,2024-10-15,2.787
180501.SZ,2024-10-16,2.771
180501.SZ,2024-10-17,2.836
180501.SZ,2024-10-18,2.846
180501.SZ,2024-10-21,2.843
180501.SZ,2024-10-22,2.826
180501.SZ,2024-10-23,2.807
180501.SZ,2024-10-24,2.793
180501.SZ,2024-10-25,2.795
180501.SZ,2024-10-28,2.819
180501.SZ,2024-10-29,2.82
180501.SZ,2024-10-30,2.801
180501.SZ,2024-10-31,2.783
180501.SZ,2024-11-01,2.741
180501.SZ,2024-11-04,2.787
180501.SZ,2024-11-05,2.799
180501.SZ,2024-11-06,2.783
180501.SZ,2024-11-07,2.774
180501.SZ,2024-11-08,2.802
180501.SZ,2024-11-11,2.863
180501.SZ,2024-11-12,2.932
180501.SZ,2024-11-13,2.935
180501.SZ,2024-11-14,2.9
180501.SZ,2024-11-15,2.866
180501.SZ,2024-11-18,2.832
180501.SZ,2024-11-19,2.821
180501.SZ,2024-11-20,2.83
180501.SZ,2024-11-21,2.826
180501.SZ,2024-11-22,2.825
180501.SZ,2024-11-25,2.826
180501.SZ,2024-11-26,2.824
180501.SZ,2024-11-27,2.832
180501.SZ,2024-11-28,2.838
180501.SZ,2024-11-29,2.859
180501.SZ,2024-12-02,2.871
180501.SZ,2024-12-03,2.9
180501.SZ,2024-12-04,2.898
180501.SZ,2024-12-05,2.881
180501.SZ,2024-12-06,2.873
180501.SZ,2024-12-09,2.918
180501.SZ,2024-12-10,3.056
180501.SZ,2024-12-11,3.129
180501.SZ,2024-12-12,3.14
180501.SZ,2024-12-13,3.189
180501.SZ,2024-12-16,3.331
180501.SZ,2024-12-17,3.275
180501.SZ,2024-12-18,3.199
180501.SZ,2024-12-19,3.211
180501.SZ,2024-12-20,3.27
180501.SZ,2024-12-23,3.28
180501.SZ,2024-12-24,3.261
180501.SZ,2024-12-25,3.252
180501.SZ,2024-12-26,3.275
180501.SZ,2024-12-27,3.299
180501.SZ,2024-12-30,3.36
180501.SZ,2024-12-31,3.31
180501.SZ,2025-01-02,3.412
180501.SZ,2025-01-03,3.464
180501.SZ,2025-01-06,3.462
180501.SZ,2025-01-07,3.399
180501.SZ,2025-01-08,3.41
180501.SZ,2025-01-09,3.483
180501.SZ,2025-01-10,3.499
180501.SZ,2025-01-13,3.443
180501.SZ,2025-01-14,3.42
180501.SZ,2025-01-15,3.484
180501.SZ,2025-01-16,3.49
180501.SZ,2025-01-17,3.55
180501.SZ,2025-01-20,3.63
180501.SZ,2025-01-21,3.61
180501.SZ,2025-01-22,3.68
180501.SZ,2025-01-23,3.669
180501.SZ,2025-01-24,3.626
180501.SZ,2025-01-27,3.667
180501.SZ,2025-02-05,3.689
180501.SZ,2025-02-06,3.658
180501.SZ,2025-02-07,3.657
180501.SZ,2025-02-10,3.591
180501.SZ,2025-02-11,3.61
180501.SZ,2025-02-12,3.615
180501.SZ,2025-02-13,3.542
180501.SZ,2025-02-14,3.555
180501.SZ,2025-02-17,3.553
180501.SZ,2025-02-18,3.552
180501.SZ,2025-02-19,3.526
180501.SZ,2025-02-20,3.488
180501.SZ,2025-02-21,3.454
180501.SZ,2025-02-24,3.409
180501.SZ,2025-02-25,3.37
180501.SZ,2025-02-26,3.428
180501.SZ,2025-02-27,3.423
180501.SZ,2025-02-28,3.438
180501.SZ,2025-03-03,3.54
180501.SZ,2025-03-04,3.541
180501.SZ,2025-03-05,3.54
180501.SZ,2025-03-06,3.462
180501.SZ,2025-03-07,3.437
180501.SZ,2025-03-10,3.418
180501.SZ,2025-03-11,3.374
180501.SZ,2025-03-12,3.373
180501.SZ,2025-03-13,3.375
180501.SZ,2025-03-14,3.366
180501.SZ,2025-03-17,3.327
180501.SZ,2025-03-18,3.341
180501.SZ,2025-03-19,3.37
180501.SZ,2025-03-20,3.384
180501.SZ,2025-03-21,3.37
180501.SZ,2025-03-24,3.402
180501.SZ,2025-03-25,3.435
180501.SZ,2025-03-26,3.448
180501.SZ,2025-03-27,3.454
180501.SZ,2025-03-28,3.509
180501.SZ,2025-03-31,3.488
180501.SZ,2025-04-01,3.482
180501.SZ,2025-04-02,3.482
180501.SZ,2025-04-03,3.617
180501.SZ,2025-04-07,3.701
180501.SZ,2025-04-08,3.63
180501.SZ,2025-04-09,3.61
180501.SZ,2025-04-10,3.666
180501.SZ,2025-04-11,3.625
180501.SZ,2025-04-14,3.628
180501.SZ,2025-04-15,3.69
180501.SZ,2025-04-16,3.687
180501.SZ,2025-04-17,3.704
180501.SZ,2025-04-18,3.672
180501.SZ,2025-04-21,3.631
180501.SZ,2025-04-22,3.644
180501.SZ,2025-04-23,3.612
180501.SZ,2025-04-24,3.602
180501.SZ,2025-04-25,3.617
180501.SZ,2025-04-28,3.581
180501.SZ,2025-04-29,3.604
180501.SZ,2025-04-30,3.627
180501.SZ,2025-05-06,3.674
180501.SZ,2025-05-07,3.657
180501.SZ,2025-05-08,3.667
180501.SZ,2025-05-09,3.687
180501.SZ,2025-05-12,3.705
180501.SZ,2025-05-13,3.69
180501.SZ,2025-05-14,3.672
180501.SZ,2025-05-15,3.653
180501.SZ,2025-05-16,3.7
180501.SZ,2025-05-19,3.713
180501.SZ,2025-05-20,3.795
180501.SZ,2025-05-21,3.78
180501.SZ,2025-05-22,3.758
180501.SZ,2025-05-23,3.758
180501.SZ,2025-05-26,3.75
180501.SZ,2025-05-27,3.754
180501.SZ,2025-05-28,3.741
180501.SZ,2025-05-29,3.724
180501.SZ,2025-05-30,3.733
180501.SZ,2025-06-03,3.739
180501.SZ,2025-06-04,3.735
180501.SZ,2025-06-05,3.75
180501.SZ,2025-06-06,3.75
180501.SZ,2025-06-09,3.768
180501.SZ,2025-06-10,3.805
180501.SZ,2025-06-11,3.791
180501.SZ,2025-06-12,3.788
180501.SZ,2025-06-13,3.881
180501.SZ,2025-06-16,3.894
180501.SZ,2025-06-17,3.976
180501.SZ,2025-06-18,4.099
180501.SZ,2025-06-19,4.09
180501.SZ,2025-06-20,4.159
180501.SZ,2025-06-23,4.101
180501.SZ,2025-06-24,4.108
180501.SZ,2025-06-25,4.103
180501.SZ,2025-06-26,4.091
180501.SZ,2025-06-27,3.97
180501.SZ,2025-06-30,3.948
180501.SZ,2025-07-01,3.93
180501.SZ,2025-07-02,3.995
180501.SZ,2025-07-03,3.986
180501.SZ,2025-07-04,3.985
180501.SZ,2025-07-07,3.958
180501.SZ,2025-07-08,3.899
180501.SZ,2025-07-09,3.869
180501.SZ,2025-07-10,3.85
180501.SZ,2025-07-11,3.835
180501.SZ,2025-07-14,3.837
180501.SZ,2025-07-15,3.88
180501.SZ,2025-07-16,3.875
180501.SZ,2025-07-17,3.915
180501.SZ,2025-07-18,3.892
180501.SZ,2025-07-21,3.86
180501.SZ,2025-07-22,3.837
180501.SZ,2025-07-23,3.791
180501.SZ,2025-07-24,3.778
180501.SZ,2025-07-25,3.763
180501.SZ,2025-07-28,3.82
180501.SZ,2025-07-29,3.813
180501.SZ,2025-07-30,3.843
180501.SZ,2025-07-31,3.939
180501.SZ,2025-08-01,3.915
180501.SZ,2025-08-04,3.875
180501.SZ,2025-08-05,3.874
180501.SZ,2025-08-06,3.871
180501.SZ,2025-08-07,3.886
180501.SZ,2025-08-08,3.87
180501.SZ,2025-08-11,3.872
180501.SZ,2025-08-12,3.853
180501.SZ,2025-08-13,3.82
180501.SZ,2025-08-14,3.809
180501.SZ,2025-08-15,3.761
180501.SZ,2025-08-18,3.656
180501.SZ,2025-08-19,3.614
180501.SZ,2025-08-20,3.589
180501.SZ,2025-08-21,3.576
180501.SZ,2025-08-22,3.584
180501.SZ,2025-08-25,3.56
180501.SZ,2025-08-26,3.609
180501.SZ,2025-08-27,3.658
180501.SZ,2025-08-28,3.628
180501.SZ,2025-08-29,3.6
180501.SZ,2025-09-01,3.537
180501.SZ,2025-09-02,3.554
180501.SZ,2025-09-03,3.529
180501.SZ,2025-09-04,3.628
180501.SZ,2025-09-05,3.579
180501.SZ,2025-09-08,3.54
180501.SZ,2025-09-09,3.557
180501.SZ,2025-09-10,3.531
180501.SZ,2025-09-11,3.531
180501.SZ,2025-09-12,3.544
180501.SZ,2025-09-15,3.534
180501.SZ,2025-09-16,3.524
180501.SZ,2025-09-17,3.524
180501.SZ,2025-09-18,3.562
180501.SZ,2025-09-19,3.559
180501.SZ,2025-09-22,3.539
180501.SZ,2025-09-23,3.54
180501.SZ,2025-09-24,3.52
180501.SZ,2025-09-25,3.52
180501.SZ,2025-09-26,3.521
180501.SZ,2025-09-29,3.521
180501.SZ,2025-09-30,3.52
180501.SZ,2025-10-09,3.5
180501.SZ,2025-10-10,3.458
180501.SZ,2025-10-13,3.453
180501.SZ,2025-10-14,3.435
180501.SZ,2025-10-15,3.419
180501.SZ,2025-10-16,3.404
180501.SZ,2025-10-17,3.351
180501.SZ,2025-10-20,3.281
180501.SZ,2025-10-21,3.284
180501.SZ,2025-10-22,3.315
180501.SZ,2025-10-23,3.328
180501.SZ,2025-10-24,3.424
180501.SZ,2025-10-27,3.394
180501.SZ,2025-10-28,3.48
180501.SZ,2025-10-29,3.52
180501.SZ,2025-10-30,3.529
180501.SZ,2025-10-31,3.547
180501.SZ,2025-11-03,3.536
180501.SZ,2025-11-04,3.483
180501.SZ,2025-11-05,3.53
180501.SZ,2025-11-06,3.513
180501.SZ,2025-11-07,3.541
180501.SZ,2025-11-10,3.594
180501.SZ,2025-11-11,3.597
180501.SZ,2025-11-12,3.577
180501.SZ,2025-11-13,3.583
180501.SZ,2025-11-14,3.582
180501.SZ,2025-11-17,3.577
180501.SZ,2025-11-18,3.56
180501.SZ,2025-11-19,3.533
180501.SZ,2025-11-20,3.543
180501.SZ,2025-11-21,3.512
180501.SZ,2025-11-24,3.49
180501.SZ,2025-11-25,3.523
180501.SZ,2025-11-26,3.537
180501.SZ,2025-11-27,3.532
180501.SZ,2025-11-28,3.521
180501.SZ,2025-12-01,3.505
180501.SZ,2025-12-02,3.484
180501.SZ,2025-12-03,3.503
180501.SZ,2025-12-04,3.5
180501.SZ,2025-12-05,3.474
180501.SZ,2025-12-08,3.477
180501.SZ,2025-12-09,3.479
180501.SZ,2025-12-10,3.499
180501.SZ,2025-12-11,3.505
180501.SZ,2025-12-12,3.528
180501.SZ,2025-12-15,3.481
180501.SZ,2025-12-16,3.457
180501.SZ,2025-12-17,3.429
180501.SZ,2025-12-18,3.433
180501.SZ,2025-12-19,3.405
180501.SZ,2025-12-22,3.393
180501.SZ,2025-12-23,3.359
180501.SZ,2025-12-24,3.491
180501.SZ,2025-12-25,3.566
180501.SZ,2025-12-26,3.562
180501.SZ,2025-12-29,3.507
180501.SZ,2025-12-30,3.533
180501.SZ,2025-12-31,3.529
180501.SZ,2026-01-05,3.519
180501.SZ,2026-01-06,3.534
180501.SZ,2026-01-07,3.537
180501.SZ,2026-01-08,3.54
180501.SZ,2026-01-09,3.49
180501.SZ,2026-01-12,3.474
180501.SZ,2026-01-13,3.42
180501.SZ,2026-01-14,3.395
180501.SZ,2026-01-15,3.377
180501.SZ,2026-01-16,3.394
180501.SZ,2026-01-19,3.382
180501.SZ,2026-01-20,3.464
180501.SZ,2026-01-21,3.505
180501.SZ,2026-01-22,3.53
180501.SZ,2026-01-23,3.567
180501.SZ,2026-01-26,3.565
180501.SZ,2026-01-27,3.547
180501.SZ,2026-01-28,3.545
180501.SZ,2026-01-29,3.559
180501.SZ,2026-01-30,3.559
180501.SZ,2026-02-02,3.535
180501.SZ,2026-02-03,3.541
180501.SZ,2026-02-04,3.54
180501.SZ,2026-02-05,3.545
180501.SZ,2026-02-06,3.547
180501.SZ,2026-02-09,3.53
180501.SZ,2026-02-10,3.525
180501.SZ,2026-02-11,3.546
180501.SZ,2026-02-12,3.545
180501.SZ,2026-02-13,3.572
180501.SZ,2026-02-24,3.561
180501.SZ,2026-02-25,3.54
180501.SZ,2026-02-26,3.51
180501.SZ,2026-02-27,3.468
180501.SZ,2026-03-02,3.406
180501.SZ,2026-03-03,3.414
180501.SZ,2026-03-04,3.4
180501.SZ,2026-03-05,3.39
180501.SZ,2026-03-06,3.37
180501.SZ,2026-03-09,3.362
180501.SZ,2026-03-10,3.385
180501.SZ,2026-03-11,3.391
180501.SZ,2026-03-12,3.397
180501.SZ,2026-03-13,3.383
180501.SZ,2026-03-16,3.318
180501.SZ,2026-03-17,3.326
180501.SZ,2026-03-18,3.4
180501.SZ,2026-03-19,3.443
180501.SZ,2026-03-20,3.427
180501.SZ,2026-03-23,3.38
180501.SZ,2026-03-24,3.38
180501.SZ,2026-03-25,3.372
180501.SZ,2026-03-26,3.364
180501.SZ,2026-03-27,3.376
180501.SZ,2026-03-30,3.375
180501.SZ,2026-03-31,3.37
180501.SZ,2026-04-01,3.372
180501.SZ,2026-04-02,3.369
180501.SZ,2026-04-03,3.407
180501.SZ,2026-04-07,3.408
180501.SZ,2026-04-08,3.438
180501.SZ,2026-04-09,3.453
180501.SZ,2026-04-10,3.435
180501.SZ,2026-04-13,3.391
180501.SZ,2026-04-14,3.43
180501.SZ,2026-04-15,3.456
180501.SZ,2026-04-16,3.461
180501.SZ,2026-04-17,3.445
180501.SZ,2026-04-20,3.444
180501.SZ,2026-04-21,3.448
180501.SZ,2026-04-22,3.503
180501.SZ,2026-04-23,3.473
180501.SZ,2026-04-24,3.441
180501.SZ,2026-04-27,3.399
180501.SZ,2026-04-28,3.4
180501.SZ,2026-04-29,3.4
180501.SZ,2026-04-30,3.37
180501.SZ,2026-05-06,3.35
180501.SZ,2026-05-07,3.367
180501.SZ,2026-05-08,3.408
180501.SZ,2026-05-11,3.404
180501.SZ,2026-05-12,3.396
180501.SZ,2026-05-13,3.373
180501.SZ,2026-05-14,3.347
180501.SZ,2026-05-15,3.347
180501.SZ,2026-05-18,3.337
180501.SZ,2026-05-19,3.384
180501.SZ,2026-05-20,3.367
180501.SZ,2026-05-21,3.367
180501.SZ,2026-05-22,3.4
180501.SZ,2026-05-25,3.376
180501.SZ,2026-05-26,3.362
180501.SZ,2026-05-27,3.342
180501.SZ,2026-05-28,3.373
180501.SZ,2026-05-29,3.42
180501.SZ,2026-06-01,3.442
180501.SZ,2026-06-02,3.43
180501.SZ,2026-06-03,3.416
180501.SZ,2026-06-04,3.443
180501.SZ,2026-06-05,3.45
180501.SZ,2026-06-08,3.426
180501.SZ,2026-06-09,3.413
180501.SZ,2026-06-10,3.412
180501.SZ,2026-06-11,3.399
180501.SZ,2026-06-12,3.403
180501.SZ,2026-06-15,3.395
180501.SZ,2026-06-16,3.372
180501.SZ,2026-06-17,3.373
180501.SZ,2026-06-18,3.348
180501.SZ,2026-06-22,3.34
180501.SZ,2026-06-23,3.365
180501.SZ,2026-06-24,3.316
180501.SZ,2026-06-25,3.35
180501.SZ,2026-06-26,3.308
180501.SZ,2026-06-29,3.344
180501.SZ,2026-06-30,3.39
180501.SZ,2026-07-01,3.373
180501.SZ,2026-07-02,3.361
180501.SZ,2026-07-03,3.354
180501.SZ,2026-07-06,3.368
180501.SZ,2026-07-07,3.325
180501.SZ,2026-07-08,3.301
180501.SZ,2026-07-09,3.318
180501.SZ,2026-07-10,3.348
180501.SZ,2026-07-13,3.341
180501.SZ,2026-07-14,3.35
180501.SZ,2026-07-15,3.351
180501.SZ,2026-07-16,3.362
180501.SZ,2026-07-17,3.327
180501.SZ,2026-07-20,3.339
180501.SZ,2026-07-21,3.325
180501.SZ,2026-07-22,3.3
180501.SZ,2026-07-23,3.322
180501.SZ,2026-07-24,3.305
180501.SZ,2026-07-27,3.299
180501.SZ,2026-07-28,3.302
180501.SZ,2026-07-29,3.292
180501.SZ,2026-07-30,3.288
180501.SZ,2026-07-31,3.288
180501.SZ,2026-08-03,3.27
180501.SZ,2026-08-04,3.258
180501.SZ,2026-08-05,3.248
180501.SZ,2026-08-06,3.255
180501.SZ,2026-08-07,3.252
180501.SZ,2026-08-10,3.225
180501.SZ,2026-08-11,3.222
180501.SZ,2026-08-12,3.225
180501.SZ,2026-08-13,3.233
180501.SZ,2026-08-14,3.224
180501.SZ,2026-08-17,3.214
180501.SZ,2026-08-18,3.213
180501.SZ,2026-08-19,3.23
180501.SZ,2026-08-20,3.249
180501.SZ,2026-08-21,3.229
180501.SZ,2026-08-24,3.249
180501.SZ,2026-08-25,3.243
180501.SZ,2026-08-26,3.286
180501.SZ,2026-08-27,3.265
180501.SZ,2026-08-28,3.245
180501.SZ,2026-08-31,3.23
180501.SZ,2026-09-01,3.215
180501.SZ,2026-09-02,3.201
180501.SZ,2026-09-03,3.164
180501.SZ,2026-09-04,3.167
180501.SZ,2026-09-07,3.175
180501.SZ,2026-09-08,3.186
180501.SZ,2026-09-09,3.188
180501.SZ,2026-09-10,3.181
180501.SZ,2026-09-11,3.188
180501.SZ,2026-09-14,3.188
180501.SZ,2026-09-15,3.19
180501.SZ,2026-09-16,3.191
180501.SZ,2026-09-17,3.193
180501.SZ,2026-09-18,3.19
180501.SZ,2026-09-21,3.196
180501.SZ,2026-09-22,3.215
180501.SZ,2026-09-23,3.219
180501.SZ,2026-09-24,3.23
180501.SZ,2026-09-28,3.238
180501.SZ,2026-09-29,3.238
180501.SZ,2026-09-30,3.243
180502.SZ,2024-10-23,2.922
180502.SZ,2024-10-24,2.905
180502.SZ,2024-10-25,2.907
180502.SZ,2024-10-28,2.884
180502.SZ,2024-10-29,2.882
180502.SZ,2024-10-30,2.882
180502.SZ,2024-10-31,2.9
180502.SZ,2024-11-01,2.894
180502.SZ,2024-11-04,2.897
180502.SZ,2024-11-05,2.898
180502.SZ,2024-11-06,2.887
180502.SZ,2024-11-07,2.887
180502.SZ,2024-11-08,2.925
180502.SZ,2024-11-11,2.985
180502.SZ,2024-11-12,3.026
180502.SZ,2024-11-13,3.02
180502.SZ,2024-11-14,3.015
180502.SZ,2024-11-15,3.02
180502.SZ,2024-11-18,3.03
180502.SZ,2024-11-19,3.032
180502.SZ,2024-11-20,3.022
180502.SZ,2024-11-21,3.03
180502.SZ,2024-11-22,3.059
180502.SZ,2024-11-25,3.044
180502.SZ,2024-11-26,3.062
180502.SZ,2024-11-27,3.06
180502.SZ,2024-11-28,3.063
180502.SZ,2024-11-29,3.08
180502.SZ,2024-12-02,3.09
180502.SZ,2024-12-03,3.085
180502.SZ,2024-12-04,3.089
180502.SZ,2024-12-05,3.09
180502.SZ,2024-12-06,3.087
180502.SZ,2024-12-09,3.09
180502.SZ,2024-12-10,3.186
180502.SZ,2024-12-11,3.234
180502.SZ,2024-12-12,3.225
180502.SZ,2024-12-13,3.24
180502.SZ,2024-12-16,3.315
180502.SZ,2024-12-17,3.26
180502.SZ,2024-12-18,3.201
180502.SZ,2024-12-19,3.194
180502.SZ,2024-12-20,3.24
180502.SZ,2024-12-23,3.25
180502.SZ,2024-12-24,3.198
180502.SZ,2024-12-25,3.176
180502.SZ,2024-12-26,3.179
180502.SZ,2024-12-27,3.198
180502.SZ,2024-12-30,3.195
180502.SZ,2024-12-31,3.195
180502.SZ,2025-01-02,3.246
180502.SZ,2025-01-03,3.341
180502.SZ,2025-01-06,3.331
180502.SZ,2025-01-07,3.26
180502.SZ,2025-01-08,3.298
180502.SZ,2025-01-09,3.32
180502.SZ,2025-01-10,3.33
180502.SZ,2025-01-13,3.319
180502.SZ,2025-01-14,3.312
180502.SZ,2025-01-15,3.368
180502.SZ,2025-01-16,3.435
180502.SZ,2025-01-17,3.472
180502.SZ,2025-01-20,3.5
180502.SZ,2025-01-21,3.48
180502.SZ,2025-01-22,3.553
180502.SZ,2025-01-23,3.62
180502.SZ,2025-01-24,3.693
180502.SZ,2025-01-27,3.795
180502.SZ,2025-02-05,3.852
180502.SZ,2025-02-06,3.852
180502.SZ,2025-02-07,3.826
180502.SZ,2025-02-10,3.798
180502.SZ,2025-02-11,3.816
180502.SZ,2025-02-12,3.766
180502.SZ,2025-02-13,3.689
180502.SZ,2025-02-14,3.728
180502.SZ,2025-02-17,3.693
180502.SZ,2025-02-18,3.675
180502.SZ,2025-02-19,3.68
180502.SZ,2025-02-20,3.71
180502.SZ,2025-02-21,3.673
180502.SZ,2025-02-24,3.622
180502.SZ,2025-02-25,3.57
180502.SZ,2025-02-26,3.603
180502.SZ,2025-02-27,3.588
180502.SZ,2025-02-28,3.585
180502.SZ,2025-03-03,3.625
180502.SZ,2025-03-04,3.65
180502.SZ,2025-03-05,3.598
180502.SZ,2025-03-06,3.51
180502.SZ,2025-03-07,3.511
180502.SZ,2025-03-10,3.516
180502.SZ,2025-03-11,3.466
180502.SZ,2025-03-12,3.477
180502.SZ,2025-03-13,3.478
180502.SZ,2025-03-14,3.479
180502.SZ,2025-03-17,3.481
180502.SZ,2025-03-18,3.54
180502.SZ,2025-03-19,3.613
180502.SZ,2025-03-20,3.679
180502.SZ,2025-03-21,3.652
180502.SZ,2025-03-24,3.66
180502.SZ,2025-03-25,3.66
180502.SZ,2025-03-26,3.679
180502.SZ,2025-03-27,3.714
180502.SZ,2025-03-28,3.722
180502.SZ,2025-03-31,3.632
180502.SZ,2025-04-01,3.604
180502.SZ,2025-04-02,3.687
180502.SZ,2025-04-03,3.739
180502.SZ,2025-04-07,3.773
180502.SZ,2025-04-08,3.76
180502.SZ,2025-04-09,3.723
180502.SZ,2025-04-10,3.728
180502.SZ,2025-04-11,3.74
180502.SZ,2025-04-14,3.759
180502.SZ,2025-04-15,3.795
180502.SZ,2025-04-16,3.817
180502.SZ,2025-04-17,3.84
180502.SZ,2025-04-18,3.827
180502.SZ,2025-04-21,3.823
180502.SZ,2025-04-22,3.84
180502.SZ,2025-04-23,3.8
180502.SZ,2025-04-24,3.81
180502.SZ,2025-04-25,3.767
180502.SZ,2025-04-28,3.706
180502.SZ,2025-04-29,3.74
180502.SZ,2025-04-30,3.83
180502.SZ,2025-05-06,3.826
180502.SZ,2025-05-07,3.867
180502.SZ,2025-05-08,3.867
180502.SZ,2025-05-09,3.849
180502.SZ,2025-05-12,3.858
180502.SZ,2025-05-13,3.857
180502.SZ,2025-05-14,3.875
180502.SZ,2025-05-15,3.828
180502.SZ,2025-05-16,3.833
180502.SZ,2025-05-19,3.862
180502.SZ,2025-05-20,3.905
180502.SZ,2025-05-21,3.939
180502.SZ,2025-05-22,3.894
180502.SZ,2025-05-23,3.932
180502.SZ,2025-05-26,3.898
180502.SZ,2025-05-27,3.894
180502.SZ,2025-05-28,3.876
180502.SZ,2025-05-29,3.858
180502.SZ,2025-05-30,3.91
180502.SZ,2025-06-03,3.899
180502.SZ,2025-06-04,3.914
180502.SZ,2025-06-05,3.932
180502.SZ,2025-06-06,3.978
180502.SZ,2025-06-09,3.959
180502.SZ,2025-06-10,3.981
180502.SZ,2025-06-11,3.997
180502.SZ,2025-06-12,3.982
180502.SZ,2025-06-13,3.987
180502.SZ,2025-06-16,4.037
180502.SZ,2025-06-17,4.076
180502.SZ,2025-06-18,4.128
180502.SZ,2025-06-19,4.149
180502.SZ,2025-06-20,4.168
180502.SZ,2025-06-23,4.166
180502.SZ,2025-06-24,4.121
180502.SZ,2025-06-25,4.106
180502.SZ,2025-06-26,4.09
180502.SZ,2025-06-27,4.08
180502.SZ,2025-06-30,4.1
180502.SZ,2025-07-01,4.065
180502.SZ,2025-07-02,4.153
180502.SZ,2025-07-03,4.181
180502.SZ,2025-07-04,4.196
180502.SZ,2025-07-07,4.181
180502.SZ,2025-07-08,4.137
180502.SZ,2025-07-09,4.097
180502.SZ,2025-07-10,4.063
180502.SZ,2025-07-11,4.081
180502.SZ,2025-07-14,4.058
180502.SZ,2025-07-15,4.09
180502.SZ,2025-07-16,4.1
180502.SZ,2025-07-17,4.074
180502.SZ,2025-07-18,4.034
180502.SZ,2025-07-21,4.029
180502.SZ,2025-07-22,4.019
180502.SZ,2025-07-23,3.986
180502.SZ,2025-07-24,4.0
180502.SZ,2025-07-25,3.969
180502.SZ,2025-07-28,3.98
180502.SZ,2025-07-29,3.935
180502.SZ,2025-07-30,3.948
180502.SZ,2025-07-31,4.05
180502.SZ,2025-08-01,4.058
180502.SZ,2025-08-04,4.034
180502.SZ,2025-08-05,4.013
180502.SZ,2025-08-06,4.004
180502.SZ,2025-08-07,4.048
180502.SZ,2025-08-08,4.02
180502.SZ,2025-08-11,4.0
180502.SZ,2025-08-12,3.99
180502.SZ,2025-08-13,3.948
180502.SZ,2025-08-14,3.943
180502.SZ,2025-08-15,3.908
180502.SZ,2025-08-18,3.717
180502.SZ,2025-08-19,3.658
180502.SZ,2025-08-20,3.657
180502.SZ,2025-08-21,3.661
180502.SZ,2025-08-22,3.725
180502.SZ,2025-08-25,3.727
180502.SZ,2025-08-26,3.761
180502.SZ,2025-08-27,3.769
180502.SZ,2025-08-28,3.758
180502.SZ,2025-08-29,3.757
180502.SZ,2025-09-01,3.764
180502.SZ,2025-09-02,3.764
180502.SZ,2025-09-03,3.77
180502.SZ,2025-09-04,3.887
180502.SZ,2025-09-05,3.8
180502.SZ,2025-09-08,3.778
180502.SZ,2025-09-09,3.781
180502.SZ,2025-09-10,3.779
180502.SZ,2025-09-11,3.784
180502.SZ,2025-09-12,3.789
180502.SZ,2025-09-15,3.8
180502.SZ,2025-09-16,3.75
180502.SZ,2025-09-17,3.724
180502.SZ,2025-09-18,3.729
180502.SZ,2025-09-19,3.74
180502.SZ,2025-09-22,3.763
180502.SZ,2025-09-23,3.74
180502.SZ,2025-09-24,3.738
180502.SZ,2025-09-25,3.699
180502.SZ,2025-09-26,3.693
180502.SZ,2025-09-29,3.701
180502.SZ,2025-09-30,3.708
180502.SZ,2025-10-09,3.699
180502.SZ,2025-10-10,3.7
180502.SZ,2025-10-13,3.705
180502.SZ,2025-10-14,3.75
180502.SZ,2025-10-15,3.687
180502.SZ,2025-10-16,3.64
180502.SZ,2025-10-17,3.573
180502.SZ,2025-10-20,3.53
180502.SZ,2025-10-21,3.529
180502.SZ,2025-10-22,3.517
180502.SZ,2025-10-23,3.39
180502.SZ,2025-10-24,3.426
180502.SZ,2025-10-27,3.402
180502.SZ,2025-10-28,3.45
180502.SZ,2025-10-29,3.505
180502.SZ,2025-10-30,3.555
180502.SZ,2025-10-31,3.508
180502.SZ,2025-11-03,3.487
180502.SZ,2025-11-04,3.464
180502.SZ,2025-11-05,3.494
180502.SZ,2025-11-06,3.492
180502.SZ,2025-11-07,3.485
180502.SZ,2025-11-10,3.55
180502.SZ,2025-11-11,3.61
180502.SZ,2025-11-12,3.592
180502.SZ,2025-11-13,3.614
180502.SZ,2025-11-14,3.628
180502.SZ,2025-11-17,3.66
180502.SZ,2025-11-18,3.645
180502.SZ,2025-11-19,3.638
180502.SZ,2025-11-20,3.605
180502.SZ,2025-11-21,3.61
180502.SZ,2025-11-24,3.594
180502.SZ,2025-11-25,3.592
180502.SZ,2025-11-26,3.599
180502.SZ,2025-11-27,3.59
180502.SZ,2025-11-28,3.615
180502.SZ,2025-12-01,3.572
180502.SZ,2025-12-02,3.55
180502.SZ,2025-12-03,3.532
180502.SZ,2025-12-04,3.522
180502.SZ,2025-12-05,3.513
180502.SZ,2025-12-08,3.48
180502.SZ,2025-12-09,3.47
180502.SZ,2025-12-10,3.55
180502.SZ,2025-12-11,3.536
180502.SZ,2025-12-12,3.539
180502.SZ,2025-12-15,3.511
180502.SZ,2025-12-16,3.508
180502.SZ,2025-12-17,3.499
180502.SZ,2025-12-18,3.48
180502.SZ,2025-12-19,3.438
180502.SZ,2025-12-22,3.445
180502.SZ,2025-12-23,3.425
180502.SZ,2025-12-24,3.535
180502.SZ,2025-12-25,3.6
180502.SZ,2025-12-26,3.566
180502.SZ,2025-12-29,3.558
180502.SZ,2025-12-30,3.558
180502.SZ,2025-12-31,3.55
180502.SZ,2026-01-05,3.586
180502.SZ,2026-01-06,3.6
180502.SZ,2026-01-07,3.603
180502.SZ,2026-01-08,3.608
180502.SZ,2026-01-09,3.582
180502.SZ,2026-01-12,3.59
180502.SZ,2026-01-13,3.595
180502.SZ,2026-01-14,3.592
180502.SZ,2026-01-15,3.587
180502.SZ,2026-01-16,3.6
180502.SZ,2026-01-19,3.596
180502.SZ,2026-01-20,3.642
180502.SZ,2026-01-21,3.698
180502.SZ,2026-01-22,3.747
180502.SZ,2026-01-23,3.772
180502.SZ,2026-01-26,3.747
180502.SZ,2026-01-27,3.749
180502.SZ,2026-01-28,3.766
180502.SZ,2026-01-29,3.799
180502.SZ,2026-01-30,3.799
180502.SZ,2026-02-02,3.776
180502.SZ,2026-02-03,3.78
180502.SZ,2026-02-04,3.784
180502.SZ,2026-02-05,3.77
180502.SZ,2026-02-06,3.742
180502.SZ,2026-02-09,3.708
180502.SZ,2026-02-10,3.719
180502.SZ,2026-02-11,3.751
180502.SZ,2026-02-12,3.756
180502.SZ,2026-02-13,3.759
180502.SZ,2026-02-24,3.708
180502.SZ,2026-02-25,3.679
180502.SZ,2026-02-26,3.661
180502.SZ,2026-02-27,3.637
180502.SZ,2026-03-02,3.66
180502.SZ,2026-03-03,3.672
180502.SZ,2026-03-04,3.684
180502.SZ,2026-03-05,3.658
180502.SZ,2026-03-06,3.599
180502.SZ,2026-03-09,3.551
180502.SZ,2026-03-10,3.618
180502.SZ,2026-03-11,3.585
180502.SZ,2026-03-12,3.57
180502.SZ,2026-03-13,3.62
180502.SZ,2026-03-16,3.6
180502.SZ,2026-03-17,3.595
180502.SZ,2026-03-18,3.615
180502.SZ,2026-03-19,3.61
180502.SZ,2026-03-20,3.611
180502.SZ,2026-03-23,3.589
180502.SZ,2026-03-24,3.586
180502.SZ,2026-03-25,3.58
180502.SZ,2026-03-26,3.579
180502.SZ,2026-03-27,3.579
180502.SZ,2026-03-30,3.585
180502.SZ,2026-03-31,3.558
180502.SZ,2026-04-01,3.538
180502.SZ,2026-04-02,3.524
180502.SZ,2026-04-03,3.532
180502.SZ,2026-04-07,3.542
180502.SZ,2026-04-08,3.574
180502.SZ,2026-04-09,3.554
180502.SZ,2026-04-10,3.55
180502.SZ,2026-04-13,3.553
180502.SZ,2026-04-14,3.64
180502.SZ,2026-04-15,3.665
180502.SZ,2026-04-16,3.715
180502.SZ,2026-04-17,3.7
180502.SZ,2026-04-20,3.727
180502.SZ,2026-04-21,3.693
180502.SZ,2026-04-22,3.712
180502.SZ,2026-04-23,3.716
180502.SZ,2026-04-24,3.658
180502.SZ,2026-04-27,3.619
180502.SZ,2026-04-28,3.624
180502.SZ,2026-04-29,3.6
180502.SZ,2026-04-30,3.599
180502.SZ,2026-05-06,3.561
180502.SZ,2026-05-07,3.573
180502.SZ,2026-05-08,3.586
180502.SZ,2026-05-11,3.585
180502.SZ,2026-05-12,3.602
180502.SZ,2026-05-13,3.582
180502.SZ,2026-05-14,3.548
180502.SZ,2026-05-15,3.492
180502.SZ,2026-05-18,3.49
180502.SZ,2026-05-19,3.556
180502.SZ,2026-05-20,3.534
180502.SZ,2026-05-21,3.53
180502.SZ,2026-05-22,3.531
180502.SZ,2026-05-25,3.503
180502.SZ,2026-05-26,3.496
180502.SZ,2026-05-27,3.45
180502.SZ,2026-05-28,3.392
180502.SZ,2026-05-29,3.44
180502.SZ,2026-06-01,3.54
180502.SZ,2026-06-02,3.537
180502.SZ,2026-06-03,3.519
180502.SZ,2026-06-04,3.52
180502.SZ,2026-06-05,3.532
180502.SZ,2026-06-08,3.52
180502.SZ,2026-06-09,3.483
180502.SZ,2026-06-10,3.45
180502.SZ,2026-06-11,3.401
180502.SZ,2026-06-12,3.418
180502.SZ,2026-06-15,3.391
180502.SZ,2026-06-16,3.385
180502.SZ,2026-06-17,3.39
180502.SZ,2026-06-18,3.332
180502.SZ,2026-06-22,3.265
180502.SZ,2026-06-23,3.268
180502.SZ,2026-06-24,3.26
180502.SZ,2026-06-25,3.323
180502.SZ,2026-06-26,3.31
180502.SZ,2026-06-29,3.411
180502.SZ,2026-06-30,3.45
180502.SZ,2026-07-01,3.444
180502.SZ,2026-07-02,3.375
180502.SZ,2026-07-03,3.436
180502.SZ,2026-07-06,3.497
180502.SZ,2026-07-07,3.482
180502.SZ,2026-07-08,3.441
180502.SZ,2026-07-09,3.465
180502.SZ,2026-07-10,3.481
180502.SZ,2026-07-13,3.457
180502.SZ,2026-07-14,3.461
180502.SZ,2026-07-15,3.4
180502.SZ,2026-07-16,3.44
180502.SZ,2026-07-17,3.399
180502.SZ,2026-07-20,3.38
180502.SZ,2026-07-21,3.394
180502.SZ,2026-07-22,3.34
180502.SZ,2026-07-23,3.3
180502.SZ,2026-07-24,3.305
180502.SZ,2026-07-27,3.297
180502.SZ,2026-07-28,3.322
180502.SZ,2026-07-29,3.34
180502.SZ,2026-07-30,3.408
180502.SZ,2026-07-31,3.421
180502.SZ,2026-08-03,3.413
180502.SZ,2026-08-04,3.384
180502.SZ,2026-08-05,3.385
180502.SZ,2026-08-06,3.356
180502.SZ,2026-08-07,3.385
180502.SZ,2026-08-10,3.418
180502.SZ,2026-08-11,3.448
180502.SZ,2026-08-12,3.403
180502.SZ,2026-08-13,3.457
180502.SZ,2026-08-14,3.473
180502.SZ,2026-08-17,3.446
180502.SZ,2026-08-18,3.49
180502.SZ,2026-08-19,3.476
180502.SZ,2026-08-20,3.451
180502.SZ,2026-08-21,3.442
180502.SZ,2026-08-24,3.485
180502.SZ,2026-08-25,3.504
180502.SZ,2026-08-26,3.582
180502.SZ,2026-08-27,3.538
180502.SZ,2026-08-28,3.53
180502.SZ,2026-08-31,3.491
180502.SZ,2026-09-01,3.476
180502.SZ,2026-09-02,3.486
180502.SZ,2026-09-03,3.376
180502.SZ,2026-09-04,3.403
180502.SZ,2026-09-07,3.398
180502.SZ,2026-09-08,3.445
180502.SZ,2026-09-09,3.467
180502.SZ,2026-09-10,3.437
180502.SZ,2026-09-11,3.436
180502.SZ,2026-09-14,3.448
180502.SZ,2026-09-15,3.448
180502.SZ,2026-09-16,3.479
180502.SZ,2026-09-17,3.528
180502.SZ,2026-09-18,3.535
180502.SZ,2026-09-21,3.525
180502.SZ,2026-09-22,3.538
180502.SZ,2026-09-23,3.562
180502.SZ,2026-09-24,3.572
180502.SZ,2026-09-28,3.58
180502.SZ,2026-09-29,3.569
180502.SZ,2026-09-30,3.583
180503.SZ,2026-04-29,2.78
180503.SZ,2026-04-30,2.769
180503.SZ,2026-05-06,2.726
180503.SZ,2026-05-07,2.727
180503.SZ,2026-05-08,2.727
180503.SZ,2026-05-11,2.712
180503.SZ,2026-05-12,2.704
180503.SZ,2026-05-13,2.68
180503.SZ,2026-05-14,2.694
180503.SZ,2026-05-15,2.685
180503.SZ,2026-05-18,2.669
180503.SZ,2026-05-19,2.69
180503.SZ,2026-05-20,2.703
180503.SZ,2026-05-21,2.703
180503.SZ,2026-05-22,2.703
180503.SZ,2026-05-25,2.708
180503.SZ,2026-05-26,2.702
180503.SZ,2026-05-27,2.693
180503.SZ,2026-05-28,2.686
180503.SZ,2026-05-29,2.701
180503.SZ,2026-06-01,2.719
180503.SZ,2026-06-02,2.697
180503.SZ,2026-06-03,2.715
180503.SZ,2026-06-04,2.719
180503.SZ,2026-06-05,2.757
180503.SZ,2026-06-08,2.74
180503.SZ,2026-06-09,2.713
180503.SZ,2026-06-10,2.699
180503.SZ,2026-06-11,2.676
180503.SZ,2026-06-12,2.704
180503.SZ,2026-06-15,2.716
180503.SZ,2026-06-16,2.697
180503.SZ,2026-06-17,2.693
180503.SZ,2026-06-18,2.637
180503.SZ,2026-06-22,2.54
180503.SZ,2026-06-23,2.54
180503.SZ,2026-06-24,2.545
180503.SZ,2026-06-25,2.618
180503.SZ,2026-06-26,2.667
180503.SZ,2026-06-29,2.67
180503.SZ,2026-06-30,2.661
180503.SZ,2026-07-01,2.662
180503.SZ,2026-07-02,2.644
180503.SZ,2026-07-03,2.661
180503.SZ,2026-07-06,2.688
180503.SZ,2026-07-07,2.674
180503.SZ,2026-07-08,2.65
180503.SZ,2026-07-09,2.655
180503.SZ,2026-07-10,2.665
180503.SZ,2026-07-13,2.679
180503.SZ,2026-07-14,2.686
180503.SZ,2026-07-15,2.679
180503.SZ,2026-07-16,2.693
180503.SZ,2026-07-17,2.712
180503.SZ,2026-07-20,2.712
180503.SZ,2026-07-21,2.723
180503.SZ,2026-07-22,2.731
180503.SZ,2026-07-23,2.748
180503.SZ,2026-07-24,2.73
180503.SZ,2026-07-27,2.752
180503.SZ,2026-07-28,2.77
180503.SZ,2026-07-29,2.781
180503.SZ,2026-07-30,2.844
180503.SZ,2026-07-31,2.876
180503.SZ,2026-08-03,2.879
180503.SZ,2026-08-04,2.8
180503.SZ,2026-08-05,2.809
180503.SZ,2026-08-06,2.789
180503.SZ,2026-08-07,2.795
180503.SZ,2026-08-10,2.829
180503.SZ,2026-08-11,2.857
180503.SZ,2026-08-12,2.852
180503.SZ,2026-08-13,2.859
180503.SZ,2026-08-14,2.885
180503.SZ,2026-08-17,2.89
180503.SZ,2026-08-18,2.909
180503.SZ,2026-08-19,2.962
180503.SZ,2026-08-20,2.97
180503.SZ,2026-08-21,2.945
180503.SZ,2026-08-24,2.928
180503.SZ,2026-08-25,2.895
180503.SZ,2026-08-26,2.92
180503.SZ,2026-08-27,2.912
180503.SZ,2026-08-28,2.905
180503.SZ,2026-08-31,2.904
180503.SZ,2026-09-01,2.853
180503.SZ,2026-09-02,2.818
180503.SZ,2026-09-03,2.8
180503.SZ,2026-09-04,2.836
180503.SZ,2026-09-07,2.844
180503.SZ,2026-09-08,2.855
180503.SZ,2026-09-09,2.867
180503.SZ,2026-09-10,2.879
180503.SZ,2026-09-11,2.872
180503.SZ,2026-09-14,2.835
180503.SZ,2026-09-15,2.82
180503.SZ,2026-09-16,2.785
180503.SZ,2026-09-17,2.85
180503.SZ,2026-09-18,2.839
180503.SZ,2026-09-21,2.824
180503.SZ,2026-09-22,2.831
180503.SZ,2026-09-23,2.843
180503.SZ,2026-09-24,2.865
180503.SZ,2026-09-28,2.86
180503.SZ,2026-09-29,2.892
180503.SZ,2026-09-30,2.88
180601.SZ,2024-03-14,6.905
180601.SZ,2024-03-15,6.888
180601.SZ,2024-03-18,6.878
180601.SZ,2024-03-19,6.849
180601.SZ,2024-03-20,6.83
180601.SZ,2024-03-21,6.835
180601.SZ,2024-03-22,6.827
180601.SZ,2024-03-25,6.811
180601.SZ,2024-03-26,6.774
180601.SZ,2024-03-27,6.789
180601.SZ,2024-03-28,6.737
180601.SZ,2024-03-29,6.724
180601.SZ,2024-04-01,6.748
180601.SZ,2024-04-02,6.757
180601.SZ,2024-04-03,6.778
180601.SZ,2024-04-08,6.797
180601.SZ,2024-04-09,6.841
180601.SZ,2024-04-10,6.91
180601.SZ,2024-04-11,6.94
180601.SZ,2024-04-12,6.904
180601.SZ,2024-04-15,6.898
180601.SZ,2024-04-16,6.899
180601.SZ,2024-04-17,6.902
180601.SZ,2024-04-18,6.902
180601.SZ,2024-04-19,6.902
180601.SZ,2024-04-22,6.92
180601.SZ,2024-04-23,6.905
180601.SZ,2024-04-24,6.908
180601.SZ,2024-04-25,6.905
180601.SZ,2024-04-26,6.918
180601.SZ,2024-04-29,6.906
180601.SZ,2024-04-30,6.902
180601.SZ,2024-05-06,6.89
180601.SZ,2024-05-07,6.902
180601.SZ,2024-05-08,6.907
180601.SZ,2024-05-09,6.903
180601.SZ,2024-05-10,6.915
180601.SZ,2024-05-13,6.914
180601.SZ,2024-05-14,6.977
180601.SZ,2024-05-15,6.99
180601.SZ,2024-05-16,6.943
180601.SZ,2024-05-17,6.949
180601.SZ,2024-05-20,6.909
180601.SZ,2024-05-21,6.903
180601.SZ,2024-05-22,6.916
180601.SZ,2024-05-23,6.902
180601.SZ,2024-05-24,6.915
180601.SZ,2024-05-27,6.912
180601.SZ,2024-05-28,6.907
180601.SZ,2024-05-29,6.91
180601.SZ,2024-05-30,6.906
180601.SZ,2024-05-31,6.919
180601.SZ,2024-06-03,6.909
180601.SZ,2024-06-04,6.907
180601.SZ,2024-06-05,6.903
180601.SZ,2024-06-06,6.902
180601.SZ,2024-06-07,6.905
180601.SZ,2024-06-11,6.908
180601.SZ,2024-06-12,6.904
180601.SZ,2024-06-13,6.904
180601.SZ,2024-06-14,6.91
180601.SZ,2024-06-17,6.903
180601.SZ,2024-06-18,6.902
180601.SZ,2024-06-19,6.902
180601.SZ,2024-06-20,6.903
180601.SZ,2024-06-21,6.903
180601.SZ,2024-06-24,6.9
180601.SZ,2024-06-25,6.902
180601.SZ,2024-06-26,6.9
180601.SZ,2024-06-27,6.902
180601.SZ,2024-06-28,6.908
180601.SZ,2024-07-01,6.902
180601.SZ,2024-07-02,6.902
180601.SZ,2024-07-03,6.898
180601.SZ,2024-07-04,6.897
180601.SZ,2024-07-05,6.902
180601.SZ,2024-07-08,6.904
180601.SZ,2024-07-09,6.904
180601.SZ,2024-07-10,6.904
180601.SZ,2024-07-11,6.9
180601.SZ,2024-07-12,6.899
180601.SZ,2024-07-15,6.9
180601.SZ,2024-07-16,6.903
180601.SZ,2024-07-17,6.901
180601.SZ,2024-07-18,6.906
180601.SZ,2024-07-19,6.904
180601.SZ,2024-07-22,6.903
180601.SZ,2024-07-23,6.906
180601.SZ,2024-07-24,6.91
180601.SZ,2024-07-25,6.91
180601.SZ,2024-07-26,6.91
180601.SZ,2024-07-29,6.91
180601.SZ,2024-07-30,6.912
180601.SZ,2024-07-31,6.91
180601.SZ,2024-08-01,6.945
180601.SZ,2024-08-02,6.967
180601.SZ,2024-08-05,7.014
180601.SZ,2024-08-06,7.158
180601.SZ,2024-08-07,7.4
180601.SZ,2024-08-08,7.302
180601.SZ,2024-08-09,7.26
180601.SZ,2024-08-12,7.24
180601.SZ,2024-08-13,7.223
180601.SZ,2024-08-14,7.222
180601.SZ,2024-08-15,7.25
180601.SZ,2024-08-16,7.26
180601.SZ,2024-08-19,7.302
180601.SZ,2024-08-20,7.296
180601.SZ,2024-08-21,7.275
180601.SZ,2024-08-22,7.276
180601.SZ,2024-08-23,7.385
180601.SZ,2024-08-26,7.381
180601.SZ,2024-08-27,7.298
180601.SZ,2024-08-28,7.318
180601.SZ,2024-08-29,7.278
180601.SZ,2024-08-30,7.3
180601.SZ,2024-09-02,7.274
180601.SZ,2024-09-03,7.249
180601.SZ,2024-09-04,7.288
180601.SZ,2024-09-05,7.305
180601.SZ,2024-09-06,7.28
180601.SZ,2024-09-09,7.255
180601.SZ,2024-09-10,7.25
180601.SZ,2024-09-11,7.285
180601.SZ,2024-09-12,7.235
180601.SZ,2024-09-13,7.253
180601.SZ,2024-09-18,7.245
180601.SZ,2024-09-19,7.23
180601.SZ,2024-09-20,7.178
180601.SZ,2024-09-23,7.104
180601.SZ,2024-09-24,7.182
180601.SZ,2024-09-25,7.288
180601.SZ,2024-09-26,7.289
180601.SZ,2024-09-27,7.214
180601.SZ,2024-09-30,7.21
180601.SZ,2024-10-08,7.21
180601.SZ,2024-10-09,7.232
180601.SZ,2024-10-10,7.211
180601.SZ,2024-10-11,7.176
180601.SZ,2024-10-14,7.216
180601.SZ,2024-10-15,7.291
180601.SZ,2024-10-16,7.3
180601.SZ,2024-10-17,7.242
180601.SZ,2024-10-18,7.274
180601.SZ,2024-10-21,7.33
180601.SZ,2024-10-22,7.351
180601.SZ,2024-10-23,7.347
180601.SZ,2024-10-24,7.334
180601.SZ,2024-10-25,7.355
180601.SZ,2024-10-28,7.448
180601.SZ,2024-10-29,7.502
180601.SZ,2024-10-30,7.556
180601.SZ,2024-10-31,7.503
180601.SZ,2024-11-01,7.529
180601.SZ,2024-11-04,7.618
180601.SZ,2024-11-05,7.61
180601.SZ,2024-11-06,7.588
180601.SZ,2024-11-07,7.6
180601.SZ,2024-11-08,7.631
180601.SZ,2024-11-11,7.63
180601.SZ,2024-11-12,7.579
180601.SZ,2024-11-13,7.555
180601.SZ,2024-11-14,7.553
180601.SZ,2024-11-15,7.569
180601.SZ,2024-11-18,7.5
180601.SZ,2024-11-19,7.5
180601.SZ,2024-11-20,7.394
180601.SZ,2024-11-21,7.346
180601.SZ,2024-11-22,7.345
180601.SZ,2024-11-25,7.325
180601.SZ,2024-11-26,7.313
180601.SZ,2024-11-27,7.309
180601.SZ,2024-11-28,7.315
180601.SZ,2024-11-29,7.314
180601.SZ,2024-12-02,7.402
180601.SZ,2024-12-03,7.479
180601.SZ,2024-12-04,7.447
180601.SZ,2024-12-05,7.418
180601.SZ,2024-12-06,7.432
180601.SZ,2024-12-09,7.503
180601.SZ,2024-12-10,7.642
180601.SZ,2024-12-11,7.833
180601.SZ,2024-12-12,7.845
180601.SZ,2024-12-13,7.853
180601.SZ,2024-12-16,8.115
180601.SZ,2024-12-17,8.282
180601.SZ,2024-12-18,8.34
180601.SZ,2024-12-19,8.282
180601.SZ,2024-12-20,8.25
180601.SZ,2024-12-23,8.235
180601.SZ,2024-12-24,8.23
180601.SZ,2024-12-25,8.178
180601.SZ,2024-12-26,8.181
180601.SZ,2024-12-27,8.4
180601.SZ,2024-12-30,8.504
180601.SZ,2024-12-31,8.4
180601.SZ,2025-01-02,8.603
180601.SZ,2025-01-03,8.839
180601.SZ,2025-01-06,8.998
180601.SZ,2025-01-07,8.861
180601.SZ,2025-01-08,9.071
180601.SZ,2025-01-09,9.019
180601.SZ,2025-01-10,8.98
180601.SZ,2025-01-13,8.87
180601.SZ,2025-01-14,8.876
180601.SZ,2025-01-15,8.968
180601.SZ,2025-01-16,9.002
180601.SZ,2025-01-17,9.001
180601.SZ,2025-01-20,8.999
180601.SZ,2025-01-21,9.12
180601.SZ,2025-01-22,9.39
180601.SZ,2025-01-23,9.4
180601.SZ,2025-01-24,9.409
180601.SZ,2025-01-27,9.424
180601.SZ,2025-02-05,9.41
180601.SZ,2025-02-06,9.54
180601.SZ,2025-02-07,9.47
180601.SZ,2025-02-10,9.51
180601.SZ,2025-02-11,9.448
180601.SZ,2025-02-12,9.37
180601.SZ,2025-02-13,9.29
180601.SZ,2025-02-14,9.32
180601.SZ,2025-02-17,9.371
180601.SZ,2025-02-18,9.345
180601.SZ,2025-02-19,9.345
180601.SZ,2025-02-20,9.29
180601.SZ,2025-02-21,9.303
180601.SZ,2025-02-24,9.28
180601.SZ,2025-02-25,9.241
180601.SZ,2025-02-26,9.297
180601.SZ,2025-02-27,9.32
180601.SZ,2025-02-28,9.252
180601.SZ,2025-03-03,9.163
180601.SZ,2025-03-04,9.174
180601.SZ,2025-03-05,9.08
180601.SZ,2025-03-06,8.915
180601.SZ,2025-03-07,8.872
180601.SZ,2025-03-10,8.876
180601.SZ,2025-03-11,8.899
180601.SZ,2025-03-12,8.972
180601.SZ,2025-03-13,8.885
180601.SZ,2025-03-14,8.917
180601.SZ,2025-03-17,8.952
180601.SZ,2025-03-18,8.96
180601.SZ,2025-03-19,8.91
180601.SZ,2025-03-20,8.88
180601.SZ,2025-03-21,8.873
180601.SZ,2025-03-24,8.87
180601.SZ,2025-03-25,9.0
180601.SZ,2025-03-26,9.015
180601.SZ,2025-03-27,9.125
180601.SZ,2025-03-28,9.124
180601.SZ,2025-03-31,9.12
180601.SZ,2025-04-01,9.12
180601.SZ,2025-04-02,9.17
180601.SZ,2025-04-03,9.245
180601.SZ,2025-04-07,9.231
180601.SZ,2025-04-08,9.231
180601.SZ,2025-04-09,9.164
180601.SZ,2025-04-10,9.13
180601.SZ,2025-04-11,9.159
180601.SZ,2025-04-14,9.2
180601.SZ,2025-04-15,9.272
180601.SZ,2025-04-16,9.254
180601.SZ,2025-04-17,9.277
180601.SZ,2025-04-18,9.25
180601.SZ,2025-04-21,9.206
180601.SZ,2025-04-22,9.184
180601.SZ,2025-04-23,9.147
180601.SZ,2025-04-24,9.129
180601.SZ,2025-04-25,9.202
180601.SZ,2025-04-28,9.241
180601.SZ,2025-04-29,9.31
180601.SZ,2025-04-30,9.45
180601.SZ,2025-05-06,9.467
180601.SZ,2025-05-07,9.44
180601.SZ,2025-05-08,9.451
180601.SZ,2025-05-09,9.463
180601.SZ,2025-05-12,9.62
180601.SZ,2025-05-13,9.6
180601.SZ,2025-05-14,9.7
180601.SZ,2025-05-15,9.74
180601.SZ,2025-05-16,9.739
180601.SZ,2025-05-19,9.74
180601.SZ,2025-05-20,9.805
180601.SZ,2025-05-21,9.866
180601.SZ,2025-05-22,9.88
180601.SZ,2025-05-23,9.81
180601.SZ,2025-05-26,9.714
180601.SZ,2025-05-27,9.7
180601.SZ,2025-05-28,9.665
180601.SZ,2025-05-29,9.626
180601.SZ,2025-05-30,9.638
180601.SZ,2025-06-03,9.732
180601.SZ,2025-06-04,9.744
180601.SZ,2025-06-05,9.84
180601.SZ,2025-06-06,9.87
180601.SZ,2025-06-09,9.913
180601.SZ,2025-06-10,9.913
180601.SZ,2025-06-11,9.905
180601.SZ,2025-06-12,9.86
180601.SZ,2025-06-13,9.846
180601.SZ,2025-06-16,9.848
180601.SZ,2025-06-17,9.88
180601.SZ,2025-06-18,9.91
180601.SZ,2025-06-19,9.94
180601.SZ,2025-06-20,9.973
180601.SZ,2025-06-23,10.125
180601.SZ,2025-06-24,10.103
180601.SZ,2025-06-25,10.02
180601.SZ,2025-06-26,10.006
180601.SZ,2025-06-27,10.037
180601.SZ,2025-06-30,9.99
180601.SZ,2025-07-01,9.996
180601.SZ,2025-07-02,10.06
180601.SZ,2025-07-03,10.055
180601.SZ,2025-07-04,10.054
180601.SZ,2025-07-07,10.08
180601.SZ,2025-07-08,10.04
180601.SZ,2025-07-09,10.08
180601.SZ,2025-07-10,10.06
180601.SZ,2025-07-11,10.084
180601.SZ,2025-07-14,10.09
180601.SZ,2025-07-15,10.11
180601.SZ,2025-07-16,10.13
180601.SZ,2025-07-17,10.12
180601.SZ,2025-07-18,10.12
180601.SZ,2025-07-21,10.112
180601.SZ,2025-07-22,10.028
180601.SZ,2025-07-23,10.048
180601.SZ,2025-07-24,10.038
180601.SZ,2025-07-25,10.022
180601.SZ,2025-07-28,10.13
180601.SZ,2025-07-29,10.129
180601.SZ,2025-07-30,10.268
180601.SZ,2025-07-31,10.899
180601.SZ,2025-08-01,10.6
180601.SZ,2025-08-04,10.512
180601.SZ,2025-08-05,10.5
180601.SZ,2025-08-06,10.449
180601.SZ,2025-08-07,10.408
180601.SZ,2025-08-08,10.401
180601.SZ,2025-08-11,10.474
180601.SZ,2025-08-12,10.47
180601.SZ,2025-08-13,10.491
180601.SZ,2025-08-14,10.51
180601.SZ,2025-08-15,10.465
180601.SZ,2025-08-18,10.197
180601.SZ,2025-08-19,10.06
180601.SZ,2025-08-20,10.015
180601.SZ,2025-08-21,10.084
180601.SZ,2025-08-22,10.1
180601.SZ,2025-08-25,10.19
180601.SZ,2025-08-26,10.25
180601.SZ,2025-08-27,10.283
180601.SZ,2025-08-28,10.348
180601.SZ,2025-08-29,10.299
180601.SZ,2025-09-01,10.3
180601.SZ,2025-09-02,10.321
180601.SZ,2025-09-03,10.341
180601.SZ,2025-09-04,10.389
180601.SZ,2025-09-05,10.41
180601.SZ,2025-09-08,10.399
180601.SZ,2025-09-09,10.479
180601.SZ,2025-09-10,10.38
180601.SZ,2025-09-11,10.343
180601.SZ,2025-09-12,10.344
180601.SZ,2025-09-15,10.342
180601.SZ,2025-09-16,10.343
180601.SZ,2025-09-17,10.347
180601.SZ,2025-09-18,10.397
180601.SZ,2025-09-19,10.375
180601.SZ,2025-09-22,10.3
180601.SZ,2025-09-23,10.281
180601.SZ,2025-09-24,10.284
180601.SZ,2025-09-25,10.249
180601.SZ,2025-09-26,10.203
180601.SZ,2025-09-29,10.29
180601.SZ,2025-09-30,10.3
180601.SZ,2025-10-09,10.235
180601.SZ,2025-10-10,10.158
180601.SZ,2025-10-13,10.1
180601.SZ,2025-10-14,10.064
180601.SZ,2025-10-15,10.049
180601.SZ,2025-10-16,10.048
180601.SZ,2025-10-17,9.986
180601.SZ,2025-10-20,9.869
180601.SZ,2025-10-21,9.72
180601.SZ,2025-10-22,9.749
180601.SZ,2025-10-23,9.805
180601.SZ,2025-10-24,9.897
180601.SZ,2025-10-27,9.869
180601.SZ,2025-10-28,10.05
180601.SZ,2025-10-29,10.235
180601.SZ,2025-10-30,10.235
180601.SZ,2025-10-31,10.12
180601.SZ,2025-11-03,10.149
180601.SZ,2025-11-04,10.117
180601.SZ,2025-11-05,10.175
180601.SZ,2025-11-06,10.155
180601.SZ,2025-11-07,10.22
180601.SZ,2025-11-10,10.253
180601.SZ,2025-11-11,10.228
180601.SZ,2025-11-12,10.2
180601.SZ,2025-11-13,10.213
180601.SZ,2025-11-14,10.23
180601.SZ,2025-11-17,10.22
180601.SZ,2025-11-18,10.18
180601.SZ,2025-11-19,10.15
180601.SZ,2025-11-20,10.122
180601.SZ,2025-11-21,10.098
180601.SZ,2025-11-24,10.068
180601.SZ,2025-11-25,10.145
180601.SZ,2025-11-26,10.092
180601.SZ,2025-11-27,10.039
180601.SZ,2025-11-28,10.0
180601.SZ,2025-12-01,9.943
180601.SZ,2025-12-02,9.936
180601.SZ,2025-12-03,9.936
180601.SZ,2025-12-04,9.93
180601.SZ,2025-12-05,9.93
180601.SZ,2025-12-08,9.89
180601.SZ,2025-12-09,9.87
180601.SZ,2025-12-10,9.852
180601.SZ,2025-12-11,9.802
180601.SZ,2025-12-12,9.821
180601.SZ,2025-12-15,9.74
180601.SZ,2025-12-16,9.74
180601.SZ,2025-12-17,9.74
180601.SZ,2025-12-18,9.72
180601.SZ,2025-12-19,9.655
180601.SZ,2025-12-22,9.594
180601.SZ,2025-12-23,9.6
180601.SZ,2025-12-24,9.75
180601.SZ,2025-12-25,9.812
180601.SZ,2025-12-26,9.818
180601.SZ,2025-12-29,9.814
180601.SZ,2025-12-30,9.825
180601.SZ,2025-12-31,9.82
180601.SZ,2026-01-05,9.92
180601.SZ,2026-01-06,9.935
180601.SZ,2026-01-07,9.99
180601.SZ,2026-01-08,10.0
180601.SZ,2026-01-09,10.009
180601.SZ,2026-01-12,10.022
180601.SZ,2026-01-13,10.022
180601.SZ,2026-01-14,10.008
180601.SZ,2026-01-15,9.919
180601.SZ,2026-01-16,9.926
180601.SZ,2026-01-19,9.939
180601.SZ,2026-01-20,10.0
180601.SZ,2026-01-21,9.997
180601.SZ,2026-01-22,10.216
180601.SZ,2026-01-23,10.35
180601.SZ,2026-01-26,10.35
180601.SZ,2026-01-27,10.333
180601.SZ,2026-01-28,10.286
180601.SZ,2026-01-29,10.31
180601.SZ,2026-01-30,10.28
180601.SZ,2026-02-02,10.197
180601.SZ,2026-02-03,10.215
180601.SZ,2026-02-04,10.147
180601.SZ,2026-02-05,10.152
180601.SZ,2026-02-06,10.3
180601.SZ,2026-02-09,10.308
180601.SZ,2026-02-10,10.31
180601.SZ,2026-02-11,10.17
180601.SZ,2026-02-12,10.298
180601.SZ,2026-02-13,10.35
180601.SZ,2026-02-24,10.28
180601.SZ,2026-02-25,10.25
180601.SZ,2026-02-26,10.149
180601.SZ,2026-02-27,10.126
180601.SZ,2026-03-02,10.085
180601.SZ,2026-03-03,10.08
180601.SZ,2026-03-04,10.06
180601.SZ,2026-03-05,9.997
180601.SZ,2026-03-06,9.954
180601.SZ,2026-03-09,9.974
180601.SZ,2026-03-10,10.026
180601.SZ,2026-03-11,10.023
180601.SZ,2026-03-12,10.015
180601.SZ,2026-03-13,9.985
180601.SZ,2026-03-16,9.976
180601.SZ,2026-03-17,9.97
180601.SZ,2026-03-18,10.06
180601.SZ,2026-03-19,10.07
180601.SZ,2026-03-20,10.03
180601.SZ,2026-03-23,9.948
180601.SZ,2026-03-24,9.999
180601.SZ,2026-03-25,10.048
180601.SZ,2026-03-26,10.05
180601.SZ,2026-03-27,10.05
180601.SZ,2026-03-30,10.047
180601.SZ,2026-03-31,9.98
180601.SZ,2026-04-01,9.98
180601.SZ,2026-04-02,9.979
180601.SZ,2026-04-03,10.008
180601.SZ,2026-04-07,10.035
180601.SZ,2026-04-08,10.059
180601.SZ,2026-04-09,10.078
180601.SZ,2026-04-10,10.015
180601.SZ,2026-04-13,10.012
180601.SZ,2026-04-14,10.035
180601.SZ,2026-04-15,10.036
180601.SZ,2026-04-16,10.103
180601.SZ,2026-04-17,10.085
180601.SZ,2026-04-20,10.04
180601.SZ,2026-04-21,10.07
180601.SZ,2026-04-22,10.221
180601.SZ,2026-04-23,10.196
180601.SZ,2026-04-24,10.198
180601.SZ,2026-04-27,10.1
180601.SZ,2026-04-28,10.031
180601.SZ,2026-04-29,10.075
180601.SZ,2026-04-30,9.96
180601.SZ,2026-05-06,9.905
180601.SZ,2026-05-07,9.954
180601.SZ,2026-05-08,9.89
180601.SZ,2026-05-11,9.885
180601.SZ,2026-05-12,9.907
180601.SZ,2026-05-13,9.894
180601.SZ,2026-05-14,9.865
180601.SZ,2026-05-15,9.865
180601.SZ,2026-05-18,9.945
180601.SZ,2026-05-19,10.196
180601.SZ,2026-05-20,10.096
180601.SZ,2026-05-21,10.0
180601.SZ,2026-05-22,9.999
180601.SZ,2026-05-25,9.997
180601.SZ,2026-05-26,9.983
180601.SZ,2026-05-27,9.9
180601.SZ,2026-05-28,9.88
180601.SZ,2026-05-29,9.999
180601.SZ,2026-06-01,10.0
180601.SZ,2026-06-02,9.971
180601.SZ,2026-06-03,10.007
180601.SZ,2026-06-04,10.0
180601.SZ,2026-06-05,10.008
180601.SZ,2026-06-08,10.007
180601.SZ,2026-06-09,10.002
180601.SZ,2026-06-10,9.878
180601.SZ,2026-06-11,9.855
180601.SZ,2026-06-12,9.85
180601.SZ,2026-06-15,9.85
180601.SZ,2026-06-16,9.848
180601.SZ,2026-06-17,9.854
180601.SZ,2026-06-18,9.7
180601.SZ,2026-06-22,9.444
180601.SZ,2026-06-23,9.366
180601.SZ,2026-06-24,9.145
180601.SZ,2026-06-25,9.533
180601.SZ,2026-06-26,9.447
180601.SZ,2026-06-29,9.669
180601.SZ,2026-06-30,9.8
180601.SZ,2026-07-01,9.709
180601.SZ,2026-07-02,9.601
180601.SZ,2026-07-03,9.8
180601.SZ,2026-07-06,9.789
180601.SZ,2026-07-07,9.692
180601.SZ,2026-07-08,9.6
180601.SZ,2026-07-09,9.551
180601.SZ,2026-07-10,9.641
180601.SZ,2026-07-13,9.637
180601.SZ,2026-07-14,9.57
180601.SZ,2026-07-15,9.53
180601.SZ,2026-07-16,9.62
180601.SZ,2026-07-17,9.6
180601.SZ,2026-07-20,9.561
180601.SZ,2026-07-21,9.569
180601.SZ,2026-07-22,9.551
180601.SZ,2026-07-23,9.557
180601.SZ,2026-07-24,9.568
180601.SZ,2026-07-27,9.538
180601.SZ,2026-07-28,9.501
180601.SZ,2026-07-29,9.482
180601.SZ,2026-07-30,9.45
180601.SZ,2026-07-31,9.518
180601.SZ,2026-08-03,9.452
180601.SZ,2026-08-04,9.375
180601.SZ,2026-08-05,9.376
180601.SZ,2026-08-06,9.29
180601.SZ,2026-08-07,9.401
180601.SZ,2026-08-10,9.354
180601.SZ,2026-08-11,9.323
180601.SZ,2026-08-12,9.29
180601.SZ,2026-08-13,9.249
180601.SZ,2026-08-14,9.247
180601.SZ,2026-08-17,9.219
180601.SZ,2026-08-18,9.289
180601.SZ,2026-08-19,9.362
180601.SZ,2026-08-20,9.337
180601.SZ,2026-08-21,9.376
180601.SZ,2026-08-24,9.368
180601.SZ,2026-08-25,9.379
180601.SZ,2026-08-26,9.481
180601.SZ,2026-08-27,9.496
180601.SZ,2026-08-28,9.41
180601.SZ,2026-08-31,9.305
180601.SZ,2026-09-01,9.25
180601.SZ,2026-09-02,9.204
180601.SZ,2026-09-03,9.182
180601.SZ,2026-09-04,9.294
180601.SZ,2026-09-07,9.201
180601.SZ,2026-09-08,9.209
180601.SZ,2026-09-09,9.229
180601.SZ,2026-09-10,9.211
180601.SZ,2026-09-11,9.208
180601.SZ,2026-09-14,9.186
180601.SZ,2026-09-15,9.211
180601.SZ,2026-09-16,9.219
180601.SZ,2026-09-17,9.286
180601.SZ,2026-09-18,9.306
180601.SZ,2026-09-21,9.27
180601.SZ,2026-09-22,9.28
180601.SZ,2026-09-23,9.275
180601.SZ,2026-09-24,9.294
180601.SZ,2026-09-28,9.3
180601.SZ,2026-09-29,9.3
180601.SZ,2026-09-30,9.281
180602.SZ,2024-04-30,3.26
180602.SZ,2024-05-06,3.199
180602.SZ,2024-05-07,3.187
180602.SZ,2024-05-08,3.175
180602.SZ,2024-05-09,3.185
180602.SZ,2024-05-10,3.22
180602.SZ,2024-05-13,3.259
180602.SZ,2024-05-14,3.258
180602.SZ,2024-05-15,3.256
180602.SZ,2024-05-16,3.24
180602.SZ,2024-05-17,3.236
180602.SZ,2024-05-20,3.216
180602.SZ,2024-05-21,3.23
180602.SZ,2024-05-22,3.22
180602.SZ,2024-05-23,3.19
180602.SZ,2024-05-24,3.208
180602.SZ,2024-05-27,3.222
180602.SZ,2024-05-28,3.236
180602.SZ,2024-05-29,3.221
180602.SZ,2024-05-30,3.203
180602.SZ,2024-05-31,3.223
180602.SZ,2024-06-03,3.22
180602.SZ,2024-06-04,3.224
180602.SZ,2024-06-05,3.213
180602.SZ,2024-06-06,3.216
180602.SZ,2024-06-07,3.218
180602.SZ,2024-06-11,3.213
180602.SZ,2024-06-12,3.209
180602.SZ,2024-06-13,3.209
180602.SZ,2024-06-14,3.206
180602.SZ,2024-06-17,3.203
180602.SZ,2024-06-18,3.205
180602.SZ,2024-06-19,3.201
180602.SZ,2024-06-20,3.199
180602.SZ,2024-06-21,3.206
180602.SZ,2024-06-24,3.206
180602.SZ,2024-06-25,3.202
180602.SZ,2024-06-26,3.201
180602.SZ,2024-06-27,3.207
180602.SZ,2024-06-28,3.206
180602.SZ,2024-07-01,3.193
180602.SZ,2024-07-02,3.196
180602.SZ,2024-07-03,3.195
180602.SZ,2024-07-04,3.192
180602.SZ,2024-07-05,3.189
180602.SZ,2024-07-08,3.174
180602.SZ,2024-07-09,3.167
180602.SZ,2024-07-10,3.166
180602.SZ,2024-07-11,3.159
180602.SZ,2024-07-12,3.146
180602.SZ,2024-07-15,3.149
180602.SZ,2024-07-16,3.149
180602.SZ,2024-07-17,3.147
180602.SZ,2024-07-18,3.146
180602.SZ,2024-07-19,3.149
180602.SZ,2024-07-22,3.148
180602.SZ,2024-07-23,3.144
180602.SZ,2024-07-24,3.149
180602.SZ,2024-07-25,3.14
180602.SZ,2024-07-26,3.156
180602.SZ,2024-07-29,3.166
180602.SZ,2024-07-30,3.179
180602.SZ,2024-07-31,3.175
180602.SZ,2024-08-01,3.16
180602.SZ,2024-08-02,3.155
180602.SZ,2024-08-05,3.16
180602.SZ,2024-08-06,3.178
180602.SZ,2024-08-07,3.286
180602.SZ,2024-08-08,3.28
180602.SZ,2024-08-09,3.274
180602.SZ,2024-08-12,3.268
180602.SZ,2024-08-13,3.257
180602.SZ,2024-08-14,3.26
180602.SZ,2024-08-15,3.22
180602.SZ,2024-08-16,3.259
180602.SZ,2024-08-19,3.238
180602.SZ,2024-08-20,3.194
180602.SZ,2024-08-21,3.188
180602.SZ,2024-08-22,3.2
180602.SZ,2024-08-23,3.21
180602.SZ,2024-08-26,3.21
180602.SZ,2024-08-27,3.211
180602.SZ,2024-08-28,3.201
180602.SZ,2024-08-29,3.195
180602.SZ,2024-08-30,3.19
180602.SZ,2024-09-02,3.193
180602.SZ,2024-09-03,3.198
180602.SZ,2024-09-04,3.197
180602.SZ,2024-09-05,3.198
180602.SZ,2024-09-06,3.23
180602.SZ,2024-09-09,3.224
180602.SZ,2024-09-10,3.219
180602.SZ,2024-09-11,3.179
180602.SZ,2024-09-12,3.175
180602.SZ,2024-09-13,3.178
180602.SZ,2024-09-18,3.161
180602.SZ,2024-09-19,3.14
180602.SZ,2024-09-20,3.142
180602.SZ,2024-09-23,3.127
180602.SZ,2024-09-24,3.168
180602.SZ,2024-09-25,3.159
180602.SZ,2024-09-26,3.178
180602.SZ,2024-09-27,3.191
180602.SZ,2024-09-30,3.18
180602.SZ,2024-10-08,3.21
180602.SZ,2024-10-09,3.19
180602.SZ,2024-10-10,3.179
180602.SZ,2024-10-11,3.19
180602.SZ,2024-10-14,3.187
180602.SZ,2024-10-15,3.187
180602.SZ,2024-10-16,3.194
180602.SZ,2024-10-17,3.19
180602.SZ,2024-10-18,3.191
180602.SZ,2024-10-21,3.197
180602.SZ,2024-10-22,3.197
180602.SZ,2024-10-23,3.188
180602.SZ,2024-10-24,3.179
180602.SZ,2024-10-25,3.188
180602.SZ,2024-10-28,3.191
180602.SZ,2024-10-29,3.18
180602.SZ,2024-10-30,3.187
180602.SZ,2024-10-31,3.212
180602.SZ,2024-11-01,3.208
180602.SZ,2024-11-04,3.204
180602.SZ,2024-11-05,3.206
180602.SZ,2024-11-06,3.21
180602.SZ,2024-11-07,3.209
180602.SZ,2024-11-08,3.209
180602.SZ,2024-11-11,3.203
180602.SZ,2024-11-12,3.219
180602.SZ,2024-11-13,3.224
180602.SZ,2024-11-14,3.2
180602.SZ,2024-11-15,3.203
180602.SZ,2024-11-18,3.211
180602.SZ,2024-11-19,3.21
180602.SZ,2024-11-20,3.2
180602.SZ,2024-11-21,3.205
180602.SZ,2024-11-22,3.2
180602.SZ,2024-11-25,3.18
180602.SZ,2024-11-26,3.18
180602.SZ,2024-11-27,3.189
180602.SZ,2024-11-28,3.188
180602.SZ,2024-11-29,3.19
180602.SZ,2024-12-02,3.21
180602.SZ,2024-12-03,3.211
180602.SZ,2024-12-04,3.208
180602.SZ,2024-12-05,3.202
180602.SZ,2024-12-06,3.226
180602.SZ,2024-12-09,3.216
180602.SZ,2024-12-10,3.231
180602.SZ,2024-12-11,3.25
180602.SZ,2024-12-12,3.285
180602.SZ,2024-12-13,3.27
180602.SZ,2024-12-16,3.276
180602.SZ,2024-12-17,3.329
180602.SZ,2024-12-18,3.287
180602.SZ,2024-12-19,3.233
180602.SZ,2024-12-20,3.22
180602.SZ,2024-12-23,3.235
180602.SZ,2024-12-24,3.261
180602.SZ,2024-12-25,3.281
180602.SZ,2024-12-26,3.283
180602.SZ,2024-12-27,3.32
180602.SZ,2024-12-30,3.336
180602.SZ,2024-12-31,3.346
180602.SZ,2025-01-02,3.42
180602.SZ,2025-01-03,3.513
180602.SZ,2025-01-06,3.51
180602.SZ,2025-01-07,3.464
180602.SZ,2025-01-08,3.52
180602.SZ,2025-01-09,3.595
180602.SZ,2025-01-10,3.575
180602.SZ,2025-01-13,3.532
180602.SZ,2025-01-14,3.485
180602.SZ,2025-01-15,3.491
180602.SZ,2025-01-16,3.4
180602.SZ,2025-01-17,3.365
180602.SZ,2025-01-20,3.429
180602.SZ,2025-01-21,3.439
180602.SZ,2025-01-22,3.515
180602.SZ,2025-01-23,3.575
180602.SZ,2025-01-24,3.684
180602.SZ,2025-01-27,3.79
180602.SZ,2025-02-05,3.935
180602.SZ,2025-02-06,3.946
180602.SZ,2025-02-07,3.931
180602.SZ,2025-02-10,3.919
180602.SZ,2025-02-11,4.098
180602.SZ,2025-02-12,4.097
180602.SZ,2025-02-13,4.02
180602.SZ,2025-02-14,4.051
180602.SZ,2025-02-17,4.058
180602.SZ,2025-02-18,4.036
180602.SZ,2025-02-19,4.054
180602.SZ,2025-02-20,4.1
180602.SZ,2025-02-21,4.109
180602.SZ,2025-02-24,4.06
180602.SZ,2025-02-25,4.024
180602.SZ,2025-02-26,4.026
180602.SZ,2025-02-27,3.996
180602.SZ,2025-02-28,3.933
180602.SZ,2025-03-03,3.9
180602.SZ,2025-03-04,3.901
180602.SZ,2025-03-05,3.923
180602.SZ,2025-03-06,3.897
180602.SZ,2025-03-07,3.855
180602.SZ,2025-03-10,3.853
180602.SZ,2025-03-11,3.837
180602.SZ,2025-03-12,3.839
180602.SZ,2025-03-13,3.866
180602.SZ,2025-03-14,3.95
180602.SZ,2025-03-17,3.976
180602.SZ,2025-03-18,3.96
180602.SZ,2025-03-19,3.95
180602.SZ,2025-03-20,3.93
180602.SZ,2025-03-21,3.906
180602.SZ,2025-03-24,3.91
180602.SZ,2025-03-25,3.932
180602.SZ,2025-03-26,3.94
180602.SZ,2025-03-27,3.95
180602.SZ,2025-03-28,4.0
180602.SZ,2025-03-31,4.005
180602.SZ,2025-04-01,3.988
180602.SZ,2025-04-02,3.993
180602.SZ,2025-04-03,4.069
180602.SZ,2025-04-07,4.029
180602.SZ,2025-04-08,4.018
180602.SZ,2025-04-09,4.017
180602.SZ,2025-04-10,4.049
180602.SZ,2025-04-11,4.076
180602.SZ,2025-04-14,4.118
180602.SZ,2025-04-15,4.168
180602.SZ,2025-04-16,4.198
180602.SZ,2025-04-17,4.244
180602.SZ,2025-04-18,4.205
180602.SZ,2025-04-21,4.24
180602.SZ,2025-04-22,4.282
180602.SZ,2025-04-23,4.227
180602.SZ,2025-04-24,4.226
180602.SZ,2025-04-25,4.209
180602.SZ,2025-04-28,4.163
180602.SZ,2025-04-29,4.189
180602.SZ,2025-04-30,4.218
180602.SZ,2025-05-06,4.202
180602.SZ,2025-05-07,4.242
180602.SZ,2025-05-08,4.18
180602.SZ,2025-05-09,4.215
180602.SZ,2025-05-12,4.24
180602.SZ,2025-05-13,4.208
180602.SZ,2025-05-14,4.3
180602.SZ,2025-05-15,4.27
180602.SZ,2025-05-16,4.321
180602.SZ,2025-05-19,4.361
180602.SZ,2025-05-20,4.399
180602.SZ,2025-05-21,4.404
180602.SZ,2025-05-22,4.385
180602.SZ,2025-05-23,4.4
180602.SZ,2025-05-26,4.4
180602.SZ,2025-05-27,4.37
180602.SZ,2025-05-28,4.367
180602.SZ,2025-05-29,4.354
180602.SZ,2025-05-30,4.35
180602.SZ,2025-06-03,4.345
180602.SZ,2025-06-04,4.349
180602.SZ,2025-06-05,4.36
180602.SZ,2025-06-06,4.342
180602.SZ,2025-06-09,4.383
180602.SZ,2025-06-10,4.385
180602.SZ,2025-06-11,4.383
180602.SZ,2025-06-12,4.382
180602.SZ,2025-06-13,4.381
180602.SZ,2025-06-16,4.408
180602.SZ,2025-06-17,4.395
180602.SZ,2025-06-18,4.427
180602.SZ,2025-06-19,4.446
180602.SZ,2025-06-20,4.457
180602.SZ,2025-06-23,4.468
180602.SZ,2025-06-24,4.416
180602.SZ,2025-06-25,4.409
180602.SZ,2025-06-26,4.379
180602.SZ,2025-06-27,4.374
180602.SZ,2025-06-30,4.36
180602.SZ,2025-07-01,4.409
180602.SZ,2025-07-02,4.44
180602.SZ,2025-07-03,4.427
180602.SZ,2025-07-04,4.39
180602.SZ,2025-07-07,4.39
180602.SZ,2025-07-08,4.391
180602.SZ,2025-07-09,4.386
180602.SZ,2025-07-10,4.385
180602.SZ,2025-07-11,4.38
180602.SZ,2025-07-14,4.375
180602.SZ,2025-07-15,4.401
180602.SZ,2025-07-16,4.4
180602.SZ,2025-07-17,4.397
180602.SZ,2025-07-18,4.397
180602.SZ,2025-07-21,4.39
180602.SZ,2025-07-22,4.385
180602.SZ,2025-07-23,4.385
180602.SZ,2025-07-24,4.35
180602.SZ,2025-07-25,4.319
180602.SZ,2025-07-28,4.374
180602.SZ,2025-07-29,4.333
180602.SZ,2025-07-30,4.361
180602.SZ,2025-07-31,4.474
180602.SZ,2025-08-01,4.45
180602.SZ,2025-08-04,4.416
180602.SZ,2025-08-05,4.41
180602.SZ,2025-08-06,4.409
180602.SZ,2025-08-07,4.439
180602.SZ,2025-08-08,4.44
180602.SZ,2025-08-11,4.425
180602.SZ,2025-08-12,4.41
180602.SZ,2025-08-13,4.449
180602.SZ,2025-08-14,4.466
180602.SZ,2025-08-15,4.428
180602.SZ,2025-08-18,4.336
180602.SZ,2025-08-19,4.281
180602.SZ,2025-08-20,4.283
180602.SZ,2025-08-21,4.326
180602.SZ,2025-08-22,4.347
180602.SZ,2025-08-25,4.441
180602.SZ,2025-08-26,4.474
180602.SZ,2025-08-27,4.452
180602.SZ,2025-08-28,4.43
180602.SZ,2025-08-29,4.454
180602.SZ,2025-09-01,4.45
180602.SZ,2025-09-02,4.489
180602.SZ,2025-09-03,4.529
180602.SZ,2025-09-04,4.561
180602.SZ,2025-09-05,4.552
180602.SZ,2025-09-08,4.504
180602.SZ,2025-09-09,4.52
180602.SZ,2025-09-10,4.499
180602.SZ,2025-09-11,4.476
180602.SZ,2025-09-12,4.47
180602.SZ,2025-09-15,4.5
180602.SZ,2025-09-16,4.472
180602.SZ,2025-09-17,4.471
180602.SZ,2025-09-18,4.45
180602.SZ,2025-09-19,4.46
180602.SZ,2025-09-22,4.435
180602.SZ,2025-09-23,4.438
180602.SZ,2025-09-24,4.45
180602.SZ,2025-09-25,4.436
180602.SZ,2025-09-26,4.452
180602.SZ,2025-09-29,4.426
180602.SZ,2025-09-30,4.408
180602.SZ,2025-10-09,4.38
180602.SZ,2025-10-10,4.362
180602.SZ,2025-10-13,4.395
180602.SZ,2025-10-14,4.382
180602.SZ,2025-10-15,4.361
180602.SZ,2025-10-16,4.36
180602.SZ,2025-10-17,4.334
180602.SZ,2025-10-20,4.294
180602.SZ,2025-10-21,4.292
180602.SZ,2025-10-22,4.282
180602.SZ,2025-10-23,4.248
180602.SZ,2025-10-24,4.285
180602.SZ,2025-10-27,4.281
180602.SZ,2025-10-28,4.351
180602.SZ,2025-10-29,4.474
180602.SZ,2025-10-30,4.442
180602.SZ,2025-10-31,4.45
180602.SZ,2025-11-03,4.432
180602.SZ,2025-11-04,4.385
180602.SZ,2025-11-05,4.34
180602.SZ,2025-11-06,4.334
180602.SZ,2025-11-07,4.392
180602.SZ,2025-11-10,4.485
180602.SZ,2025-11-11,4.452
180602.SZ,2025-11-12,4.428
180602.SZ,2025-11-13,4.411
180602.SZ,2025-11-14,4.41
180602.SZ,2025-11-17,4.408
180602.SZ,2025-11-18,4.388
180602.SZ,2025-11-19,4.374
180602.SZ,2025-11-20,4.348
180602.SZ,2025-11-21,4.348
180602.SZ,2025-11-24,4.343
180602.SZ,2025-11-25,4.42
180602.SZ,2025-11-26,4.375
180602.SZ,2025-11-27,4.259
180602.SZ,2025-11-28,4.258
180602.SZ,2025-12-01,4.265
180602.SZ,2025-12-02,4.25
180602.SZ,2025-12-03,4.25
180602.SZ,2025-12-04,4.245
180602.SZ,2025-12-05,4.237
180602.SZ,2025-12-08,4.195
180602.SZ,2025-12-09,4.196
180602.SZ,2025-12-10,4.212
180602.SZ,2025-12-11,4.178
180602.SZ,2025-12-12,4.207
180602.SZ,2025-12-15,4.202
180602.SZ,2025-12-16,4.2
180602.SZ,2025-12-17,4.208
180602.SZ,2025-12-18,4.19
180602.SZ,2025-12-19,4.169
180602.SZ,2025-12-22,4.16
180602.SZ,2025-12-23,4.059
180602.SZ,2025-12-24,4.18
180602.SZ,2025-12-25,4.21
180602.SZ,2025-12-26,4.196
180602.SZ,2025-12-29,4.169
180602.SZ,2025-12-30,4.17
180602.SZ,2025-12-31,4.157
180602.SZ,2026-01-05,4.187
180602.SZ,2026-01-06,4.22
180602.SZ,2026-01-07,4.222
180602.SZ,2026-01-08,4.194
180602.SZ,2026-01-09,4.197
180602.SZ,2026-01-12,4.197
180602.SZ,2026-01-13,4.169
180602.SZ,2026-01-14,4.187
180602.SZ,2026-01-15,4.161
180602.SZ,2026-01-16,4.17
180602.SZ,2026-01-19,4.139
180602.SZ,2026-01-20,4.169
180602.SZ,2026-01-21,4.178
180602.SZ,2026-01-22,4.294
180602.SZ,2026-01-23,4.356
180602.SZ,2026-01-26,4.36
180602.SZ,2026-01-27,4.365
180602.SZ,2026-01-28,4.365
180602.SZ,2026-01-29,4.395
180602.SZ,2026-01-30,4.344
180602.SZ,2026-02-02,4.247
180602.SZ,2026-02-03,4.273
180602.SZ,2026-02-04,4.245
180602.SZ,2026-02-05,4.209
180602.SZ,2026-02-06,4.185
180602.SZ,2026-02-09,4.185
180602.SZ,2026-02-10,4.188
180602.SZ,2026-02-11,4.188
180602.SZ,2026-02-12,4.18
180602.SZ,2026-02-13,4.224
180602.SZ,2026-02-24,4.201
180602.SZ,2026-02-25,4.205
180602.SZ,2026-02-26,4.217
180602.SZ,2026-02-27,4.22
180602.SZ,2026-03-02,4.192
180602.SZ,2026-03-03,4.2
180602.SZ,2026-03-04,4.179
180602.SZ,2026-03-05,4.191
180602.SZ,2026-03-06,4.169
180602.SZ,2026-03-09,4.162
180602.SZ,2026-03-10,4.169
180602.SZ,2026-03-11,4.173
180602.SZ,2026-03-12,4.164
180602.SZ,2026-03-13,4.181
180602.SZ,2026-03-16,4.17
180602.SZ,2026-03-17,4.177
180602.SZ,2026-03-18,4.178
180602.SZ,2026-03-19,4.169
180602.SZ,2026-03-20,4.169
180602.SZ,2026-03-23,4.144
180602.SZ,2026-03-24,4.163
180602.SZ,2026-03-25,4.17
180602.SZ,2026-03-26,4.17
180602.SZ,2026-03-27,4.172
180602.SZ,2026-03-30,4.169
180602.SZ,2026-03-31,4.166
180602.SZ,2026-04-01,4.163
180602.SZ,2026-04-02,4.163
180602.SZ,2026-04-03,4.2
180602.SZ,2026-04-07,4.22
180602.SZ,2026-04-08,4.247
180602.SZ,2026-04-09,4.221
180602.SZ,2026-04-10,4.207
180602.SZ,2026-04-13,4.193
180602.SZ,2026-04-14,4.197
180602.SZ,2026-04-15,4.194
180602.SZ,2026-04-16,4.214
180602.SZ,2026-04-17,4.22
180602.SZ,2026-04-20,4.212
180602.SZ,2026-04-21,4.205
180602.SZ,2026-04-22,4.205
180602.SZ,2026-04-23,4.208
180602.SZ,2026-04-24,4.206
180602.SZ,2026-04-27,4.184
180602.SZ,2026-04-28,4.185
180602.SZ,2026-04-29,4.184
180602.SZ,2026-04-30,4.17
180602.SZ,2026-05-06,4.145
180602.SZ,2026-05-07,4.153
180602.SZ,2026-05-08,4.168
180602.SZ,2026-05-11,4.155
180602.SZ,2026-05-12,4.15
180602.SZ,2026-05-13,4.151
180602.SZ,2026-05-14,4.135
180602.SZ,2026-05-15,4.133
180602.SZ,2026-05-18,4.14
180602.SZ,2026-05-19,4.184
180602.SZ,2026-05-20,4.17
180602.SZ,2026-05-21,4.165
180602.SZ,2026-05-22,4.148
180602.SZ,2026-05-25,4.15
180602.SZ,2026-05-26,4.126
180602.SZ,2026-05-27,4.1
180602.SZ,2026-05-28,4.066
180602.SZ,2026-05-29,4.08
180602.SZ,2026-06-01,4.136
180602.SZ,2026-06-02,4.122
180602.SZ,2026-06-03,4.158
180602.SZ,2026-06-04,4.175
180602.SZ,2026-06-05,4.169
180602.SZ,2026-06-08,4.149
180602.SZ,2026-06-09,4.115
180602.SZ,2026-06-10,4.08
180602.SZ,2026-06-11,4.071
180602.SZ,2026-06-12,4.095
180602.SZ,2026-06-15,4.05
180602.SZ,2026-06-16,4.008
180602.SZ,2026-06-17,3.971
180602.SZ,2026-06-18,3.879
180602.SZ,2026-06-22,3.69
180602.SZ,2026-06-23,3.586
180602.SZ,2026-06-24,3.519
180602.SZ,2026-06-25,3.598
180602.SZ,2026-06-26,3.555
180602.SZ,2026-06-29,3.655
180602.SZ,2026-06-30,3.786
180602.SZ,2026-07-01,3.787
180602.SZ,2026-07-02,3.748
180602.SZ,2026-07-03,3.84
180602.SZ,2026-07-06,3.888
180602.SZ,2026-07-07,3.879
180602.SZ,2026-07-08,3.822
180602.SZ,2026-07-09,3.79
180602.SZ,2026-07-10,3.867
180602.SZ,2026-07-13,3.87
180602.SZ,2026-07-14,3.888
180602.SZ,2026-07-15,3.872
180602.SZ,2026-07-16,3.91
180602.SZ,2026-07-17,3.884
180602.SZ,2026-07-20,3.86
180602.SZ,2026-07-21,3.869
180602.SZ,2026-07-22,3.869
180602.SZ,2026-07-23,3.88
180602.SZ,2026-07-24,3.902
180602.SZ,2026-07-27,3.862
180602.SZ,2026-07-28,3.855
180602.SZ,2026-07-29,3.867
180602.SZ,2026-07-30,3.873
180602.SZ,2026-07-31,3.915
180602.SZ,2026-08-03,3.93
180602.SZ,2026-08-04,3.895
180602.SZ,2026-08-05,3.86
180602.SZ,2026-08-06,3.829
180602.SZ,2026-08-07,3.8
180602.SZ,2026-08-10,3.864
180602.SZ,2026-08-11,3.861
180602.SZ,2026-08-12,3.842
180602.SZ,2026-08-13,3.782
180602.SZ,2026-08-14,3.73
180602.SZ,2026-08-17,3.62
180602.SZ,2026-08-18,3.606
180602.SZ,2026-08-19,3.639
180602.SZ,2026-08-20,3.701
180602.SZ,2026-08-21,3.723
180602.SZ,2026-08-24,3.726
180602.SZ,2026-08-25,3.703
180602.SZ,2026-08-26,3.785
180602.SZ,2026-08-27,3.798
180602.SZ,2026-08-28,3.795
180602.SZ,2026-08-31,3.801
180602.SZ,2026-09-01,3.759
180602.SZ,2026-09-02,3.734
180602.SZ,2026-09-03,3.728
180602.SZ,2026-09-04,3.739
180602.SZ,2026-09-07,3.733
180602.SZ,2026-09-08,3.731
180602.SZ,2026-09-09,3.728
180602.SZ,2026-09-10,3.718
180602.SZ,2026-09-11,3.725
180602.SZ,2026-09-14,3.735
180602.SZ,2026-09-15,3.739
180602.SZ,2026-09-16,3.755
180602.SZ,2026-09-17,3.778
180602.SZ,2026-09-18,3.798
180602.SZ,2026-09-21,3.781
180602.SZ,2026-09-22,3.793
180602.SZ,2026-09-23,3.816
180602.SZ,2026-09-24,3.838
180602.SZ,2026-09-28,3.83
180602.SZ,2026-09-29,3.835
180602.SZ,2026-09-30,3.84
180603.SZ,2024-09-20,3.33
180603.SZ,2024-09-23,3.321
180603.SZ,2024-09-24,3.321
180603.SZ,2024-09-25,3.329
180603.SZ,2024-09-26,3.328
180603.SZ,2024-09-27,3.331
180603.SZ,2024-09-30,3.331
180603.SZ,2024-10-08,3.334
180603.SZ,2024-10-09,3.33
180603.SZ,2024-10-10,3.315
180603.SZ,2024-10-11,3.312
180603.SZ,2024-10-14,3.321
180603.SZ,2024-10-15,3.328
180603.SZ,2024-10-16,3.327
180603.SZ,2024-10-17,3.314
180603.SZ,2024-10-18,3.325
180603.SZ,2024-10-21,3.324
180603.SZ,2024-10-22,3.328
180603.SZ,2024-10-23,3.325
180603.SZ,2024-10-24,3.32
180603.SZ,2024-10-25,3.324
180603.SZ,2024-10-28,3.325
180603.SZ,2024-10-29,3.341
180603.SZ,2024-10-30,3.355
180603.SZ,2024-10-31,3.379
180603.SZ,2024-11-01,3.383
180603.SZ,2024-11-04,3.385
180603.SZ,2024-11-05,3.399
180603.SZ,2024-11-06,3.401
180603.SZ,2024-11-07,3.402
180603.SZ,2024-11-08,3.406
180603.SZ,2024-11-11,3.401
180603.SZ,2024-11-12,3.407
180603.SZ,2024-11-13,3.385
180603.SZ,2024-11-14,3.382
180603.SZ,2024-11-15,3.389
180603.SZ,2024-11-18,3.391
180603.SZ,2024-11-19,3.39
180603.SZ,2024-11-20,3.395
180603.SZ,2024-11-21,3.404
180603.SZ,2024-11-22,3.396
180603.SZ,2024-11-25,3.36
180603.SZ,2024-11-26,3.34
180603.SZ,2024-11-27,3.344
180603.SZ,2024-11-28,3.349
180603.SZ,2024-11-29,3.37
180603.SZ,2024-12-02,3.389
180603.SZ,2024-12-03,3.389
180603.SZ,2024-12-04,3.389
180603.SZ,2024-12-05,3.388
180603.SZ,2024-12-06,3.389
180603.SZ,2024-12-09,3.389
180603.SZ,2024-12-10,3.417
180603.SZ,2024-12-11,3.5
180603.SZ,2024-12-12,3.565
180603.SZ,2024-12-13,3.559
180603.SZ,2024-12-16,3.583
180603.SZ,2024-12-17,3.638
180603.SZ,2024-12-18,3.6
180603.SZ,2024-12-19,3.552
180603.SZ,2024-12-20,3.551
180603.SZ,2024-12-23,3.54
180603.SZ,2024-12-24,3.538
180603.SZ,2024-12-25,3.57
180603.SZ,2024-12-26,3.57
180603.SZ,2024-12-27,3.611
180603.SZ,2024-12-30,3.603
180603.SZ,2024-12-31,3.601
180603.SZ,2025-01-02,3.758
180603.SZ,2025-01-03,3.9
180603.SZ,2025-01-06,3.936
180603.SZ,2025-01-07,3.89
180603.SZ,2025-01-08,4.042
180603.SZ,2025-01-09,4.034
180603.SZ,2025-01-10,3.98
180603.SZ,2025-01-13,3.87
180603.SZ,2025-01-14,3.858
180603.SZ,2025-01-15,3.889
180603.SZ,2025-01-16,3.921
180603.SZ,2025-01-17,3.929
180603.SZ,2025-01-20,4.01
180603.SZ,2025-01-21,4.088
180603.SZ,2025-01-22,4.216
180603.SZ,2025-01-23,4.302
180603.SZ,2025-01-24,4.35
180603.SZ,2025-01-27,4.385
180603.SZ,2025-02-05,4.453
180603.SZ,2025-02-06,4.444
180603.SZ,2025-02-07,4.381
180603.SZ,2025-02-10,4.349
180603.SZ,2025-02-11,4.4
180603.SZ,2025-02-12,4.333
180603.SZ,2025-02-13,4.26
180603.SZ,2025-02-14,4.331
180603.SZ,2025-02-17,4.405
180603.SZ,2025-02-18,4.435
180603.SZ,2025-02-19,4.425
180603.SZ,2025-02-20,4.421
180603.SZ,2025-02-21,4.434
180603.SZ,2025-02-24,4.39
180603.SZ,2025-02-25,4.32
180603.SZ,2025-02-26,4.351
180603.SZ,2025-02-27,4.333
180603.SZ,2025-02-28,4.26
180603.SZ,2025-03-03,4.292
180603.SZ,2025-03-04,4.302
180603.SZ,2025-03-05,4.289
180603.SZ,2025-03-06,4.284
180603.SZ,2025-03-07,4.261
180603.SZ,2025-03-10,4.23
180603.SZ,2025-03-11,4.219
180603.SZ,2025-03-12,4.226
180603.SZ,2025-03-13,4.191
180603.SZ,2025-03-14,4.269
180603.SZ,2025-03-17,4.288
180603.SZ,2025-03-18,4.26
180603.SZ,2025-03-19,4.245
180603.SZ,2025-03-20,4.263
180603.SZ,2025-03-21,4.291
180603.SZ,2025-03-24,4.312
180603.SZ,2025-03-25,4.343
180603.SZ,2025-03-26,4.365
180603.SZ,2025-03-27,4.367
180603.SZ,2025-03-28,4.424
180603.SZ,2025-03-31,4.404
180603.SZ,2025-04-01,4.368
180603.SZ,2025-04-02,4.43
180603.SZ,2025-04-03,4.52
180603.SZ,2025-04-07,4.619
180603.SZ,2025-04-08,4.603
180603.SZ,2025-04-09,4.535
180603.SZ,2025-04-10,4.568
180603.SZ,2025-04-11,4.664
180603.SZ,2025-04-14,4.74
180603.SZ,2025-04-15,4.744
180603.SZ,2025-04-16,4.862
180603.SZ,2025-04-17,4.967
180603.SZ,2025-04-18,4.866
180603.SZ,2025-04-21,4.802
180603.SZ,2025-04-22,4.929
180603.SZ,2025-04-23,4.931
180603.SZ,2025-04-24,4.957
180603.SZ,2025-04-25,4.93
180603.SZ,2025-04-28,4.821
180603.SZ,2025-04-29,4.83
180603.SZ,2025-04-30,4.926
180603.SZ,2025-05-06,4.975
180603.SZ,2025-05-07,4.972
180603.SZ,2025-05-08,4.976
180603.SZ,2025-05-09,4.979
180603.SZ,2025-05-12,4.988
180603.SZ,2025-05-13,5.003
180603.SZ,2025-05-14,5.046
180603.SZ,2025-05-15,5.0
180603.SZ,2025-05-16,5.085
180603.SZ,2025-05-19,5.16
180603.SZ,2025-05-20,5.22
180603.SZ,2025-05-21,5.35
180603.SZ,2025-05-22,5.23
180603.SZ,2025-05-23,5.249
180603.SZ,2025-05-26,5.248
180603.SZ,2025-05-27,5.197
180603.SZ,2025-05-28,5.185
180603.SZ,2025-05-29,5.199
180603.SZ,2025-05-30,5.2
180603.SZ,2025-06-03,5.19
180603.SZ,2025-06-04,5.17
180603.SZ,2025-06-05,5.19
180603.SZ,2025-06-06,5.258
180603.SZ,2025-06-09,5.261
180603.SZ,2025-06-10,5.305
180603.SZ,2025-06-11,5.303
180603.SZ,2025-06-12,5.307
180603.SZ,2025-06-13,5.335
180603.SZ,2025-06-16,5.335
180603.SZ,2025-06-17,5.32
180603.SZ,2025-06-18,5.32
180603.SZ,2025-06-19,5.314
180603.SZ,2025-06-20,5.48
180603.SZ,2025-06-23,5.48
180603.SZ,2025-06-24,5.355
180603.SZ,2025-06-25,5.312
180603.SZ,2025-06-26,5.299
180603.SZ,2025-06-27,5.262
180603.SZ,2025-06-30,5.218
180603.SZ,2025-07-01,5.205
180603.SZ,2025-07-02,5.239
180603.SZ,2025-07-03,5.246
180603.SZ,2025-07-04,5.22
180603.SZ,2025-07-07,5.17
180603.SZ,2025-07-08,5.129
180603.SZ,2025-07-09,5.07
180603.SZ,2025-07-10,5.074
180603.SZ,2025-07-11,5.076
180603.SZ,2025-07-14,5.095
180603.SZ,2025-07-15,5.129
180603.SZ,2025-07-16,5.143
180603.SZ,2025-07-17,5.13
180603.SZ,2025-07-18,5.11
180603.SZ,2025-07-21,5.038
180603.SZ,2025-07-22,4.976
180603.SZ,2025-07-23,4.919
180603.SZ,2025-07-24,4.916
180603.SZ,2025-07-25,4.917
180603.SZ,2025-07-28,5.033
180603.SZ,2025-07-29,5.01
180603.SZ,2025-07-30,5.028
180603.SZ,2025-07-31,5.149
180603.SZ,2025-08-01,5.172
180603.SZ,2025-08-04,5.15
180603.SZ,2025-08-05,5.129
180603.SZ,2025-08-06,5.105
180603.SZ,2025-08-07,5.12
180603.SZ,2025-08-08,5.165
180603.SZ,2025-08-11,5.128
180603.SZ,2025-08-12,5.1
180603.SZ,2025-08-13,5.13
180603.SZ,2025-08-14,5.072
180603.SZ,2025-08-15,5.045
180603.SZ,2025-08-18,4.938
180603.SZ,2025-08-19,4.871
180603.SZ,2025-08-20,4.8
180603.SZ,2025-08-21,4.91
180603.SZ,2025-08-22,4.985
180603.SZ,2025-08-25,5.0
180603.SZ,2025-08-26,5.058
180603.SZ,2025-08-27,5.038
180603.SZ,2025-08-28,5.025
180603.SZ,2025-08-29,5.015
180603.SZ,2025-09-01,5.015
180603.SZ,2025-09-02,5.048
180603.SZ,2025-09-03,5.116
180603.SZ,2025-09-04,5.1
180603.SZ,2025-09-05,5.065
180603.SZ,2025-09-08,5.059
180603.SZ,2025-09-09,5.06
180603.SZ,2025-09-10,5.03
180603.SZ,2025-09-11,5.035
180603.SZ,2025-09-12,5.046
180603.SZ,2025-09-15,5.102
180603.SZ,2025-09-16,5.098
180603.SZ,2025-09-17,5.106
180603.SZ,2025-09-18,5.115
180603.SZ,2025-09-19,5.118
180603.SZ,2025-09-22,5.119
180603.SZ,2025-09-23,5.1
180603.SZ,2025-09-24,5.075
180603.SZ,2025-09-25,4.975
180603.SZ,2025-09-26,4.965
180603.SZ,2025-09-29,4.962
180603.SZ,2025-09-30,4.95
180603.SZ,2025-10-09,4.95
180603.SZ,2025-10-10,4.948
180603.SZ,2025-10-13,4.932
180603.SZ,2025-10-14,4.87
180603.SZ,2025-10-15,4.868
180603.SZ,2025-10-16,4.8
180603.SZ,2025-10-17,4.79
180603.SZ,2025-10-20,4.68
180603.SZ,2025-10-21,4.6
180603.SZ,2025-10-22,4.59
180603.SZ,2025-10-23,4.598
180603.SZ,2025-10-24,4.63
180603.SZ,2025-10-27,4.585
180603.SZ,2025-10-28,4.712
180603.SZ,2025-10-29,4.76
180603.SZ,2025-10-30,4.753
180603.SZ,2025-10-31,4.72
180603.SZ,2025-11-03,4.706
180603.SZ,2025-11-04,4.674
180603.SZ,2025-11-05,4.716
180603.SZ,2025-11-06,4.714
180603.SZ,2025-11-07,4.72
180603.SZ,2025-11-10,4.758
180603.SZ,2025-11-11,4.765
180603.SZ,2025-11-12,4.758
180603.SZ,2025-11-13,4.762
180603.SZ,2025-11-14,4.87
180603.SZ,2025-11-17,4.825
180603.SZ,2025-11-18,4.825
180603.SZ,2025-11-19,4.801
180603.SZ,2025-11-20,4.814
180603.SZ,2025-11-21,4.776
180603.SZ,2025-11-24,4.786
180603.SZ,2025-11-25,4.825
180603.SZ,2025-11-26,4.82
180603.SZ,2025-11-27,4.839
180603.SZ,2025-11-28,4.839
180603.SZ,2025-12-01,4.821
180603.SZ,2025-12-02,4.814
180603.SZ,2025-12-03,4.802
180603.SZ,2025-12-04,4.779
180603.SZ,2025-12-05,4.729
180603.SZ,2025-12-08,4.7
180603.SZ,2025-12-09,4.7
180603.SZ,2025-12-10,4.7
180603.SZ,2025-12-11,4.7
180603.SZ,2025-12-12,4.714
180603.SZ,2025-12-15,4.615
180603.SZ,2025-12-16,4.585
180603.SZ,2025-12-17,4.587
180603.SZ,2025-12-18,4.565
180603.SZ,2025-12-19,4.539
180603.SZ,2025-12-22,4.52
180603.SZ,2025-12-23,4.5
180603.SZ,2025-12-24,4.659
180603.SZ,2025-12-25,4.688
180603.SZ,2025-12-26,4.623
180603.SZ,2025-12-29,4.602
180603.SZ,2025-12-30,4.599
180603.SZ,2025-12-31,4.599
180603.SZ,2026-01-05,4.658
180603.SZ,2026-01-06,4.735
180603.SZ,2026-01-07,4.789
180603.SZ,2026-01-08,4.881
180603.SZ,2026-01-09,4.869
180603.SZ,2026-01-12,4.87
180603.SZ,2026-01-13,4.9
180603.SZ,2026-01-14,4.901
180603.SZ,2026-01-15,4.866
180603.SZ,2026-01-16,4.87
180603.SZ,2026-01-19,4.902
180603.SZ,2026-01-20,4.91
180603.SZ,2026-01-21,4.9
180603.SZ,2026-01-22,4.961
180603.SZ,2026-01-23,4.989
180603.SZ,2026-01-26,4.989
180603.SZ,2026-01-27,4.954
180603.SZ,2026-01-28,4.96
180603.SZ,2026-01-29,4.994
180603.SZ,2026-01-30,4.96
180603.SZ,2026-02-02,4.842
180603.SZ,2026-02-03,4.875
180603.SZ,2026-02-04,4.879
180603.SZ,2026-02-05,4.906
180603.SZ,2026-02-06,4.873
180603.SZ,2026-02-09,4.852
180603.SZ,2026-02-10,4.885
180603.SZ,2026-02-11,4.879
180603.SZ,2026-02-12,4.889
180603.SZ,2026-02-13,4.944
180603.SZ,2026-02-24,4.853
180603.SZ,2026-02-25,4.842
180603.SZ,2026-02-26,4.804
180603.SZ,2026-02-27,4.798
180603.SZ,2026-03-02,4.805
180603.SZ,2026-03-03,4.81
180603.SZ,2026-03-04,4.788
180603.SZ,2026-03-05,4.747
180603.SZ,2026-03-06,4.699
180603.SZ,2026-03-09,4.641
180603.SZ,2026-03-10,4.653
180603.SZ,2026-03-11,4.694
180603.SZ,2026-03-12,4.656
180603.SZ,2026-03-13,4.699
180603.SZ,2026-03-16,4.709
180603.SZ,2026-03-17,4.739
180603.SZ,2026-03-18,4.765
180603.SZ,2026-03-19,4.74
180603.SZ,2026-03-20,4.736
180603.SZ,2026-03-23,4.712
180603.SZ,2026-03-24,4.75
180603.SZ,2026-03-25,4.72
180603.SZ,2026-03-26,4.724
180603.SZ,2026-03-27,4.696
180603.SZ,2026-03-30,4.71
180603.SZ,2026-03-31,4.699
180603.SZ,2026-04-01,4.65
180603.SZ,2026-04-02,4.658
180603.SZ,2026-04-03,4.692
180603.SZ,2026-04-07,4.723
180603.SZ,2026-04-08,4.781
180603.SZ,2026-04-09,4.752
180603.SZ,2026-04-10,4.739
180603.SZ,2026-04-13,4.733
180603.SZ,2026-04-14,4.75
180603.SZ,2026-04-15,4.76
180603.SZ,2026-04-16,4.805
180603.SZ,2026-04-17,4.83
180603.SZ,2026-04-20,4.838
180603.SZ,2026-04-21,4.835
180603.SZ,2026-04-22,4.842
180603.SZ,2026-04-23,4.84
180603.SZ,2026-04-24,4.833
180603.SZ,2026-04-27,4.769
180603.SZ,2026-04-28,4.751
180603.SZ,2026-04-29,4.734
180603.SZ,2026-04-30,4.708
180603.SZ,2026-05-06,4.687
180603.SZ,2026-05-07,4.721
180603.SZ,2026-05-08,4.733
180603.SZ,2026-05-11,4.73
180603.SZ,2026-05-12,4.73
180603.SZ,2026-05-13,4.7
180603.SZ,2026-05-14,4.66
180603.SZ,2026-05-15,4.63
180603.SZ,2026-05-18,4.642
180603.SZ,2026-05-19,4.735
180603.SZ,2026-05-20,4.712
180603.SZ,2026-05-21,4.673
180603.SZ,2026-05-22,4.683
180603.SZ,2026-05-25,4.695
180603.SZ,2026-05-26,4.654
180603.SZ,2026-05-27,4.571
180603.SZ,2026-05-28,4.594
180603.SZ,2026-05-29,4.639
180603.SZ,2026-06-01,4.676
180603.SZ,2026-06-02,4.65
180603.SZ,2026-06-03,4.652
180603.SZ,2026-06-04,4.655
180603.SZ,2026-06-05,4.682
180603.SZ,2026-06-08,4.668
180603.SZ,2026-06-09,4.661
180603.SZ,2026-06-10,4.588
180603.SZ,2026-06-11,4.535
180603.SZ,2026-06-12,4.55
180603.SZ,2026-06-15,4.539
180603.SZ,2026-06-16,4.507
180603.SZ,2026-06-17,4.512
180603.SZ,2026-06-18,4.43
180603.SZ,2026-06-22,4.29
180603.SZ,2026-06-23,4.2
180603.SZ,2026-06-24,4.127
180603.SZ,2026-06-25,4.269
180603.SZ,2026-06-26,4.249
180603.SZ,2026-06-29,4.42
180603.SZ,2026-06-30,4.44
180603.SZ,2026-07-01,4.398
180603.SZ,2026-07-02,4.379
180603.SZ,2026-07-03,4.508
180603.SZ,2026-07-06,4.489
180603.SZ,2026-07-07,4.45
180603.SZ,2026-07-08,4.432
180603.SZ,2026-07-09,4.45
180603.SZ,2026-07-10,4.5
180603.SZ,2026-07-13,4.486
180603.SZ,2026-07-14,4.483
180603.SZ,2026-07-15,4.486
180603.SZ,2026-07-16,4.507
180603.SZ,2026-07-17,4.476
180603.SZ,2026-07-20,4.447
180603.SZ,2026-07-21,4.444
180603.SZ,2026-07-22,4.33
180603.SZ,2026-07-23,4.351
180603.SZ,2026-07-24,4.413
180603.SZ,2026-07-27,4.397
180603.SZ,2026-07-28,4.354
180603.SZ,2026-07-29,4.387
180603.SZ,2026-07-30,4.37
180603.SZ,2026-07-31,4.459
180603.SZ,2026-08-03,4.45
180603.SZ,2026-08-04,4.399
180603.SZ,2026-08-05,4.348
180603.SZ,2026-08-06,4.347
180603.SZ,2026-08-07,4.398
180603.SZ,2026-08-10,4.317
180603.SZ,2026-08-11,4.295
180603.SZ,2026-08-12,4.295
180603.SZ,2026-08-13,4.25
180603.SZ,2026-08-14,4.239
180603.SZ,2026-08-17,4.203
180603.SZ,2026-08-18,4.272
180603.SZ,2026-08-19,4.34
180603.SZ,2026-08-20,4.37
180603.SZ,2026-08-21,4.36
180603.SZ,2026-08-24,4.295
180603.SZ,2026-08-25,4.315
180603.SZ,2026-08-26,4.39
180603.SZ,2026-08-27,4.382
180603.SZ,2026-08-28,4.365
180603.SZ,2026-08-31,4.33
180603.SZ,2026-09-01,4.266
180603.SZ,2026-09-02,4.238
180603.SZ,2026-09-03,4.228
180603.SZ,2026-09-04,4.236
180603.SZ,2026-09-07,4.233
180603.SZ,2026-09-08,4.229
180603.SZ,2026-09-09,4.232
180603.SZ,2026-09-10,4.254
180603.SZ,2026-09-11,4.206
180603.SZ,2026-09-14,4.217
180603.SZ,2026-09-15,4.213
180603.SZ,2026-09-16,4.23
180603.SZ,2026-09-17,4.25
180603.SZ,2026-09-18,4.238
180603.SZ,2026-09-21,4.211
180603.SZ,2026-09-22,4.207
180603.SZ,2026-09-23,4.261
180603.SZ,2026-09-24,4.27
180603.SZ,2026-09-28,4.275
180603.SZ,2026-09-29,4.306
180603.SZ,2026-09-30,4.28
180605.SZ,2025-01-24,3.935
180605.SZ,2025-01-27,4.244
180605.SZ,2025-02-05,4.25
180605.SZ,2025-02-06,4.288
180605.SZ,2025-02-07,4.308
180605.SZ,2025-02-10,4.357
180605.SZ,2025-02-11,4.455
180605.SZ,2025-02-12,4.46
180605.SZ,2025-02-13,4.446
180605.SZ,2025-02-14,4.446
180605.SZ,2025-02-17,4.461
180605.SZ,2025-02-18,4.474
180605.SZ,2025-02-19,4.482
180605.SZ,2025-02-20,4.487
180605.SZ,2025-02-21,4.5
180605.SZ,2025-02-24,4.467
180605.SZ,2025-02-25,4.44
180605.SZ,2025-02-26,4.424
180605.SZ,2025-02-27,4.411
180605.SZ,2025-02-28,4.391
180605.SZ,2025-03-03,4.406
180605.SZ,2025-03-04,4.426
180605.SZ,2025-03-05,4.42
180605.SZ,2025-03-06,4.41
180605.SZ,2025-03-07,4.399
180605.SZ,2025-03-10,4.417
180605.SZ,2025-03-11,4.388
180605.SZ,2025-03-12,4.38
180605.SZ,2025-03-13,4.368
180605.SZ,2025-03-14,4.425
180605.SZ,2025-03-17,4.439
180605.SZ,2025-03-18,4.448
180605.SZ,2025-03-19,4.449
180605.SZ,2025-03-20,4.448
180605.SZ,2025-03-21,4.434
180605.SZ,2025-03-24,4.416
180605.SZ,2025-03-25,4.406
180605.SZ,2025-03-26,4.46
180605.SZ,2025-03-27,4.453
180605.SZ,2025-03-28,4.462
180605.SZ,2025-03-31,4.433
180605.SZ,2025-04-01,4.418
180605.SZ,2025-04-02,4.469
180605.SZ,2025-04-03,4.554
180605.SZ,2025-04-07,4.54
180605.SZ,2025-04-08,4.527
180605.SZ,2025-04-09,4.5
180605.SZ,2025-04-10,4.54
180605.SZ,2025-04-11,4.571
180605.SZ,2025-04-14,4.635
180605.SZ,2025-04-15,4.65
180605.SZ,2025-04-16,4.66
180605.SZ,2025-04-17,4.759
180605.SZ,2025-04-18,4.7
180605.SZ,2025-04-21,4.718
180605.SZ,2025-04-22,4.833
180605.SZ,2025-04-23,4.83
180605.SZ,2025-04-24,4.828
180605.SZ,2025-04-25,4.9
180605.SZ,2025-04-28,4.788
180605.SZ,2025-04-29,4.798
180605.SZ,2025-04-30,4.852
180605.SZ,2025-05-06,4.846
180605.SZ,2025-05-07,4.949
180605.SZ,2025-05-08,4.898
180605.SZ,2025-05-09,4.904
180605.SZ,2025-05-12,4.876
180605.SZ,2025-05-13,4.919
180605.SZ,2025-05-14,5.009
180605.SZ,2025-05-15,4.979
180605.SZ,2025-05-16,5.01
180605.SZ,2025-05-19,5.067
180605.SZ,2025-05-20,5.188
180605.SZ,2025-05-22,5.135
180605.SZ,2025-05-23,5.098
180605.SZ,2025-05-26,5.148
180605.SZ,2025-05-27,5.105
180605.SZ,2025-05-28,5.091
180605.SZ,2025-05-29,5.11
180605.SZ,2025-05-30,5.127
180605.SZ,2025-06-03,5.131
180605.SZ,2025-06-04,5.195
180605.SZ,2025-06-05,5.201
180605.SZ,2025-06-06,5.166
180605.SZ,2025-06-09,5.164
180605.SZ,2025-06-10,5.205
180605.SZ,2025-06-11,5.268
180605.SZ,2025-06-12,5.27
180605.SZ,2025-06-13,5.32
180605.SZ,2025-06-16,5.366
180605.SZ,2025-06-17,5.36
180605.SZ,2025-06-18,5.355
180605.SZ,2025-06-19,5.371
180605.SZ,2025-06-20,5.492
180605.SZ,2025-06-23,5.62
180605.SZ,2025-06-24,5.5
180605.SZ,2025-06-25,5.455
180605.SZ,2025-06-26,5.404
180605.SZ,2025-06-27,5.28
180605.SZ,2025-06-30,5.325
180605.SZ,2025-07-01,5.4
180605.SZ,2025-07-02,5.558
180605.SZ,2025-07-03,5.56
180605.SZ,2025-07-04,5.557
180605.SZ,2025-07-07,5.711
180605.SZ,2025-07-08,5.599
180605.SZ,2025-07-09,5.53
180605.SZ,2025-07-10,5.527
180605.SZ,2025-07-11,5.49
180605.SZ,2025-07-14,5.49
180605.SZ,2025-07-15,5.558
180605.SZ,2025-07-16,5.549
180605.SZ,2025-07-17,5.549
180605.SZ,2025-07-18,5.511
180605.SZ,2025-07-21,5.42
180605.SZ,2025-07-22,5.342
180605.SZ,2025-07-23,5.284
180605.SZ,2025-07-24,5.26
180605.SZ,2025-07-25,5.227
180605.SZ,2025-07-28,5.376
180605.SZ,2025-07-29,5.33
180605.SZ,2025-07-30,5.357
180605.SZ,2025-07-31,5.478
180605.SZ,2025-08-01,5.509
180605.SZ,2025-08-04,5.5
180605.SZ,2025-08-05,5.441
180605.SZ,2025-08-06,5.445
180605.SZ,2025-08-07,5.463
180605.SZ,2025-08-08,5.484
180605.SZ,2025-08-11,5.465
180605.SZ,2025-08-12,5.458
180605.SZ,2025-08-13,5.43
180605.SZ,2025-08-14,5.431
180605.SZ,2025-08-15,5.366
180605.SZ,2025-08-18,5.186
180605.SZ,2025-08-19,5.11
180605.SZ,2025-08-20,5.11
180605.SZ,2025-08-21,5.15
180605.SZ,2025-08-22,5.238
180605.SZ,2025-08-25,5.29
180605.SZ,2025-08-26,5.389
180605.SZ,2025-08-27,5.382
180605.SZ,2025-08-28,5.343
180605.SZ,2025-08-29,5.36
180605.SZ,2025-09-01,5.336
180605.SZ,2025-09-02,5.35
180605.SZ,2025-09-03,5.355
180605.SZ,2025-09-04,5.398
180605.SZ,2025-09-05,5.385
180605.SZ,2025-09-08,5.372
180605.SZ,2025-09-09,5.389
180605.SZ,2025-09-10,5.38
180605.SZ,2025-09-11,5.414
180605.SZ,2025-09-12,5.418
180605.SZ,2025-09-15,5.493
180605.SZ,2025-09-16,5.469
180605.SZ,2025-09-17,5.419
180605.SZ,2025-09-18,5.393
180605.SZ,2025-09-19,5.434
180605.SZ,2025-09-22,5.456
180605.SZ,2025-09-23,5.434
180605.SZ,2025-09-24,5.393
180605.SZ,2025-09-25,5.373
180605.SZ,2025-09-26,5.323
180605.SZ,2025-09-29,5.291
180605.SZ,2025-09-30,5.214
180605.SZ,2025-10-09,5.197
180605.SZ,2025-10-10,5.243
180605.SZ,2025-10-13,5.247
180605.SZ,2025-10-14,5.237
180605.SZ,2025-10-15,5.187
180605.SZ,2025-10-16,5.131
180605.SZ,2025-10-17,5.139
180605.SZ,2025-10-20,5.11
180605.SZ,2025-10-21,5.08
180605.SZ,2025-10-22,5.1
180605.SZ,2025-10-23,5.114
180605.SZ,2025-10-24,5.24
180605.SZ,2025-10-27,5.25
180605.SZ,2025-10-28,5.345
180605.SZ,2025-10-29,5.405
180605.SZ,2025-10-30,5.388
180605.SZ,2025-10-31,5.324
180605.SZ,2025-11-03,5.277
180605.SZ,2025-11-04,5.226
180605.SZ,2025-11-05,5.225
180605.SZ,2025-11-06,5.234
180605.SZ,2025-11-07,5.328
180605.SZ,2025-11-10,5.261
180605.SZ,2025-11-11,5.24
180605.SZ,2025-11-12,5.214
180605.SZ,2025-11-13,5.255
180605.SZ,2025-11-14,5.289
180605.SZ,2025-11-17,5.278
180605.SZ,2025-11-18,5.297
180605.SZ,2025-11-19,5.288
180605.SZ,2025-11-20,5.256
180605.SZ,2025-11-21,5.25
180605.SZ,2025-11-24,5.215
180605.SZ,2025-11-25,5.258
180605.SZ,2025-11-26,5.29
180605.SZ,2025-11-27,5.26
180605.SZ,2025-11-28,5.247
180605.SZ,2025-12-01,5.199
180605.SZ,2025-12-02,5.191
180605.SZ,2025-12-03,5.15
180605.SZ,2025-12-04,5.1
180605.SZ,2025-12-05,5.076
180605.SZ,2025-12-08,5.007
180605.SZ,2025-12-09,5.03
180605.SZ,2025-12-10,5.076
180605.SZ,2025-12-11,5.099
180605.SZ,2025-12-12,5.145
180605.SZ,2025-12-15,5.11
180605.SZ,2025-12-16,5.06
180605.SZ,2025-12-17,5.03
180605.SZ,2025-12-18,4.979
180605.SZ,2025-12-19,4.955
180605.SZ,2025-12-22,5.022
180605.SZ,2025-12-23,4.993
180605.SZ,2025-12-24,5.026
180605.SZ,2025-12-25,5.045
180605.SZ,2025-12-26,4.973
180605.SZ,2025-12-29,4.889
180605.SZ,2025-12-30,4.794
180605.SZ,2025-12-31,4.76
180605.SZ,2026-01-05,4.776
180605.SZ,2026-01-06,4.899
180605.SZ,2026-01-07,5.026
180605.SZ,2026-01-08,5.137
180605.SZ,2026-01-09,5.133
180605.SZ,2026-01-12,5.129
180605.SZ,2026-01-13,5.054
180605.SZ,2026-01-14,5.089
180605.SZ,2026-01-15,5.038
180605.SZ,2026-01-16,5.047
180605.SZ,2026-01-19,5.094
180605.SZ,2026-01-20,5.098
180605.SZ,2026-01-21,5.149
180605.SZ,2026-01-22,5.238
180605.SZ,2026-01-23,5.239
180605.SZ,2026-01-26,5.139
180605.SZ,2026-01-27,5.135
180605.SZ,2026-01-28,5.146
180605.SZ,2026-01-29,5.243
180605.SZ,2026-01-30,5.229
180605.SZ,2026-02-02,5.121
180605.SZ,2026-02-03,5.125
180605.SZ,2026-02-04,5.115
180605.SZ,2026-02-05,5.111
180605.SZ,2026-02-06,5.1
180605.SZ,2026-02-09,5.1
180605.SZ,2026-02-10,5.104
180605.SZ,2026-02-11,5.19
180605.SZ,2026-02-12,5.199
180605.SZ,2026-02-13,5.226
180605.SZ,2026-02-24,5.191
180605.SZ,2026-02-25,5.191
180605.SZ,2026-02-26,5.152
180605.SZ,2026-02-27,5.17
180605.SZ,2026-03-02,5.167
180605.SZ,2026-03-03,5.155
180605.SZ,2026-03-04,5.09
180605.SZ,2026-03-05,5.06
180605.SZ,2026-03-06,5.093
180605.SZ,2026-03-09,5.053
180605.SZ,2026-03-10,5.066
180605.SZ,2026-03-11,5.039
180605.SZ,2026-03-12,5.024
180605.SZ,2026-03-13,5.016
180605.SZ,2026-03-16,4.998
180605.SZ,2026-03-17,5.068
180605.SZ,2026-03-18,5.09
180605.SZ,2026-03-19,5.108
180605.SZ,2026-03-20,5.063
180605.SZ,2026-03-23,5.04
180605.SZ,2026-03-24,5.058
180605.SZ,2026-03-25,5.044
180605.SZ,2026-03-26,5.029
180605.SZ,2026-03-27,5.043
180605.SZ,2026-03-30,5.05
180605.SZ,2026-03-31,5.04
180605.SZ,2026-04-01,4.999
180605.SZ,2026-04-02,4.937
180605.SZ,2026-04-03,4.911
180605.SZ,2026-04-07,4.953
180605.SZ,2026-04-08,4.962
180605.SZ,2026-04-09,4.873
180605.SZ,2026-04-10,4.861
180605.SZ,2026-04-13,4.839
180605.SZ,2026-04-14,4.842
180605.SZ,2026-04-15,4.858
180605.SZ,2026-04-16,4.946
180605.SZ,2026-04-17,4.972
180605.SZ,2026-04-20,4.942
180605.SZ,2026-04-21,4.924
180605.SZ,2026-04-22,4.924
180605.SZ,2026-04-23,4.899
180605.SZ,2026-04-24,4.878
180605.SZ,2026-04-27,4.861
180605.SZ,2026-04-28,4.87
180605.SZ,2026-04-29,4.88
180605.SZ,2026-04-30,4.893
180605.SZ,2026-05-06,4.898
180605.SZ,2026-05-07,4.899
180605.SZ,2026-05-08,4.9
180605.SZ,2026-05-11,4.902
180605.SZ,2026-05-12,4.894
180605.SZ,2026-05-13,4.859
180605.SZ,2026-05-14,4.81
180605.SZ,2026-05-15,4.795
180605.SZ,2026-05-18,4.816
180605.SZ,2026-05-19,4.84
180605.SZ,2026-05-20,4.86
180605.SZ,2026-05-21,4.826
180605.SZ,2026-05-22,4.81
180605.SZ,2026-05-25,4.768
180605.SZ,2026-05-26,4.664
180605.SZ,2026-05-27,4.664
180605.SZ,2026-05-28,4.5
180605.SZ,2026-05-29,4.554
180605.SZ,2026-06-01,4.6
180605.SZ,2026-06-02,4.604
180605.SZ,2026-06-03,4.645
180605.SZ,2026-06-04,4.657
180605.SZ,2026-06-05,4.7
180605.SZ,2026-06-08,4.685
180605.SZ,2026-06-09,4.707
180605.SZ,2026-06-10,4.72
180605.SZ,2026-06-11,4.613
180605.SZ,2026-06-12,4.644
180605.SZ,2026-06-15,4.592
180605.SZ,2026-06-16,4.551
180605.SZ,2026-06-17,4.539
180605.SZ,2026-06-18,4.499
180605.SZ,2026-06-22,4.365
180605.SZ,2026-06-23,4.282
180605.SZ,2026-06-24,4.2
180605.SZ,2026-06-25,4.277
180605.SZ,2026-06-26,4.388
180605.SZ,2026-06-29,4.52
180605.SZ,2026-06-30,4.52
180605.SZ,2026-07-01,4.508
180605.SZ,2026-07-02,4.506
180605.SZ,2026-07-03,4.548
180605.SZ,2026-07-06,4.537
180605.SZ,2026-07-07,4.5
180605.SZ,2026-07-08,4.462
180605.SZ,2026-07-09,4.456
180605.SZ,2026-07-10,4.534
180605.SZ,2026-07-13,4.511
180605.SZ,2026-07-14,4.493
180605.SZ,2026-07-15,4.5
180605.SZ,2026-07-16,4.498
180605.SZ,2026-07-17,4.488
180605.SZ,2026-07-20,4.489
180605.SZ,2026-07-21,4.476
180605.SZ,2026-07-22,4.41
180605.SZ,2026-07-23,4.417
180605.SZ,2026-07-24,4.429
180605.SZ,2026-07-27,4.4
180605.SZ,2026-07-28,4.367
180605.SZ,2026-07-29,4.36
180605.SZ,2026-07-30,4.344
180605.SZ,2026-07-31,4.438
180605.SZ,2026-08-03,4.403
180605.SZ,2026-08-04,4.359
180605.SZ,2026-08-05,4.321
180605.SZ,2026-08-06,4.301
180605.SZ,2026-08-07,4.317
180605.SZ,2026-08-10,4.292
180605.SZ,2026-08-11,4.253
180605.SZ,2026-08-12,4.188
180605.SZ,2026-08-13,4.149
180605.SZ,2026-08-14,4.11
180605.SZ,2026-08-17,4.06
180605.SZ,2026-08-18,4.066
180605.SZ,2026-08-19,4.146
180605.SZ,2026-08-20,4.19
180605.SZ,2026-08-21,4.182
180605.SZ,2026-08-24,4.17
180605.SZ,2026-08-25,4.175
180605.SZ,2026-08-26,4.277
180605.SZ,2026-08-27,4.241
180605.SZ,2026-08-28,4.251
180605.SZ,2026-08-31,4.251
180605.SZ,2026-09-01,4.176
180605.SZ,2026-09-02,4.132
180605.SZ,2026-09-03,4.109
180605.SZ,2026-09-04,4.196
180605.SZ,2026-09-07,4.129
180605.SZ,2026-09-08,4.056
180605.SZ,2026-09-09,4.08
180605.SZ,2026-09-10,4.068
180605.SZ,2026-09-11,4.062
180605.SZ,2026-09-14,4.067
180605.SZ,2026-09-15,4.077
180605.SZ,2026-09-16,4.05
180605.SZ,2026-09-17,4.082
180605.SZ,2026-09-18,4.113
180605.SZ,2026-09-21,4.129
180605.SZ,2026-09-22,4.105
180605.SZ,2026-09-23,4.101
180605.SZ,2026-09-24,4.116
180605.SZ,2026-09-28,4.111
180605.SZ,2026-09-29,4.144
180605.SZ,2026-09-30,4.133
180606.SZ,2025-06-27,4.108
180606.SZ,2025-06-30,4.299
180606.SZ,2025-07-01,4.246
180606.SZ,2025-07-02,4.316
180606.SZ,2025-07-03,4.33
180606.SZ,2025-07-04,4.375
180606.SZ,2025-07-07,4.38
180606.SZ,2025-07-08,4.39
180606.SZ,2025-07-09,4.387
180606.SZ,2025-07-10,4.39
180606.SZ,2025-07-11,4.419
180606.SZ,2025-07-14,4.377
180606.SZ,2025-07-15,4.391
180606.SZ,2025-07-16,4.381
180606.SZ,2025-07-17,4.384
180606.SZ,2025-07-18,4.38
180606.SZ,2025-07-21,4.36
180606.SZ,2025-07-22,4.304
180606.SZ,2025-07-23,4.199
180606.SZ,2025-07-24,4.161
180606.SZ,2025-07-25,4.169
180606.SZ,2025-07-28,4.208
180606.SZ,2025-07-29,4.184
180606.SZ,2025-07-30,4.204
180606.SZ,2025-07-31,4.238
180606.SZ,2025-08-01,4.25
180606.SZ,2025-08-04,4.225
180606.SZ,2025-08-05,4.23
180606.SZ,2025-08-06,4.24
180606.SZ,2025-08-07,4.231
180606.SZ,2025-08-08,4.209
180606.SZ,2025-08-11,4.182
180606.SZ,2025-08-12,4.194
180606.SZ,2025-08-13,4.2
180606.SZ,2025-08-14,4.186
180606.SZ,2025-08-15,4.115
180606.SZ,2025-08-18,3.98
180606.SZ,2025-08-19,3.981
180606.SZ,2025-08-20,3.98
180606.SZ,2025-08-21,4.06
180606.SZ,2025-08-22,4.044
180606.SZ,2025-08-25,4.109
180606.SZ,2025-08-26,4.133
180606.SZ,2025-08-27,4.139
180606.SZ,2025-08-28,4.126
180606.SZ,2025-08-29,4.116
180606.SZ,2025-09-01,4.082
180606.SZ,2025-09-02,4.1
180606.SZ,2025-09-03,4.124
180606.SZ,2025-09-04,4.132
180606.SZ,2025-09-05,4.127
180606.SZ,2025-09-08,4.09
180606.SZ,2025-09-09,4.083
180606.SZ,2025-09-10,4.049
180606.SZ,2025-09-11,4.031
180606.SZ,2025-09-12,4.031
180606.SZ,2025-09-15,4.048
180606.SZ,2025-09-16,4.024
180606.SZ,2025-09-17,4.015
180606.SZ,2025-09-18,4.02
180606.SZ,2025-09-19,4.02
180606.SZ,2025-09-22,4.012
180606.SZ,2025-09-23,4.017
180606.SZ,2025-09-24,4.002
180606.SZ,2025-09-25,4.0
180606.SZ,2025-09-26,4.04
180606.SZ,2025-09-29,4.011
180606.SZ,2025-09-30,3.996
180606.SZ,2025-10-09,3.988
180606.SZ,2025-10-10,3.985
180606.SZ,2025-10-13,4.007
180606.SZ,2025-10-14,3.98
180606.SZ,2025-10-15,3.966
180606.SZ,2025-10-16,3.951
180606.SZ,2025-10-17,3.955
180606.SZ,2025-10-20,3.908
180606.SZ,2025-10-21,3.95
180606.SZ,2025-10-22,3.959
180606.SZ,2025-10-23,3.96
180606.SZ,2025-10-24,3.98
180606.SZ,2025-10-27,3.972
180606.SZ,2025-10-28,4.044
180606.SZ,2025-10-29,4.071
180606.SZ,2025-10-30,4.085
180606.SZ,2025-10-31,4.045
180606.SZ,2025-11-03,4.066
180606.SZ,2025-11-04,4.023
180606.SZ,2025-11-05,4.03
180606.SZ,2025-11-06,4.016
180606.SZ,2025-11-07,4.029
180606.SZ,2025-11-10,4.045
180606.SZ,2025-11-11,4.069
180606.SZ,2025-11-12,4.07
180606.SZ,2025-11-13,4.079
180606.SZ,2025-11-14,4.096
180606.SZ,2025-11-17,4.143
180606.SZ,2025-11-18,4.141
180606.SZ,2025-11-19,4.13
180606.SZ,2025-11-20,4.116
180606.SZ,2025-11-21,4.08
180606.SZ,2025-11-24,4.078
180606.SZ,2025-11-25,4.11
180606.SZ,2025-11-26,4.15
180606.SZ,2025-11-27,4.137
180606.SZ,2025-11-28,4.13
180606.SZ,2025-12-01,4.086
180606.SZ,2025-12-02,4.087
180606.SZ,2025-12-03,4.086
180606.SZ,2025-12-04,4.109
180606.SZ,2025-12-05,4.1
180606.SZ,2025-12-08,4.052
180606.SZ,2025-12-09,4.042
180606.SZ,2025-12-10,4.077
180606.SZ,2025-12-11,4.076
180606.SZ,2025-12-12,4.1
180606.SZ,2025-12-15,4.075
180606.SZ,2025-12-16,4.05
180606.SZ,2025-12-17,4.033
180606.SZ,2025-12-18,4.028
180606.SZ,2025-12-19,4.019
180606.SZ,2025-12-22,4.035
180606.SZ,2025-12-23,4.002
180606.SZ,2025-12-24,4.123
180606.SZ,2025-12-25,4.15
180606.SZ,2025-12-26,4.138
180606.SZ,2025-12-29,4.112
180606.SZ,2025-12-30,4.095
180606.SZ,2025-12-31,4.15
180606.SZ,2026-01-05,4.178
180606.SZ,2026-01-06,4.22
180606.SZ,2026-01-07,4.218
180606.SZ,2026-01-08,4.249
180606.SZ,2026-01-09,4.259
180606.SZ,2026-01-12,4.249
180606.SZ,2026-01-13,4.25
180606.SZ,2026-01-14,4.244
180606.SZ,2026-01-15,4.241
180606.SZ,2026-01-16,4.243
180606.SZ,2026-01-19,4.26
180606.SZ,2026-01-20,4.268
180606.SZ,2026-01-21,4.332
180606.SZ,2026-01-22,4.32
180606.SZ,2026-01-23,4.288
180606.SZ,2026-01-26,4.261
180606.SZ,2026-01-27,4.259
180606.SZ,2026-01-28,4.25
180606.SZ,2026-01-29,4.278
180606.SZ,2026-01-30,4.248
180606.SZ,2026-02-02,4.155
180606.SZ,2026-02-03,4.224
180606.SZ,2026-02-04,4.246
180606.SZ,2026-02-05,4.235
180606.SZ,2026-02-06,4.219
180606.SZ,2026-02-09,4.189
180606.SZ,2026-02-10,4.273
180606.SZ,2026-02-11,4.275
180606.SZ,2026-02-12,4.285
180606.SZ,2026-02-13,4.29
180606.SZ,2026-02-24,4.253
180606.SZ,2026-02-25,4.25
180606.SZ,2026-02-26,4.208
180606.SZ,2026-02-27,4.188
180606.SZ,2026-03-02,4.169
180606.SZ,2026-03-03,4.201
180606.SZ,2026-03-04,4.165
180606.SZ,2026-03-05,4.156
180606.SZ,2026-03-06,4.124
180606.SZ,2026-03-09,4.062
180606.SZ,2026-03-10,4.098
180606.SZ,2026-03-11,4.12
180606.SZ,2026-03-12,4.099
180606.SZ,2026-03-13,4.128
180606.SZ,2026-03-16,4.117
180606.SZ,2026-03-17,4.136
180606.SZ,2026-03-18,4.128
180606.SZ,2026-03-19,4.127
180606.SZ,2026-03-20,4.107
180606.SZ,2026-03-23,4.086
180606.SZ,2026-03-24,4.086
180606.SZ,2026-03-25,4.065
180606.SZ,2026-03-26,4.051
180606.SZ,2026-03-27,4.012
180606.SZ,2026-03-30,4.001
180606.SZ,2026-03-31,3.908
180606.SZ,2026-04-01,3.924
180606.SZ,2026-04-02,3.91
180606.SZ,2026-04-03,3.913
180606.SZ,2026-04-07,3.941
180606.SZ,2026-04-08,3.979
180606.SZ,2026-04-09,4.0
180606.SZ,2026-04-10,4.026
180606.SZ,2026-04-13,4.034
180606.SZ,2026-04-14,4.083
180606.SZ,2026-04-15,4.083
180606.SZ,2026-04-16,4.104
180606.SZ,2026-04-17,4.127
180606.SZ,2026-04-20,4.13
180606.SZ,2026-04-21,4.125
180606.SZ,2026-04-22,4.121
180606.SZ,2026-04-23,4.107
180606.SZ,2026-04-24,4.103
180606.SZ,2026-04-27,4.03
180606.SZ,2026-04-28,4.026
180606.SZ,2026-04-29,4.002
180606.SZ,2026-04-30,4.003
180606.SZ,2026-05-06,4.014
180606.SZ,2026-05-07,4.026
180606.SZ,2026-05-08,4.058
180606.SZ,2026-05-11,4.09
180606.SZ,2026-05-12,4.089
180606.SZ,2026-05-13,4.094
180606.SZ,2026-05-14,4.06
180606.SZ,2026-05-15,4.054
180606.SZ,2026-05-18,4.059
180606.SZ,2026-05-19,4.15
180606.SZ,2026-05-20,4.151
180606.SZ,2026-05-21,4.08
180606.SZ,2026-05-22,4.095
180606.SZ,2026-05-25,4.07
180606.SZ,2026-05-26,4.05
180606.SZ,2026-05-27,4.004
180606.SZ,2026-05-28,3.926
180606.SZ,2026-05-29,3.936
180606.SZ,2026-06-01,4.02
180606.SZ,2026-06-02,4.008
180606.SZ,2026-06-03,3.996
180606.SZ,2026-06-04,3.997
180606.SZ,2026-06-05,3.996
180606.SZ,2026-06-08,3.987
180606.SZ,2026-06-09,3.928
180606.SZ,2026-06-10,3.858
180606.SZ,2026-06-11,3.875
180606.SZ,2026-06-12,3.871
180606.SZ,2026-06-15,3.858
180606.SZ,2026-06-16,3.815
180606.SZ,2026-06-17,3.798
180606.SZ,2026-06-18,3.724
180606.SZ,2026-06-22,3.556
180606.SZ,2026-06-23,3.568
180606.SZ,2026-06-24,3.471
180606.SZ,2026-06-25,3.573
180606.SZ,2026-06-26,3.576
180606.SZ,2026-06-29,3.691
180606.SZ,2026-06-30,3.739
180606.SZ,2026-07-01,3.806
180606.SZ,2026-07-02,3.806
180606.SZ,2026-07-03,3.834
180606.SZ,2026-07-06,3.81
180606.SZ,2026-07-07,3.708
180606.SZ,2026-07-08,3.651
180606.SZ,2026-07-09,3.656
180606.SZ,2026-07-10,3.757
180606.SZ,2026-07-13,3.755
180606.SZ,2026-07-14,3.745
180606.SZ,2026-07-15,3.695
180606.SZ,2026-07-16,3.68
180606.SZ,2026-07-17,3.663
180606.SZ,2026-07-20,3.661
180606.SZ,2026-07-21,3.688
180606.SZ,2026-07-22,3.742
180606.SZ,2026-07-23,3.76
180606.SZ,2026-07-24,3.755
180606.SZ,2026-07-27,3.812
180606.SZ,2026-07-28,3.83
180606.SZ,2026-07-29,3.728
180606.SZ,2026-07-30,3.62
180606.SZ,2026-07-31,3.649
180606.SZ,2026-08-03,3.681
180606.SZ,2026-08-04,3.695
180606.SZ,2026-08-05,3.73
180606.SZ,2026-08-06,3.75
180606.SZ,2026-08-07,3.76
180606.SZ,2026-08-10,3.74
180606.SZ,2026-08-11,3.735
180606.SZ,2026-08-12,3.732
180606.SZ,2026-08-13,3.707
180606.SZ,2026-08-14,3.682
180606.SZ,2026-08-17,3.645
180606.SZ,2026-08-18,3.645
180606.SZ,2026-08-19,3.628
180606.SZ,2026-08-20,3.625
180606.SZ,2026-08-21,3.612
180606.SZ,2026-08-24,3.612
180606.SZ,2026-08-25,3.636
180606.SZ,2026-08-26,3.675
180606.SZ,2026-08-27,3.65
180606.SZ,2026-08-28,3.698
180606.SZ,2026-08-31,3.7
180606.SZ,2026-09-01,3.681
180606.SZ,2026-09-02,3.67
180606.SZ,2026-09-03,3.655
180606.SZ,2026-09-04,3.631
180606.SZ,2026-09-07,3.585
180606.SZ,2026-09-08,3.601
180606.SZ,2026-09-09,3.6
180606.SZ,2026-09-10,3.602
180606.SZ,2026-09-11,3.544
180606.SZ,2026-09-14,3.528
180606.SZ,2026-09-15,3.518
180606.SZ,2026-09-16,3.489
180606.SZ,2026-09-17,3.545
180606.SZ,2026-09-18,3.542
180606.SZ,2026-09-21,3.51
180606.SZ,2026-09-22,3.548
180606.SZ,2026-09-23,3.638
180606.SZ,2026-09-24,3.659
180606.SZ,2026-09-28,3.661
180606.SZ,2026-09-29,3.649
180606.SZ,2026-09-30,3.655
180607.SZ,2025-10-31,5.455
180607.SZ,2025-11-03,5.386
180607.SZ,2025-11-04,5.384
180607.SZ,2025-11-05,5.418
180607.SZ,2025-11-06,5.412
180607.SZ,2025-11-07,5.438
180607.SZ,2025-11-10,5.466
180607.SZ,2025-11-11,5.484
180607.SZ,2025-11-12,5.5
180607.SZ,2025-11-13,5.512
180607.SZ,2025-11-14,5.511
180607.SZ,2025-11-17,5.518
180607.SZ,2025-11-18,5.521
180607.SZ,2025-11-19,5.54
180607.SZ,2025-11-20,5.519
180607.SZ,2025-11-21,5.504
180607.SZ,2025-11-24,5.499
180607.SZ,2025-11-25,5.52
180607.SZ,2025-11-26,5.548
180607.SZ,2025-11-27,5.563
180607.SZ,2025-11-28,5.566
180607.SZ,2025-12-01,5.568
180607.SZ,2025-12-02,5.57
180607.SZ,2025-12-03,5.57
180607.SZ,2025-12-04,5.569
180607.SZ,2025-12-05,5.567
180607.SZ,2025-12-08,5.55
180607.SZ,2025-12-09,5.54
180607.SZ,2025-12-10,5.559
180607.SZ,2025-12-11,5.561
180607.SZ,2025-12-12,5.58
180607.SZ,2025-12-15,5.569
180607.SZ,2025-12-16,5.535
180607.SZ,2025-12-17,5.538
180607.SZ,2025-12-18,5.522
180607.SZ,2025-12-19,5.512
180607.SZ,2025-12-22,5.51
180607.SZ,2025-12-23,5.469
180607.SZ,2025-12-24,5.566
180607.SZ,2025-12-25,5.569
180607.SZ,2025-12-26,5.544
180607.SZ,2025-12-29,5.541
180607.SZ,2025-12-30,5.534
180607.SZ,2025-12-31,5.594
180607.SZ,2026-01-05,5.594
180607.SZ,2026-01-06,5.682
180607.SZ,2026-01-07,5.771
180607.SZ,2026-01-08,5.817
180607.SZ,2026-01-09,5.827
180607.SZ,2026-01-12,5.818
180607.SZ,2026-01-13,5.842
180607.SZ,2026-01-14,5.867
180607.SZ,2026-01-15,5.829
180607.SZ,2026-01-16,5.847
180607.SZ,2026-01-19,5.861
180607.SZ,2026-01-20,5.893
180607.SZ,2026-01-21,5.991
180607.SZ,2026-01-22,6.118
180607.SZ,2026-01-23,6.084
180607.SZ,2026-01-26,6.119
180607.SZ,2026-01-27,6.141
180607.SZ,2026-01-28,6.228
180607.SZ,2026-01-29,6.34
180607.SZ,2026-01-30,6.359
180607.SZ,2026-02-02,6.197
180607.SZ,2026-02-03,6.22
180607.SZ,2026-02-04,6.209
180607.SZ,2026-02-05,6.153
180607.SZ,2026-02-06,6.145
180607.SZ,2026-02-09,6.123
180607.SZ,2026-02-10,6.237
180607.SZ,2026-02-11,6.195
180607.SZ,2026-02-12,6.208
180607.SZ,2026-02-13,6.22
180607.SZ,2026-02-24,6.225
180607.SZ,2026-02-25,6.19
180607.SZ,2026-02-26,6.138
180607.SZ,2026-02-27,6.133
180607.SZ,2026-03-02,6.085
180607.SZ,2026-03-03,6.085
180607.SZ,2026-03-04,6.004
180607.SZ,2026-03-05,5.973
180607.SZ,2026-03-06,5.925
180607.SZ,2026-03-09,5.857
180607.SZ,2026-03-10,5.909
180607.SZ,2026-03-11,5.954
180607.SZ,2026-03-12,5.945
180607.SZ,2026-03-13,5.945
180607.SZ,2026-03-16,5.907
180607.SZ,2026-03-17,5.92
180607.SZ,2026-03-18,5.9
180607.SZ,2026-03-19,5.899
180607.SZ,2026-03-20,5.85
180607.SZ,2026-03-23,5.835
180607.SZ,2026-03-24,5.83
180607.SZ,2026-03-25,5.78
180607.SZ,2026-03-26,5.748
180607.SZ,2026-03-27,5.751
180607.SZ,2026-03-30,5.768
180607.SZ,2026-03-31,5.773
180607.SZ,2026-04-01,5.792
180607.SZ,2026-04-02,5.75
180607.SZ,2026-04-03,5.797
180607.SZ,2026-04-07,5.789
180607.SZ,2026-04-08,5.899
180607.SZ,2026-04-09,5.872
180607.SZ,2026-04-10,5.856
180607.SZ,2026-04-13,5.832
180607.SZ,2026-04-14,5.9
180607.SZ,2026-04-15,5.874
180607.SZ,2026-04-16,5.981
180607.SZ,2026-04-17,5.997
180607.SZ,2026-04-20,5.985
180607.SZ,2026-04-21,5.975
180607.SZ,2026-04-22,5.954
180607.SZ,2026-04-23,5.921
180607.SZ,2026-04-24,5.897
180607.SZ,2026-04-27,5.801
180607.SZ,2026-04-28,5.766
180607.SZ,2026-04-29,5.696
180607.SZ,2026-04-30,5.65
180607.SZ,2026-05-06,5.621
180607.SZ,2026-05-07,5.582
180607.SZ,2026-05-08,5.59
180607.SZ,2026-05-11,5.546
180607.SZ,2026-05-12,5.545
180607.SZ,2026-05-13,5.527
180607.SZ,2026-05-14,5.502
180607.SZ,2026-05-15,5.49
180607.SZ,2026-05-18,5.47
180607.SZ,2026-05-19,5.601
180607.SZ,2026-05-20,5.609
180607.SZ,2026-05-21,5.566
180607.SZ,2026-05-22,5.539
180607.SZ,2026-05-25,5.49
180607.SZ,2026-05-26,5.47
180607.SZ,2026-05-27,5.369
180607.SZ,2026-05-28,5.315
180607.SZ,2026-05-29,5.301
180607.SZ,2026-06-01,5.358
180607.SZ,2026-06-02,5.334
180607.SZ,2026-06-03,5.41
180607.SZ,2026-06-04,5.436
180607.SZ,2026-06-05,5.528
180607.SZ,2026-06-08,5.506
180607.SZ,2026-06-09,5.445
180607.SZ,2026-06-10,5.387
180607.SZ,2026-06-11,5.379
180607.SZ,2026-06-12,5.472
180607.SZ,2026-06-15,5.484
180607.SZ,2026-06-16,5.46
180607.SZ,2026-06-17,5.452
180607.SZ,2026-06-18,5.286
180607.SZ,2026-06-22,5.147
180607.SZ,2026-06-23,5.063
180607.SZ,2026-06-24,4.895
180607.SZ,2026-06-25,5.141
180607.SZ,2026-06-26,5.206
180607.SZ,2026-06-29,5.345
180607.SZ,2026-06-30,5.291
180607.SZ,2026-07-01,5.329
180607.SZ,2026-07-02,5.334
180607.SZ,2026-07-03,5.39
180607.SZ,2026-07-06,5.347
180607.SZ,2026-07-07,5.315
180607.SZ,2026-07-08,5.29
180607.SZ,2026-07-09,5.296
180607.SZ,2026-07-10,5.45
180607.SZ,2026-07-13,5.45
180607.SZ,2026-07-14,5.505
180607.SZ,2026-07-15,5.48
180607.SZ,2026-07-16,5.477
180607.SZ,2026-07-17,5.433
180607.SZ,2026-07-20,5.427
180607.SZ,2026-07-21,5.5
180607.SZ,2026-07-22,5.52
180607.SZ,2026-07-23,5.57
180607.SZ,2026-07-24,5.66
180607.SZ,2026-07-27,5.595
180607.SZ,2026-07-28,5.514
180607.SZ,2026-07-29,5.539
180607.SZ,2026-07-30,5.514
180607.SZ,2026-07-31,5.577
180607.SZ,2026-08-03,5.591
180607.SZ,2026-08-04,5.546
180607.SZ,2026-08-05,5.435
180607.SZ,2026-08-06,5.31
180607.SZ,2026-08-07,5.405
180607.SZ,2026-08-10,5.356
180607.SZ,2026-08-11,5.316
180607.SZ,2026-08-12,5.305
180607.SZ,2026-08-13,5.2
180607.SZ,2026-08-14,5.22
180607.SZ,2026-08-17,5.212
180607.SZ,2026-08-18,5.273
180607.SZ,2026-08-19,5.318
180607.SZ,2026-08-20,5.42
180607.SZ,2026-08-21,5.401
180607.SZ,2026-08-24,5.42
180607.SZ,2026-08-25,5.384
180607.SZ,2026-08-26,5.474
180607.SZ,2026-08-27,5.472
180607.SZ,2026-08-28,5.443
180607.SZ,2026-08-31,5.37
180607.SZ,2026-09-01,5.351
180607.SZ,2026-09-02,5.283
180607.SZ,2026-09-03,5.199
180607.SZ,2026-09-04,5.191
180607.SZ,2026-09-07,5.161
180607.SZ,2026-09-08,5.128
180607.SZ,2026-09-09,5.127
180607.SZ,2026-09-10,5.05
180607.SZ,2026-09-11,5.018
180607.SZ,2026-09-14,5.001
180607.SZ,2026-09-15,5.012
180607.SZ,2026-09-16,5.0
180607.SZ,2026-09-17,5.114
180607.SZ,2026-09-18,5.095
180607.SZ,2026-09-21,5.21
180607.SZ,2026-09-22,5.195
180607.SZ,2026-09-23,5.227
180607.SZ,2026-09-24,5.176
180607.SZ,2026-09-28,5.163
180607.SZ,2026-09-29,5.119
180607.SZ,2026-09-30,5.154
180901.SZ,2025-08-08,5.85
180901.SZ,2025-08-11,6.065
180901.SZ,2025-08-12,6.128
180901.SZ,2025-08-13,6.09
180901.SZ,2025-08-14,6.1
180901.SZ,2025-08-15,6.099
180901.SZ,2025-08-18,5.975
180901.SZ,2025-08-19,5.939
180901.SZ,2025-08-20,5.95
180901.SZ,2025-08-21,5.999
180901.SZ,2025-08-22,6.01
180901.SZ,2025-08-25,6.029
180901.SZ,2025-08-26,6.124
180901.SZ,2025-08-27,6.115
180901.SZ,2025-08-28,6.084
180901.SZ,2025-08-29,6.081
180901.SZ,2025-09-01,6.072
180901.SZ,2025-09-02,6.078
180901.SZ,2025-09-03,6.087
180901.SZ,2025-09-04,6.09
180901.SZ,2025-09-05,6.072
180901.SZ,2025-09-08,6.019
180901.SZ,2025-09-09,6.028
180901.SZ,2025-09-10,6.022
180901.SZ,2025-09-11,6.041
180901.SZ,2025-09-12,6.035
180901.SZ,2025-09-15,6.095
180901.SZ,2025-09-16,6.096
180901.SZ,2025-09-17,6.098
180901.SZ,2025-09-18,6.133
180901.SZ,2025-09-19,6.12
180901.SZ,2025-09-22,6.09
180901.SZ,2025-09-23,6.09
180901.SZ,2025-09-24,6.09
180901.SZ,2025-09-25,6.06
180901.SZ,2025-09-26,6.06
180901.SZ,2025-09-29,6.075
180901.SZ,2025-09-30,6.08
180901.SZ,2025-10-09,6.078
180901.SZ,2025-10-10,6.08
180901.SZ,2025-10-13,6.095
180901.SZ,2025-10-14,6.102
180901.SZ,2025-10-15,6.09
180901.SZ,2025-10-16,6.09
180901.SZ,2025-10-17,6.1
180901.SZ,2025-10-20,6.105
180901.SZ,2025-10-21,6.076
180901.SZ,2025-10-22,6.088
180901.SZ,2025-10-23,6.139
180901.SZ,2025-10-24,6.2
180901.SZ,2025-10-27,6.203
180901.SZ,2025-10-28,6.291
180901.SZ,2025-10-29,6.406
180901.SZ,2025-10-30,6.409
180901.SZ,2025-10-31,6.38
180901.SZ,2025-11-03,6.4
180901.SZ,2025-11-04,6.363
180901.SZ,2025-11-05,6.388
180901.SZ,2025-11-06,6.399
180901.SZ,2025-11-07,6.402
180901.SZ,2025-11-10,6.4
180901.SZ,2025-11-11,6.448
180901.SZ,2025-11-12,6.392
180901.SZ,2025-11-13,6.389
180901.SZ,2025-11-14,6.39
180901.SZ,2025-11-17,6.355
180901.SZ,2025-11-18,6.343
180901.SZ,2025-11-19,6.263
180901.SZ,2025-11-20,6.266
180901.SZ,2025-11-21,6.16
180901.SZ,2025-11-24,6.239
180901.SZ,2025-11-25,6.291
180901.SZ,2025-11-26,6.281
180901.SZ,2025-11-27,6.28
180901.SZ,2025-11-28,6.28
180901.SZ,2025-12-01,6.346
180901.SZ,2025-12-02,6.342
180901.SZ,2025-12-03,6.374
180901.SZ,2025-12-04,6.346
180901.SZ,2025-12-05,6.324
180901.SZ,2025-12-08,6.314
180901.SZ,2025-12-09,6.309
180901.SZ,2025-12-10,6.36
180901.SZ,2025-12-11,6.412
180901.SZ,2025-12-12,6.442
180901.SZ,2025-12-15,6.399
180901.SZ,2025-12-16,6.375
180901.SZ,2025-12-17,6.382
180901.SZ,2025-12-18,6.344
180901.SZ,2025-12-19,6.306
180901.SZ,2025-12-22,6.287
180901.SZ,2025-12-23,6.271
180901.SZ,2025-12-24,6.398
180901.SZ,2025-12-25,6.444
180901.SZ,2025-12-26,6.425
180901.SZ,2025-12-29,6.4
180901.SZ,2025-12-30,6.392
180901.SZ,2025-12-31,6.386
180901.SZ,2026-01-05,6.438
180901.SZ,2026-01-06,6.44
180901.SZ,2026-01-07,6.568
180901.SZ,2026-01-08,6.665
180901.SZ,2026-01-09,6.724
180901.SZ,2026-01-12,6.758
180901.SZ,2026-01-13,6.66
180901.SZ,2026-01-14,6.658
180901.SZ,2026-01-15,6.648
180901.SZ,2026-01-16,6.652
180901.SZ,2026-01-19,6.771
180901.SZ,2026-01-20,6.806
180901.SZ,2026-01-21,6.94
180901.SZ,2026-01-22,7.145
180901.SZ,2026-01-23,7.051
180901.SZ,2026-01-26,7.0
180901.SZ,2026-01-27,7.027
180901.SZ,2026-01-28,7.03
180901.SZ,2026-01-29,7.032
180901.SZ,2026-01-30,7.023
180901.SZ,2026-02-02,6.97
180901.SZ,2026-02-03,6.971
180901.SZ,2026-02-04,6.94
180901.SZ,2026-02-05,6.935
180901.SZ,2026-02-06,6.915
180901.SZ,2026-02-09,6.899
180901.SZ,2026-02-10,6.886
180901.SZ,2026-02-11,6.92
180901.SZ,2026-02-12,6.963
180901.SZ,2026-02-13,7.017
180901.SZ,2026-02-24,7.21
180901.SZ,2026-02-25,7.217
180901.SZ,2026-02-26,7.202
180901.SZ,2026-02-27,7.205
180901.SZ,2026-03-02,7.228
180901.SZ,2026-03-03,7.1
180901.SZ,2026-03-04,7.0
180901.SZ,2026-03-05,6.939
180901.SZ,2026-03-06,6.936
180901.SZ,2026-03-09,6.882
180901.SZ,2026-03-10,6.989
180901.SZ,2026-03-11,7.073
180901.SZ,2026-03-12,7.095
180901.SZ,2026-03-13,7.035
180901.SZ,2026-03-16,7.005
180901.SZ,2026-03-17,7.055
180901.SZ,2026-03-18,7.089
180901.SZ,2026-03-19,7.05
180901.SZ,2026-03-20,7.024
180901.SZ,2026-03-23,6.912
180901.SZ,2026-03-24,6.969
180901.SZ,2026-03-25,6.96
180901.SZ,2026-03-26,6.9
180901.SZ,2026-03-27,6.88
180901.SZ,2026-03-30,6.874
180901.SZ,2026-03-31,6.892
180901.SZ,2026-04-01,6.95
180901.SZ,2026-04-02,6.904
180901.SZ,2026-04-03,6.94
180901.SZ,2026-04-07,6.999
180901.SZ,2026-04-08,7.154
180901.SZ,2026-04-09,7.19
180901.SZ,2026-04-10,7.2
180901.SZ,2026-04-13,7.17
180901.SZ,2026-04-14,7.21
180901.SZ,2026-04-15,7.223
180901.SZ,2026-04-16,7.266
180901.SZ,2026-04-17,7.286
180901.SZ,2026-04-20,7.309
180901.SZ,2026-04-21,7.294
180901.SZ,2026-04-22,7.219
180901.SZ,2026-04-23,7.088
180901.SZ,2026-04-24,7.041
180901.SZ,2026-04-27,6.991
180901.SZ,2026-04-28,6.971
180901.SZ,2026-04-29,6.956
180901.SZ,2026-04-30,6.97
180901.SZ,2026-05-06,7.065
180901.SZ,2026-05-07,7.029
180901.SZ,2026-05-08,7.032
180901.SZ,2026-05-11,7.044
180901.SZ,2026-05-12,7.044
180901.SZ,2026-05-13,7.026
180901.SZ,2026-05-14,7.015
180901.SZ,2026-05-15,7.028
180901.SZ,2026-05-18,7.15
180901.SZ,2026-05-19,7.0
180901.SZ,2026-05-20,6.973
180901.SZ,2026-05-21,6.898
180901.SZ,2026-05-22,6.821
180901.SZ,2026-05-25,6.845
180901.SZ,2026-05-26,6.759
180901.SZ,2026-05-27,6.629
180901.SZ,2026-05-28,6.593
180901.SZ,2026-05-29,6.614
180901.SZ,2026-06-01,6.663
180901.SZ,2026-06-02,6.618
180901.SZ,2026-06-03,6.668
180901.SZ,2026-06-04,6.632
180901.SZ,2026-06-05,6.654
180901.SZ,2026-06-08,6.631
180901.SZ,2026-06-09,6.57
180901.SZ,2026-06-10,6.418
180901.SZ,2026-06-11,6.408
180901.SZ,2026-06-12,6.425
180901.SZ,2026-06-15,6.392
180901.SZ,2026-06-16,6.37
180901.SZ,2026-06-17,6.341
180901.SZ,2026-06-18,6.326
180901.SZ,2026-06-22,6.142
180901.SZ,2026-06-23,6.052
180901.SZ,2026-06-24,6.011
180901.SZ,2026-06-25,6.248
180901.SZ,2026-06-26,6.22
180901.SZ,2026-06-29,6.301
180901.SZ,2026-06-30,6.335
180901.SZ,2026-07-01,6.305
180901.SZ,2026-07-02,6.344
180901.SZ,2026-07-03,6.41
180901.SZ,2026-07-06,6.41
180901.SZ,2026-07-07,6.36
180901.SZ,2026-07-08,6.26
180901.SZ,2026-07-09,6.26
180901.SZ,2026-07-10,6.32
180901.SZ,2026-07-13,6.333
180901.SZ,2026-07-14,6.335
180901.SZ,2026-07-15,6.31
180901.SZ,2026-07-16,6.316
180901.SZ,2026-07-17,6.28
180901.SZ,2026-07-20,6.246
180901.SZ,2026-07-21,6.171
180901.SZ,2026-07-22,6.01
180901.SZ,2026-07-23,5.898
180901.SZ,2026-07-24,5.81
180901.SZ,2026-07-27,5.743
180901.SZ,2026-07-28,5.7
180901.SZ,2026-07-29,5.66
180901.SZ,2026-07-30,5.671
180901.SZ,2026-07-31,5.726
180901.SZ,2026-08-03,5.697
180901.SZ,2026-08-04,5.597
180901.SZ,2026-08-05,5.4
180901.SZ,2026-08-06,5.33
180901.SZ,2026-08-07,5.52
180901.SZ,2026-08-10,5.529
180901.SZ,2026-08-11,5.529
180901.SZ,2026-08-12,5.43
180901.SZ,2026-08-13,5.39
180901.SZ,2026-08-14,5.348
180901.SZ,2026-08-17,5.27
180901.SZ,2026-08-18,5.305
180901.SZ,2026-08-19,5.317
180901.SZ,2026-08-20,5.42
180901.SZ,2026-08-21,5.412
180901.SZ,2026-08-24,5.384
180901.SZ,2026-08-25,5.368
180901.SZ,2026-08-26,5.521
180901.SZ,2026-08-27,5.52
180901.SZ,2026-08-28,5.485
180901.SZ,2026-08-31,5.472
180901.SZ,2026-09-01,5.43
180901.SZ,2026-09-02,5.408
180901.SZ,2026-09-03,5.386
180901.SZ,2026-09-04,5.424
180901.SZ,2026-09-07,5.408
180901.SZ,2026-09-08,5.41
180901.SZ,2026-09-09,5.427
180901.SZ,2026-09-10,5.381
180901.SZ,2026-09-11,5.381
180901.SZ,2026-09-14,5.383
180901.SZ,2026-09-15,5.414
180901.SZ,2026-09-16,5.401
180901.SZ,2026-09-17,5.464
180901.SZ,2026-09-18,5.555
180901.SZ,2026-09-21,5.55
180901.SZ,2026-09-22,5.57
180901.SZ,2026-09-23,5.679
180901.SZ,2026-09-24,5.741
180901.SZ,2026-09-28,5.763
180901.SZ,2026-09-29,5.701
180901.SZ,2026-09-30,5.733
508000.SH,2021-06-21,3.166
508000.SH,2021-06-22,3.121
508000.SH,2021-06-23,3.059
508000.SH,2021-06-24,3.062
508000.SH,2021-06-25,3.051
508000.SH,2021-06-28,3.031
508000.SH,2021-06-29,3.016
508000.SH,2021-06-30,3.02
508000.SH,2021-07-01,3.107
508000.SH,2021-07-02,3.056
508000.SH,2021-07-05,3.055
508000.SH,2021-07-06,3.039
508000.SH,2021-07-07,3.024
508000.SH,2021-07-08,3.014
508000.SH,2021-07-09,3.01
508000.SH,2021-07-12,3.004
508000.SH,2021-07-13,3.009
508000.SH,2021-07-14,3.007
508000.SH,2021-07-15,3.012
508000.SH,2021-07-16,3.027
508000.SH,2021-07-19,3.028
508000.SH,2021-07-20,3.029
508000.SH,2021-07-21,3.024
508000.SH,2021-07-22,3.023
508000.SH,2021-07-23,3.026
508000.SH,2021-07-26,3.008
508000.SH,2021-07-27,3.002
508000.SH,2021-07-28,3.003
508000.SH,2021-07-29,3.009
508000.SH,2021-07-30,3.005
508000.SH,2021-08-02,3.007
508000.SH,2021-08-03,3.012
508000.SH,2021-08-04,3.012
508000.SH,2021-08-05,3.008
508000.SH,2021-08-06,3.008
508000.SH,2021-08-09,3.005
508000.SH,2021-08-10,3.004
508000.SH,2021-08-11,3.001
508000.SH,2021-08-12,3.003
508000.SH,2021-08-13,3.003
508000.SH,2021-08-16,3.004
508000.SH,2021-08-17,3.002
508000.SH,2021-08-18,3.002
508000.SH,2021-08-19,3.006
508000.SH,2021-08-20,3.005
508000.SH,2021-08-23,3.006
508000.SH,2021-08-24,3.009
508000.SH,2021-08-25,3.02
508000.SH,2021-08-26,3.044
508000.SH,2021-08-27,3.082
508000.SH,2021-08-30,3.132
508000.SH,2021-08-31,3.125
508000.SH,2021-09-01,3.106
508000.SH,2021-09-02,3.121
508000.SH,2021-09-03,3.123
508000.SH,2021-09-06,3.12
508000.SH,2021-09-07,3.119
508000.SH,2021-09-08,3.119
508000.SH,2021-09-09,3.115
508000.SH,2021-09-10,3.107
508000.SH,2021-09-13,3.106
508000.SH,2021-09-14,3.115
508000.SH,2021-09-15,3.135
508000.SH,2021-09-16,3.119
508000.SH,2021-09-17,3.128
508000.SH,2021-09-22,3.127
508000.SH,2021-09-23,3.175
508000.SH,2021-09-24,3.174
508000.SH,2021-09-27,3.162
508000.SH,2021-09-28,3.164
508000.SH,2021-09-29,3.163
508000.SH,2021-09-30,3.196
508000.SH,2021-10-08,3.202
508000.SH,2021-10-11,3.203
508000.SH,2021-10-12,3.201
508000.SH,2021-10-13,3.21
508000.SH,2021-10-14,3.202
508000.SH,2021-10-15,3.205
508000.SH,2021-10-18,3.202
508000.SH,2021-10-19,3.203
508000.SH,2021-10-20,3.213
508000.SH,2021-10-21,3.237
508000.SH,2021-10-22,3.281
508000.SH,2021-10-25,3.343
508000.SH,2021-10-26,3.355
508000.SH,2021-10-27,3.362
508000.SH,2021-10-28,3.418
508000.SH,2021-10-29,3.499
508000.SH,2021-11-01,3.541
508000.SH,2021-11-02,3.443
508000.SH,2021-11-03,3.42
508000.SH,2021-11-04,3.416
508000.SH,2021-11-05,3.446
508000.SH,2021-11-08,3.437
508000.SH,2021-11-09,3.44
508000.SH,2021-11-10,3.44
508000.SH,2021-11-11,3.503
508000.SH,2021-11-12,3.528
508000.SH,2021-11-15,3.509
508000.SH,2021-11-16,3.525
508000.SH,2021-11-17,3.514
508000.SH,2021-11-18,3.507
508000.SH,2021-11-19,3.499
508000.SH,2021-11-22,3.463
508000.SH,2021-11-23,3.472
508000.SH,2021-11-24,3.5
508000.SH,2021-11-25,3.503
508000.SH,2021-11-26,3.508
508000.SH,2021-11-29,3.518
508000.SH,2021-11-30,3.53
508000.SH,2021-12-01,3.583
508000.SH,2021-12-02,3.595
508000.SH,2021-12-03,3.589
508000.SH,2021-12-06,3.607
508000.SH,2021-12-07,3.602
508000.SH,2021-12-08,3.637
508000.SH,2021-12-09,3.675
508000.SH,2021-12-10,3.709
508000.SH,2021-12-13,3.706
508000.SH,2021-12-14,3.809
508000.SH,2021-12-15,3.924
508000.SH,2021-12-16,3.836
508000.SH,2021-12-17,3.823
508000.SH,2021-12-20,3.768
508000.SH,2021-12-21,3.743
508000.SH,2021-12-22,3.754
508000.SH,2021-12-23,3.808
508000.SH,2021-12-24,3.8
508000.SH,2021-12-27,3.832
508000.SH,2021-12-28,3.822
508000.SH,2021-12-29,3.782
508000.SH,2021-12-30,3.749
508000.SH,2021-12-31,3.725
508000.SH,2022-01-04,3.804
508000.SH,2022-01-05,3.838
508000.SH,2022-01-06,3.842
508000.SH,2022-01-07,3.84
508000.SH,2022-01-10,3.885
508000.SH,2022-01-11,3.94
508000.SH,2022-01-12,3.94
508000.SH,2022-01-13,3.938
508000.SH,2022-01-14,3.897
508000.SH,2022-01-17,3.905
508000.SH,2022-01-18,3.904
508000.SH,2022-01-19,3.894
508000.SH,2022-01-20,3.882
508000.SH,2022-01-21,3.963
508000.SH,2022-01-24,4.006
508000.SH,2022-01-25,3.94
508000.SH,2022-01-26,3.928
508000.SH,2022-01-27,3.929
508000.SH,2022-01-28,3.99
508000.SH,2022-02-07,4.119
508000.SH,2022-02-08,4.377
508000.SH,2022-02-09,4.327
508000.SH,2022-02-10,4.321
508000.SH,2022-02-11,4.487
508000.SH,2022-02-14,4.567
508000.SH,2022-02-15,4.527
508000.SH,2022-02-16,4.432
508000.SH,2022-02-17,4.275
508000.SH,2022-02-18,4.384
508000.SH,2022-02-21,4.37
508000.SH,2022-02-22,4.199
508000.SH,2022-02-23,4.166
508000.SH,2022-02-24,3.999
508000.SH,2022-02-25,4.014
508000.SH,2022-02-28,3.998
508000.SH,2022-03-01,3.912
508000.SH,2022-03-02,4.047
508000.SH,2022-03-03,4.178
508000.SH,2022-03-04,4.17
508000.SH,2022-03-07,3.999
508000.SH,2022-03-08,3.928
508000.SH,2022-03-09,3.895
508000.SH,2022-03-10,3.874
508000.SH,2022-03-11,3.858
508000.SH,2022-03-14,3.822
508000.SH,2022-03-15,3.604
508000.SH,2022-03-16,3.618
508000.SH,2022-03-17,3.623
508000.SH,2022-03-18,3.619
508000.SH,2022-03-21,3.73
508000.SH,2022-03-22,3.878
508000.SH,2022-03-23,3.836
508000.SH,2022-03-24,3.815
508000.SH,2022-03-25,3.753
508000.SH,2022-03-28,3.752
508000.SH,2022-03-29,3.795
508000.SH,2022-03-30,3.795
508000.SH,2022-03-31,3.758
508000.SH,2022-04-01,3.812
508000.SH,2022-04-06,3.809
508000.SH,2022-04-07,3.742
508000.SH,2022-04-08,3.859
508000.SH,2022-04-11,3.838
508000.SH,2022-04-12,3.927
508000.SH,2022-04-13,3.845
508000.SH,2022-04-14,3.813
508000.SH,2022-04-15,3.773
508000.SH,2022-04-18,3.793
508000.SH,2022-04-19,3.782
508000.SH,2022-04-20,3.786
508000.SH,2022-04-21,3.742
508000.SH,2022-04-22,3.729
508000.SH,2022-04-25,3.614
508000.SH,2022-04-26,3.616
508000.SH,2022-04-27,3.679
508000.SH,2022-04-28,3.637
508000.SH,2022-04-29,3.651
508000.SH,2022-05-05,3.625
508000.SH,2022-05-06,3.633
508000.SH,2022-05-09,3.616
508000.SH,2022-05-10,3.611
508000.SH,2022-05-11,3.62
508000.SH,2022-05-12,3.639
508000.SH,2022-05-13,3.64
508000.SH,2022-05-16,3.623
508000.SH,2022-05-17,3.615
508000.SH,2022-05-18,3.6
508000.SH,2022-05-19,3.558
508000.SH,2022-05-20,3.563
508000.SH,2022-05-23,3.557
508000.SH,2022-05-24,3.555
508000.SH,2022-05-25,3.571
508000.SH,2022-05-26,3.58
508000.SH,2022-05-27,3.58
508000.SH,2022-05-30,3.566
508000.SH,2022-05-31,3.553
508000.SH,2022-06-01,3.556
508000.SH,2022-06-02,3.583
508000.SH,2022-06-06,3.643
508000.SH,2022-06-07,3.703
508000.SH,2022-06-08,3.708
508000.SH,2022-06-09,3.735
508000.SH,2022-06-10,3.743
508000.SH,2022-06-13,3.717
508000.SH,2022-06-14,3.732
508000.SH,2022-06-15,3.728
508000.SH,2022-06-16,3.713
508000.SH,2022-06-17,3.709
508000.SH,2022-06-20,3.688
508000.SH,2022-06-21,3.683
508000.SH,2022-06-22,3.684
508000.SH,2022-06-23,3.705
508000.SH,2022-06-24,3.797
508000.SH,2022-06-27,3.85
508000.SH,2022-06-28,3.913
508000.SH,2022-06-29,3.908
508000.SH,2022-06-30,3.941
508000.SH,2022-07-01,3.946
508000.SH,2022-07-04,3.997
508000.SH,2022-07-05,3.975
508000.SH,2022-07-06,3.967
508000.SH,2022-07-07,3.983
508000.SH,2022-07-08,4.007
508000.SH,2022-07-11,4.009
508000.SH,2022-07-12,4.01
508000.SH,2022-07-13,4.007
508000.SH,2022-07-14,4.014
508000.SH,2022-07-15,4.051
508000.SH,2022-07-18,4.087
508000.SH,2022-07-19,4.087
508000.SH,2022-07-20,4.112
508000.SH,2022-07-21,4.111
508000.SH,2022-07-22,4.139
508000.SH,2022-07-25,4.102
508000.SH,2022-07-26,4.076
508000.SH,2022-07-27,4.06
508000.SH,2022-07-28,4.072
508000.SH,2022-07-29,4.092
508000.SH,2022-08-01,4.12
508000.SH,2022-08-02,4.091
508000.SH,2022-08-03,4.105
508000.SH,2022-08-04,4.117
508000.SH,2022-08-05,4.105
508000.SH,2022-08-08,4.096
508000.SH,2022-08-09,4.086
508000.SH,2022-08-10,4.086
508000.SH,2022-08-11,4.085
508000.SH,2022-08-12,4.089
508000.SH,2022-08-15,4.108
508000.SH,2022-08-16,4.173
508000.SH,2022-08-17,4.22
508000.SH,2022-08-18,4.24
508000.SH,2022-08-19,4.319
508000.SH,2022-08-22,4.291
508000.SH,2022-08-23,4.325
508000.SH,2022-08-24,4.306
508000.SH,2022-08-25,4.307
508000.SH,2022-08-26,4.306
508000.SH,2022-08-29,4.287
508000.SH,2022-08-30,4.295
508000.SH,2022-08-31,4.305
508000.SH,2022-09-01,4.291
508000.SH,2022-09-02,4.329
508000.SH,2022-09-05,4.318
508000.SH,2022-09-06,4.337
508000.SH,2022-09-07,4.339
508000.SH,2022-09-08,4.399
508000.SH,2022-09-09,4.417
508000.SH,2022-09-13,4.391
508000.SH,2022-09-14,4.383
508000.SH,2022-09-15,4.399
508000.SH,2022-09-16,4.38
508000.SH,2022-09-19,4.37
508000.SH,2022-09-20,4.351
508000.SH,2022-09-21,4.35
508000.SH,2022-09-22,4.429
508000.SH,2022-09-23,4.423
508000.SH,2022-09-26,4.442
508000.SH,2022-09-27,4.385
508000.SH,2022-09-28,4.5
508000.SH,2022-09-29,4.5
508000.SH,2022-09-30,4.479
508000.SH,2022-10-10,4.442
508000.SH,2022-10-11,4.349
508000.SH,2022-10-12,4.35
508000.SH,2022-10-13,4.351
508000.SH,2022-10-14,4.379
508000.SH,2022-10-17,4.364
508000.SH,2022-10-18,4.375
508000.SH,2022-10-19,4.394
508000.SH,2022-10-20,4.418
508000.SH,2022-10-21,4.433
508000.SH,2022-10-24,4.395
508000.SH,2022-10-25,4.4
508000.SH,2022-10-26,4.379
508000.SH,2022-10-27,4.327
508000.SH,2022-10-28,4.335
508000.SH,2022-10-31,4.304
508000.SH,2022-11-01,4.306
508000.SH,2022-11-02,4.325
508000.SH,2022-11-03,4.344
508000.SH,2022-11-04,4.356
508000.SH,2022-11-07,4.338
508000.SH,2022-11-08,4.311
508000.SH,2022-11-09,4.299
508000.SH,2022-11-10,4.299
508000.SH,2022-11-11,4.3
508000.SH,2022-11-14,4.292
508000.SH,2022-11-15,4.285
508000.SH,2022-11-16,4.253
508000.SH,2022-11-17,4.252
508000.SH,2022-11-18,4.255
508000.SH,2022-11-21,4.264
508000.SH,2022-11-22,4.255
508000.SH,2022-11-23,4.246
508000.SH,2022-11-24,4.229
508000.SH,2022-11-25,4.231
508000.SH,2022-11-28,4.219
508000.SH,2022-11-29,4.227
508000.SH,2022-11-30,4.193
508000.SH,2022-12-01,4.188
508000.SH,2022-12-02,4.182
508000.SH,2022-12-05,4.182
508000.SH,2022-12-06,4.181
508000.SH,2022-12-07,4.167
508000.SH,2022-12-08,4.166
508000.SH,2022-12-09,4.165
508000.SH,2022-12-12,4.16
508000.SH,2022-12-13,4.149
508000.SH,2022-12-14,4.127
508000.SH,2022-12-15,4.074
508000.SH,2022-12-16,4.023
508000.SH,2022-12-19,4.01
508000.SH,2022-12-20,3.986
508000.SH,2022-12-21,4.006
508000.SH,2022-12-22,4.008
508000.SH,2022-12-23,4.043
508000.SH,2022-12-26,4.047
508000.SH,2022-12-27,4.001
508000.SH,2022-12-28,3.962
508000.SH,2022-12-29,3.927
508000.SH,2022-12-30,3.893
508000.SH,2023-01-03,3.905
508000.SH,2023-01-04,3.906
508000.SH,2023-01-05,3.888
508000.SH,2023-01-06,3.905
508000.SH,2023-01-09,3.912
508000.SH,2023-01-10,3.943
508000.SH,2023-01-11,3.979
508000.SH,2023-01-12,3.977
508000.SH,2023-01-13,3.955
508000.SH,2023-01-16,3.936
508000.SH,2023-01-17,3.917
508000.SH,2023-01-18,3.928
508000.SH,2023-01-19,3.932
508000.SH,2023-01-20,3.923
508000.SH,2023-01-30,3.933
508000.SH,2023-01-31,3.968
508000.SH,2023-02-01,3.992
508000.SH,2023-02-02,4.021
508000.SH,2023-02-03,4.045
508000.SH,2023-02-06,4.045
508000.SH,2023-02-07,4.031
508000.SH,2023-02-08,4.052
508000.SH,2023-02-09,4.054
508000.SH,2023-02-10,4.11
508000.SH,2023-02-13,4.151
508000.SH,2023-02-14,4.211
508000.SH,2023-02-15,4.176
508000.SH,2023-02-16,4.122
508000.SH,2023-02-17,4.114
508000.SH,2023-02-20,4.132
508000.SH,2023-02-21,4.133
508000.SH,2023-02-22,4.133
508000.SH,2023-02-23,4.1
508000.SH,2023-02-24,4.064
508000.SH,2023-02-27,4.066
508000.SH,2023-02-28,4.069
508000.SH,2023-03-01,4.07
508000.SH,2023-03-02,4.075
508000.SH,2023-03-03,4.075
508000.SH,2023-03-06,4.082
508000.SH,2023-03-07,4.078
508000.SH,2023-03-08,4.063
508000.SH,2023-03-09,4.069
508000.SH,2023-03-10,4.085
508000.SH,2023-03-13,4.166
508000.SH,2023-03-14,4.154
508000.SH,2023-03-15,4.144
508000.SH,2023-03-16,4.146
508000.SH,2023-03-17,4.144
508000.SH,2023-03-20,4.143
508000.SH,2023-03-21,4.149
508000.SH,2023-03-22,4.153
508000.SH,2023-03-23,4.153
508000.SH,2023-03-24,4.159
508000.SH,2023-03-27,4.163
508000.SH,2023-03-28,4.148
508000.SH,2023-03-29,4.118
508000.SH,2023-03-30,4.105
508000.SH,2023-03-31,4.127
508000.SH,2023-04-03,4.134
508000.SH,2023-04-04,4.132
508000.SH,2023-04-06,4.136
508000.SH,2023-04-07,4.154
508000.SH,2023-04-10,4.161
508000.SH,2023-04-11,4.163
508000.SH,2023-04-12,4.155
508000.SH,2023-04-13,4.08
508000.SH,2023-04-14,4.097
508000.SH,2023-04-17,4.116
508000.SH,2023-04-18,4.157
508000.SH,2023-04-19,4.163
508000.SH,2023-04-20,4.149
508000.SH,2023-04-21,4.013
508000.SH,2023-04-24,3.943
508000.SH,2023-04-25,3.95
508000.SH,2023-04-26,3.979
508000.SH,2023-04-27,3.966
508000.SH,2023-04-28,3.96
508000.SH,2023-05-04,3.938
508000.SH,2023-05-05,3.939
508000.SH,2023-05-08,3.918
508000.SH,2023-05-09,3.88
508000.SH,2023-05-10,3.918
508000.SH,2023-05-11,3.868
508000.SH,2023-05-12,3.745
508000.SH,2023-05-15,3.512
508000.SH,2023-05-16,3.637
508000.SH,2023-05-17,3.615
508000.SH,2023-05-19,3.603
508000.SH,2023-05-22,3.606
508000.SH,2023-05-23,3.628
508000.SH,2023-05-24,3.598
508000.SH,2023-05-25,3.687
508000.SH,2023-05-26,3.688
508000.SH,2023-05-29,3.655
508000.SH,2023-05-30,3.573
508000.SH,2023-05-31,3.496
508000.SH,2023-06-01,3.507
508000.SH,2023-06-02,3.508
508000.SH,2023-06-05,3.465
508000.SH,2023-06-06,3.4
508000.SH,2023-06-07,3.467
508000.SH,2023-06-08,3.536
508000.SH,2023-06-09,3.556
508000.SH,2023-06-12,3.517
508000.SH,2023-06-13,3.49
508000.SH,2023-06-14,3.488
508000.SH,2023-06-15,3.474
508000.SH,2023-06-16,3.551
508000.SH,2023-06-19,3.525
508000.SH,2023-06-20,3.525
508000.SH,2023-06-21,3.503
508000.SH,2023-06-26,3.495
508000.SH,2023-06-27,3.475
508000.SH,2023-06-28,3.46
508000.SH,2023-06-29,3.438
508000.SH,2023-06-30,3.384
508000.SH,2023-07-03,3.338
508000.SH,2023-07-04,3.318
508000.SH,2023-07-05,3.265
508000.SH,2023-07-06,3.287
508000.SH,2023-07-07,3.33
508000.SH,2023-07-10,3.295
508000.SH,2023-07-11,3.264
508000.SH,2023-07-12,3.23
508000.SH,2023-07-13,3.241
508000.SH,2023-07-14,3.248
508000.SH,2023-07-17,3.317
508000.SH,2023-07-18,3.461
508000.SH,2023-07-19,3.446
508000.SH,2023-07-20,3.32
508000.SH,2023-07-21,3.288
508000.SH,2023-07-24,3.254
508000.SH,2023-07-25,3.268
508000.SH,2023-07-26,3.263
508000.SH,2023-07-27,3.283
508000.SH,2023-07-28,3.307
508000.SH,2023-07-31,3.35
508000.SH,2023-08-01,3.364
508000.SH,2023-08-02,3.377
508000.SH,2023-08-03,3.365
508000.SH,2023-08-04,3.363
508000.SH,2023-08-07,3.359
508000.SH,2023-08-08,3.36
508000.SH,2023-08-09,3.365
508000.SH,2023-08-10,3.367
508000.SH,2023-08-11,3.355
508000.SH,2023-08-14,3.333
508000.SH,2023-08-15,3.338
508000.SH,2023-08-16,3.302
508000.SH,2023-08-17,3.292
508000.SH,2023-08-18,3.281
508000.SH,2023-08-21,3.239
508000.SH,2023-08-22,3.249
508000.SH,2023-08-23,3.237
508000.SH,2023-08-24,3.242
508000.SH,2023-08-25,3.241
508000.SH,2023-08-28,3.227
508000.SH,2023-08-29,3.215
508000.SH,2023-08-30,3.213
508000.SH,2023-08-31,3.202
508000.SH,2023-09-01,3.19
508000.SH,2023-09-04,3.204
508000.SH,2023-09-05,3.2
508000.SH,2023-09-06,3.197
508000.SH,2023-09-07,3.204
508000.SH,2023-09-08,3.213
508000.SH,2023-09-11,3.222
508000.SH,2023-09-12,3.214
508000.SH,2023-09-13,3.227
508000.SH,2023-09-14,3.227
508000.SH,2023-09-15,3.22
508000.SH,2023-09-18,3.22
508000.SH,2023-09-19,3.216
508000.SH,2023-09-20,3.196
508000.SH,2023-09-21,3.205
508000.SH,2023-09-22,3.222
508000.SH,2023-09-25,3.25
508000.SH,2023-09-26,3.306
508000.SH,2023-09-27,3.34
508000.SH,2023-09-28,3.371
508000.SH,2023-10-09,3.365
508000.SH,2023-10-10,3.348
508000.SH,2023-10-11,3.341
508000.SH,2023-10-12,3.366
508000.SH,2023-10-13,3.356
508000.SH,2023-10-16,3.356
508000.SH,2023-10-17,3.339
508000.SH,2023-10-18,3.338
508000.SH,2023-10-19,3.35
508000.SH,2023-10-20,3.371
508000.SH,2023-10-23,3.304
508000.SH,2023-10-24,3.315
508000.SH,2023-10-25,3.349
508000.SH,2023-10-26,3.337
508000.SH,2023-10-27,3.308
508000.SH,2023-10-30,3.279
508000.SH,2023-10-31,3.26
508000.SH,2023-11-01,3.229
508000.SH,2023-11-02,3.224
508000.SH,2023-11-03,3.225
508000.SH,2023-11-06,3.214
508000.SH,2023-11-07,3.191
508000.SH,2023-11-08,3.246
508000.SH,2023-11-09,3.276
508000.SH,2023-11-10,3.279
508000.SH,2023-11-13,3.259
508000.SH,2023-11-14,3.268
508000.SH,2023-11-15,3.27
508000.SH,2023-11-16,3.249
508000.SH,2023-11-17,3.233
508000.SH,2023-11-20,3.225
508000.SH,2023-11-21,3.21
508000.SH,2023-11-22,3.197
508000.SH,2023-11-23,3.173
508000.SH,2023-11-24,3.151
508000.SH,2023-11-27,3.15
508000.SH,2023-11-28,3.165
508000.SH,2023-11-29,3.148
508000.SH,2023-11-30,3.153
508000.SH,2023-12-01,3.161
508000.SH,2023-12-04,3.139
508000.SH,2023-12-05,3.065
508000.SH,2023-12-06,3.1
508000.SH,2023-12-07,3.051
508000.SH,2023-12-08,3.009
508000.SH,2023-12-11,2.978
508000.SH,2023-12-12,2.926
508000.SH,2023-12-13,2.839
508000.SH,2023-12-14,2.845
508000.SH,2023-12-15,2.731
508000.SH,2023-12-18,2.585
508000.SH,2023-12-19,2.521
508000.SH,2023-12-20,2.584
508000.SH,2023-12-21,2.71
508000.SH,2023-12-22,2.742
508000.SH,2023-12-25,2.736
508000.SH,2023-12-26,2.708
508000.SH,2023-12-27,2.638
508000.SH,2023-12-28,2.53
508000.SH,2023-12-29,2.609
508000.SH,2024-01-02,2.484
508000.SH,2024-01-03,2.371
508000.SH,2024-01-04,2.318
508000.SH,2024-01-05,2.246
508000.SH,2024-01-08,2.152
508000.SH,2024-01-09,2.014
508000.SH,2024-01-10,1.998
508000.SH,2024-01-11,2.003
508000.SH,2024-01-12,1.965
508000.SH,2024-01-15,2.008
508000.SH,2024-01-16,2.093
508000.SH,2024-01-17,2.16
508000.SH,2024-01-18,2.07
508000.SH,2024-01-19,2.111
508000.SH,2024-01-22,2.111
508000.SH,2024-01-23,2.059
508000.SH,2024-01-24,2.074
508000.SH,2024-01-25,2.164
508000.SH,2024-01-26,2.191
508000.SH,2024-01-29,2.177
508000.SH,2024-01-30,2.205
508000.SH,2024-01-31,2.166
508000.SH,2024-02-01,2.168
508000.SH,2024-02-02,2.148
508000.SH,2024-02-05,2.115
508000.SH,2024-02-06,2.118
508000.SH,2024-02-07,2.132
508000.SH,2024-02-08,2.229
508000.SH,2024-02-19,2.353
508000.SH,2024-02-20,2.39
508000.SH,2024-02-21,2.442
508000.SH,2024-02-22,2.499
508000.SH,2024-02-23,2.523
508000.SH,2024-02-26,2.549
508000.SH,2024-02-27,2.534
508000.SH,2024-02-28,2.524
508000.SH,2024-02-29,2.548
508000.SH,2024-03-01,2.603
508000.SH,2024-03-04,2.641
508000.SH,2024-03-05,2.728
508000.SH,2024-03-06,2.715
508000.SH,2024-03-07,2.714
508000.SH,2024-03-08,2.713
508000.SH,2024-03-11,2.682
508000.SH,2024-03-12,2.648
508000.SH,2024-03-13,2.617
508000.SH,2024-03-14,2.595
508000.SH,2024-03-15,2.598
508000.SH,2024-03-18,2.603
508000.SH,2024-03-19,2.599
508000.SH,2024-03-20,2.58
508000.SH,2024-03-21,2.558
508000.SH,2024-03-22,2.498
508000.SH,2024-03-25,2.48
508000.SH,2024-03-26,2.478
508000.SH,2024-03-27,2.551
508000.SH,2024-03-28,2.549
508000.SH,2024-03-29,2.553
508000.SH,2024-04-01,2.566
508000.SH,2024-04-02,2.551
508000.SH,2024-04-03,2.543
508000.SH,2024-04-08,2.536
508000.SH,2024-04-09,2.535
508000.SH,2024-04-10,2.533
508000.SH,2024-04-11,2.571
508000.SH,2024-04-12,2.574
508000.SH,2024-04-15,2.554
508000.SH,2024-04-16,2.557
508000.SH,2024-04-17,2.55
508000.SH,2024-04-18,2.535
508000.SH,2024-04-19,2.457
508000.SH,2024-04-22,2.497
508000.SH,2024-04-23,2.487
508000.SH,2024-04-24,2.486
508000.SH,2024-04-25,2.503
508000.SH,2024-04-26,2.532
508000.SH,2024-04-29,2.542
508000.SH,2024-04-30,2.529
508000.SH,2024-05-06,2.529
508000.SH,2024-05-07,2.558
508000.SH,2024-05-08,2.569
508000.SH,2024-05-09,2.591
508000.SH,2024-05-10,2.593
508000.SH,2024-05-13,2.608
508000.SH,2024-05-14,2.608
508000.SH,2024-05-15,2.572
508000.SH,2024-05-16,2.571
508000.SH,2024-05-17,2.572
508000.SH,2024-05-20,2.557
508000.SH,2024-05-21,2.545
508000.SH,2024-05-22,2.538
508000.SH,2024-05-23,2.514
508000.SH,2024-05-24,2.522
508000.SH,2024-05-27,2.548
508000.SH,2024-05-28,2.551
508000.SH,2024-05-29,2.545
508000.SH,2024-05-30,2.522
508000.SH,2024-05-31,2.523
508000.SH,2024-06-03,2.501
508000.SH,2024-06-04,2.495
508000.SH,2024-06-05,2.491
508000.SH,2024-06-06,2.492
508000.SH,2024-06-07,2.5
508000.SH,2024-06-11,2.498
508000.SH,2024-06-12,2.487
508000.SH,2024-06-13,2.482
508000.SH,2024-06-14,2.473
508000.SH,2024-06-17,2.449
508000.SH,2024-06-18,2.44
508000.SH,2024-06-19,2.437
508000.SH,2024-06-20,2.431
508000.SH,2024-06-21,2.464
508000.SH,2024-06-24,2.458
508000.SH,2024-06-25,2.445
508000.SH,2024-06-26,2.454
508000.SH,2024-06-27,2.466
508000.SH,2024-06-28,2.451
508000.SH,2024-07-01,2.439
508000.SH,2024-07-02,2.43
508000.SH,2024-07-03,2.423
508000.SH,2024-07-04,2.416
508000.SH,2024-07-05,2.415
508000.SH,2024-07-08,2.412
508000.SH,2024-07-09,2.408
508000.SH,2024-07-10,2.408
508000.SH,2024-07-11,2.445
508000.SH,2024-07-12,2.459
508000.SH,2024-07-15,2.46
508000.SH,2024-07-16,2.458
508000.SH,2024-07-17,2.466
508000.SH,2024-07-18,2.462
508000.SH,2024-07-19,2.46
508000.SH,2024-07-22,2.444
508000.SH,2024-07-23,2.443
508000.SH,2024-07-24,2.445
508000.SH,2024-07-25,2.436
508000.SH,2024-07-26,2.439
508000.SH,2024-07-29,2.444
508000.SH,2024-07-30,2.462
508000.SH,2024-07-31,2.477
508000.SH,2024-08-01,2.504
508000.SH,2024-08-02,2.543
508000.SH,2024-08-05,2.563
508000.SH,2024-08-06,2.622
508000.SH,2024-08-07,2.645
508000.SH,2024-08-08,2.631
508000.SH,2024-08-09,2.63
508000.SH,2024-08-12,2.617
508000.SH,2024-08-13,2.619
508000.SH,2024-08-14,2.602
508000.SH,2024-08-15,2.599
508000.SH,2024-08-16,2.609
508000.SH,2024-08-19,2.597
508000.SH,2024-08-20,2.595
508000.SH,2024-08-21,2.612
508000.SH,2024-08-22,2.618
508000.SH,2024-08-23,2.603
508000.SH,2024-08-26,2.584
508000.SH,2024-08-27,2.553
508000.SH,2024-08-28,2.588
508000.SH,2024-08-29,2.596
508000.SH,2024-08-30,2.599
508000.SH,2024-09-02,2.578
508000.SH,2024-09-03,2.567
508000.SH,2024-09-04,2.559
508000.SH,2024-09-05,2.573
508000.SH,2024-09-06,2.564
508000.SH,2024-09-09,2.541
508000.SH,2024-09-10,2.525
508000.SH,2024-09-11,2.532
508000.SH,2024-09-12,2.54
508000.SH,2024-09-13,2.559
508000.SH,2024-09-18,2.57
508000.SH,2024-09-19,2.568
508000.SH,2024-09-20,2.574
508000.SH,2024-09-23,2.553
508000.SH,2024-09-24,2.563
508000.SH,2024-09-25,2.554
508000.SH,2024-09-26,2.543
508000.SH,2024-09-27,2.541
508000.SH,2024-09-30,2.541
508000.SH,2024-10-08,2.598
508000.SH,2024-10-09,2.564
508000.SH,2024-10-10,2.585
508000.SH,2024-10-11,2.596
508000.SH,2024-10-14,2.59
508000.SH,2024-10-15,2.573
508000.SH,2024-10-16,2.566
508000.SH,2024-10-17,2.567
508000.SH,2024-10-18,2.564
508000.SH,2024-10-21,2.563
508000.SH,2024-10-22,2.567
508000.SH,2024-10-23,2.558
508000.SH,2024-10-24,2.557
508000.SH,2024-10-25,2.565
508000.SH,2024-10-28,2.567
508000.SH,2024-10-29,2.565
508000.SH,2024-10-30,2.538
508000.SH,2024-10-31,2.538
508000.SH,2024-11-01,2.529
508000.SH,2024-11-04,2.529
508000.SH,2024-11-05,2.527
508000.SH,2024-11-06,2.531
508000.SH,2024-11-07,2.545
508000.SH,2024-11-08,2.548
508000.SH,2024-11-11,2.556
508000.SH,2024-11-12,2.55
508000.SH,2024-11-13,2.554
508000.SH,2024-11-14,2.549
508000.SH,2024-11-15,2.54
508000.SH,2024-11-18,2.538
508000.SH,2024-11-19,2.533
508000.SH,2024-11-20,2.542
508000.SH,2024-11-21,2.535
508000.SH,2024-11-22,2.527
508000.SH,2024-11-25,2.529
508000.SH,2024-11-26,2.524
508000.SH,2024-11-27,2.519
508000.SH,2024-11-28,2.52
508000.SH,2024-11-29,2.514
508000.SH,2024-12-02,2.506
508000.SH,2024-12-03,2.502
508000.SH,2024-12-04,2.5
508000.SH,2024-12-05,2.487
508000.SH,2024-12-06,2.49
508000.SH,2024-12-09,2.489
508000.SH,2024-12-10,2.492
508000.SH,2024-12-11,2.503
508000.SH,2024-12-12,2.529
508000.SH,2024-12-13,2.511
508000.SH,2024-12-16,2.519
508000.SH,2024-12-17,2.519
508000.SH,2024-12-18,2.515
508000.SH,2024-12-19,2.504
508000.SH,2024-12-20,2.45
508000.SH,2024-12-23,2.442
508000.SH,2024-12-24,2.446
508000.SH,2024-12-25,2.478
508000.SH,2024-12-26,2.483
508000.SH,2024-12-27,2.545
508000.SH,2024-12-30,2.533
508000.SH,2024-12-31,2.549
508000.SH,2025-01-02,2.528
508000.SH,2025-01-03,2.552
508000.SH,2025-01-06,2.54
508000.SH,2025-01-07,2.524
508000.SH,2025-01-08,2.648
508000.SH,2025-01-09,2.71
508000.SH,2025-01-10,2.711
508000.SH,2025-01-13,2.694
508000.SH,2025-01-14,2.664
508000.SH,2025-01-15,2.734
508000.SH,2025-01-16,2.743
508000.SH,2025-01-17,2.781
508000.SH,2025-01-20,2.773
508000.SH,2025-01-21,2.773
508000.SH,2025-01-22,2.802
508000.SH,2025-01-23,2.818
508000.SH,2025-01-24,2.87
508000.SH,2025-01-27,2.936
508000.SH,2025-02-05,2.923
508000.SH,2025-02-06,2.93
508000.SH,2025-02-07,2.931
508000.SH,2025-02-10,2.981
508000.SH,2025-02-11,3.065
508000.SH,2025-02-12,3.045
508000.SH,2025-02-13,2.991
508000.SH,2025-02-14,3.01
508000.SH,2025-02-17,2.996
508000.SH,2025-02-18,2.997
508000.SH,2025-02-19,2.954
508000.SH,2025-02-20,2.942
508000.SH,2025-02-21,2.931
508000.SH,2025-02-24,2.895
508000.SH,2025-02-25,2.879
508000.SH,2025-02-26,2.88
508000.SH,2025-02-27,2.88
508000.SH,2025-02-28,2.888
508000.SH,2025-03-03,2.946
508000.SH,2025-03-04,2.994
508000.SH,2025-03-05,3.011
508000.SH,2025-03-06,2.99
508000.SH,2025-03-07,2.99
508000.SH,2025-03-10,2.998
508000.SH,2025-03-11,2.953
508000.SH,2025-03-12,2.939
508000.SH,2025-03-13,2.935
508000.SH,2025-03-14,2.967
508000.SH,2025-03-17,2.949
508000.SH,2025-03-18,2.949
508000.SH,2025-03-19,2.959
508000.SH,2025-03-20,2.972
508000.SH,2025-03-21,2.959
508000.SH,2025-03-24,2.955
508000.SH,2025-03-25,2.959
508000.SH,2025-03-26,2.95
508000.SH,2025-03-27,2.96
508000.SH,2025-03-28,2.998
508000.SH,2025-03-31,2.957
508000.SH,2025-04-01,2.948
508000.SH,2025-04-02,2.959
508000.SH,2025-04-03,2.986
508000.SH,2025-04-07,2.961
508000.SH,2025-04-08,2.959
508000.SH,2025-04-09,2.968
508000.SH,2025-04-10,2.969
508000.SH,2025-04-11,2.954
508000.SH,2025-04-14,2.943
508000.SH,2025-04-15,2.945
508000.SH,2025-04-16,2.942
508000.SH,2025-04-17,2.936
508000.SH,2025-04-18,2.818
508000.SH,2025-04-21,2.822
508000.SH,2025-04-22,2.83
508000.SH,2025-04-23,2.823
508000.SH,2025-04-24,2.823
508000.SH,2025-04-25,2.823
508000.SH,2025-04-28,2.77
508000.SH,2025-04-29,2.771
508000.SH,2025-04-30,2.781
508000.SH,2025-05-06,2.784
508000.SH,2025-05-07,2.778
508000.SH,2025-05-08,2.79
508000.SH,2025-05-09,2.813
508000.SH,2025-05-12,2.819
508000.SH,2025-05-13,2.82
508000.SH,2025-05-14,2.837
508000.SH,2025-05-15,2.861
508000.SH,2025-05-16,2.893
508000.SH,2025-05-19,2.881
508000.SH,2025-05-20,2.873
508000.SH,2025-05-21,2.915
508000.SH,2025-05-22,2.898
508000.SH,2025-05-23,2.904
508000.SH,2025-05-26,2.893
508000.SH,2025-05-27,2.865
508000.SH,2025-05-28,2.884
508000.SH,2025-05-29,2.883
508000.SH,2025-05-30,2.88
508000.SH,2025-06-03,2.846
508000.SH,2025-06-04,2.849
508000.SH,2025-06-05,2.874
508000.SH,2025-06-06,2.893
508000.SH,2025-06-09,2.909
508000.SH,2025-06-10,2.921
508000.SH,2025-06-11,2.949
508000.SH,2025-06-12,2.929
508000.SH,2025-06-13,2.919
508000.SH,2025-06-16,2.919
508000.SH,2025-06-17,2.878
508000.SH,2025-06-18,2.883
508000.SH,2025-06-19,2.878
508000.SH,2025-06-20,2.866
508000.SH,2025-06-23,2.86
508000.SH,2025-06-24,2.837
508000.SH,2025-06-25,2.842
508000.SH,2025-06-26,2.844
508000.SH,2025-06-27,2.85
508000.SH,2025-06-30,2.842
508000.SH,2025-07-01,2.83
508000.SH,2025-07-02,2.839
508000.SH,2025-07-03,2.86
508000.SH,2025-07-04,2.887
508000.SH,2025-07-07,2.885
508000.SH,2025-07-08,2.87
508000.SH,2025-07-09,2.854
508000.SH,2025-07-10,2.837
508000.SH,2025-07-11,2.807
508000.SH,2025-07-14,2.772
508000.SH,2025-07-15,2.8
508000.SH,2025-07-16,2.8
508000.SH,2025-07-17,2.81
508000.SH,2025-07-18,2.835
508000.SH,2025-07-21,2.843
508000.SH,2025-07-22,2.84
508000.SH,2025-07-23,2.821
508000.SH,2025-07-24,2.824
508000.SH,2025-07-25,2.824
508000.SH,2025-07-28,2.836
508000.SH,2025-07-29,2.846
508000.SH,2025-07-30,2.852
508000.SH,2025-07-31,2.867
508000.SH,2025-08-01,2.865
508000.SH,2025-08-04,2.838
508000.SH,2025-08-05,2.837
508000.SH,2025-08-06,2.823
508000.SH,2025-08-07,2.83
508000.SH,2025-08-08,2.826
508000.SH,2025-08-11,2.82
508000.SH,2025-08-12,2.818
508000.SH,2025-08-13,2.818
508000.SH,2025-08-14,2.812
508000.SH,2025-08-15,2.802
508000.SH,2025-08-18,2.718
508000.SH,2025-08-19,2.729
508000.SH,2025-08-20,2.748
508000.SH,2025-08-21,2.75
508000.SH,2025-08-22,2.751
508000.SH,2025-08-25,2.753
508000.SH,2025-08-26,2.786
508000.SH,2025-08-27,2.794
508000.SH,2025-08-28,2.799
508000.SH,2025-08-29,2.789
508000.SH,2025-09-01,2.781
508000.SH,2025-09-02,2.802
508000.SH,2025-09-03,2.807
508000.SH,2025-09-04,2.799
508000.SH,2025-09-05,2.78
508000.SH,2025-09-08,2.766
508000.SH,2025-09-09,2.77
508000.SH,2025-09-10,2.777
508000.SH,2025-09-11,2.781
508000.SH,2025-09-12,2.779
508000.SH,2025-09-15,2.78
508000.SH,2025-09-16,2.78
508000.SH,2025-09-17,2.796
508000.SH,2025-09-18,2.8
508000.SH,2025-09-19,2.738
508000.SH,2025-09-22,2.719
508000.SH,2025-09-23,2.729
508000.SH,2025-09-24,2.724
508000.SH,2025-09-25,2.714
508000.SH,2025-09-26,2.728
508000.SH,2025-09-29,2.709
508000.SH,2025-09-30,2.71
508000.SH,2025-10-09,2.713
508000.SH,2025-10-10,2.703
508000.SH,2025-10-13,2.697
508000.SH,2025-10-14,2.685
508000.SH,2025-10-15,2.671
508000.SH,2025-10-16,2.665
508000.SH,2025-10-17,2.652
508000.SH,2025-10-20,2.648
508000.SH,2025-10-21,2.649
508000.SH,2025-10-22,2.658
508000.SH,2025-10-23,2.692
508000.SH,2025-10-24,2.708
508000.SH,2025-10-27,2.685
508000.SH,2025-10-28,2.701
508000.SH,2025-10-29,2.701
508000.SH,2025-10-30,2.7
508000.SH,2025-10-31,2.676
508000.SH,2025-11-03,2.646
508000.SH,2025-11-04,2.619
508000.SH,2025-11-05,2.607
508000.SH,2025-11-06,2.637
508000.SH,2025-11-07,2.639
508000.SH,2025-11-10,2.642
508000.SH,2025-11-11,2.634
508000.SH,2025-11-12,2.653
508000.SH,2025-11-13,2.653
508000.SH,2025-11-14,2.665
508000.SH,2025-11-17,2.665
508000.SH,2025-11-18,2.662
508000.SH,2025-11-19,2.662
508000.SH,2025-11-20,2.647
508000.SH,2025-11-21,2.641
508000.SH,2025-11-24,2.63
508000.SH,2025-11-25,2.63
508000.SH,2025-11-26,2.63
508000.SH,2025-11-27,2.62
508000.SH,2025-11-28,2.616
508000.SH,2025-12-01,2.601
508000.SH,2025-12-02,2.603
508000.SH,2025-12-03,2.598
508000.SH,2025-12-04,2.599
508000.SH,2025-12-05,2.597
508000.SH,2025-12-08,2.594
508000.SH,2025-12-09,2.575
508000.SH,2025-12-10,2.591
508000.SH,2025-12-11,2.566
508000.SH,2025-12-12,2.585
508000.SH,2025-12-15,2.576
508000.SH,2025-12-16,2.572
508000.SH,2025-12-17,2.573
508000.SH,2025-12-18,2.541
508000.SH,2025-12-19,2.511
508000.SH,2025-12-22,2.485
508000.SH,2025-12-23,2.463
508000.SH,2025-12-24,2.543
508000.SH,2025-12-25,2.551
508000.SH,2025-12-26,2.539
508000.SH,2025-12-29,2.528
508000.SH,2025-12-30,2.516
508000.SH,2025-12-31,2.522
508000.SH,2026-01-05,2.557
508000.SH,2026-01-06,2.594
508000.SH,2026-01-07,2.62
508000.SH,2026-01-08,2.642
508000.SH,2026-01-09,2.634
508000.SH,2026-01-12,2.635
508000.SH,2026-01-13,2.652
508000.SH,2026-01-14,2.658
508000.SH,2026-01-15,2.672
508000.SH,2026-01-16,2.677
508000.SH,2026-01-19,2.683
508000.SH,2026-01-20,2.679
508000.SH,2026-01-21,2.666
508000.SH,2026-01-22,2.654
508000.SH,2026-01-23,2.6
508000.SH,2026-01-26,2.563
508000.SH,2026-01-27,2.551
508000.SH,2026-01-28,2.555
508000.SH,2026-01-29,2.617
508000.SH,2026-01-30,2.597
508000.SH,2026-02-02,2.61
508000.SH,2026-02-03,2.636
508000.SH,2026-02-04,2.653
508000.SH,2026-02-05,2.63
508000.SH,2026-02-06,2.601
508000.SH,2026-02-09,2.599
508000.SH,2026-02-10,2.627
508000.SH,2026-02-11,2.611
508000.SH,2026-02-12,2.604
508000.SH,2026-02-13,2.618
508000.SH,2026-02-24,2.579
508000.SH,2026-02-25,2.581
508000.SH,2026-02-26,2.581
508000.SH,2026-02-27,2.562
508000.SH,2026-03-02,2.556
508000.SH,2026-03-03,2.565
508000.SH,2026-03-04,2.57
508000.SH,2026-03-05,2.558
508000.SH,2026-03-06,2.556
508000.SH,2026-03-09,2.542
508000.SH,2026-03-10,2.545
508000.SH,2026-03-11,2.51
508000.SH,2026-03-12,2.498
508000.SH,2026-03-13,2.493
508000.SH,2026-03-16,2.485
508000.SH,2026-03-17,2.504
508000.SH,2026-03-18,2.518
508000.SH,2026-03-19,2.507
508000.SH,2026-03-20,2.496
508000.SH,2026-03-23,2.457
508000.SH,2026-03-24,2.444
508000.SH,2026-03-25,2.432
508000.SH,2026-03-26,2.412
508000.SH,2026-03-27,2.409
508000.SH,2026-03-30,2.39
508000.SH,2026-03-31,2.383
508000.SH,2026-04-01,2.393
508000.SH,2026-04-02,2.389
508000.SH,2026-04-03,2.392
508000.SH,2026-04-07,2.412
508000.SH,2026-04-08,2.461
508000.SH,2026-04-09,2.456
508000.SH,2026-04-10,2.454
508000.SH,2026-04-13,2.443
508000.SH,2026-04-14,2.484
508000.SH,2026-04-15,2.472
508000.SH,2026-04-16,2.487
508000.SH,2026-04-17,2.423
508000.SH,2026-04-20,2.447
508000.SH,2026-04-21,2.432
508000.SH,2026-04-22,2.436
508000.SH,2026-04-23,2.43
508000.SH,2026-04-24,2.424
508000.SH,2026-04-27,2.422
508000.SH,2026-04-28,2.413
508000.SH,2026-04-29,2.406
508000.SH,2026-04-30,2.408
508000.SH,2026-05-06,2.402
508000.SH,2026-05-07,2.373
508000.SH,2026-05-08,2.361
508000.SH,2026-05-11,2.333
508000.SH,2026-05-12,2.316
508000.SH,2026-05-13,2.29
508000.SH,2026-05-14,2.257
508000.SH,2026-05-15,2.253
508000.SH,2026-05-18,2.259
508000.SH,2026-05-19,2.362
508000.SH,2026-05-20,2.36
508000.SH,2026-05-21,2.345
508000.SH,2026-05-22,2.33
508000.SH,2026-05-25,2.281
508000.SH,2026-05-26,2.232
508000.SH,2026-05-27,2.226
508000.SH,2026-05-28,2.21
508000.SH,2026-05-29,2.215
508000.SH,2026-06-01,2.26
508000.SH,2026-06-02,2.24
508000.SH,2026-06-03,2.25
508000.SH,2026-06-04,2.254
508000.SH,2026-06-05,2.256
508000.SH,2026-06-08,2.241
508000.SH,2026-06-09,2.267
508000.SH,2026-06-10,2.235
508000.SH,2026-06-11,2.22
508000.SH,2026-06-12,2.263
508000.SH,2026-06-15,2.245
508000.SH,2026-06-16,2.227
508000.SH,2026-06-17,2.221
508000.SH,2026-06-18,2.206
508000.SH,2026-06-22,2.162
508000.SH,2026-06-23,2.148
508000.SH,2026-06-24,2.135
508000.SH,2026-06-25,2.165
508000.SH,2026-06-26,2.134
508000.SH,2026-06-29,2.158
508000.SH,2026-06-30,2.158
508000.SH,2026-07-01,2.102
508000.SH,2026-07-02,2.03
508000.SH,2026-07-03,2.042
508000.SH,2026-07-06,2.088
508000.SH,2026-07-07,2.084
508000.SH,2026-07-08,2.082
508000.SH,2026-07-09,2.1
508000.SH,2026-07-10,2.122
508000.SH,2026-07-13,2.124
508000.SH,2026-07-14,2.095
508000.SH,2026-07-15,2.064
508000.SH,2026-07-16,2.08
508000.SH,2026-07-17,2.062
508000.SH,2026-07-20,2.044
508000.SH,2026-07-21,2.009
508000.SH,2026-07-22,1.964
508000.SH,2026-07-23,1.928
508000.SH,2026-07-24,1.932
508000.SH,2026-07-27,1.894
508000.SH,2026-07-28,1.87
508000.SH,2026-07-29,1.85
508000.SH,2026-07-30,1.85
508000.SH,2026-07-31,1.867
508000.SH,2026-08-03,1.847
508000.SH,2026-08-04,1.817
508000.SH,2026-08-05,1.774
508000.SH,2026-08-06,1.746
508000.SH,2026-08-07,1.74
508000.SH,2026-08-10,1.734
508000.SH,2026-08-11,1.718
508000.SH,2026-08-12,1.727
508000.SH,2026-08-13,1.731
508000.SH,2026-08-14,1.78
508000.SH,2026-08-17,1.771
508000.SH,2026-08-18,1.798
508000.SH,2026-08-19,1.838
508000.SH,2026-08-20,1.887
508000.SH,2026-08-21,1.89
508000.SH,2026-08-24,1.9
508000.SH,2026-08-25,1.905
508000.SH,2026-08-26,1.944
508000.SH,2026-08-27,1.962
508000.SH,2026-08-28,1.989
508000.SH,2026-08-31,1.946
508000.SH,2026-09-01,1.922
508000.SH,2026-09-02,1.884
508000.SH,2026-09-03,1.877
508000.SH,2026-09-04,1.893
508000.SH,2026-09-07,1.872
508000.SH,2026-09-08,1.858
508000.SH,2026-09-09,1.863
508000.SH,2026-09-10,1.854
508000.SH,2026-09-11,1.864
508000.SH,2026-09-14,1.84
508000.SH,2026-09-15,1.847
508000.SH,2026-09-16,1.868
508000.SH,2026-09-17,1.909
508000.SH,2026-09-18,1.842
508000.SH,2026-09-21,1.834
508000.SH,2026-09-22,1.844
508000.SH,2026-09-23,1.904
508000.SH,2026-09-24,1.904
508000.SH,2026-09-28,1.902
508000.SH,2026-09-29,1.909
508000.SH,2026-09-30,1.926
508002.SH,2024-08-16,2.41
508002.SH,2024-08-19,2.39
508002.SH,2024-08-20,2.377
508002.SH,2024-08-21,2.339
508002.SH,2024-08-22,2.344
508002.SH,2024-08-23,2.345
508002.SH,2024-08-26,2.345
508002.SH,2024-08-27,2.338
508002.SH,2024-08-28,2.346
508002.SH,2024-08-29,2.334
508002.SH,2024-08-30,2.334
508002.SH,2024-09-02,2.323
508002.SH,2024-09-03,2.332
508002.SH,2024-09-04,2.333
508002.SH,2024-09-05,2.338
508002.SH,2024-09-06,2.343
508002.SH,2024-09-09,2.329
508002.SH,2024-09-10,2.334
508002.SH,2024-09-11,2.335
508002.SH,2024-09-12,2.334
508002.SH,2024-09-13,2.332
508002.SH,2024-09-18,2.332
508002.SH,2024-09-19,2.331
508002.SH,2024-09-20,2.307
508002.SH,2024-09-23,2.303
508002.SH,2024-09-24,2.311
508002.SH,2024-09-25,2.301
508002.SH,2024-09-26,2.304
508002.SH,2024-09-27,2.29
508002.SH,2024-09-30,2.277
508002.SH,2024-10-08,2.264
508002.SH,2024-10-09,2.25
508002.SH,2024-10-10,2.238
508002.SH,2024-10-11,2.247
508002.SH,2024-10-14,2.255
508002.SH,2024-10-15,2.254
508002.SH,2024-10-16,2.248
508002.SH,2024-10-17,2.237
508002.SH,2024-10-18,2.24
508002.SH,2024-10-21,2.24
508002.SH,2024-10-22,2.25
508002.SH,2024-10-23,2.249
508002.SH,2024-10-24,2.24
508002.SH,2024-10-25,2.25
508002.SH,2024-10-28,2.246
508002.SH,2024-10-29,2.243
508002.SH,2024-10-30,2.24
508002.SH,2024-10-31,2.228
508002.SH,2024-11-01,2.232
508002.SH,2024-11-04,2.235
508002.SH,2024-11-05,2.234
508002.SH,2024-11-06,2.238
508002.SH,2024-11-07,2.236
508002.SH,2024-11-08,2.236
508002.SH,2024-11-11,2.238
508002.SH,2024-11-12,2.239
508002.SH,2024-11-13,2.234
508002.SH,2024-11-14,2.23
508002.SH,2024-11-15,2.233
508002.SH,2024-11-18,2.229
508002.SH,2024-11-19,2.227
508002.SH,2024-11-20,2.226
508002.SH,2024-11-21,2.225
508002.SH,2024-11-22,2.223
508002.SH,2024-11-25,2.212
508002.SH,2024-11-26,2.215
508002.SH,2024-11-27,2.208
508002.SH,2024-11-28,2.208
508002.SH,2024-11-29,2.204
508002.SH,2024-12-02,2.204
508002.SH,2024-12-03,2.192
508002.SH,2024-12-04,2.189
508002.SH,2024-12-05,2.208
508002.SH,2024-12-06,2.204
508002.SH,2024-12-09,2.214
508002.SH,2024-12-10,2.219
508002.SH,2024-12-11,2.231
508002.SH,2024-12-12,2.236
508002.SH,2024-12-13,2.23
508002.SH,2024-12-16,2.236
508002.SH,2024-12-17,2.283
508002.SH,2024-12-18,2.309
508002.SH,2024-12-19,2.284
508002.SH,2024-12-20,2.243
508002.SH,2024-12-23,2.282
508002.SH,2024-12-24,2.282
508002.SH,2024-12-25,2.297
508002.SH,2024-12-26,2.299
508002.SH,2024-12-27,2.35
508002.SH,2024-12-30,2.371
508002.SH,2024-12-31,2.378
508002.SH,2025-01-02,2.383
508002.SH,2025-01-03,2.421
508002.SH,2025-01-06,2.451
508002.SH,2025-01-07,2.418
508002.SH,2025-01-08,2.43
508002.SH,2025-01-09,2.438
508002.SH,2025-01-10,2.451
508002.SH,2025-01-13,2.462
508002.SH,2025-01-14,2.453
508002.SH,2025-01-15,2.449
508002.SH,2025-01-16,2.451
508002.SH,2025-01-17,2.478
508002.SH,2025-01-20,2.481
508002.SH,2025-01-21,2.491
508002.SH,2025-01-22,2.519
508002.SH,2025-01-23,2.56
508002.SH,2025-01-24,2.613
508002.SH,2025-01-27,2.678
508002.SH,2025-02-05,2.668
508002.SH,2025-02-06,2.627
508002.SH,2025-02-07,2.63
508002.SH,2025-02-10,2.675
508002.SH,2025-02-11,2.788
508002.SH,2025-02-12,2.875
508002.SH,2025-02-13,2.796
508002.SH,2025-02-14,2.806
508002.SH,2025-02-17,2.89
508002.SH,2025-02-18,2.931
508002.SH,2025-02-19,2.942
508002.SH,2025-02-20,2.942
508002.SH,2025-02-21,2.937
508002.SH,2025-02-24,2.936
508002.SH,2025-02-25,2.936
508002.SH,2025-02-26,2.905
508002.SH,2025-02-27,2.87
508002.SH,2025-02-28,2.832
508002.SH,2025-03-03,2.832
508002.SH,2025-03-04,2.867
508002.SH,2025-03-05,2.909
508002.SH,2025-03-06,2.91
508002.SH,2025-03-07,2.887
508002.SH,2025-03-10,2.877
508002.SH,2025-03-11,2.81
508002.SH,2025-03-12,2.799
508002.SH,2025-03-13,2.827
508002.SH,2025-03-14,2.919
508002.SH,2025-03-17,2.945
508002.SH,2025-03-18,2.94
508002.SH,2025-03-19,2.95
508002.SH,2025-03-20,2.943
508002.SH,2025-03-21,2.927
508002.SH,2025-03-24,2.928
508002.SH,2025-03-25,2.925
508002.SH,2025-03-26,2.93
508002.SH,2025-03-27,2.93
508002.SH,2025-03-28,2.928
508002.SH,2025-03-31,2.887
508002.SH,2025-04-01,2.846
508002.SH,2025-04-02,2.879
508002.SH,2025-04-03,2.877
508002.SH,2025-04-07,2.864
508002.SH,2025-04-08,2.852
508002.SH,2025-04-09,2.851
508002.SH,2025-04-10,2.891
508002.SH,2025-04-11,2.906
508002.SH,2025-04-14,2.929
508002.SH,2025-04-15,2.984
508002.SH,2025-04-16,3.022
508002.SH,2025-04-17,3.11
508002.SH,2025-04-18,3.099
508002.SH,2025-04-21,3.06
508002.SH,2025-04-22,3.142
508002.SH,2025-04-23,3.17
508002.SH,2025-04-24,3.177
508002.SH,2025-04-25,3.162
508002.SH,2025-04-28,3.161
508002.SH,2025-04-29,3.171
508002.SH,2025-04-30,3.224
508002.SH,2025-05-06,3.243
508002.SH,2025-05-07,3.277
508002.SH,2025-05-08,3.33
508002.SH,2025-05-09,3.372
508002.SH,2025-05-12,3.444
508002.SH,2025-05-13,3.528
508002.SH,2025-05-14,3.583
508002.SH,2025-05-15,3.47
508002.SH,2025-05-16,3.508
508002.SH,2025-05-19,3.498
508002.SH,2025-05-20,3.53
508002.SH,2025-05-21,3.51
508002.SH,2025-05-22,3.51
508002.SH,2025-05-23,3.499
508002.SH,2025-05-26,3.478
508002.SH,2025-05-27,3.472
508002.SH,2025-05-28,3.49
508002.SH,2025-05-29,3.525
508002.SH,2025-05-30,3.535
508002.SH,2025-06-03,3.52
508002.SH,2025-06-04,3.495
508002.SH,2025-06-05,3.513
508002.SH,2025-06-06,3.558
508002.SH,2025-06-09,3.59
508002.SH,2025-06-10,3.59
508002.SH,2025-06-11,3.617
508002.SH,2025-06-12,3.697
508002.SH,2025-06-13,3.707
508002.SH,2025-06-16,3.63
508002.SH,2025-06-17,3.575
508002.SH,2025-06-18,3.539
508002.SH,2025-06-19,3.54
508002.SH,2025-06-20,3.537
508002.SH,2025-06-23,3.555
508002.SH,2025-06-24,3.555
508002.SH,2025-06-25,3.539
508002.SH,2025-06-26,3.495
508002.SH,2025-06-27,3.438
508002.SH,2025-06-30,3.401
508002.SH,2025-07-01,3.347
508002.SH,2025-07-02,3.429
508002.SH,2025-07-03,3.503
508002.SH,2025-07-04,3.501
508002.SH,2025-07-07,3.427
508002.SH,2025-07-08,3.382
508002.SH,2025-07-09,3.4
508002.SH,2025-07-10,3.395
508002.SH,2025-07-11,3.374
508002.SH,2025-07-14,3.4
508002.SH,2025-07-15,3.432
508002.SH,2025-07-16,3.455
508002.SH,2025-07-17,3.375
508002.SH,2025-07-18,3.38
508002.SH,2025-07-21,3.348
508002.SH,2025-07-22,3.283
508002.SH,2025-07-23,3.241
508002.SH,2025-07-24,3.23
508002.SH,2025-07-25,3.181
508002.SH,2025-07-28,3.15
508002.SH,2025-07-29,3.08
508002.SH,2025-07-30,3.058
508002.SH,2025-07-31,3.202
508002.SH,2025-08-01,3.204
508002.SH,2025-08-04,3.175
508002.SH,2025-08-05,3.117
508002.SH,2025-08-06,3.125
508002.SH,2025-08-07,3.172
508002.SH,2025-08-08,3.228
508002.SH,2025-08-11,3.224
508002.SH,2025-08-12,3.203
508002.SH,2025-08-13,3.117
508002.SH,2025-08-14,3.103
508002.SH,2025-08-15,3.083
508002.SH,2025-08-18,2.978
508002.SH,2025-08-19,2.917
508002.SH,2025-08-20,2.904
508002.SH,2025-08-21,2.912
508002.SH,2025-08-22,2.965
508002.SH,2025-08-25,3.036
508002.SH,2025-08-26,3.13
508002.SH,2025-08-27,3.16
508002.SH,2025-08-28,3.077
508002.SH,2025-08-29,3.081
508002.SH,2025-09-01,3.08
508002.SH,2025-09-02,3.131
508002.SH,2025-09-03,3.152
508002.SH,2025-09-04,3.184
508002.SH,2025-09-05,3.186
508002.SH,2025-09-08,3.14
508002.SH,2025-09-09,3.1
508002.SH,2025-09-10,3.051
508002.SH,2025-09-11,3.074
508002.SH,2025-09-12,3.094
508002.SH,2025-09-15,3.129
508002.SH,2025-09-16,3.113
508002.SH,2025-09-17,3.089
508002.SH,2025-09-18,3.092
508002.SH,2025-09-19,3.094
508002.SH,2025-09-22,3.092
508002.SH,2025-09-23,3.1
508002.SH,2025-09-24,3.091
508002.SH,2025-09-25,3.055
508002.SH,2025-09-26,3.059
508002.SH,2025-09-29,3.037
508002.SH,2025-09-30,3.031
508002.SH,2025-10-09,3.017
508002.SH,2025-10-10,3.019
508002.SH,2025-10-13,3.01
508002.SH,2025-10-14,2.975
508002.SH,2025-10-15,2.966
508002.SH,2025-10-16,2.946
508002.SH,2025-10-17,2.95
508002.SH,2025-10-20,2.921
508002.SH,2025-10-21,2.874
508002.SH,2025-10-22,2.92
508002.SH,2025-10-23,2.938
508002.SH,2025-10-24,2.963
508002.SH,2025-10-27,2.95
508002.SH,2025-10-28,2.994
508002.SH,2025-10-29,2.997
508002.SH,2025-10-30,2.999
508002.SH,2025-10-31,2.976
508002.SH,2025-11-03,2.974
508002.SH,2025-11-04,2.96
508002.SH,2025-11-05,2.949
508002.SH,2025-11-06,2.956
508002.SH,2025-11-07,2.967
508002.SH,2025-11-10,2.995
508002.SH,2025-11-11,3.027
508002.SH,2025-11-12,3.041
508002.SH,2025-11-13,3.048
508002.SH,2025-11-14,3.074
508002.SH,2025-11-17,3.039
508002.SH,2025-11-18,3.04
508002.SH,2025-11-19,3.06
508002.SH,2025-11-20,3.037
508002.SH,2025-11-21,3.033
508002.SH,2025-11-24,3.018
508002.SH,2025-11-25,3.021
508002.SH,2025-11-26,3.049
508002.SH,2025-11-27,3.029
508002.SH,2025-11-28,3.022
508002.SH,2025-12-01,3.034
508002.SH,2025-12-02,3.025
508002.SH,2025-12-03,3.016
508002.SH,2025-12-04,3.012
508002.SH,2025-12-05,3.017
508002.SH,2025-12-08,2.979
508002.SH,2025-12-09,2.985
508002.SH,2025-12-10,3.009
508002.SH,2025-12-11,3.0
508002.SH,2025-12-12,3.019
508002.SH,2025-12-15,2.991
508002.SH,2025-12-16,3.002
508002.SH,2025-12-17,2.961
508002.SH,2025-12-18,2.923
508002.SH,2025-12-19,2.937
508002.SH,2025-12-22,2.947
508002.SH,2025-12-23,2.95
508002.SH,2025-12-24,3.011
508002.SH,2025-12-25,3.044
508002.SH,2025-12-26,3.017
508002.SH,2025-12-29,3.008
508002.SH,2025-12-30,3.0
508002.SH,2025-12-31,3.006
508002.SH,2026-01-05,3.019
508002.SH,2026-01-06,3.089
508002.SH,2026-01-07,3.105
508002.SH,2026-01-08,3.138
508002.SH,2026-01-09,3.132
508002.SH,2026-01-12,3.106
508002.SH,2026-01-13,3.071
508002.SH,2026-01-14,3.07
508002.SH,2026-01-15,3.089
508002.SH,2026-01-16,3.14
508002.SH,2026-01-19,3.12
508002.SH,2026-01-20,3.131
508002.SH,2026-01-21,3.182
508002.SH,2026-01-22,3.341
508002.SH,2026-01-23,3.453
508002.SH,2026-01-26,3.46
508002.SH,2026-01-27,3.533
508002.SH,2026-01-28,3.524
508002.SH,2026-01-29,3.56
508002.SH,2026-01-30,3.53
508002.SH,2026-02-02,3.436
508002.SH,2026-02-03,3.445
508002.SH,2026-02-04,3.45
508002.SH,2026-02-05,3.441
508002.SH,2026-02-06,3.433
508002.SH,2026-02-09,3.423
508002.SH,2026-02-10,3.433
508002.SH,2026-02-11,3.43
508002.SH,2026-02-12,3.419
508002.SH,2026-02-13,3.428
508002.SH,2026-02-24,3.378
508002.SH,2026-02-25,3.359
508002.SH,2026-02-26,3.371
508002.SH,2026-02-27,3.353
508002.SH,2026-03-02,3.338
508002.SH,2026-03-03,3.365
508002.SH,2026-03-04,3.351
508002.SH,2026-03-05,3.346
508002.SH,2026-03-06,3.31
508002.SH,2026-03-09,3.279
508002.SH,2026-03-10,3.287
508002.SH,2026-03-11,3.264
508002.SH,2026-03-12,3.228
508002.SH,2026-03-13,3.259
508002.SH,2026-03-16,3.198
508002.SH,2026-03-17,3.169
508002.SH,2026-03-18,3.197
508002.SH,2026-03-19,3.242
508002.SH,2026-03-20,3.17
508002.SH,2026-03-23,3.138
508002.SH,2026-03-24,3.142
508002.SH,2026-03-25,3.165
508002.SH,2026-03-26,3.182
508002.SH,2026-03-27,3.187
508002.SH,2026-03-30,3.208
508002.SH,2026-03-31,3.226
508002.SH,2026-04-01,3.275
508002.SH,2026-04-02,3.298
508002.SH,2026-04-03,3.305
508002.SH,2026-04-07,3.35
508002.SH,2026-04-08,3.382
508002.SH,2026-04-09,3.364
508002.SH,2026-04-10,3.322
508002.SH,2026-04-13,3.301
508002.SH,2026-04-14,3.315
508002.SH,2026-04-15,3.301
508002.SH,2026-04-16,3.314
508002.SH,2026-04-17,3.301
508002.SH,2026-04-20,3.299
508002.SH,2026-04-21,3.3
508002.SH,2026-04-22,3.25
508002.SH,2026-04-23,3.288
508002.SH,2026-04-24,3.237
508002.SH,2026-04-27,3.179
508002.SH,2026-04-28,3.189
508002.SH,2026-04-29,3.155
508002.SH,2026-04-30,3.128
508002.SH,2026-05-06,3.09
508002.SH,2026-05-07,3.111
508002.SH,2026-05-08,3.152
508002.SH,2026-05-11,3.128
508002.SH,2026-05-12,3.121
508002.SH,2026-05-13,3.119
508002.SH,2026-05-14,3.085
508002.SH,2026-05-15,3.047
508002.SH,2026-05-18,3.05
508002.SH,2026-05-19,3.129
508002.SH,2026-05-20,3.128
508002.SH,2026-05-21,3.11
508002.SH,2026-05-22,3.047
508002.SH,2026-05-25,3.032
508002.SH,2026-05-26,2.979
508002.SH,2026-05-27,2.936
508002.SH,2026-05-28,2.903
508002.SH,2026-05-29,2.93
508002.SH,2026-06-01,2.99
508002.SH,2026-06-02,3.057
508002.SH,2026-06-03,3.04
508002.SH,2026-06-04,3.035
508002.SH,2026-06-05,3.08
508002.SH,2026-06-08,3.04
508002.SH,2026-06-09,3.02
508002.SH,2026-06-10,3.009
508002.SH,2026-06-11,3.004
508002.SH,2026-06-12,3.019
508002.SH,2026-06-15,3.01
508002.SH,2026-06-16,2.983
508002.SH,2026-06-17,2.964
508002.SH,2026-06-18,2.876
508002.SH,2026-06-22,2.799
508002.SH,2026-06-23,2.8
508002.SH,2026-06-24,2.67
508002.SH,2026-06-25,2.779
508002.SH,2026-06-26,2.768
508002.SH,2026-06-29,2.822
508002.SH,2026-06-30,2.919
508002.SH,2026-07-01,2.92
508002.SH,2026-07-02,2.92
508002.SH,2026-07-03,2.956
508002.SH,2026-07-06,2.95
508002.SH,2026-07-07,2.921
508002.SH,2026-07-08,2.896
508002.SH,2026-07-09,2.933
508002.SH,2026-07-10,2.987
508002.SH,2026-07-13,2.96
508002.SH,2026-07-14,2.978
508002.SH,2026-07-15,2.94
508002.SH,2026-07-16,2.942
508002.SH,2026-07-17,2.89
508002.SH,2026-07-20,2.832
508002.SH,2026-07-21,2.773
508002.SH,2026-07-22,2.724
508002.SH,2026-07-23,2.717
508002.SH,2026-07-24,2.752
508002.SH,2026-07-27,2.707
508002.SH,2026-07-28,2.66
508002.SH,2026-07-29,2.646
508002.SH,2026-07-30,2.585
508002.SH,2026-07-31,2.647
508002.SH,2026-08-03,2.626
508002.SH,2026-08-04,2.624
508002.SH,2026-08-05,2.602
508002.SH,2026-08-06,2.543
508002.SH,2026-08-07,2.519
508002.SH,2026-08-10,2.47
508002.SH,2026-08-11,2.525
508002.SH,2026-08-12,2.578
508002.SH,2026-08-13,2.554
508002.SH,2026-08-14,2.534
508002.SH,2026-08-17,2.535
508002.SH,2026-08-18,2.576
508002.SH,2026-08-19,2.64
508002.SH,2026-08-20,2.675
508002.SH,2026-08-21,2.663
508002.SH,2026-08-24,2.676
508002.SH,2026-08-25,2.677
508002.SH,2026-08-26,2.725
508002.SH,2026-08-27,2.72
508002.SH,2026-08-28,2.7
508002.SH,2026-08-31,2.708
508002.SH,2026-09-01,2.708
508002.SH,2026-09-02,2.7
508002.SH,2026-09-03,2.628
508002.SH,2026-09-04,2.644
508002.SH,2026-09-07,2.627
508002.SH,2026-09-08,2.611
508002.SH,2026-09-09,2.613
508002.SH,2026-09-10,2.586
508002.SH,2026-09-11,2.589
508002.SH,2026-09-14,2.592
508002.SH,2026-09-15,2.627
508002.SH,2026-09-16,2.639
508002.SH,2026-09-17,2.65
508002.SH,2026-09-18,2.62
508002.SH,2026-09-21,2.542
508002.SH,2026-09-22,2.551
508002.SH,2026-09-23,2.56
508002.SH,2026-09-24,2.565
508002.SH,2026-09-28,2.549
508002.SH,2026-09-29,2.56
508002.SH,2026-09-30,2.56
508003.SH,2024-11-05,3.249
508003.SH,2024-11-06,3.238
508003.SH,2024-11-07,3.241
508003.SH,2024-11-08,3.24
508003.SH,2024-11-11,3.234
508003.SH,2024-11-12,3.239
508003.SH,2024-11-13,3.231
508003.SH,2024-11-14,3.233
508003.SH,2024-11-15,3.227
508003.SH,2024-11-18,3.232
508003.SH,2024-11-19,3.23
508003.SH,2024-11-20,3.234
508003.SH,2024-11-21,3.232
508003.SH,2024-11-22,3.23
508003.SH,2024-11-25,3.218
508003.SH,2024-11-26,3.221
508003.SH,2024-11-27,3.221
508003.SH,2024-11-28,3.223
508003.SH,2024-11-29,3.217
508003.SH,2024-12-02,3.231
508003.SH,2024-12-03,3.232
508003.SH,2024-12-04,3.231
508003.SH,2024-12-05,3.234
508003.SH,2024-12-06,3.234
508003.SH,2024-12-09,3.232
508003.SH,2024-12-10,3.234
508003.SH,2024-12-11,3.238
508003.SH,2024-12-12,3.238
508003.SH,2024-12-13,3.239
508003.SH,2024-12-16,3.264
508003.SH,2024-12-17,3.263
508003.SH,2024-12-18,3.27
508003.SH,2024-12-19,3.248
508003.SH,2024-12-20,3.236
508003.SH,2024-12-23,3.259
508003.SH,2024-12-24,3.25
508003.SH,2024-12-25,3.243
508003.SH,2024-12-26,3.27
508003.SH,2024-12-27,3.259
508003.SH,2024-12-30,3.292
508003.SH,2024-12-31,3.293
508003.SH,2025-01-02,3.329
508003.SH,2025-01-03,3.369
508003.SH,2025-01-06,3.361
508003.SH,2025-01-07,3.319
508003.SH,2025-01-08,3.343
508003.SH,2025-01-09,3.361
508003.SH,2025-01-10,3.38
508003.SH,2025-01-13,3.348
508003.SH,2025-01-14,3.314
508003.SH,2025-01-15,3.35
508003.SH,2025-01-16,3.366
508003.SH,2025-01-17,3.375
508003.SH,2025-01-20,3.344
508003.SH,2025-01-21,3.36
508003.SH,2025-01-22,3.394
508003.SH,2025-01-23,3.434
508003.SH,2025-01-24,3.452
508003.SH,2025-01-27,3.463
508003.SH,2025-02-05,3.459
508003.SH,2025-02-06,3.46
508003.SH,2025-02-07,3.46
508003.SH,2025-02-10,3.518
508003.SH,2025-02-11,3.566
508003.SH,2025-02-12,3.546
508003.SH,2025-02-13,3.497
508003.SH,2025-02-14,3.5
508003.SH,2025-02-17,3.539
508003.SH,2025-02-18,3.568
508003.SH,2025-02-19,3.662
508003.SH,2025-02-20,3.687
508003.SH,2025-02-21,3.665
508003.SH,2025-02-24,3.658
508003.SH,2025-02-25,3.652
508003.SH,2025-02-26,3.649
508003.SH,2025-02-27,3.598
508003.SH,2025-02-28,3.541
508003.SH,2025-03-03,3.573
508003.SH,2025-03-04,3.624
508003.SH,2025-03-05,3.648
508003.SH,2025-03-06,3.649
508003.SH,2025-03-07,3.635
508003.SH,2025-03-10,3.636
508003.SH,2025-03-11,3.627
508003.SH,2025-03-12,3.586
508003.SH,2025-03-13,3.571
508003.SH,2025-03-14,3.571
508003.SH,2025-03-17,3.631
508003.SH,2025-03-18,3.663
508003.SH,2025-03-19,3.667
508003.SH,2025-03-20,3.65
508003.SH,2025-03-21,3.63
508003.SH,2025-03-24,3.642
508003.SH,2025-03-25,3.691
508003.SH,2025-03-26,3.712
508003.SH,2025-03-27,3.7
508003.SH,2025-03-28,3.732
508003.SH,2025-03-31,3.785
508003.SH,2025-04-01,3.761
508003.SH,2025-04-02,3.768
508003.SH,2025-04-03,3.86
508003.SH,2025-04-07,3.81
508003.SH,2025-04-08,3.775
508003.SH,2025-04-09,3.696
508003.SH,2025-04-10,3.747
508003.SH,2025-04-11,3.821
508003.SH,2025-04-14,3.889
508003.SH,2025-04-15,3.893
508003.SH,2025-04-16,3.904
508003.SH,2025-04-17,3.92
508003.SH,2025-04-18,3.911
508003.SH,2025-04-21,3.887
508003.SH,2025-04-22,3.863
508003.SH,2025-04-23,3.87
508003.SH,2025-04-24,3.938
508003.SH,2025-04-25,3.98
508003.SH,2025-04-28,3.924
508003.SH,2025-04-29,3.988
508003.SH,2025-04-30,4.1
508003.SH,2025-05-06,4.062
508003.SH,2025-05-07,4.028
508003.SH,2025-05-08,3.935
508003.SH,2025-05-09,3.919
508003.SH,2025-05-12,3.976
508003.SH,2025-05-13,3.963
508003.SH,2025-05-14,4.004
508003.SH,2025-05-15,3.94
508003.SH,2025-05-16,3.945
508003.SH,2025-05-19,3.95
508003.SH,2025-05-20,4.078
508003.SH,2025-05-21,4.136
508003.SH,2025-05-22,4.024
508003.SH,2025-05-23,4.02
508003.SH,2025-05-26,4.159
508003.SH,2025-05-27,4.089
508003.SH,2025-05-28,4.098
508003.SH,2025-05-29,4.131
508003.SH,2025-05-30,4.076
508003.SH,2025-06-03,4.037
508003.SH,2025-06-04,4.03
508003.SH,2025-06-05,4.056
508003.SH,2025-06-06,4.068
508003.SH,2025-06-09,4.068
508003.SH,2025-06-10,4.074
508003.SH,2025-06-11,4.118
508003.SH,2025-06-12,4.125
508003.SH,2025-06-13,4.123
508003.SH,2025-06-16,4.129
508003.SH,2025-06-17,4.11
508003.SH,2025-06-18,4.109
508003.SH,2025-06-19,4.196
508003.SH,2025-06-20,4.27
508003.SH,2025-06-23,4.253
508003.SH,2025-06-24,4.177
508003.SH,2025-06-25,4.174
508003.SH,2025-06-26,4.179
508003.SH,2025-06-27,4.122
508003.SH,2025-06-30,4.1
508003.SH,2025-07-01,4.16
508003.SH,2025-07-02,4.172
508003.SH,2025-07-03,4.188
508003.SH,2025-07-04,4.181
508003.SH,2025-07-07,4.194
508003.SH,2025-07-08,4.165
508003.SH,2025-07-09,4.1
508003.SH,2025-07-10,4.103
508003.SH,2025-07-11,4.115
508003.SH,2025-07-14,4.088
508003.SH,2025-07-15,4.109
508003.SH,2025-07-16,4.164
508003.SH,2025-07-17,4.161
508003.SH,2025-07-18,4.163
508003.SH,2025-07-21,4.11
508003.SH,2025-07-22,4.025
508003.SH,2025-07-23,3.99
508003.SH,2025-07-24,3.952
508003.SH,2025-07-25,3.909
508003.SH,2025-07-28,3.888
508003.SH,2025-07-29,3.888
508003.SH,2025-07-30,3.98
508003.SH,2025-07-31,4.006
508003.SH,2025-08-01,4.01
508003.SH,2025-08-04,4.058
508003.SH,2025-08-05,4.058
508003.SH,2025-08-06,4.078
508003.SH,2025-08-07,4.079
508003.SH,2025-08-08,4.078
508003.SH,2025-08-11,4.06
508003.SH,2025-08-12,4.061
508003.SH,2025-08-13,4.064
508003.SH,2025-08-14,4.036
508003.SH,2025-08-15,4.012
508003.SH,2025-08-18,3.903
508003.SH,2025-08-19,3.89
508003.SH,2025-08-20,3.949
508003.SH,2025-08-21,4.012
508003.SH,2025-08-22,4.0
508003.SH,2025-08-25,4.004
508003.SH,2025-08-26,4.032
508003.SH,2025-08-27,4.112
508003.SH,2025-08-28,4.128
508003.SH,2025-08-29,4.134
508003.SH,2025-09-01,4.075
508003.SH,2025-09-02,4.088
508003.SH,2025-09-03,4.198
508003.SH,2025-09-04,4.257
508003.SH,2025-09-05,4.23
508003.SH,2025-09-08,4.194
508003.SH,2025-09-09,4.179
508003.SH,2025-09-10,4.168
508003.SH,2025-09-11,4.173
508003.SH,2025-09-12,4.198
508003.SH,2025-09-15,4.238
508003.SH,2025-09-16,4.244
508003.SH,2025-09-17,4.25
508003.SH,2025-09-18,4.252
508003.SH,2025-09-19,4.248
508003.SH,2025-09-22,4.246
508003.SH,2025-09-23,4.259
508003.SH,2025-09-24,4.264
508003.SH,2025-09-25,4.265
508003.SH,2025-09-26,4.278
508003.SH,2025-09-29,4.277
508003.SH,2025-09-30,4.294
508003.SH,2025-10-09,4.277
508003.SH,2025-10-10,4.262
508003.SH,2025-10-13,4.26
508003.SH,2025-10-14,4.22
508003.SH,2025-10-15,4.179
508003.SH,2025-10-16,4.15
508003.SH,2025-10-17,4.122
508003.SH,2025-10-20,4.058
508003.SH,2025-10-21,4.0
508003.SH,2025-10-22,3.998
508003.SH,2025-10-23,4.017
508003.SH,2025-10-24,4.098
508003.SH,2025-10-27,4.063
508003.SH,2025-10-28,4.046
508003.SH,2025-10-29,4.024
508003.SH,2025-10-30,4.01
508003.SH,2025-10-31,3.997
508003.SH,2025-11-03,3.97
508003.SH,2025-11-04,3.914
508003.SH,2025-11-05,3.868
508003.SH,2025-11-06,3.752
508003.SH,2025-11-07,3.66
508003.SH,2025-11-10,3.609
508003.SH,2025-11-11,3.69
508003.SH,2025-11-12,3.762
508003.SH,2025-11-13,3.767
508003.SH,2025-11-14,3.846
508003.SH,2025-11-17,3.837
508003.SH,2025-11-18,3.805
508003.SH,2025-11-19,3.804
508003.SH,2025-11-20,3.836
508003.SH,2025-11-21,3.86
508003.SH,2025-11-24,3.826
508003.SH,2025-11-25,3.851
508003.SH,2025-11-26,3.844
508003.SH,2025-11-27,3.854
508003.SH,2025-11-28,3.868
508003.SH,2025-12-01,3.868
508003.SH,2025-12-02,3.882
508003.SH,2025-12-03,3.839
508003.SH,2025-12-04,3.843
508003.SH,2025-12-05,3.847
508003.SH,2025-12-08,3.813
508003.SH,2025-12-09,3.801
508003.SH,2025-12-10,3.807
508003.SH,2025-12-11,3.756
508003.SH,2025-12-12,3.767
508003.SH,2025-12-15,3.747
508003.SH,2025-12-16,3.722
508003.SH,2025-12-17,3.739
508003.SH,2025-12-18,3.738
508003.SH,2025-12-19,3.74
508003.SH,2025-12-22,3.707
508003.SH,2025-12-23,3.668
508003.SH,2025-12-24,3.72
508003.SH,2025-12-25,3.746
508003.SH,2025-12-26,3.761
508003.SH,2025-12-29,3.777
508003.SH,2025-12-30,3.788
508003.SH,2025-12-31,3.809
508003.SH,2026-01-05,3.864
508003.SH,2026-01-06,3.901
508003.SH,2026-01-07,3.934
508003.SH,2026-01-08,3.921
508003.SH,2026-01-09,3.85
508003.SH,2026-01-12,3.9
508003.SH,2026-01-13,3.897
508003.SH,2026-01-14,3.913
508003.SH,2026-01-15,3.907
508003.SH,2026-01-16,3.907
508003.SH,2026-01-19,3.931
508003.SH,2026-01-20,3.929
508003.SH,2026-01-21,4.009
508003.SH,2026-01-22,4.07
508003.SH,2026-01-23,4.149
508003.SH,2026-01-26,4.156
508003.SH,2026-01-27,4.071
508003.SH,2026-01-28,4.059
508003.SH,2026-01-29,4.142
508003.SH,2026-01-30,4.117
508003.SH,2026-02-02,4.017
508003.SH,2026-02-03,4.033
508003.SH,2026-02-04,4.063
508003.SH,2026-02-05,4.022
508003.SH,2026-02-06,4.001
508003.SH,2026-02-09,3.946
508003.SH,2026-02-10,3.973
508003.SH,2026-02-11,3.995
508003.SH,2026-02-12,3.967
508003.SH,2026-02-13,3.986
508003.SH,2026-02-24,3.996
508003.SH,2026-02-25,3.973
508003.SH,2026-02-26,3.95
508003.SH,2026-02-27,3.924
508003.SH,2026-03-02,3.962
508003.SH,2026-03-03,3.984
508003.SH,2026-03-04,3.951
508003.SH,2026-03-05,3.939
508003.SH,2026-03-06,3.898
508003.SH,2026-03-09,3.925
508003.SH,2026-03-10,3.959
508003.SH,2026-03-11,3.948
508003.SH,2026-03-12,3.919
508003.SH,2026-03-13,3.944
508003.SH,2026-03-16,3.951
508003.SH,2026-03-17,3.944
508003.SH,2026-03-18,3.938
508003.SH,2026-03-19,3.935
508003.SH,2026-03-20,3.912
508003.SH,2026-03-23,3.894
508003.SH,2026-03-24,3.897
508003.SH,2026-03-25,3.874
508003.SH,2026-03-26,3.88
508003.SH,2026-03-27,3.875
508003.SH,2026-03-30,3.87
508003.SH,2026-03-31,3.847
508003.SH,2026-04-01,3.832
508003.SH,2026-04-02,3.831
508003.SH,2026-04-03,3.827
508003.SH,2026-04-07,3.889
508003.SH,2026-04-08,3.936
508003.SH,2026-04-09,3.925
508003.SH,2026-04-10,3.93
508003.SH,2026-04-13,3.911
508003.SH,2026-04-14,3.907
508003.SH,2026-04-15,3.902
508003.SH,2026-04-16,3.944
508003.SH,2026-04-17,3.93
508003.SH,2026-04-20,3.956
508003.SH,2026-04-21,3.939
508003.SH,2026-04-22,3.93
508003.SH,2026-04-23,3.902
508003.SH,2026-04-24,3.885
508003.SH,2026-04-27,3.864
508003.SH,2026-04-28,3.907
508003.SH,2026-04-29,3.914
508003.SH,2026-04-30,3.883
508003.SH,2026-05-06,3.866
508003.SH,2026-05-07,3.824
508003.SH,2026-05-08,3.815
508003.SH,2026-05-11,3.802
508003.SH,2026-05-12,3.846
508003.SH,2026-05-13,3.874
508003.SH,2026-05-14,3.847
508003.SH,2026-05-15,3.832
508003.SH,2026-05-18,3.839
508003.SH,2026-05-19,3.96
508003.SH,2026-05-20,3.922
508003.SH,2026-05-21,3.936
508003.SH,2026-05-22,3.942
508003.SH,2026-05-25,3.944
508003.SH,2026-05-26,3.92
508003.SH,2026-05-27,3.909
508003.SH,2026-05-28,3.899
508003.SH,2026-05-29,3.899
508003.SH,2026-06-01,3.938
508003.SH,2026-06-02,3.92
508003.SH,2026-06-03,3.928
508003.SH,2026-06-04,3.928
508003.SH,2026-06-05,3.928
508003.SH,2026-06-08,3.871
508003.SH,2026-06-09,3.838
508003.SH,2026-06-10,3.771
508003.SH,2026-06-11,3.686
508003.SH,2026-06-12,3.683
508003.SH,2026-06-15,3.739
508003.SH,2026-06-16,3.712
508003.SH,2026-06-17,3.717
508003.SH,2026-06-18,3.705
508003.SH,2026-06-22,3.513
508003.SH,2026-06-23,3.397
508003.SH,2026-06-24,3.393
508003.SH,2026-06-25,3.47
508003.SH,2026-06-26,3.332
508003.SH,2026-06-29,3.442
508003.SH,2026-06-30,3.561
508003.SH,2026-07-01,3.652
508003.SH,2026-07-02,3.618
508003.SH,2026-07-03,3.656
508003.SH,2026-07-06,3.639
508003.SH,2026-07-07,3.65
508003.SH,2026-07-08,3.637
508003.SH,2026-07-09,3.595
508003.SH,2026-07-10,3.626
508003.SH,2026-07-13,3.626
508003.SH,2026-07-14,3.612
508003.SH,2026-07-15,3.592
508003.SH,2026-07-16,3.634
508003.SH,2026-07-17,3.613
508003.SH,2026-07-20,3.565
508003.SH,2026-07-21,3.551
508003.SH,2026-07-22,3.55
508003.SH,2026-07-23,3.548
508003.SH,2026-07-24,3.554
508003.SH,2026-07-27,3.55
508003.SH,2026-07-28,3.568
508003.SH,2026-07-29,3.586
508003.SH,2026-07-30,3.614
508003.SH,2026-07-31,3.62
508003.SH,2026-08-03,3.6
508003.SH,2026-08-04,3.6
508003.SH,2026-08-05,3.48
508003.SH,2026-08-06,3.39
508003.SH,2026-08-07,3.346
508003.SH,2026-08-10,3.304
508003.SH,2026-08-11,3.281
508003.SH,2026-08-12,3.291
508003.SH,2026-08-13,3.275
508003.SH,2026-08-14,3.291
508003.SH,2026-08-17,3.23
508003.SH,2026-08-18,3.291
508003.SH,2026-08-19,3.298
508003.SH,2026-08-20,3.302
508003.SH,2026-08-21,3.292
508003.SH,2026-08-24,3.265
508003.SH,2026-08-25,3.28
508003.SH,2026-08-26,3.329
508003.SH,2026-08-27,3.356
508003.SH,2026-08-28,3.379
508003.SH,2026-08-31,3.4
508003.SH,2026-09-01,3.3
508003.SH,2026-09-02,3.284
508003.SH,2026-09-03,3.226
508003.SH,2026-09-04,3.255
508003.SH,2026-09-07,3.193
508003.SH,2026-09-08,3.144
508003.SH,2026-09-09,3.161
508003.SH,2026-09-10,3.16
508003.SH,2026-09-11,3.132
508003.SH,2026-09-14,3.094
508003.SH,2026-09-15,3.096
508003.SH,2026-09-16,3.081
508003.SH,2026-09-17,3.1
508003.SH,2026-09-18,3.071
508003.SH,2026-09-21,3.044
508003.SH,2026-09-22,3.084
508003.SH,2026-09-23,3.145
508003.SH,2026-09-24,3.186
508003.SH,2026-09-28,3.18
508003.SH,2026-09-29,3.19
508003.SH,2026-09-30,3.192
508005.SH,2024-08-28,2.611
508005.SH,2024-08-29,2.609
508005.SH,2024-08-30,2.599
508005.SH,2024-09-02,2.6
508005.SH,2024-09-03,2.597
508005.SH,2024-09-04,2.605
508005.SH,2024-09-05,2.62
508005.SH,2024-09-06,2.659
508005.SH,2024-09-09,2.661
508005.SH,2024-09-10,2.697
508005.SH,2024-09-11,2.668
508005.SH,2024-09-12,2.648
508005.SH,2024-09-13,2.64
508005.SH,2024-09-18,2.646
508005.SH,2024-09-19,2.647
508005.SH,2024-09-20,2.645
508005.SH,2024-09-23,2.624
508005.SH,2024-09-24,2.637
508005.SH,2024-09-25,2.653
508005.SH,2024-09-26,2.689
508005.SH,2024-09-27,2.689
508005.SH,2024-09-30,2.701
508005.SH,2024-10-08,2.745
508005.SH,2024-10-09,2.71
508005.SH,2024-10-10,2.704
508005.SH,2024-10-11,2.704
508005.SH,2024-10-14,2.699
508005.SH,2024-10-15,2.735
508005.SH,2024-10-16,2.734
508005.SH,2024-10-17,2.728
508005.SH,2024-10-18,2.708
508005.SH,2024-10-21,2.709
508005.SH,2024-10-22,2.689
508005.SH,2024-10-23,2.695
508005.SH,2024-10-24,2.684
508005.SH,2024-10-25,2.692
508005.SH,2024-10-28,2.682
508005.SH,2024-10-29,2.72
508005.SH,2024-10-30,2.694
508005.SH,2024-10-31,2.691
508005.SH,2024-11-01,2.686
508005.SH,2024-11-04,2.687
508005.SH,2024-11-05,2.685
508005.SH,2024-11-06,2.678
508005.SH,2024-11-07,2.674
508005.SH,2024-11-08,2.668
508005.SH,2024-11-11,2.679
508005.SH,2024-11-12,2.69
508005.SH,2024-11-13,2.692
508005.SH,2024-11-14,2.696
508005.SH,2024-11-15,2.715
508005.SH,2024-11-18,2.703
508005.SH,2024-11-19,2.709
508005.SH,2024-11-20,2.7
508005.SH,2024-11-21,2.686
508005.SH,2024-11-22,2.695
508005.SH,2024-11-25,2.682
508005.SH,2024-11-26,2.689
508005.SH,2024-11-27,2.687
508005.SH,2024-11-28,2.681
508005.SH,2024-11-29,2.676
508005.SH,2024-12-02,2.714
508005.SH,2024-12-03,2.736
508005.SH,2024-12-04,2.731
508005.SH,2024-12-05,2.785
508005.SH,2024-12-06,2.78
508005.SH,2024-12-09,2.788
508005.SH,2024-12-10,2.858
508005.SH,2024-12-11,2.894
508005.SH,2024-12-12,2.917
508005.SH,2024-12-13,2.92
508005.SH,2024-12-16,2.975
508005.SH,2024-12-17,3.037
508005.SH,2024-12-18,3.018
508005.SH,2024-12-19,3.01
508005.SH,2024-12-20,2.988
508005.SH,2024-12-23,2.981
508005.SH,2024-12-24,2.969
508005.SH,2024-12-25,2.982
508005.SH,2024-12-26,2.994
508005.SH,2024-12-27,2.999
508005.SH,2024-12-30,3.009
508005.SH,2024-12-31,3.001
508005.SH,2025-01-02,3.15
508005.SH,2025-01-03,3.279
508005.SH,2025-01-06,3.287
508005.SH,2025-01-07,3.231
508005.SH,2025-01-08,3.236
508005.SH,2025-01-09,3.258
508005.SH,2025-01-10,3.218
508005.SH,2025-01-13,3.15
508005.SH,2025-01-14,3.152
508005.SH,2025-01-15,3.181
508005.SH,2025-01-16,3.18
508005.SH,2025-01-17,3.196
508005.SH,2025-01-20,3.235
508005.SH,2025-01-21,3.329
508005.SH,2025-01-22,3.439
508005.SH,2025-01-23,3.488
508005.SH,2025-01-24,3.541
508005.SH,2025-01-27,3.64
508005.SH,2025-02-05,3.615
508005.SH,2025-02-06,3.629
508005.SH,2025-02-07,3.599
508005.SH,2025-02-10,3.621
508005.SH,2025-02-11,3.675
508005.SH,2025-02-12,3.59
508005.SH,2025-02-13,3.486
508005.SH,2025-02-14,3.51
508005.SH,2025-02-17,3.516
508005.SH,2025-02-18,3.535
508005.SH,2025-02-19,3.565
508005.SH,2025-02-20,3.587
508005.SH,2025-02-21,3.654
508005.SH,2025-02-24,3.618
508005.SH,2025-02-25,3.622
508005.SH,2025-02-26,3.623
508005.SH,2025-02-27,3.57
508005.SH,2025-02-28,3.514
508005.SH,2025-03-03,3.522
508005.SH,2025-03-04,3.568
508005.SH,2025-03-05,3.568
508005.SH,2025-03-06,3.565
508005.SH,2025-03-07,3.56
508005.SH,2025-03-10,3.54
508005.SH,2025-03-11,3.507
508005.SH,2025-03-12,3.505
508005.SH,2025-03-13,3.498
508005.SH,2025-03-14,3.535
508005.SH,2025-03-17,3.617
508005.SH,2025-03-18,3.619
508005.SH,2025-03-19,3.62
508005.SH,2025-03-20,3.64
508005.SH,2025-03-21,3.643
508005.SH,2025-03-24,3.646
508005.SH,2025-03-25,3.664
508005.SH,2025-03-26,3.728
508005.SH,2025-03-27,3.734
508005.SH,2025-03-28,3.838
508005.SH,2025-03-31,3.84
508005.SH,2025-04-01,3.85
508005.SH,2025-04-02,3.868
508005.SH,2025-04-03,3.954
508005.SH,2025-04-07,4.051
508005.SH,2025-04-08,3.995
508005.SH,2025-04-09,3.942
508005.SH,2025-04-10,4.0
508005.SH,2025-04-11,4.015
508005.SH,2025-04-14,4.079
508005.SH,2025-04-15,4.15
508005.SH,2025-04-16,4.329
508005.SH,2025-04-18,4.195
508005.SH,2025-04-21,4.126
508005.SH,2025-04-22,4.178
508005.SH,2025-04-23,4.176
508005.SH,2025-04-24,4.144
508005.SH,2025-04-25,4.16
508005.SH,2025-04-28,4.134
508005.SH,2025-04-29,4.138
508005.SH,2025-04-30,4.214
508005.SH,2025-05-06,4.242
508005.SH,2025-05-07,4.24
508005.SH,2025-05-08,4.198
508005.SH,2025-05-09,4.178
508005.SH,2025-05-12,4.182
508005.SH,2025-05-13,4.255
508005.SH,2025-05-14,4.34
508005.SH,2025-05-15,4.267
508005.SH,2025-05-16,4.262
508005.SH,2025-05-19,4.269
508005.SH,2025-05-20,4.256
508005.SH,2025-05-21,4.228
508005.SH,2025-05-22,4.199
508005.SH,2025-05-23,4.185
508005.SH,2025-05-26,4.189
508005.SH,2025-05-27,4.184
508005.SH,2025-05-28,4.176
508005.SH,2025-05-29,4.192
508005.SH,2025-05-30,4.193
508005.SH,2025-06-03,4.19
508005.SH,2025-06-04,4.192
508005.SH,2025-06-05,4.202
508005.SH,2025-06-06,4.222
508005.SH,2025-06-09,4.208
508005.SH,2025-06-10,4.216
508005.SH,2025-06-11,4.239
508005.SH,2025-06-12,4.278
508005.SH,2025-06-13,4.311
508005.SH,2025-06-16,4.313
508005.SH,2025-06-17,4.323
508005.SH,2025-06-18,4.332
508005.SH,2025-06-19,4.372
508005.SH,2025-06-20,4.387
508005.SH,2025-06-23,4.485
508005.SH,2025-06-24,4.47
508005.SH,2025-06-25,4.415
508005.SH,2025-06-26,4.385
508005.SH,2025-06-27,4.345
508005.SH,2025-06-30,4.275
508005.SH,2025-07-01,4.271
508005.SH,2025-07-02,4.416
508005.SH,2025-07-03,4.4
508005.SH,2025-07-04,4.417
508005.SH,2025-07-07,4.382
508005.SH,2025-07-08,4.363
508005.SH,2025-07-09,4.26
508005.SH,2025-07-10,4.26
508005.SH,2025-07-11,4.154
508005.SH,2025-07-14,4.148
508005.SH,2025-07-15,4.198
508005.SH,2025-07-16,4.231
508005.SH,2025-07-17,4.227
508005.SH,2025-07-18,4.194
508005.SH,2025-07-21,4.163
508005.SH,2025-07-22,4.154
508005.SH,2025-07-23,4.15
508005.SH,2025-07-24,4.189
508005.SH,2025-07-25,4.141
508005.SH,2025-07-28,4.261
508005.SH,2025-07-29,4.256
508005.SH,2025-07-30,4.292
508005.SH,2025-07-31,4.405
508005.SH,2025-08-01,4.425
508005.SH,2025-08-04,4.365
508005.SH,2025-08-05,4.342
508005.SH,2025-08-06,4.33
508005.SH,2025-08-07,4.267
508005.SH,2025-08-08,4.227
508005.SH,2025-08-11,4.19
508005.SH,2025-08-12,4.146
508005.SH,2025-08-13,4.159
508005.SH,2025-08-14,4.13
508005.SH,2025-08-15,4.111
508005.SH,2025-08-18,3.998
508005.SH,2025-08-19,3.917
508005.SH,2025-08-20,3.955
508005.SH,2025-08-21,4.019
508005.SH,2025-08-22,4.06
508005.SH,2025-08-25,4.19
508005.SH,2025-08-26,4.219
508005.SH,2025-08-27,4.191
508005.SH,2025-08-28,4.135
508005.SH,2025-08-29,4.163
508005.SH,2025-09-01,4.169
508005.SH,2025-09-02,4.177
508005.SH,2025-09-03,4.079
508005.SH,2025-09-04,4.145
508005.SH,2025-09-05,4.13
508005.SH,2025-09-08,4.087
508005.SH,2025-09-09,4.083
508005.SH,2025-09-10,4.095
508005.SH,2025-09-11,4.086
508005.SH,2025-09-12,4.064
508005.SH,2025-09-15,4.061
508005.SH,2025-09-16,4.058
508005.SH,2025-09-17,4.044
508005.SH,2025-09-18,4.038
508005.SH,2025-09-19,4.015
508005.SH,2025-09-22,4.011
508005.SH,2025-09-23,4.012
508005.SH,2025-09-24,4.01
508005.SH,2025-09-25,4.01
508005.SH,2025-09-26,4.008
508005.SH,2025-09-29,3.986
508005.SH,2025-09-30,3.986
508005.SH,2025-10-09,3.986
508005.SH,2025-10-10,4.016
508005.SH,2025-10-13,4.004
508005.SH,2025-10-14,3.992
508005.SH,2025-10-15,3.96
508005.SH,2025-10-16,3.898
508005.SH,2025-10-17,3.871
508005.SH,2025-10-20,3.797
508005.SH,2025-10-21,3.814
508005.SH,2025-10-22,3.81
508005.SH,2025-10-23,3.807
508005.SH,2025-10-24,3.875
508005.SH,2025-10-27,3.806
508005.SH,2025-10-28,3.847
508005.SH,2025-10-29,3.948
508005.SH,2025-10-30,4.019
508005.SH,2025-10-31,3.96
508005.SH,2025-11-03,3.927
508005.SH,2025-11-04,3.929
508005.SH,2025-11-05,4.007
508005.SH,2025-11-06,3.997
508005.SH,2025-11-07,4.02
508005.SH,2025-11-10,3.95
508005.SH,2025-11-11,3.95
508005.SH,2025-11-12,3.948
508005.SH,2025-11-13,3.953
508005.SH,2025-11-14,4.042
508005.SH,2025-11-17,4.085
508005.SH,2025-11-18,4.075
508005.SH,2025-11-19,4.084
508005.SH,2025-11-20,4.07
508005.SH,2025-11-21,4.04
508005.SH,2025-11-24,4.035
508005.SH,2025-11-25,4.081
508005.SH,2025-11-26,4.147
508005.SH,2025-11-27,4.137
508005.SH,2025-11-28,4.148
508005.SH,2025-12-01,4.188
508005.SH,2025-12-02,4.151
508005.SH,2025-12-03,4.138
508005.SH,2025-12-04,4.085
508005.SH,2025-12-05,4.074
508005.SH,2025-12-08,4.021
508005.SH,2025-12-09,4.029
508005.SH,2025-12-10,4.085
508005.SH,2025-12-11,4.066
508005.SH,2025-12-12,4.116
508005.SH,2025-12-15,4.092
508005.SH,2025-12-16,4.063
508005.SH,2025-12-17,4.038
508005.SH,2025-12-18,4.009
508005.SH,2025-12-19,4.015
508005.SH,2025-12-22,4.004
508005.SH,2025-12-23,3.964
508005.SH,2025-12-24,4.077
508005.SH,2025-12-25,4.096
508005.SH,2025-12-26,4.055
508005.SH,2025-12-29,4.014
508005.SH,2025-12-30,3.998
508005.SH,2025-12-31,3.975
508005.SH,2026-01-05,4.05
508005.SH,2026-01-06,4.098
508005.SH,2026-01-07,4.163
508005.SH,2026-01-08,4.197
508005.SH,2026-01-09,4.141
508005.SH,2026-01-12,4.139
508005.SH,2026-01-13,4.155
508005.SH,2026-01-14,4.18
508005.SH,2026-01-15,4.18
508005.SH,2026-01-16,4.187
508005.SH,2026-01-19,4.197
508005.SH,2026-01-20,4.211
508005.SH,2026-01-21,4.215
508005.SH,2026-01-22,4.337
508005.SH,2026-01-23,4.301
508005.SH,2026-01-26,4.287
508005.SH,2026-01-27,4.308
508005.SH,2026-01-28,4.311
508005.SH,2026-01-29,4.35
508005.SH,2026-01-30,4.317
508005.SH,2026-02-02,4.227
508005.SH,2026-02-03,4.231
508005.SH,2026-02-04,4.236
508005.SH,2026-02-05,4.212
508005.SH,2026-02-06,4.183
508005.SH,2026-02-09,4.162
508005.SH,2026-02-10,4.246
508005.SH,2026-02-11,4.255
508005.SH,2026-02-12,4.279
508005.SH,2026-02-13,4.298
508005.SH,2026-02-24,4.241
508005.SH,2026-02-25,4.216
508005.SH,2026-02-26,4.215
508005.SH,2026-02-27,4.177
508005.SH,2026-03-02,4.153
508005.SH,2026-03-03,4.151
508005.SH,2026-03-04,4.149
508005.SH,2026-03-05,4.143
508005.SH,2026-03-06,4.084
508005.SH,2026-03-09,3.978
508005.SH,2026-03-10,4.01
508005.SH,2026-03-11,4.02
508005.SH,2026-03-12,4.021
508005.SH,2026-03-13,4.025
508005.SH,2026-03-16,3.997
508005.SH,2026-03-17,3.996
508005.SH,2026-03-18,4.002
508005.SH,2026-03-19,4.003
508005.SH,2026-03-20,3.993
508005.SH,2026-03-23,3.981
508005.SH,2026-03-24,3.995
508005.SH,2026-03-25,3.995
508005.SH,2026-03-26,3.975
508005.SH,2026-03-27,3.983
508005.SH,2026-03-30,3.99
508005.SH,2026-03-31,4.0
508005.SH,2026-04-01,4.002
508005.SH,2026-04-02,3.988
508005.SH,2026-04-03,4.013
508005.SH,2026-04-07,4.043
508005.SH,2026-04-08,4.093
508005.SH,2026-04-09,4.066
508005.SH,2026-04-10,4.041
508005.SH,2026-04-13,4.03
508005.SH,2026-04-14,4.044
508005.SH,2026-04-15,4.035
508005.SH,2026-04-16,4.045
508005.SH,2026-04-17,4.046
508005.SH,2026-04-20,4.03
508005.SH,2026-04-21,4.035
508005.SH,2026-04-22,4.141
508005.SH,2026-04-23,4.15
508005.SH,2026-04-24,4.168
508005.SH,2026-04-27,4.142
508005.SH,2026-04-28,4.119
508005.SH,2026-04-29,4.098
508005.SH,2026-04-30,4.12
508005.SH,2026-05-06,4.093
508005.SH,2026-05-07,4.1
508005.SH,2026-05-08,4.12
508005.SH,2026-05-11,4.124
508005.SH,2026-05-12,4.126
508005.SH,2026-05-13,4.11
508005.SH,2026-05-14,4.102
508005.SH,2026-05-15,4.105
508005.SH,2026-05-18,4.146
508005.SH,2026-05-19,4.275
508005.SH,2026-05-20,4.275
508005.SH,2026-05-21,4.238
508005.SH,2026-05-22,4.216
508005.SH,2026-05-25,4.241
508005.SH,2026-05-26,4.23
508005.SH,2026-05-27,4.166
508005.SH,2026-05-28,4.171
508005.SH,2026-05-29,4.202
508005.SH,2026-06-01,4.238
508005.SH,2026-06-02,4.202
508005.SH,2026-06-03,4.203
508005.SH,2026-06-04,4.237
508005.SH,2026-06-05,4.259
508005.SH,2026-06-08,4.224
508005.SH,2026-06-09,4.208
508005.SH,2026-06-10,4.169
508005.SH,2026-06-11,4.112
508005.SH,2026-06-12,4.15
508005.SH,2026-06-15,4.165
508005.SH,2026-06-16,4.153
508005.SH,2026-06-17,4.16
508005.SH,2026-06-18,4.05
508005.SH,2026-06-22,3.931
508005.SH,2026-06-23,3.957
508005.SH,2026-06-24,3.926
508005.SH,2026-06-25,4.059
508005.SH,2026-06-26,4.032
508005.SH,2026-06-29,4.081
508005.SH,2026-06-30,4.09
508005.SH,2026-07-01,4.091
508005.SH,2026-07-02,4.107
508005.SH,2026-07-03,4.171
508005.SH,2026-07-06,4.159
508005.SH,2026-07-07,4.13
508005.SH,2026-07-08,4.115
508005.SH,2026-07-09,4.115
508005.SH,2026-07-10,4.16
508005.SH,2026-07-13,4.102
508005.SH,2026-07-14,4.106
508005.SH,2026-07-15,4.097
508005.SH,2026-07-16,4.113
508005.SH,2026-07-17,4.116
508005.SH,2026-07-20,4.101
508005.SH,2026-07-21,4.108
508005.SH,2026-07-22,4.09
508005.SH,2026-07-23,4.086
508005.SH,2026-07-24,4.128
508005.SH,2026-07-27,4.114
508005.SH,2026-07-28,4.079
508005.SH,2026-07-29,4.084
508005.SH,2026-07-30,4.091
508005.SH,2026-07-31,4.152
508005.SH,2026-08-03,4.157
508005.SH,2026-08-04,4.091
508005.SH,2026-08-05,4.059
508005.SH,2026-08-06,3.999
508005.SH,2026-08-07,4.015
508005.SH,2026-08-10,4.015
508005.SH,2026-08-11,4.018
508005.SH,2026-08-12,3.999
508005.SH,2026-08-13,3.929
508005.SH,2026-08-14,3.95
508005.SH,2026-08-17,3.94
508005.SH,2026-08-18,3.959
508005.SH,2026-08-19,3.987
508005.SH,2026-08-20,4.019
508005.SH,2026-08-21,4.003
508005.SH,2026-08-24,4.035
508005.SH,2026-08-25,4.096
508005.SH,2026-08-26,4.048
508005.SH,2026-08-27,4.055
508005.SH,2026-08-28,4.05
508005.SH,2026-08-31,4.038
508005.SH,2026-09-01,4.01
508005.SH,2026-09-02,3.988
508005.SH,2026-09-03,3.967
508005.SH,2026-09-04,3.986
508005.SH,2026-09-07,3.995
508005.SH,2026-09-08,3.994
508005.SH,2026-09-09,4.005
508005.SH,2026-09-10,4.006
508005.SH,2026-09-11,4.005
508005.SH,2026-09-14,3.999
508005.SH,2026-09-15,4.006
508005.SH,2026-09-16,4.029
508005.SH,2026-09-17,4.05
508005.SH,2026-09-18,4.036
508005.SH,2026-09-21,4.01
508005.SH,2026-09-22,4.014
508005.SH,2026-09-23,4.03
508005.SH,2026-09-24,4.047
508005.SH,2026-09-28,4.075
508005.SH,2026-09-29,4.077
508005.SH,2026-09-30,4.07
508010.SH,2024-12-11,2.551
508010.SH,2024-12-12,2.58
508010.SH,2024-12-13,2.589
508010.SH,2024-12-16,2.619
508010.SH,2024-12-17,2.621
508010.SH,2024-12-18,2.609
508010.SH,2024-12-19,2.61
508010.SH,2024-12-20,2.608
508010.SH,2024-12-23,2.642
508010.SH,2024-12-24,2.62
508010.SH,2024-12-25,2.6
508010.SH,2024-12-26,2.606
508010.SH,2024-12-27,2.629
508010.SH,2024-12-30,2.638
508010.SH,2024-12-31,2.7
508010.SH,2025-01-02,2.726
508010.SH,2025-01-03,2.84
508010.SH,2025-01-06,2.87
508010.SH,2025-01-07,2.859
508010.SH,2025-01-08,2.874
508010.SH,2025-01-09,2.918
508010.SH,2025-01-10,2.957
508010.SH,2025-01-13,2.961
508010.SH,2025-01-14,2.974
508010.SH,2025-01-15,2.979
508010.SH,2025-01-16,2.96
508010.SH,2025-01-17,2.961
508010.SH,2025-01-20,2.962
508010.SH,2025-01-21,2.967
508010.SH,2025-01-22,2.97
508010.SH,2025-01-23,2.97
508010.SH,2025-01-24,2.981
508010.SH,2025-01-27,3.027
508010.SH,2025-02-05,3.045
508010.SH,2025-02-06,3.016
508010.SH,2025-02-07,2.997
508010.SH,2025-02-10,3.025
508010.SH,2025-02-11,3.17
508010.SH,2025-02-12,3.168
508010.SH,2025-02-13,3.16
508010.SH,2025-02-14,3.16
508010.SH,2025-02-17,3.174
508010.SH,2025-02-18,3.177
508010.SH,2025-02-19,3.245
508010.SH,2025-02-20,3.289
508010.SH,2025-02-21,3.353
508010.SH,2025-02-24,3.305
508010.SH,2025-02-25,3.249
508010.SH,2025-02-26,3.242
508010.SH,2025-02-27,3.188
508010.SH,2025-02-28,3.149
508010.SH,2025-03-03,3.218
508010.SH,2025-03-04,3.218
508010.SH,2025-03-05,3.215
508010.SH,2025-03-06,3.178
508010.SH,2025-03-07,3.168
508010.SH,2025-03-10,3.172
508010.SH,2025-03-11,3.17
508010.SH,2025-03-12,3.135
508010.SH,2025-03-13,3.12
508010.SH,2025-03-14,3.134
508010.SH,2025-03-17,3.145
508010.SH,2025-03-18,3.137
508010.SH,2025-03-19,3.139
508010.SH,2025-03-20,3.167
508010.SH,2025-03-21,3.155
508010.SH,2025-03-24,3.152
508010.SH,2025-03-25,3.159
508010.SH,2025-03-26,3.164
508010.SH,2025-03-27,3.177
508010.SH,2025-03-28,3.248
508010.SH,2025-03-31,3.195
508010.SH,2025-04-01,3.173
508010.SH,2025-04-02,3.219
508010.SH,2025-04-03,3.306
508010.SH,2025-04-07,3.243
508010.SH,2025-04-08,3.228
508010.SH,2025-04-09,3.191
508010.SH,2025-04-10,3.189
508010.SH,2025-04-11,3.186
508010.SH,2025-04-14,3.191
508010.SH,2025-04-15,3.195
508010.SH,2025-04-16,3.196
508010.SH,2025-04-17,3.25
508010.SH,2025-04-18,3.226
508010.SH,2025-04-21,3.177
508010.SH,2025-04-22,3.22
508010.SH,2025-04-23,3.278
508010.SH,2025-04-24,3.366
508010.SH,2025-04-25,3.431
508010.SH,2025-04-28,3.376
508010.SH,2025-04-29,3.47
508010.SH,2025-04-30,3.556
508010.SH,2025-05-06,3.548
508010.SH,2025-05-07,3.54
508010.SH,2025-05-08,3.508
508010.SH,2025-05-09,3.504
508010.SH,2025-05-12,3.552
508010.SH,2025-05-13,3.574
508010.SH,2025-05-14,3.572
508010.SH,2025-05-15,3.701
508010.SH,2025-05-16,3.69
508010.SH,2025-05-19,3.705
508010.SH,2025-05-20,3.687
508010.SH,2025-05-21,3.791
508010.SH,2025-05-22,3.731
508010.SH,2025-05-23,3.715
508010.SH,2025-05-26,3.679
508010.SH,2025-05-27,3.625
508010.SH,2025-05-28,3.648
508010.SH,2025-05-29,3.648
508010.SH,2025-05-30,3.638
508010.SH,2025-06-03,3.639
508010.SH,2025-06-04,3.62
508010.SH,2025-06-05,3.617
508010.SH,2025-06-06,3.603
508010.SH,2025-06-09,3.575
508010.SH,2025-06-10,3.59
508010.SH,2025-06-11,3.633
508010.SH,2025-06-12,3.678
508010.SH,2025-06-13,3.679
508010.SH,2025-06-16,3.676
508010.SH,2025-06-17,3.747
508010.SH,2025-06-18,3.716
508010.SH,2025-06-19,3.691
508010.SH,2025-06-20,3.691
508010.SH,2025-06-23,3.762
508010.SH,2025-06-24,3.656
508010.SH,2025-06-25,3.653
508010.SH,2025-06-26,3.612
508010.SH,2025-06-27,3.592
508010.SH,2025-06-30,3.635
508010.SH,2025-07-01,3.676
508010.SH,2025-07-02,3.687
508010.SH,2025-07-03,3.703
508010.SH,2025-07-04,3.681
508010.SH,2025-07-07,3.665
508010.SH,2025-07-08,3.593
508010.SH,2025-07-09,3.525
508010.SH,2025-07-10,3.555
508010.SH,2025-07-11,3.514
508010.SH,2025-07-14,3.468
508010.SH,2025-07-15,3.511
508010.SH,2025-07-16,3.508
508010.SH,2025-07-17,3.497
508010.SH,2025-07-18,3.49
508010.SH,2025-07-21,3.425
508010.SH,2025-07-22,3.37
508010.SH,2025-07-23,3.481
508010.SH,2025-07-24,3.482
508010.SH,2025-07-25,3.466
508010.SH,2025-07-28,3.419
508010.SH,2025-07-29,3.368
508010.SH,2025-07-30,3.371
508010.SH,2025-07-31,3.407
508010.SH,2025-08-01,3.467
508010.SH,2025-08-04,3.455
508010.SH,2025-08-05,3.447
508010.SH,2025-08-06,3.456
508010.SH,2025-08-07,3.455
508010.SH,2025-08-08,3.442
508010.SH,2025-08-11,3.45
508010.SH,2025-08-12,3.407
508010.SH,2025-08-13,3.368
508010.SH,2025-08-14,3.333
508010.SH,2025-08-15,3.31
508010.SH,2025-08-18,3.21
508010.SH,2025-08-19,3.202
508010.SH,2025-08-20,3.313
508010.SH,2025-08-21,3.322
508010.SH,2025-08-22,3.387
508010.SH,2025-08-25,3.377
508010.SH,2025-08-26,3.396
508010.SH,2025-08-27,3.391
508010.SH,2025-08-28,3.378
508010.SH,2025-08-29,3.378
508010.SH,2025-09-01,3.379
508010.SH,2025-09-02,3.455
508010.SH,2025-09-03,3.483
508010.SH,2025-09-04,3.47
508010.SH,2025-09-05,3.43
508010.SH,2025-09-08,3.392
508010.SH,2025-09-09,3.405
508010.SH,2025-09-10,3.393
508010.SH,2025-09-11,3.36
508010.SH,2025-09-12,3.344
508010.SH,2025-09-15,3.312
508010.SH,2025-09-16,3.284
508010.SH,2025-09-17,3.32
508010.SH,2025-09-18,3.343
508010.SH,2025-09-19,3.367
508010.SH,2025-09-22,3.345
508010.SH,2025-09-23,3.345
508010.SH,2025-09-24,3.32
508010.SH,2025-09-25,3.276
508010.SH,2025-09-26,3.234
508010.SH,2025-09-29,3.26
508010.SH,2025-09-30,3.241
508010.SH,2025-10-09,3.236
508010.SH,2025-10-10,3.225
508010.SH,2025-10-13,3.215
508010.SH,2025-10-14,3.184
508010.SH,2025-10-15,3.178
508010.SH,2025-10-16,3.137
508010.SH,2025-10-17,3.113
508010.SH,2025-10-20,3.049
508010.SH,2025-10-21,3.033
508010.SH,2025-10-22,3.106
508010.SH,2025-10-23,3.102
508010.SH,2025-10-24,3.137
508010.SH,2025-10-27,3.099
508010.SH,2025-10-28,3.138
508010.SH,2025-10-29,3.177
508010.SH,2025-10-30,3.186
508010.SH,2025-10-31,3.168
508010.SH,2025-11-03,3.14
508010.SH,2025-11-04,3.135
508010.SH,2025-11-05,3.099
508010.SH,2025-11-06,3.11
508010.SH,2025-11-07,3.127
508010.SH,2025-11-10,3.06
508010.SH,2025-11-11,3.065
508010.SH,2025-11-12,3.045
508010.SH,2025-11-13,3.023
508010.SH,2025-11-14,2.964
508010.SH,2025-11-17,2.919
508010.SH,2025-11-18,2.87
508010.SH,2025-11-19,2.85
508010.SH,2025-11-20,2.808
508010.SH,2025-11-21,2.813
508010.SH,2025-11-24,2.787
508010.SH,2025-11-25,2.78
508010.SH,2025-11-26,2.761
508010.SH,2025-11-27,2.729
508010.SH,2025-11-28,2.685
508010.SH,2025-12-01,2.614
508010.SH,2025-12-02,2.563
508010.SH,2025-12-03,2.596
508010.SH,2025-12-04,2.662
508010.SH,2025-12-05,2.665
508010.SH,2025-12-08,2.603
508010.SH,2025-12-09,2.599
508010.SH,2025-12-10,2.68
508010.SH,2025-12-11,2.726
508010.SH,2025-12-12,2.8
508010.SH,2025-12-15,2.78
508010.SH,2025-12-16,2.729
508010.SH,2025-12-17,2.719
508010.SH,2025-12-18,2.66
508010.SH,2025-12-19,2.66
508010.SH,2025-12-22,2.698
508010.SH,2025-12-23,2.686
508010.SH,2025-12-24,2.74
508010.SH,2025-12-25,2.801
508010.SH,2025-12-26,2.869
508010.SH,2025-12-29,2.826
508010.SH,2025-12-30,2.842
508010.SH,2025-12-31,2.827
508010.SH,2026-01-05,2.846
508010.SH,2026-01-06,2.862
508010.SH,2026-01-07,2.913
508010.SH,2026-01-08,2.925
508010.SH,2026-01-09,2.97
508010.SH,2026-01-12,2.991
508010.SH,2026-01-13,2.98
508010.SH,2026-01-14,2.975
508010.SH,2026-01-15,2.928
508010.SH,2026-01-16,2.884
508010.SH,2026-01-19,2.941
508010.SH,2026-01-20,2.976
508010.SH,2026-01-21,3.096
508010.SH,2026-01-22,3.105
508010.SH,2026-01-23,3.181
508010.SH,2026-01-26,3.139
508010.SH,2026-01-27,3.113
508010.SH,2026-01-28,3.15
508010.SH,2026-01-29,3.209
508010.SH,2026-01-30,3.212
508010.SH,2026-02-02,3.14
508010.SH,2026-02-03,3.149
508010.SH,2026-02-04,3.173
508010.SH,2026-02-05,3.184
508010.SH,2026-02-06,3.197
508010.SH,2026-02-09,3.205
508010.SH,2026-02-10,3.207
508010.SH,2026-02-11,3.268
508010.SH,2026-02-12,3.267
508010.SH,2026-02-13,3.266
508010.SH,2026-02-24,3.258
508010.SH,2026-02-25,3.23
508010.SH,2026-02-26,3.162
508010.SH,2026-02-27,3.104
508010.SH,2026-03-02,3.061
508010.SH,2026-03-03,3.098
508010.SH,2026-03-04,3.098
508010.SH,2026-03-05,3.101
508010.SH,2026-03-06,3.029
508010.SH,2026-03-09,2.958
508010.SH,2026-03-10,2.968
508010.SH,2026-03-11,2.958
508010.SH,2026-03-12,2.922
508010.SH,2026-03-13,2.99
508010.SH,2026-03-16,2.971
508010.SH,2026-03-17,2.989
508010.SH,2026-03-18,3.02
508010.SH,2026-03-19,3.095
508010.SH,2026-03-20,3.085
508010.SH,2026-03-23,3.022
508010.SH,2026-03-24,3.058
508010.SH,2026-03-25,3.044
508010.SH,2026-03-26,3.005
508010.SH,2026-03-27,2.959
508010.SH,2026-03-30,2.925
508010.SH,2026-03-31,2.896
508010.SH,2026-04-01,2.884
508010.SH,2026-04-02,2.859
508010.SH,2026-04-03,2.795
508010.SH,2026-04-07,2.773
508010.SH,2026-04-08,2.832
508010.SH,2026-04-09,2.874
508010.SH,2026-04-10,2.879
508010.SH,2026-04-13,2.862
508010.SH,2026-04-14,2.849
508010.SH,2026-04-15,2.847
508010.SH,2026-04-16,2.927
508010.SH,2026-04-17,2.921
508010.SH,2026-04-20,2.898
508010.SH,2026-04-21,2.875
508010.SH,2026-04-22,2.825
508010.SH,2026-04-23,2.785
508010.SH,2026-04-24,2.712
508010.SH,2026-04-27,2.646
508010.SH,2026-04-28,2.634
508010.SH,2026-04-29,2.622
508010.SH,2026-04-30,2.605
508010.SH,2026-05-06,2.554
508010.SH,2026-05-07,2.571
508010.SH,2026-05-08,2.565
508010.SH,2026-05-11,2.577
508010.SH,2026-05-12,2.58
508010.SH,2026-05-13,2.603
508010.SH,2026-05-14,2.676
508010.SH,2026-05-15,2.63
508010.SH,2026-05-18,2.618
508010.SH,2026-05-19,2.739
508010.SH,2026-05-20,2.7
508010.SH,2026-05-21,2.703
508010.SH,2026-05-22,2.718
508010.SH,2026-05-25,2.687
508010.SH,2026-05-26,2.591
508010.SH,2026-05-27,2.523
508010.SH,2026-05-28,2.493
508010.SH,2026-05-29,2.536
508010.SH,2026-06-01,2.549
508010.SH,2026-06-02,2.518
508010.SH,2026-06-03,2.539
508010.SH,2026-06-04,2.555
508010.SH,2026-06-05,2.53
508010.SH,2026-06-08,2.508
508010.SH,2026-06-09,2.46
508010.SH,2026-06-10,2.394
508010.SH,2026-06-11,2.371
508010.SH,2026-06-12,2.369
508010.SH,2026-06-15,2.337
508010.SH,2026-06-16,2.356
508010.SH,2026-06-17,2.358
508010.SH,2026-06-18,2.336
508010.SH,2026-06-22,2.279
508010.SH,2026-06-23,2.226
508010.SH,2026-06-24,2.136
508010.SH,2026-06-25,2.154
508010.SH,2026-06-26,2.118
508010.SH,2026-06-29,2.156
508010.SH,2026-06-30,2.238
508010.SH,2026-07-01,2.243
508010.SH,2026-07-02,2.202
508010.SH,2026-07-03,2.175
508010.SH,2026-07-06,2.169
508010.SH,2026-07-07,2.183
508010.SH,2026-07-08,2.189
508010.SH,2026-07-09,2.213
508010.SH,2026-07-10,2.199
508010.SH,2026-07-13,2.159
508010.SH,2026-07-14,2.118
508010.SH,2026-07-15,2.046
508010.SH,2026-07-16,2.09
508010.SH,2026-07-17,2.086
508010.SH,2026-07-20,2.026
508010.SH,2026-07-21,2.003
508010.SH,2026-07-22,1.977
508010.SH,2026-07-23,1.968
508010.SH,2026-07-24,2.007
508010.SH,2026-07-27,2.051
508010.SH,2026-07-28,2.046
508010.SH,2026-07-29,2.086
508010.SH,2026-07-30,2.138
508010.SH,2026-07-31,2.181
508010.SH,2026-08-03,2.202
508010.SH,2026-08-04,2.113
508010.SH,2026-08-05,2.085
508010.SH,2026-08-06,2.103
508010.SH,2026-08-07,2.159
508010.SH,2026-08-10,2.198
508010.SH,2026-08-11,2.203
508010.SH,2026-08-12,2.202
508010.SH,2026-08-13,2.21
508010.SH,2026-08-14,2.237
508010.SH,2026-08-17,2.24
508010.SH,2026-08-18,2.309
508010.SH,2026-08-19,2.363
508010.SH,2026-08-20,2.422
508010.SH,2026-08-21,2.405
508010.SH,2026-08-24,2.408
508010.SH,2026-08-25,2.398
508010.SH,2026-08-26,2.52
508010.SH,2026-08-27,2.51
508010.SH,2026-08-28,2.485
508010.SH,2026-08-31,2.446
508010.SH,2026-09-01,2.445
508010.SH,2026-09-02,2.335
508010.SH,2026-09-03,2.309
508010.SH,2026-09-04,2.376
508010.SH,2026-09-07,2.359
508010.SH,2026-09-08,2.363
508010.SH,2026-09-09,2.377
508010.SH,2026-09-10,2.375
508010.SH,2026-09-11,2.343
508010.SH,2026-09-14,2.311
508010.SH,2026-09-15,2.319
508010.SH,2026-09-16,2.299
508010.SH,2026-09-17,2.326
508010.SH,2026-09-18,2.316
508010.SH,2026-09-21,2.321
508010.SH,2026-09-22,2.32
508010.SH,2026-09-23,2.369
508010.SH,2026-09-24,2.385
508010.SH,2026-09-28,2.365
508010.SH,2026-09-29,2.349
508010.SH,2026-09-30,2.385
508011.SH,2024-03-12,2.399
508011.SH,2024-03-13,2.407
508011.SH,2024-03-14,2.409
508011.SH,2024-03-15,2.418
508011.SH,2024-03-18,2.4
508011.SH,2024-03-19,2.367
508011.SH,2024-03-20,2.359
508011.SH,2024-03-21,2.326
508011.SH,2024-03-22,2.231
508011.SH,2024-03-25,2.248
508011.SH,2024-03-26,2.24
508011.SH,2024-03-27,2.297
508011.SH,2024-03-28,2.267
508011.SH,2024-03-29,2.261
508011.SH,2024-04-01,2.279
508011.SH,2024-04-02,2.31
508011.SH,2024-04-03,2.31
508011.SH,2024-04-08,2.333
508011.SH,2024-04-09,2.347
508011.SH,2024-04-10,2.346
508011.SH,2024-04-11,2.356
508011.SH,2024-04-12,2.356
508011.SH,2024-04-15,2.33
508011.SH,2024-04-16,2.316
508011.SH,2024-04-17,2.357
508011.SH,2024-04-18,2.36
508011.SH,2024-04-19,2.383
508011.SH,2024-04-22,2.401
508011.SH,2024-04-23,2.4
508011.SH,2024-04-24,2.411
508011.SH,2024-04-25,2.473
508011.SH,2024-04-26,2.508
508011.SH,2024-04-29,2.516
508011.SH,2024-04-30,2.515
508011.SH,2024-05-06,2.508
508011.SH,2024-05-07,2.569
508011.SH,2024-05-08,2.595
508011.SH,2024-05-09,2.62
508011.SH,2024-05-10,2.65
508011.SH,2024-05-13,2.651
508011.SH,2024-05-14,2.677
508011.SH,2024-05-15,2.653
508011.SH,2024-05-16,2.621
508011.SH,2024-05-17,2.559
508011.SH,2024-05-20,2.525
508011.SH,2024-05-21,2.529
508011.SH,2024-05-22,2.529
508011.SH,2024-05-23,2.534
508011.SH,2024-05-24,2.552
508011.SH,2024-05-27,2.554
508011.SH,2024-05-28,2.549
508011.SH,2024-05-29,2.572
508011.SH,2024-05-30,2.581
508011.SH,2024-05-31,2.581
508011.SH,2024-06-03,2.568
508011.SH,2024-06-04,2.568
508011.SH,2024-06-05,2.568
508011.SH,2024-06-06,2.564
508011.SH,2024-06-07,2.587
508011.SH,2024-06-11,2.594
508011.SH,2024-06-12,2.589
508011.SH,2024-06-13,2.586
508011.SH,2024-06-14,2.599
508011.SH,2024-06-17,2.585
508011.SH,2024-06-18,2.58
508011.SH,2024-06-19,2.575
508011.SH,2024-06-20,2.581
508011.SH,2024-06-21,2.578
508011.SH,2024-06-24,2.563
508011.SH,2024-06-25,2.548
508011.SH,2024-06-26,2.518
508011.SH,2024-06-27,2.55
508011.SH,2024-06-28,2.554
508011.SH,2024-07-01,2.559
508011.SH,2024-07-02,2.565
508011.SH,2024-07-03,2.581
508011.SH,2024-07-04,2.584
508011.SH,2024-07-05,2.581
508011.SH,2024-07-08,2.58
508011.SH,2024-07-09,2.584
508011.SH,2024-07-10,2.599
508011.SH,2024-07-11,2.616
508011.SH,2024-07-12,2.621
508011.SH,2024-07-15,2.623
508011.SH,2024-07-16,2.626
508011.SH,2024-07-17,2.653
508011.SH,2024-07-18,2.652
508011.SH,2024-07-19,2.645
508011.SH,2024-07-22,2.641
508011.SH,2024-07-23,2.615
508011.SH,2024-07-24,2.605
508011.SH,2024-07-25,2.591
508011.SH,2024-07-26,2.611
508011.SH,2024-07-29,2.629
508011.SH,2024-07-30,2.671
508011.SH,2024-07-31,2.694
508011.SH,2024-08-01,2.672
508011.SH,2024-08-02,2.679
508011.SH,2024-08-05,2.771
508011.SH,2024-08-06,2.775
508011.SH,2024-08-07,2.854
508011.SH,2024-08-08,2.865
508011.SH,2024-08-09,2.858
508011.SH,2024-08-12,2.844
508011.SH,2024-08-13,2.824
508011.SH,2024-08-14,2.825
508011.SH,2024-08-15,2.886
508011.SH,2024-08-16,2.816
508011.SH,2024-08-19,2.765
508011.SH,2024-08-20,2.728
508011.SH,2024-08-21,2.72
508011.SH,2024-08-22,2.786
508011.SH,2024-08-23,2.84
508011.SH,2024-08-26,2.797
508011.SH,2024-08-27,2.744
508011.SH,2024-08-28,2.769
508011.SH,2024-08-29,2.783
508011.SH,2024-08-30,2.764
508011.SH,2024-09-02,2.781
508011.SH,2024-09-03,2.795
508011.SH,2024-09-04,2.778
508011.SH,2024-09-05,2.824
508011.SH,2024-09-06,2.826
508011.SH,2024-09-09,2.785
508011.SH,2024-09-10,2.723
508011.SH,2024-09-11,2.736
508011.SH,2024-09-12,2.748
508011.SH,2024-09-13,2.771
508011.SH,2024-09-18,2.774
508011.SH,2024-09-19,2.74
508011.SH,2024-09-20,2.717
508011.SH,2024-09-23,2.721
508011.SH,2024-09-24,2.734
508011.SH,2024-09-25,2.732
508011.SH,2024-09-26,2.728
508011.SH,2024-09-27,2.73
508011.SH,2024-09-30,2.713
508011.SH,2024-10-08,2.686
508011.SH,2024-10-09,2.617
508011.SH,2024-10-10,2.608
508011.SH,2024-10-11,2.635
508011.SH,2024-10-14,2.645
508011.SH,2024-10-15,2.662
508011.SH,2024-10-16,2.689
508011.SH,2024-10-17,2.72
508011.SH,2024-10-18,2.719
508011.SH,2024-10-21,2.708
508011.SH,2024-10-22,2.697
508011.SH,2024-10-23,2.696
508011.SH,2024-10-24,2.67
508011.SH,2024-10-25,2.709
508011.SH,2024-10-28,2.735
508011.SH,2024-10-29,2.723
508011.SH,2024-10-30,2.716
508011.SH,2024-10-31,2.72
508011.SH,2024-11-01,2.726
508011.SH,2024-11-04,2.72
508011.SH,2024-11-05,2.693
508011.SH,2024-11-06,2.695
508011.SH,2024-11-07,2.695
508011.SH,2024-11-08,2.681
508011.SH,2024-11-11,2.698
508011.SH,2024-11-12,2.699
508011.SH,2024-11-13,2.7
508011.SH,2024-11-14,2.7
508011.SH,2024-11-15,2.716
508011.SH,2024-11-18,2.71
508011.SH,2024-11-19,2.7
508011.SH,2024-11-20,2.702
508011.SH,2024-11-21,2.71
508011.SH,2024-11-22,2.715
508011.SH,2024-11-25,2.698
508011.SH,2024-11-26,2.704
508011.SH,2024-11-27,2.707
508011.SH,2024-11-28,2.706
508011.SH,2024-11-29,2.709
508011.SH,2024-12-02,2.731
508011.SH,2024-12-03,2.734
508011.SH,2024-12-04,2.742
508011.SH,2024-12-05,2.735
508011.SH,2024-12-06,2.728
508011.SH,2024-12-09,2.734
508011.SH,2024-12-10,2.816
508011.SH,2024-12-11,2.88
508011.SH,2024-12-12,2.905
508011.SH,2024-12-13,2.911
508011.SH,2024-12-16,2.939
508011.SH,2024-12-17,2.969
508011.SH,2024-12-18,2.973
508011.SH,2024-12-19,2.943
508011.SH,2024-12-20,2.939
508011.SH,2024-12-23,2.927
508011.SH,2024-12-24,2.92
508011.SH,2024-12-25,2.915
508011.SH,2024-12-26,2.917
508011.SH,2024-12-27,2.913
508011.SH,2024-12-30,2.933
508011.SH,2024-12-31,2.952
508011.SH,2025-01-02,3.035
508011.SH,2025-01-03,3.113
508011.SH,2025-01-06,3.199
508011.SH,2025-01-07,3.187
508011.SH,2025-01-08,3.208
508011.SH,2025-01-09,3.209
508011.SH,2025-01-10,3.201
508011.SH,2025-01-13,3.196
508011.SH,2025-01-14,3.18
508011.SH,2025-01-15,3.184
508011.SH,2025-01-16,3.182
508011.SH,2025-01-17,3.21
508011.SH,2025-01-20,3.29
508011.SH,2025-01-21,3.287
508011.SH,2025-01-22,3.396
508011.SH,2025-01-23,3.5
508011.SH,2025-01-24,3.666
508011.SH,2025-01-27,3.675
508011.SH,2025-02-05,3.697
508011.SH,2025-02-06,3.752
508011.SH,2025-02-07,3.721
508011.SH,2025-02-10,3.712
508011.SH,2025-02-11,3.85
508011.SH,2025-02-12,3.864
508011.SH,2025-02-13,3.828
508011.SH,2025-02-14,3.852
508011.SH,2025-02-17,3.843
508011.SH,2025-02-18,3.84
508011.SH,2025-02-19,3.86
508011.SH,2025-02-20,3.883
508011.SH,2025-02-21,3.818
508011.SH,2025-02-24,3.805
508011.SH,2025-02-25,3.808
508011.SH,2025-02-26,3.78
508011.SH,2025-02-27,3.767
508011.SH,2025-02-28,3.725
508011.SH,2025-03-03,3.615
508011.SH,2025-03-04,3.598
508011.SH,2025-03-05,3.624
508011.SH,2025-03-06,3.61
508011.SH,2025-03-07,3.524
508011.SH,2025-03-10,3.498
508011.SH,2025-03-11,3.519
508011.SH,2025-03-12,3.568
508011.SH,2025-03-13,3.627
508011.SH,2025-03-14,3.618
508011.SH,2025-03-17,3.655
508011.SH,2025-03-18,3.656
508011.SH,2025-03-19,3.661
508011.SH,2025-03-20,3.693
508011.SH,2025-03-21,3.684
508011.SH,2025-03-24,3.648
508011.SH,2025-03-25,3.644
508011.SH,2025-03-26,3.647
508011.SH,2025-03-27,3.639
508011.SH,2025-03-28,3.655
508011.SH,2025-03-31,3.619
508011.SH,2025-04-01,3.602
508011.SH,2025-04-02,3.62
508011.SH,2025-04-03,3.649
508011.SH,2025-04-07,3.645
508011.SH,2025-04-08,3.63
508011.SH,2025-04-09,3.6
508011.SH,2025-04-10,3.627
508011.SH,2025-04-11,3.648
508011.SH,2025-04-14,3.682
508011.SH,2025-04-15,3.721
508011.SH,2025-04-16,3.753
508011.SH,2025-04-17,3.818
508011.SH,2025-04-18,3.817
508011.SH,2025-04-21,3.781
508011.SH,2025-04-22,3.819
508011.SH,2025-04-23,3.794
508011.SH,2025-04-24,3.77
508011.SH,2025-04-25,3.74
508011.SH,2025-04-28,3.697
508011.SH,2025-04-29,3.693
508011.SH,2025-04-30,3.786
508011.SH,2025-05-06,3.794
508011.SH,2025-05-07,3.822
508011.SH,2025-05-08,3.819
508011.SH,2025-05-09,3.838
508011.SH,2025-05-12,3.893
508011.SH,2025-05-13,3.908
508011.SH,2025-05-14,3.999
508011.SH,2025-05-15,4.014
508011.SH,2025-05-16,4.11
508011.SH,2025-05-20,4.232
508011.SH,2025-05-21,4.203
508011.SH,2025-05-22,4.12
508011.SH,2025-05-23,4.137
508011.SH,2025-05-26,4.108
508011.SH,2025-05-27,4.092
508011.SH,2025-05-28,4.056
508011.SH,2025-05-29,4.082
508011.SH,2025-05-30,4.082
508011.SH,2025-06-03,4.125
508011.SH,2025-06-04,4.13
508011.SH,2025-06-05,4.122
508011.SH,2025-06-06,4.132
508011.SH,2025-06-09,4.165
508011.SH,2025-06-10,4.185
508011.SH,2025-06-11,4.185
508011.SH,2025-06-12,4.213
508011.SH,2025-06-13,4.234
508011.SH,2025-06-16,4.296
508011.SH,2025-06-17,4.361
508011.SH,2025-06-18,4.445
508011.SH,2025-06-19,4.499
508011.SH,2025-06-20,4.429
508011.SH,2025-06-23,4.483
508011.SH,2025-06-24,4.415
508011.SH,2025-06-25,4.393
508011.SH,2025-06-26,4.389
508011.SH,2025-06-27,4.373
508011.SH,2025-06-30,4.338
508011.SH,2025-07-01,4.334
508011.SH,2025-07-02,4.425
508011.SH,2025-07-03,4.413
508011.SH,2025-07-04,4.381
508011.SH,2025-07-07,4.365
508011.SH,2025-07-08,4.363
508011.SH,2025-07-09,4.318
508011.SH,2025-07-10,4.316
508011.SH,2025-07-11,4.272
508011.SH,2025-07-14,4.245
508011.SH,2025-07-15,4.277
508011.SH,2025-07-16,4.307
508011.SH,2025-07-17,4.261
508011.SH,2025-07-18,4.26
508011.SH,2025-07-21,4.221
508011.SH,2025-07-22,4.191
508011.SH,2025-07-23,4.182
508011.SH,2025-07-24,4.181
508011.SH,2025-07-25,4.185
508011.SH,2025-07-28,4.188
508011.SH,2025-07-29,4.176
508011.SH,2025-07-30,4.249
508011.SH,2025-07-31,4.383
508011.SH,2025-08-01,4.344
508011.SH,2025-08-04,4.32
508011.SH,2025-08-05,4.304
508011.SH,2025-08-06,4.332
508011.SH,2025-08-07,4.333
508011.SH,2025-08-08,4.339
508011.SH,2025-08-11,4.397
508011.SH,2025-08-12,4.352
508011.SH,2025-08-13,4.328
508011.SH,2025-08-14,4.293
508011.SH,2025-08-15,4.248
508011.SH,2025-08-18,4.145
508011.SH,2025-08-19,4.096
508011.SH,2025-08-20,4.099
508011.SH,2025-08-21,4.08
508011.SH,2025-08-22,4.073
508011.SH,2025-08-25,4.085
508011.SH,2025-08-26,4.234
508011.SH,2025-08-27,4.278
508011.SH,2025-08-28,4.226
508011.SH,2025-08-29,4.245
508011.SH,2025-09-01,4.245
508011.SH,2025-09-02,4.302
508011.SH,2025-09-03,4.335
508011.SH,2025-09-04,4.386
508011.SH,2025-09-05,4.322
508011.SH,2025-09-08,4.319
508011.SH,2025-09-09,4.343
508011.SH,2025-09-10,4.368
508011.SH,2025-09-11,4.353
508011.SH,2025-09-12,4.34
508011.SH,2025-09-15,4.267
508011.SH,2025-09-16,4.256
508011.SH,2025-09-17,4.262
508011.SH,2025-09-18,4.264
508011.SH,2025-09-19,4.22
508011.SH,2025-09-22,4.2
508011.SH,2025-09-23,4.197
508011.SH,2025-09-24,4.194
508011.SH,2025-09-25,4.145
508011.SH,2025-09-26,4.106
508011.SH,2025-09-29,4.089
508011.SH,2025-09-30,4.09
508011.SH,2025-10-09,4.086
508011.SH,2025-10-10,4.104
508011.SH,2025-10-13,4.168
508011.SH,2025-10-14,4.161
508011.SH,2025-10-15,4.164
508011.SH,2025-10-16,4.106
508011.SH,2025-10-17,4.094
508011.SH,2025-10-20,4.076
508011.SH,2025-10-21,4.084
508011.SH,2025-10-22,4.096
508011.SH,2025-10-23,4.107
508011.SH,2025-10-24,4.137
508011.SH,2025-10-27,4.118
508011.SH,2025-10-28,4.201
508011.SH,2025-10-29,4.222
508011.SH,2025-10-30,4.255
508011.SH,2025-10-31,4.215
508011.SH,2025-11-03,4.213
508011.SH,2025-11-04,4.208
508011.SH,2025-11-05,4.225
508011.SH,2025-11-06,4.225
508011.SH,2025-11-07,4.243
508011.SH,2025-11-10,4.186
508011.SH,2025-11-11,4.259
508011.SH,2025-11-12,4.254
508011.SH,2025-11-13,4.247
508011.SH,2025-11-14,4.281
508011.SH,2025-11-17,4.274
508011.SH,2025-11-18,4.256
508011.SH,2025-11-19,4.292
508011.SH,2025-11-20,4.25
508011.SH,2025-11-21,4.224
508011.SH,2025-11-24,4.215
508011.SH,2025-11-25,4.25
508011.SH,2025-11-26,4.232
508011.SH,2025-11-27,4.22
508011.SH,2025-11-28,4.216
508011.SH,2025-12-01,4.174
508011.SH,2025-12-02,4.138
508011.SH,2025-12-03,4.16
508011.SH,2025-12-04,4.165
508011.SH,2025-12-05,4.139
508011.SH,2025-12-08,4.12
508011.SH,2025-12-09,4.119
508011.SH,2025-12-10,4.106
508011.SH,2025-12-11,4.111
508011.SH,2025-12-12,4.149
508011.SH,2025-12-15,4.128
508011.SH,2025-12-16,4.133
508011.SH,2025-12-17,4.119
508011.SH,2025-12-18,4.048
508011.SH,2025-12-19,4.012
508011.SH,2025-12-22,4.022
508011.SH,2025-12-23,3.976
508011.SH,2025-12-24,3.982
508011.SH,2025-12-25,4.013
508011.SH,2025-12-26,4.013
508011.SH,2025-12-29,3.943
508011.SH,2025-12-30,3.946
508011.SH,2025-12-31,3.981
508011.SH,2026-01-05,4.0
508011.SH,2026-01-06,4.035
508011.SH,2026-01-07,4.077
508011.SH,2026-01-08,4.084
508011.SH,2026-01-09,4.066
508011.SH,2026-01-12,4.07
508011.SH,2026-01-13,4.099
508011.SH,2026-01-14,4.179
508011.SH,2026-01-15,4.182
508011.SH,2026-01-16,4.212
508011.SH,2026-01-19,4.195
508011.SH,2026-01-20,4.239
508011.SH,2026-01-21,4.282
508011.SH,2026-01-22,4.323
508011.SH,2026-01-23,4.342
508011.SH,2026-01-26,4.32
508011.SH,2026-01-27,4.308
508011.SH,2026-01-28,4.321
508011.SH,2026-01-29,4.337
508011.SH,2026-01-30,4.341
508011.SH,2026-02-02,4.302
508011.SH,2026-02-03,4.337
508011.SH,2026-02-04,4.377
508011.SH,2026-02-05,4.346
508011.SH,2026-02-06,4.346
508011.SH,2026-02-09,4.342
508011.SH,2026-02-10,4.361
508011.SH,2026-02-11,4.404
508011.SH,2026-02-12,4.398
508011.SH,2026-02-13,4.398
508011.SH,2026-02-24,4.393
508011.SH,2026-02-25,4.409
508011.SH,2026-02-26,4.412
508011.SH,2026-02-27,4.404
508011.SH,2026-03-02,4.392
508011.SH,2026-03-03,4.454
508011.SH,2026-03-04,4.413
508011.SH,2026-03-05,4.376
508011.SH,2026-03-06,4.342
508011.SH,2026-03-09,4.28
508011.SH,2026-03-10,4.322
508011.SH,2026-03-11,4.34
508011.SH,2026-03-12,4.325
508011.SH,2026-03-13,4.337
508011.SH,2026-03-16,4.297
508011.SH,2026-03-17,4.303
508011.SH,2026-03-18,4.285
508011.SH,2026-03-19,4.3
508011.SH,2026-03-20,4.299
508011.SH,2026-03-23,4.22
508011.SH,2026-03-24,4.222
508011.SH,2026-03-25,4.207
508011.SH,2026-03-26,4.169
508011.SH,2026-03-27,4.161
508011.SH,2026-03-30,4.183
508011.SH,2026-03-31,4.196
508011.SH,2026-04-01,4.19
508011.SH,2026-04-02,4.199
508011.SH,2026-04-03,4.176
508011.SH,2026-04-07,4.176
508011.SH,2026-04-08,4.291
508011.SH,2026-04-09,4.276
508011.SH,2026-04-10,4.249
508011.SH,2026-04-13,4.138
508011.SH,2026-04-14,4.19
508011.SH,2026-04-15,4.202
508011.SH,2026-04-16,4.209
508011.SH,2026-04-17,4.172
508011.SH,2026-04-20,4.145
508011.SH,2026-04-21,4.11
508011.SH,2026-04-22,4.148
508011.SH,2026-04-23,4.121
508011.SH,2026-04-24,4.098
508011.SH,2026-04-27,4.067
508011.SH,2026-04-28,4.075
508011.SH,2026-04-29,4.085
508011.SH,2026-04-30,4.062
508011.SH,2026-05-06,4.014
508011.SH,2026-05-07,4.005
508011.SH,2026-05-08,4.016
508011.SH,2026-05-11,4.016
508011.SH,2026-05-12,4.0
508011.SH,2026-05-13,3.984
508011.SH,2026-05-14,3.924
508011.SH,2026-05-15,3.931
508011.SH,2026-05-18,3.943
508011.SH,2026-05-19,4.076
508011.SH,2026-05-20,4.083
508011.SH,2026-05-21,4.075
508011.SH,2026-05-22,4.05
508011.SH,2026-05-25,4.078
508011.SH,2026-05-26,4.147
508011.SH,2026-05-27,4.109
508011.SH,2026-05-28,4.068
508011.SH,2026-05-29,4.09
508011.SH,2026-06-01,4.102
508011.SH,2026-06-02,4.009
508011.SH,2026-06-03,4.005
508011.SH,2026-06-04,4.024
508011.SH,2026-06-05,4.03
508011.SH,2026-06-08,3.997
508011.SH,2026-06-09,3.947
508011.SH,2026-06-10,3.869
508011.SH,2026-06-11,3.796
508011.SH,2026-06-12,3.823
508011.SH,2026-06-15,3.836
508011.SH,2026-06-16,3.822
508011.SH,2026-06-17,3.806
508011.SH,2026-06-18,3.682
508011.SH,2026-06-22,3.526
508011.SH,2026-06-23,3.428
508011.SH,2026-06-24,3.355
508011.SH,2026-06-25,3.507
508011.SH,2026-06-26,3.431
508011.SH,2026-06-29,3.501
508011.SH,2026-06-30,3.624
508011.SH,2026-07-01,3.665
508011.SH,2026-07-02,3.625
508011.SH,2026-07-03,3.792
508011.SH,2026-07-06,3.804
508011.SH,2026-07-07,3.748
508011.SH,2026-07-08,3.702
508011.SH,2026-07-09,3.679
508011.SH,2026-07-10,3.758
508011.SH,2026-07-13,3.71
508011.SH,2026-07-14,3.684
508011.SH,2026-07-15,3.682
508011.SH,2026-07-16,3.739
508011.SH,2026-07-17,3.738
508011.SH,2026-07-20,3.679
508011.SH,2026-07-21,3.59
508011.SH,2026-07-22,3.614
508011.SH,2026-07-23,3.605
508011.SH,2026-07-24,3.599
508011.SH,2026-07-27,3.551
508011.SH,2026-07-28,3.515
508011.SH,2026-07-29,3.49
508011.SH,2026-07-30,3.435
508011.SH,2026-07-31,3.512
508011.SH,2026-08-03,3.519
508011.SH,2026-08-04,3.547
508011.SH,2026-08-05,3.42
508011.SH,2026-08-06,3.383
508011.SH,2026-08-07,3.446
508011.SH,2026-08-10,3.437
508011.SH,2026-08-11,3.46
508011.SH,2026-08-12,3.46
508011.SH,2026-08-13,3.4
508011.SH,2026-08-14,3.391
508011.SH,2026-08-17,3.329
508011.SH,2026-08-18,3.363
508011.SH,2026-08-19,3.371
508011.SH,2026-08-20,3.408
508011.SH,2026-08-21,3.385
508011.SH,2026-08-24,3.349
508011.SH,2026-08-25,3.362
508011.SH,2026-08-26,3.406
508011.SH,2026-08-27,3.412
508011.SH,2026-08-28,3.401
508011.SH,2026-08-31,3.396
508011.SH,2026-09-01,3.36
508011.SH,2026-09-02,3.316
508011.SH,2026-09-03,3.25
508011.SH,2026-09-04,3.235
508011.SH,2026-09-07,3.222
508011.SH,2026-09-08,3.203
508011.SH,2026-09-09,3.219
508011.SH,2026-09-10,3.202
508011.SH,2026-09-11,3.169
508011.SH,2026-09-14,3.127
508011.SH,2026-09-15,3.199
508011.SH,2026-09-16,3.205
508011.SH,2026-09-17,3.22
508011.SH,2026-09-18,3.171
508011.SH,2026-09-21,3.138
508011.SH,2026-09-22,3.135
508011.SH,2026-09-23,3.19
508011.SH,2026-09-24,3.189
508011.SH,2026-09-28,3.201
508011.SH,2026-09-29,3.191
508011.SH,2026-09-30,3.186
508012.SH,2024-12-31,3.223
508012.SH,2025-01-02,3.164
508012.SH,2025-01-03,3.2
508012.SH,2025-01-06,3.19
508012.SH,2025-01-07,3.185
508012.SH,2025-01-08,3.199
508012.SH,2025-01-09,3.199
508012.SH,2025-01-10,3.201
508012.SH,2025-01-13,3.198
508012.SH,2025-01-14,3.173
508012.SH,2025-01-15,3.178
508012.SH,2025-01-16,3.179
508012.SH,2025-01-17,3.183
508012.SH,2025-01-20,3.185
508012.SH,2025-01-21,3.186
508012.SH,2025-01-22,3.191
508012.SH,2025-01-23,3.194
508012.SH,2025-01-24,3.21
508012.SH,2025-01-27,3.239
508012.SH,2025-02-05,3.239
508012.SH,2025-02-06,3.237
508012.SH,2025-02-07,3.233
508012.SH,2025-02-10,3.261
508012.SH,2025-02-11,3.332
508012.SH,2025-02-12,3.395
508012.SH,2025-02-13,3.36
508012.SH,2025-02-14,3.37
508012.SH,2025-02-17,3.37
508012.SH,2025-02-18,3.346
508012.SH,2025-02-19,3.336
508012.SH,2025-02-20,3.345
508012.SH,2025-02-21,3.355
508012.SH,2025-02-24,3.316
508012.SH,2025-02-25,3.269
508012.SH,2025-02-26,3.257
508012.SH,2025-02-27,3.214
508012.SH,2025-02-28,3.194
508012.SH,2025-03-03,3.214
508012.SH,2025-03-04,3.26
508012.SH,2025-03-05,3.281
508012.SH,2025-03-06,3.284
508012.SH,2025-03-07,3.264
508012.SH,2025-03-10,3.275
508012.SH,2025-03-11,3.271
508012.SH,2025-03-12,3.26
508012.SH,2025-03-13,3.26
508012.SH,2025-03-14,3.268
508012.SH,2025-03-17,3.258
508012.SH,2025-03-18,3.24
508012.SH,2025-03-19,3.252
508012.SH,2025-03-20,3.25
508012.SH,2025-03-21,3.244
508012.SH,2025-03-24,3.243
508012.SH,2025-03-25,3.237
508012.SH,2025-03-26,3.24
508012.SH,2025-03-27,3.243
508012.SH,2025-03-28,3.254
508012.SH,2025-03-31,3.245
508012.SH,2025-04-01,3.222
508012.SH,2025-04-02,3.223
508012.SH,2025-04-03,3.223
508012.SH,2025-04-07,3.186
508012.SH,2025-04-08,3.213
508012.SH,2025-04-09,3.188
508012.SH,2025-04-10,3.219
508012.SH,2025-04-11,3.23
508012.SH,2025-04-14,3.235
508012.SH,2025-04-15,3.24
508012.SH,2025-04-16,3.236
508012.SH,2025-04-17,3.242
508012.SH,2025-04-18,3.226
508012.SH,2025-04-21,3.213
508012.SH,2025-04-22,3.212
508012.SH,2025-04-23,3.214
508012.SH,2025-04-24,3.207
508012.SH,2025-04-25,3.22
508012.SH,2025-04-28,3.209
508012.SH,2025-04-29,3.202
508012.SH,2025-04-30,3.204
508012.SH,2025-05-06,3.209
508012.SH,2025-05-07,3.221
508012.SH,2025-05-08,3.223
508012.SH,2025-05-09,3.236
508012.SH,2025-05-12,3.228
508012.SH,2025-05-13,3.234
508012.SH,2025-05-14,3.235
508012.SH,2025-05-15,3.225
508012.SH,2025-05-16,3.22
508012.SH,2025-05-19,3.24
508012.SH,2025-05-20,3.279
508012.SH,2025-05-21,3.381
508012.SH,2025-05-22,3.366
508012.SH,2025-05-23,3.363
508012.SH,2025-05-26,3.232
508012.SH,2025-05-27,3.231
508012.SH,2025-05-28,3.234
508012.SH,2025-05-29,3.231
508012.SH,2025-05-30,3.235
508012.SH,2025-06-03,3.242
508012.SH,2025-06-04,3.246
508012.SH,2025-06-05,3.243
508012.SH,2025-06-06,3.277
508012.SH,2025-06-09,3.254
508012.SH,2025-06-10,3.24
508012.SH,2025-06-11,3.248
508012.SH,2025-06-12,3.266
508012.SH,2025-06-13,3.265
508012.SH,2025-06-16,3.26
508012.SH,2025-06-17,3.275
508012.SH,2025-06-18,3.29
508012.SH,2025-06-19,3.275
508012.SH,2025-06-20,3.275
508012.SH,2025-06-23,3.273
508012.SH,2025-06-24,3.266
508012.SH,2025-06-25,3.267
508012.SH,2025-06-26,3.275
508012.SH,2025-06-27,3.27
508012.SH,2025-06-30,3.269
508012.SH,2025-07-01,3.268
508012.SH,2025-07-02,3.298
508012.SH,2025-07-03,3.296
508012.SH,2025-07-04,3.294
508012.SH,2025-07-07,3.29
508012.SH,2025-07-08,3.286
508012.SH,2025-07-09,3.271
508012.SH,2025-07-10,3.27
508012.SH,2025-07-11,3.275
508012.SH,2025-07-14,3.322
508012.SH,2025-07-15,3.375
508012.SH,2025-07-16,3.41
508012.SH,2025-07-17,3.395
508012.SH,2025-07-18,3.375
508012.SH,2025-07-21,3.415
508012.SH,2025-07-22,3.43
508012.SH,2025-07-23,3.412
508012.SH,2025-07-24,3.449
508012.SH,2025-07-25,3.503
508012.SH,2025-07-28,3.547
508012.SH,2025-07-29,3.522
508012.SH,2025-07-30,3.574
508012.SH,2025-07-31,3.625
508012.SH,2025-08-01,3.62
508012.SH,2025-08-04,3.646
508012.SH,2025-08-05,3.63
508012.SH,2025-08-06,3.675
508012.SH,2025-08-07,3.667
508012.SH,2025-08-08,3.685
508012.SH,2025-08-11,3.66
508012.SH,2025-08-12,3.599
508012.SH,2025-08-13,3.572
508012.SH,2025-08-14,3.619
508012.SH,2025-08-15,3.63
508012.SH,2025-08-18,3.52
508012.SH,2025-08-19,3.529
508012.SH,2025-08-20,3.586
508012.SH,2025-08-21,3.586
508012.SH,2025-08-22,3.588
508012.SH,2025-08-25,3.593
508012.SH,2025-08-26,3.601
508012.SH,2025-08-27,3.582
508012.SH,2025-08-28,3.583
508012.SH,2025-08-29,3.583
508012.SH,2025-09-01,3.584
508012.SH,2025-09-02,3.584
508012.SH,2025-09-03,3.582
508012.SH,2025-09-04,3.585
508012.SH,2025-09-05,3.585
508012.SH,2025-09-08,3.564
508012.SH,2025-09-09,3.564
508012.SH,2025-09-10,3.559
508012.SH,2025-09-11,3.549
508012.SH,2025-09-12,3.521
508012.SH,2025-09-15,3.504
508012.SH,2025-09-16,3.504
508012.SH,2025-09-17,3.503
508012.SH,2025-09-18,3.503
508012.SH,2025-09-19,3.485
508012.SH,2025-09-22,3.475
508012.SH,2025-09-23,3.46
508012.SH,2025-09-24,3.458
508012.SH,2025-09-25,3.451
508012.SH,2025-09-26,3.444
508012.SH,2025-09-29,3.443
508012.SH,2025-09-30,3.44
508012.SH,2025-10-09,3.44
508012.SH,2025-10-10,3.44
508012.SH,2025-10-13,3.441
508012.SH,2025-10-14,3.43
508012.SH,2025-10-15,3.423
508012.SH,2025-10-16,3.423
508012.SH,2025-10-17,3.422
508012.SH,2025-10-20,3.375
508012.SH,2025-10-21,3.375
508012.SH,2025-10-22,3.365
508012.SH,2025-10-23,3.358
508012.SH,2025-10-24,3.356
508012.SH,2025-10-27,3.285
508012.SH,2025-10-28,3.251
508012.SH,2025-10-29,3.235
508012.SH,2025-10-30,3.201
508012.SH,2025-10-31,3.197
508012.SH,2025-11-03,3.194
508012.SH,2025-11-04,3.172
508012.SH,2025-11-05,3.121
508012.SH,2025-11-06,3.112
508012.SH,2025-11-07,3.128
508012.SH,2025-11-10,3.123
508012.SH,2025-11-11,3.13
508012.SH,2025-11-12,3.134
508012.SH,2025-11-13,3.126
508012.SH,2025-11-14,3.134
508012.SH,2025-11-17,3.131
508012.SH,2025-11-18,3.16
508012.SH,2025-11-19,3.128
508012.SH,2025-11-20,3.11
508012.SH,2025-11-21,3.099
508012.SH,2025-11-24,3.085
508012.SH,2025-11-25,3.074
508012.SH,2025-11-26,3.044
508012.SH,2025-11-27,3.039
508012.SH,2025-11-28,3.028
508012.SH,2025-12-01,3.006
508012.SH,2025-12-02,3.003
508012.SH,2025-12-03,2.999
508012.SH,2025-12-04,2.997
508012.SH,2025-12-05,2.975
508012.SH,2025-12-08,2.96
508012.SH,2025-12-09,2.919
508012.SH,2025-12-10,2.925
508012.SH,2025-12-11,2.926
508012.SH,2025-12-12,2.927
508012.SH,2025-12-15,2.904
508012.SH,2025-12-16,2.892
508012.SH,2025-12-17,2.88
508012.SH,2025-12-18,2.867
508012.SH,2025-12-19,2.855
508012.SH,2025-12-22,2.866
508012.SH,2025-12-23,2.878
508012.SH,2025-12-24,2.915
508012.SH,2025-12-25,2.938
508012.SH,2025-12-26,2.922
508012.SH,2025-12-29,2.915
508012.SH,2025-12-30,2.909
508012.SH,2025-12-31,2.9
508012.SH,2026-01-05,2.938
508012.SH,2026-01-06,2.997
508012.SH,2026-01-07,3.06
508012.SH,2026-01-08,3.124
508012.SH,2026-01-09,3.081
508012.SH,2026-01-12,3.084
508012.SH,2026-01-13,3.075
508012.SH,2026-01-14,3.1
508012.SH,2026-01-15,3.06
508012.SH,2026-01-16,3.105
508012.SH,2026-01-19,3.103
508012.SH,2026-01-20,3.099
508012.SH,2026-01-21,3.146
508012.SH,2026-01-22,3.18
508012.SH,2026-01-23,3.197
508012.SH,2026-01-26,3.152
508012.SH,2026-01-27,3.115
508012.SH,2026-01-28,3.112
508012.SH,2026-01-29,3.187
508012.SH,2026-01-30,3.183
508012.SH,2026-02-02,3.161
508012.SH,2026-02-03,3.161
508012.SH,2026-02-04,3.21
508012.SH,2026-02-05,3.159
508012.SH,2026-02-06,3.14
508012.SH,2026-02-09,3.116
508012.SH,2026-02-10,3.129
508012.SH,2026-02-11,3.162
508012.SH,2026-02-12,3.122
508012.SH,2026-02-13,3.117
508012.SH,2026-02-24,3.109
508012.SH,2026-02-25,3.101
508012.SH,2026-02-26,3.063
508012.SH,2026-02-27,3.054
508012.SH,2026-03-02,3.006
508012.SH,2026-03-03,3.005
508012.SH,2026-03-04,2.981
508012.SH,2026-03-05,2.968
508012.SH,2026-03-06,2.922
508012.SH,2026-03-09,2.917
508012.SH,2026-03-10,2.925
508012.SH,2026-03-11,2.926
508012.SH,2026-03-12,2.933
508012.SH,2026-03-13,2.931
508012.SH,2026-03-16,2.887
508012.SH,2026-03-17,2.882
508012.SH,2026-03-18,2.888
508012.SH,2026-03-19,2.896
508012.SH,2026-03-20,2.893
508012.SH,2026-03-23,2.883
508012.SH,2026-03-24,2.881
508012.SH,2026-03-25,2.881
508012.SH,2026-03-26,2.898
508012.SH,2026-03-27,2.887
508012.SH,2026-03-30,2.886
508012.SH,2026-03-31,2.88
508012.SH,2026-04-01,2.904
508012.SH,2026-04-02,2.924
508012.SH,2026-04-03,3.007
508012.SH,2026-04-07,2.99
508012.SH,2026-04-08,2.991
508012.SH,2026-04-09,2.97
508012.SH,2026-04-10,2.957
508012.SH,2026-04-13,2.964
508012.SH,2026-04-14,2.964
508012.SH,2026-04-15,2.957
508012.SH,2026-04-16,2.964
508012.SH,2026-04-17,2.946
508012.SH,2026-04-20,2.93
508012.SH,2026-04-21,2.878
508012.SH,2026-04-22,2.832
508012.SH,2026-04-23,2.821
508012.SH,2026-04-24,2.822
508012.SH,2026-04-27,2.818
508012.SH,2026-04-28,2.817
508012.SH,2026-04-29,2.819
508012.SH,2026-04-30,2.808
508012.SH,2026-05-06,2.819
508012.SH,2026-05-07,2.806
508012.SH,2026-05-08,2.798
508012.SH,2026-05-11,2.793
508012.SH,2026-05-12,2.787
508012.SH,2026-05-13,2.755
508012.SH,2026-05-14,2.701
508012.SH,2026-05-15,2.675
508012.SH,2026-05-18,2.634
508012.SH,2026-05-19,2.663
508012.SH,2026-05-20,2.647
508012.SH,2026-05-21,2.631
508012.SH,2026-05-22,2.631
508012.SH,2026-05-25,2.618
508012.SH,2026-05-26,2.586
508012.SH,2026-05-27,2.518
508012.SH,2026-05-28,2.524
508012.SH,2026-05-29,2.561
508012.SH,2026-06-01,2.642
508012.SH,2026-06-02,2.624
508012.SH,2026-06-03,2.537
508012.SH,2026-06-04,2.547
508012.SH,2026-06-05,2.534
508012.SH,2026-06-08,2.508
508012.SH,2026-06-09,2.5
508012.SH,2026-06-10,2.488
508012.SH,2026-06-11,2.454
508012.SH,2026-06-12,2.454
508012.SH,2026-06-15,2.438
508012.SH,2026-06-16,2.42
508012.SH,2026-06-17,2.412
508012.SH,2026-06-18,2.356
508012.SH,2026-06-22,2.311
508012.SH,2026-06-23,2.269
508012.SH,2026-06-24,2.222
508012.SH,2026-06-25,2.242
508012.SH,2026-06-26,2.166
508012.SH,2026-06-29,2.167
508012.SH,2026-06-30,2.226
508012.SH,2026-07-01,2.246
508012.SH,2026-07-02,2.227
508012.SH,2026-07-03,2.24
508012.SH,2026-07-06,2.18
508012.SH,2026-07-07,2.123
508012.SH,2026-07-08,2.102
508012.SH,2026-07-09,2.095
508012.SH,2026-07-10,2.102
508012.SH,2026-07-13,2.02
508012.SH,2026-07-14,1.95
508012.SH,2026-07-15,1.907
508012.SH,2026-07-16,1.871
508012.SH,2026-07-17,1.835
508012.SH,2026-07-20,1.787
508012.SH,2026-07-21,1.727
508012.SH,2026-07-22,1.706
508012.SH,2026-07-23,1.693
508012.SH,2026-07-24,1.747
508012.SH,2026-07-27,1.706
508012.SH,2026-07-28,1.676
508012.SH,2026-07-29,1.68
508012.SH,2026-07-30,1.673
508012.SH,2026-07-31,1.705
508012.SH,2026-08-03,1.707
508012.SH,2026-08-04,1.684
508012.SH,2026-08-05,1.682
508012.SH,2026-08-06,1.665
508012.SH,2026-08-07,1.667
508012.SH,2026-08-10,1.668
508012.SH,2026-08-11,1.677
508012.SH,2026-08-12,1.683
508012.SH,2026-08-13,1.705
508012.SH,2026-08-14,1.765
508012.SH,2026-08-17,1.768
508012.SH,2026-08-18,1.812
508012.SH,2026-08-19,1.862
508012.SH,2026-08-20,1.86
508012.SH,2026-08-21,1.843
508012.SH,2026-08-24,1.814
508012.SH,2026-08-25,1.82
508012.SH,2026-08-26,1.893
508012.SH,2026-08-27,1.898
508012.SH,2026-08-28,1.93
508012.SH,2026-08-31,1.906
508012.SH,2026-09-01,1.867
508012.SH,2026-09-02,1.836
508012.SH,2026-09-03,1.815
508012.SH,2026-09-04,1.814
508012.SH,2026-09-07,1.81
508012.SH,2026-09-08,1.808
508012.SH,2026-09-09,1.817
508012.SH,2026-09-10,1.784
508012.SH,2026-09-11,1.766
508012.SH,2026-09-14,1.757
508012.SH,2026-09-15,1.762
508012.SH,2026-09-16,1.769
508012.SH,2026-09-17,1.774
508012.SH,2026-09-18,1.752
508012.SH,2026-09-21,1.756
508012.SH,2026-09-22,1.74
508012.SH,2026-09-23,1.787
508012.SH,2026-09-24,1.788
508012.SH,2026-09-28,1.783
508012.SH,2026-09-29,1.786
508012.SH,2026-09-30,1.796
508017.SH,2024-03-12,2.685
508017.SH,2024-03-13,2.686
508017.SH,2024-03-14,2.685
508017.SH,2024-03-15,2.683
508017.SH,2024-03-18,2.673
508017.SH,2024-03-19,2.646
508017.SH,2024-03-20,2.629
508017.SH,2024-03-21,2.55
508017.SH,2024-03-22,2.49
508017.SH,2024-03-25,2.435
508017.SH,2024-03-26,2.411
508017.SH,2024-03-27,2.453
508017.SH,2024-03-28,2.474
508017.SH,2024-03-29,2.451
508017.SH,2024-04-01,2.45
508017.SH,2024-04-02,2.456
508017.SH,2024-04-03,2.454
508017.SH,2024-04-08,2.449
508017.SH,2024-04-09,2.457
508017.SH,2024-04-10,2.515
508017.SH,2024-04-11,2.55
508017.SH,2024-04-12,2.551
508017.SH,2024-04-15,2.537
508017.SH,2024-04-16,2.525
508017.SH,2024-04-17,2.532
508017.SH,2024-04-18,2.533
508017.SH,2024-04-19,2.529
508017.SH,2024-04-22,2.52
508017.SH,2024-04-23,2.527
508017.SH,2024-04-24,2.521
508017.SH,2024-04-25,2.539
508017.SH,2024-04-26,2.64
508017.SH,2024-04-29,2.688
508017.SH,2024-04-30,2.68
508017.SH,2024-05-06,2.692
508017.SH,2024-05-07,2.76
508017.SH,2024-05-08,2.762
508017.SH,2024-05-09,2.748
508017.SH,2024-05-10,2.746
508017.SH,2024-05-13,2.765
508017.SH,2024-05-14,2.779
508017.SH,2024-05-15,2.769
508017.SH,2024-05-16,2.766
508017.SH,2024-05-17,2.764
508017.SH,2024-05-20,2.769
508017.SH,2024-05-21,2.768
508017.SH,2024-05-22,2.756
508017.SH,2024-05-23,2.694
508017.SH,2024-05-24,2.695
508017.SH,2024-05-27,2.697
508017.SH,2024-05-28,2.718
508017.SH,2024-05-29,2.711
508017.SH,2024-05-30,2.697
508017.SH,2024-05-31,2.694
508017.SH,2024-06-03,2.708
508017.SH,2024-06-04,2.735
508017.SH,2024-06-05,2.721
508017.SH,2024-06-06,2.715
508017.SH,2024-06-07,2.691
508017.SH,2024-06-11,2.675
508017.SH,2024-06-12,2.68
508017.SH,2024-06-13,2.69
508017.SH,2024-06-14,2.73
508017.SH,2024-06-17,2.724
508017.SH,2024-06-18,2.729
508017.SH,2024-06-19,2.705
508017.SH,2024-06-20,2.704
508017.SH,2024-06-21,2.705
508017.SH,2024-06-24,2.694
508017.SH,2024-06-25,2.689
508017.SH,2024-06-26,2.661
508017.SH,2024-06-27,2.689
508017.SH,2024-06-28,2.681
508017.SH,2024-07-01,2.674
508017.SH,2024-07-02,2.685
508017.SH,2024-07-03,2.698
508017.SH,2024-07-04,2.687
508017.SH,2024-07-05,2.682
508017.SH,2024-07-08,2.682
508017.SH,2024-07-09,2.671
508017.SH,2024-07-10,2.684
508017.SH,2024-07-11,2.681
508017.SH,2024-07-12,2.679
508017.SH,2024-07-15,2.678
508017.SH,2024-07-16,2.674
508017.SH,2024-07-17,2.673
508017.SH,2024-07-18,2.681
508017.SH,2024-07-19,2.678
508017.SH,2024-07-22,2.677
508017.SH,2024-07-23,2.675
508017.SH,2024-07-24,2.664
508017.SH,2024-07-25,2.657
508017.SH,2024-07-26,2.667
508017.SH,2024-07-29,2.667
508017.SH,2024-07-30,2.704
508017.SH,2024-07-31,2.708
508017.SH,2024-08-01,2.709
508017.SH,2024-08-02,2.716
508017.SH,2024-08-05,2.744
508017.SH,2024-08-06,2.732
508017.SH,2024-08-07,2.781
508017.SH,2024-08-08,2.75
508017.SH,2024-08-09,2.733
508017.SH,2024-08-12,2.737
508017.SH,2024-08-13,2.731
508017.SH,2024-08-14,2.675
508017.SH,2024-08-15,2.663
508017.SH,2024-08-16,2.652
508017.SH,2024-08-19,2.642
508017.SH,2024-08-20,2.626
508017.SH,2024-08-21,2.614
508017.SH,2024-08-22,2.619
508017.SH,2024-08-23,2.654
508017.SH,2024-08-26,2.636
508017.SH,2024-08-27,2.603
508017.SH,2024-08-28,2.638
508017.SH,2024-08-29,2.635
508017.SH,2024-08-30,2.635
508017.SH,2024-09-02,2.634
508017.SH,2024-09-03,2.63
508017.SH,2024-09-04,2.62
508017.SH,2024-09-05,2.65
508017.SH,2024-09-06,2.64
508017.SH,2024-09-09,2.641
508017.SH,2024-09-10,2.637
508017.SH,2024-09-11,2.613
508017.SH,2024-09-12,2.599
508017.SH,2024-09-13,2.595
508017.SH,2024-09-18,2.576
508017.SH,2024-09-19,2.597
508017.SH,2024-09-20,2.601
508017.SH,2024-09-23,2.59
508017.SH,2024-09-24,2.62
508017.SH,2024-09-25,2.626
508017.SH,2024-09-26,2.639
508017.SH,2024-09-27,2.609
508017.SH,2024-09-30,2.602
508017.SH,2024-10-08,2.597
508017.SH,2024-10-09,2.604
508017.SH,2024-10-10,2.576
508017.SH,2024-10-11,2.567
508017.SH,2024-10-14,2.551
508017.SH,2024-10-15,2.554
508017.SH,2024-10-16,2.568
508017.SH,2024-10-17,2.549
508017.SH,2024-10-18,2.544
508017.SH,2024-10-21,2.533
508017.SH,2024-10-22,2.51
508017.SH,2024-10-23,2.536
508017.SH,2024-10-24,2.53
508017.SH,2024-10-25,2.549
508017.SH,2024-10-28,2.571
508017.SH,2024-10-29,2.588
508017.SH,2024-10-30,2.582
508017.SH,2024-10-31,2.581
508017.SH,2024-11-01,2.579
508017.SH,2024-11-04,2.583
508017.SH,2024-11-05,2.579
508017.SH,2024-11-06,2.579
508017.SH,2024-11-07,2.578
508017.SH,2024-11-08,2.565
508017.SH,2024-11-11,2.578
508017.SH,2024-11-12,2.6
508017.SH,2024-11-13,2.584
508017.SH,2024-11-14,2.566
508017.SH,2024-11-15,2.582
508017.SH,2024-11-18,2.598
508017.SH,2024-11-19,2.615
508017.SH,2024-11-20,2.592
508017.SH,2024-11-21,2.609
508017.SH,2024-11-22,2.597
508017.SH,2024-11-25,2.581
508017.SH,2024-11-26,2.568
508017.SH,2024-11-27,2.568
508017.SH,2024-11-28,2.579
508017.SH,2024-11-29,2.615
508017.SH,2024-12-02,2.6
508017.SH,2024-12-03,2.568
508017.SH,2024-12-04,2.569
508017.SH,2024-12-05,2.581
508017.SH,2024-12-06,2.578
508017.SH,2024-12-09,2.58
508017.SH,2024-12-10,2.59
508017.SH,2024-12-11,2.687
508017.SH,2024-12-12,2.77
508017.SH,2024-12-13,2.758
508017.SH,2024-12-16,2.776
508017.SH,2024-12-17,2.808
508017.SH,2024-12-18,2.746
508017.SH,2024-12-19,2.726
508017.SH,2024-12-20,2.732
508017.SH,2024-12-23,2.731
508017.SH,2024-12-24,2.753
508017.SH,2024-12-25,2.77
508017.SH,2024-12-26,2.784
508017.SH,2024-12-27,2.778
508017.SH,2024-12-30,2.782
508017.SH,2024-12-31,2.827
508017.SH,2025-01-02,2.92
508017.SH,2025-01-03,3.03
508017.SH,2025-01-06,3.019
508017.SH,2025-01-07,2.951
508017.SH,2025-01-08,2.998
508017.SH,2025-01-09,3.001
508017.SH,2025-01-10,2.978
508017.SH,2025-01-13,2.921
508017.SH,2025-01-14,2.878
508017.SH,2025-01-15,2.902
508017.SH,2025-01-16,2.867
508017.SH,2025-01-17,2.936
508017.SH,2025-01-20,3.019
508017.SH,2025-01-21,3.002
508017.SH,2025-01-22,3.098
508017.SH,2025-01-23,3.191
508017.SH,2025-01-24,3.214
508017.SH,2025-01-27,3.19
508017.SH,2025-02-05,3.139
508017.SH,2025-02-06,3.119
508017.SH,2025-02-07,3.135
508017.SH,2025-02-10,3.264
508017.SH,2025-02-11,3.262
508017.SH,2025-02-12,3.222
508017.SH,2025-02-13,3.19
508017.SH,2025-02-14,3.22
508017.SH,2025-02-17,3.217
508017.SH,2025-02-18,3.199
508017.SH,2025-02-19,3.23
508017.SH,2025-02-20,3.269
508017.SH,2025-02-21,3.305
508017.SH,2025-02-24,3.26
508017.SH,2025-02-25,3.213
508017.SH,2025-02-26,3.245
508017.SH,2025-02-27,3.26
508017.SH,2025-02-28,3.234
508017.SH,2025-03-03,3.2
508017.SH,2025-03-04,3.188
508017.SH,2025-03-05,3.184
508017.SH,2025-03-06,3.122
508017.SH,2025-03-07,3.086
508017.SH,2025-03-10,3.093
508017.SH,2025-03-11,3.076
508017.SH,2025-03-12,3.125
508017.SH,2025-03-13,3.155
508017.SH,2025-03-14,3.255
508017.SH,2025-03-17,3.321
508017.SH,2025-03-18,3.289
508017.SH,2025-03-19,3.259
508017.SH,2025-03-20,3.216
508017.SH,2025-03-21,3.213
508017.SH,2025-03-24,3.195
508017.SH,2025-03-25,3.207
508017.SH,2025-03-26,3.255
508017.SH,2025-03-27,3.25
508017.SH,2025-03-28,3.324
508017.SH,2025-03-31,3.243
508017.SH,2025-04-01,3.223
508017.SH,2025-04-02,3.319
508017.SH,2025-04-03,3.365
508017.SH,2025-04-07,3.379
508017.SH,2025-04-08,3.358
508017.SH,2025-04-09,3.363
508017.SH,2025-04-10,3.365
508017.SH,2025-04-11,3.363
508017.SH,2025-04-14,3.314
508017.SH,2025-04-15,3.315
508017.SH,2025-04-16,3.35
508017.SH,2025-04-17,3.389
508017.SH,2025-04-18,3.368
508017.SH,2025-04-21,3.351
508017.SH,2025-04-22,3.368
508017.SH,2025-04-23,3.344
508017.SH,2025-04-24,3.33
508017.SH,2025-04-25,3.313
508017.SH,2025-04-28,3.314
508017.SH,2025-04-29,3.317
508017.SH,2025-04-30,3.334
508017.SH,2025-05-06,3.334
508017.SH,2025-05-07,3.345
508017.SH,2025-05-08,3.333
508017.SH,2025-05-09,3.398
508017.SH,2025-05-12,3.442
508017.SH,2025-05-13,3.509
508017.SH,2025-05-14,3.564
508017.SH,2025-05-15,3.538
508017.SH,2025-05-16,3.562
508017.SH,2025-05-19,3.558
508017.SH,2025-05-20,3.678
508017.SH,2025-05-21,3.661
508017.SH,2025-05-22,3.599
508017.SH,2025-05-23,3.596
508017.SH,2025-05-26,3.618
508017.SH,2025-05-27,3.601
508017.SH,2025-05-28,3.604
508017.SH,2025-05-29,3.66
508017.SH,2025-05-30,3.725
508017.SH,2025-06-03,3.708
508017.SH,2025-06-04,3.788
508017.SH,2025-06-05,3.867
508017.SH,2025-06-06,3.806
508017.SH,2025-06-09,3.774
508017.SH,2025-06-10,3.785
508017.SH,2025-06-11,3.782
508017.SH,2025-06-12,3.753
508017.SH,2025-06-13,3.767
508017.SH,2025-06-16,3.781
508017.SH,2025-06-17,3.781
508017.SH,2025-06-18,3.8
508017.SH,2025-06-19,3.82
508017.SH,2025-06-20,3.819
508017.SH,2025-06-23,3.825
508017.SH,2025-06-24,3.75
508017.SH,2025-06-25,3.7
508017.SH,2025-06-26,3.677
508017.SH,2025-06-27,3.619
508017.SH,2025-06-30,3.62
508017.SH,2025-07-01,3.637
508017.SH,2025-07-02,3.681
508017.SH,2025-07-03,3.701
508017.SH,2025-07-04,3.699
508017.SH,2025-07-07,3.699
508017.SH,2025-07-08,3.652
508017.SH,2025-07-09,3.59
508017.SH,2025-07-10,3.589
508017.SH,2025-07-11,3.57
508017.SH,2025-07-14,3.566
508017.SH,2025-07-15,3.64
508017.SH,2025-07-16,3.676
508017.SH,2025-07-17,3.661
508017.SH,2025-07-18,3.65
508017.SH,2025-07-21,3.67
508017.SH,2025-07-22,3.687
508017.SH,2025-07-23,3.658
508017.SH,2025-07-24,3.648
508017.SH,2025-07-25,3.695
508017.SH,2025-07-28,3.729
508017.SH,2025-07-29,3.7
508017.SH,2025-07-30,3.77
508017.SH,2025-07-31,3.844
508017.SH,2025-08-01,3.818
508017.SH,2025-08-04,3.755
508017.SH,2025-08-05,3.705
508017.SH,2025-08-06,3.708
508017.SH,2025-08-07,3.72
508017.SH,2025-08-08,3.722
508017.SH,2025-08-11,3.7
508017.SH,2025-08-12,3.675
508017.SH,2025-08-13,3.678
508017.SH,2025-08-14,3.672
508017.SH,2025-08-15,3.641
508017.SH,2025-08-18,3.532
508017.SH,2025-08-19,3.555
508017.SH,2025-08-20,3.68
508017.SH,2025-08-21,3.651
508017.SH,2025-08-22,3.674
508017.SH,2025-08-25,3.712
508017.SH,2025-08-26,3.731
508017.SH,2025-08-27,3.77
508017.SH,2025-08-28,3.733
508017.SH,2025-08-29,3.722
508017.SH,2025-09-01,3.722
508017.SH,2025-09-02,3.767
508017.SH,2025-09-03,3.773
508017.SH,2025-09-04,3.76
508017.SH,2025-09-05,3.713
508017.SH,2025-09-08,3.69
508017.SH,2025-09-09,3.748
508017.SH,2025-09-10,3.758
508017.SH,2025-09-11,3.77
508017.SH,2025-09-12,3.748
508017.SH,2025-09-15,3.798
508017.SH,2025-09-16,3.784
508017.SH,2025-09-17,3.786
508017.SH,2025-09-18,3.772
508017.SH,2025-09-19,3.75
508017.SH,2025-09-22,3.727
508017.SH,2025-09-23,3.717
508017.SH,2025-09-24,3.74
508017.SH,2025-09-25,3.724
508017.SH,2025-09-26,3.706
508017.SH,2025-09-29,3.706
508017.SH,2025-09-30,3.734
508017.SH,2025-10-09,3.689
508017.SH,2025-10-10,3.673
508017.SH,2025-10-13,3.711
508017.SH,2025-10-14,3.681
508017.SH,2025-10-15,3.651
508017.SH,2025-10-16,3.627
508017.SH,2025-10-17,3.608
508017.SH,2025-10-20,3.552
508017.SH,2025-10-21,3.495
508017.SH,2025-10-22,3.53
508017.SH,2025-10-23,3.55
508017.SH,2025-10-24,3.637
508017.SH,2025-10-27,3.625
508017.SH,2025-10-28,3.703
508017.SH,2025-10-29,3.723
508017.SH,2025-10-30,3.715
508017.SH,2025-10-31,3.687
508017.SH,2025-11-03,3.691
508017.SH,2025-11-04,3.683
508017.SH,2025-11-05,3.796
508017.SH,2025-11-06,3.82
508017.SH,2025-11-07,3.85
508017.SH,2025-11-10,3.85
508017.SH,2025-11-11,3.85
508017.SH,2025-11-12,3.849
508017.SH,2025-11-13,3.881
508017.SH,2025-11-14,3.989
508017.SH,2025-11-17,4.0
508017.SH,2025-11-18,3.989
508017.SH,2025-11-19,3.937
508017.SH,2025-11-20,3.93
508017.SH,2025-11-21,3.919
508017.SH,2025-11-24,3.865
508017.SH,2025-11-25,3.898
508017.SH,2025-11-26,3.919
508017.SH,2025-11-27,3.855
508017.SH,2025-11-28,3.82
508017.SH,2025-12-01,3.802
508017.SH,2025-12-02,3.81
508017.SH,2025-12-03,3.81
508017.SH,2025-12-04,3.806
508017.SH,2025-12-05,3.772
508017.SH,2025-12-08,3.763
508017.SH,2025-12-09,3.802
508017.SH,2025-12-10,3.818
508017.SH,2025-12-11,3.82
508017.SH,2025-12-12,3.87
508017.SH,2025-12-15,3.879
508017.SH,2025-12-16,3.9
508017.SH,2025-12-17,3.89
508017.SH,2025-12-18,3.8
508017.SH,2025-12-19,3.785
508017.SH,2025-12-22,3.764
508017.SH,2025-12-23,3.75
508017.SH,2025-12-24,3.797
508017.SH,2025-12-25,3.797
508017.SH,2025-12-26,3.744
508017.SH,2025-12-29,3.724
508017.SH,2025-12-30,3.758
508017.SH,2025-12-31,3.798
508017.SH,2026-01-05,3.801
508017.SH,2026-01-06,3.83
508017.SH,2026-01-07,3.88
508017.SH,2026-01-08,3.942
508017.SH,2026-01-09,3.894
508017.SH,2026-01-12,3.894
508017.SH,2026-01-13,3.903
508017.SH,2026-01-14,3.919
508017.SH,2026-01-15,3.92
508017.SH,2026-01-16,3.935
508017.SH,2026-01-19,3.952
508017.SH,2026-01-20,4.014
508017.SH,2026-01-21,4.05
508017.SH,2026-01-22,4.122
508017.SH,2026-01-23,4.105
508017.SH,2026-01-26,4.029
508017.SH,2026-01-27,4.03
508017.SH,2026-01-28,4.082
508017.SH,2026-01-29,4.125
508017.SH,2026-01-30,4.071
508017.SH,2026-02-02,3.997
508017.SH,2026-02-03,4.06
508017.SH,2026-02-04,4.061
508017.SH,2026-02-05,4.064
508017.SH,2026-02-06,4.052
508017.SH,2026-02-09,4.004
508017.SH,2026-02-10,4.01
508017.SH,2026-02-11,4.006
508017.SH,2026-02-12,4.023
508017.SH,2026-02-13,3.996
508017.SH,2026-02-24,3.948
508017.SH,2026-02-25,3.964
508017.SH,2026-02-26,3.936
508017.SH,2026-02-27,3.968
508017.SH,2026-03-02,3.968
508017.SH,2026-03-03,3.995
508017.SH,2026-03-04,3.955
508017.SH,2026-03-05,3.96
508017.SH,2026-03-06,3.867
508017.SH,2026-03-09,3.786
508017.SH,2026-03-10,3.824
508017.SH,2026-03-11,3.837
508017.SH,2026-03-12,3.818
508017.SH,2026-03-13,3.849
508017.SH,2026-03-16,3.825
508017.SH,2026-03-17,3.91
508017.SH,2026-03-18,3.926
508017.SH,2026-03-19,3.928
508017.SH,2026-03-20,3.914
508017.SH,2026-03-23,3.906
508017.SH,2026-03-24,3.933
508017.SH,2026-03-25,3.925
508017.SH,2026-03-26,3.923
508017.SH,2026-03-27,3.94
508017.SH,2026-03-30,3.959
508017.SH,2026-03-31,3.931
508017.SH,2026-04-01,3.927
508017.SH,2026-04-02,3.92
508017.SH,2026-04-03,3.936
508017.SH,2026-04-07,3.937
508017.SH,2026-04-08,4.017
508017.SH,2026-04-09,4.0
508017.SH,2026-04-10,4.012
508017.SH,2026-04-13,4.021
508017.SH,2026-04-14,3.975
508017.SH,2026-04-15,3.951
508017.SH,2026-04-16,3.979
508017.SH,2026-04-17,3.967
508017.SH,2026-04-20,3.983
508017.SH,2026-04-21,3.985
508017.SH,2026-04-22,4.034
508017.SH,2026-04-23,4.01
508017.SH,2026-04-24,4.042
508017.SH,2026-04-27,4.007
508017.SH,2026-04-28,3.994
508017.SH,2026-04-29,3.954
508017.SH,2026-04-30,3.93
508017.SH,2026-05-06,3.934
508017.SH,2026-05-07,3.957
508017.SH,2026-05-08,3.977
508017.SH,2026-05-11,3.986
508017.SH,2026-05-12,3.959
508017.SH,2026-05-13,3.914
508017.SH,2026-05-14,3.897
508017.SH,2026-05-15,3.924
508017.SH,2026-05-18,3.968
508017.SH,2026-05-19,4.078
508017.SH,2026-05-20,3.991
508017.SH,2026-05-21,3.868
508017.SH,2026-05-22,3.869
508017.SH,2026-05-25,3.838
508017.SH,2026-05-26,3.836
508017.SH,2026-05-27,3.767
508017.SH,2026-05-28,3.794
508017.SH,2026-05-29,3.83
508017.SH,2026-06-01,3.892
508017.SH,2026-06-02,3.835
508017.SH,2026-06-03,3.83
508017.SH,2026-06-04,3.812
508017.SH,2026-06-05,3.85
508017.SH,2026-06-08,3.836
508017.SH,2026-06-09,3.793
508017.SH,2026-06-10,3.815
508017.SH,2026-06-11,3.78
508017.SH,2026-06-12,3.811
508017.SH,2026-06-15,3.844
508017.SH,2026-06-16,3.869
508017.SH,2026-06-17,3.833
508017.SH,2026-06-18,3.721
508017.SH,2026-06-22,3.58
508017.SH,2026-06-23,3.526
508017.SH,2026-06-24,3.421
508017.SH,2026-06-25,3.555
508017.SH,2026-06-26,3.56
508017.SH,2026-06-29,3.618
508017.SH,2026-06-30,3.65
508017.SH,2026-07-01,3.659
508017.SH,2026-07-02,3.628
508017.SH,2026-07-03,3.658
508017.SH,2026-07-06,3.645
508017.SH,2026-07-07,3.63
508017.SH,2026-07-08,3.617
508017.SH,2026-07-09,3.615
508017.SH,2026-07-10,3.68
508017.SH,2026-07-13,3.68
508017.SH,2026-07-14,3.657
508017.SH,2026-07-15,3.665
508017.SH,2026-07-16,3.698
508017.SH,2026-07-17,3.649
508017.SH,2026-07-20,3.638
508017.SH,2026-07-21,3.669
508017.SH,2026-07-22,3.69
508017.SH,2026-07-23,3.686
508017.SH,2026-07-24,3.718
508017.SH,2026-07-27,3.667
508017.SH,2026-07-28,3.709
508017.SH,2026-07-29,3.703
508017.SH,2026-07-30,3.744
508017.SH,2026-07-31,3.828
508017.SH,2026-08-03,3.852
508017.SH,2026-08-04,3.847
508017.SH,2026-08-05,3.79
508017.SH,2026-08-06,3.789
508017.SH,2026-08-07,3.86
508017.SH,2026-08-10,3.822
508017.SH,2026-08-11,3.807
508017.SH,2026-08-12,3.816
508017.SH,2026-08-13,3.752
508017.SH,2026-08-14,3.718
508017.SH,2026-08-17,3.611
508017.SH,2026-08-18,3.627
508017.SH,2026-08-19,3.69
508017.SH,2026-08-20,3.74
508017.SH,2026-08-21,3.659
508017.SH,2026-08-24,3.627
508017.SH,2026-08-25,3.664
508017.SH,2026-08-26,3.74
508017.SH,2026-08-27,3.74
508017.SH,2026-08-28,3.75
508017.SH,2026-08-31,3.709
508017.SH,2026-09-01,3.652
508017.SH,2026-09-02,3.64
508017.SH,2026-09-03,3.62
508017.SH,2026-09-04,3.619
508017.SH,2026-09-07,3.64
508017.SH,2026-09-08,3.622
508017.SH,2026-09-09,3.645
508017.SH,2026-09-10,3.639
508017.SH,2026-09-11,3.592
508017.SH,2026-09-14,3.537
508017.SH,2026-09-15,3.521
508017.SH,2026-09-16,3.513
508017.SH,2026-09-17,3.558
508017.SH,2026-09-18,3.512
508017.SH,2026-09-21,3.458
508017.SH,2026-09-22,3.481
508017.SH,2026-09-23,3.531
508017.SH,2026-09-24,3.55
508017.SH,2026-09-28,3.557
508017.SH,2026-09-29,3.587
508017.SH,2026-09-30,3.62
508019.SH,2023-06-30,2.46
508019.SH,2023-07-03,2.397
508019.SH,2023-07-04,2.4
508019.SH,2023-07-05,2.396
508019.SH,2023-07-06,2.416
508019.SH,2023-07-07,2.458
508019.SH,2023-07-10,2.484
508019.SH,2023-07-11,2.474
508019.SH,2023-07-12,2.474
508019.SH,2023-07-13,2.493
508019.SH,2023-07-14,2.51
508019.SH,2023-07-17,2.517
508019.SH,2023-07-18,2.599
508019.SH,2023-07-19,2.573
508019.SH,2023-07-20,2.547
508019.SH,2023-07-21,2.557
508019.SH,2023-07-24,2.553
508019.SH,2023-07-25,2.564
508019.SH,2023-07-26,2.544
508019.SH,2023-07-27,2.545
508019.SH,2023-07-28,2.541
508019.SH,2023-07-31,2.589
508019.SH,2023-08-01,2.61
508019.SH,2023-08-02,2.608
508019.SH,2023-08-03,2.617
508019.SH,2023-08-04,2.61
508019.SH,2023-08-07,2.588
508019.SH,2023-08-08,2.598
508019.SH,2023-08-09,2.595
508019.SH,2023-08-10,2.606
508019.SH,2023-08-11,2.591
508019.SH,2023-08-14,2.582
508019.SH,2023-08-15,2.589
508019.SH,2023-08-16,2.587
508019.SH,2023-08-17,2.587
508019.SH,2023-08-18,2.587
508019.SH,2023-08-21,2.579
508019.SH,2023-08-22,2.566
508019.SH,2023-08-23,2.554
508019.SH,2023-08-24,2.552
508019.SH,2023-08-25,2.548
508019.SH,2023-08-28,2.541
508019.SH,2023-08-29,2.521
508019.SH,2023-08-30,2.52
508019.SH,2023-08-31,2.521
508019.SH,2023-09-01,2.518
508019.SH,2023-09-04,2.516
508019.SH,2023-09-05,2.518
508019.SH,2023-09-06,2.53
508019.SH,2023-09-07,2.54
508019.SH,2023-09-08,2.545
508019.SH,2023-09-11,2.545
508019.SH,2023-09-12,2.545
508019.SH,2023-09-13,2.545
508019.SH,2023-09-14,2.54
508019.SH,2023-09-15,2.539
508019.SH,2023-09-18,2.534
508019.SH,2023-09-19,2.529
508019.SH,2023-09-20,2.517
508019.SH,2023-09-21,2.514
508019.SH,2023-09-22,2.506
508019.SH,2023-09-25,2.513
508019.SH,2023-09-26,2.516
508019.SH,2023-09-27,2.514
508019.SH,2023-09-28,2.538
508019.SH,2023-10-09,2.526
508019.SH,2023-10-10,2.51
508019.SH,2023-10-11,2.493
508019.SH,2023-10-12,2.481
508019.SH,2023-10-13,2.466
508019.SH,2023-10-16,2.459
508019.SH,2023-10-17,2.431
508019.SH,2023-10-18,2.427
508019.SH,2023-10-19,2.401
508019.SH,2023-10-20,2.376
508019.SH,2023-10-23,2.32
508019.SH,2023-10-24,2.367
508019.SH,2023-10-25,2.382
508019.SH,2023-10-26,2.365
508019.SH,2023-10-27,2.37
508019.SH,2023-10-30,2.365
508019.SH,2023-10-31,2.351
508019.SH,2023-11-01,2.33
508019.SH,2023-11-02,2.337
508019.SH,2023-11-03,2.321
508019.SH,2023-11-06,2.327
508019.SH,2023-11-07,2.292
508019.SH,2023-11-08,2.303
508019.SH,2023-11-09,2.307
508019.SH,2023-11-10,2.298
508019.SH,2023-11-13,2.286
508019.SH,2023-11-14,2.272
508019.SH,2023-11-15,2.24
508019.SH,2023-11-16,2.24
508019.SH,2023-11-17,2.233
508019.SH,2023-11-20,2.242
508019.SH,2023-11-21,2.221
508019.SH,2023-11-22,2.2
508019.SH,2023-11-23,2.14
508019.SH,2023-11-24,2.066
508019.SH,2023-11-27,2.034
508019.SH,2023-11-28,2.005
508019.SH,2023-11-29,1.999
508019.SH,2023-11-30,2.035
508019.SH,2023-12-01,2.043
508019.SH,2023-12-04,2.056
508019.SH,2023-12-05,1.998
508019.SH,2023-12-06,2.018
508019.SH,2023-12-07,1.989
508019.SH,2023-12-08,1.999
508019.SH,2023-12-11,2.037
508019.SH,2023-12-12,2.018
508019.SH,2023-12-13,1.994
508019.SH,2023-12-14,1.997
508019.SH,2023-12-15,1.993
508019.SH,2023-12-18,2.002
508019.SH,2023-12-19,1.981
508019.SH,2023-12-20,2.002
508019.SH,2023-12-21,2.091
508019.SH,2023-12-22,2.157
508019.SH,2023-12-25,2.203
508019.SH,2023-12-26,2.189
508019.SH,2023-12-27,2.171
508019.SH,2023-12-28,2.14
508019.SH,2023-12-29,2.162
508019.SH,2024-01-02,2.154
508019.SH,2024-01-03,2.135
508019.SH,2024-01-04,2.13
508019.SH,2024-01-05,2.072
508019.SH,2024-01-08,2.016
508019.SH,2024-01-09,1.96
508019.SH,2024-01-10,1.924
508019.SH,2024-01-11,1.909
508019.SH,2024-01-12,1.888
508019.SH,2024-01-15,1.887
508019.SH,2024-01-16,1.931
508019.SH,2024-01-17,1.968
508019.SH,2024-01-18,1.894
508019.SH,2024-01-19,1.921
508019.SH,2024-01-22,1.88
508019.SH,2024-01-23,1.864
508019.SH,2024-01-24,1.856
508019.SH,2024-01-25,1.872
508019.SH,2024-01-26,1.867
508019.SH,2024-01-29,1.869
508019.SH,2024-01-30,1.868
508019.SH,2024-01-31,1.859
508019.SH,2024-02-01,1.884
508019.SH,2024-02-02,1.889
508019.SH,2024-02-05,1.866
508019.SH,2024-02-06,1.856
508019.SH,2024-02-07,1.867
508019.SH,2024-02-08,1.921
508019.SH,2024-02-19,2.029
508019.SH,2024-02-20,2.071
508019.SH,2024-02-21,2.124
508019.SH,2024-02-22,2.193
508019.SH,2024-02-23,2.239
508019.SH,2024-02-26,2.29
508019.SH,2024-02-27,2.217
508019.SH,2024-02-28,2.189
508019.SH,2024-02-29,2.202
508019.SH,2024-03-01,2.236
508019.SH,2024-03-04,2.273
508019.SH,2024-03-05,2.294
508019.SH,2024-03-06,2.275
508019.SH,2024-03-07,2.249
508019.SH,2024-03-08,2.228
508019.SH,2024-03-11,2.234
508019.SH,2024-03-12,2.231
508019.SH,2024-03-13,2.198
508019.SH,2024-03-14,2.209
508019.SH,2024-03-15,2.226
508019.SH,2024-03-18,2.228
508019.SH,2024-03-19,2.235
508019.SH,2024-03-20,2.231
508019.SH,2024-03-21,2.188
508019.SH,2024-03-22,2.11
508019.SH,2024-03-25,2.113
508019.SH,2024-03-26,2.126
508019.SH,2024-03-27,2.212
508019.SH,2024-03-28,2.249
508019.SH,2024-03-29,2.269
508019.SH,2024-04-01,2.268
508019.SH,2024-04-02,2.268
508019.SH,2024-04-03,2.275
508019.SH,2024-04-08,2.286
508019.SH,2024-04-09,2.277
508019.SH,2024-04-10,2.294
508019.SH,2024-04-11,2.378
508019.SH,2024-04-12,2.348
508019.SH,2024-04-15,2.32
508019.SH,2024-04-16,2.207
508019.SH,2024-04-17,2.224
508019.SH,2024-04-18,2.246
508019.SH,2024-04-19,2.231
508019.SH,2024-04-22,2.254
508019.SH,2024-04-23,2.264
508019.SH,2024-04-24,2.242
508019.SH,2024-04-25,2.274
508019.SH,2024-04-26,2.291
508019.SH,2024-04-29,2.28
508019.SH,2024-04-30,2.256
508019.SH,2024-05-06,2.264
508019.SH,2024-05-07,2.302
508019.SH,2024-05-08,2.305
508019.SH,2024-05-09,2.31
508019.SH,2024-05-10,2.313
508019.SH,2024-05-13,2.288
508019.SH,2024-05-14,2.277
508019.SH,2024-05-15,2.275
508019.SH,2024-05-16,2.287
508019.SH,2024-05-17,2.28
508019.SH,2024-05-20,2.265
508019.SH,2024-05-21,2.265
508019.SH,2024-05-22,2.259
508019.SH,2024-05-23,2.248
508019.SH,2024-05-24,2.274
508019.SH,2024-05-27,2.278
508019.SH,2024-05-28,2.285
508019.SH,2024-05-29,2.295
508019.SH,2024-05-30,2.289
508019.SH,2024-05-31,2.294
508019.SH,2024-06-03,2.317
508019.SH,2024-06-04,2.326
508019.SH,2024-06-05,2.341
508019.SH,2024-06-06,2.377
508019.SH,2024-06-07,2.398
508019.SH,2024-06-11,2.413
508019.SH,2024-06-12,2.408
508019.SH,2024-06-13,2.417
508019.SH,2024-06-14,2.414
508019.SH,2024-06-17,2.411
508019.SH,2024-06-18,2.402
508019.SH,2024-06-19,2.372
508019.SH,2024-06-20,2.365
508019.SH,2024-06-21,2.371
508019.SH,2024-06-24,2.368
508019.SH,2024-06-25,2.341
508019.SH,2024-06-26,2.331
508019.SH,2024-06-27,2.335
508019.SH,2024-06-28,2.321
508019.SH,2024-07-01,2.312
508019.SH,2024-07-02,2.323
508019.SH,2024-07-03,2.276
508019.SH,2024-07-04,2.255
508019.SH,2024-07-05,2.246
508019.SH,2024-07-08,2.229
508019.SH,2024-07-09,2.222
508019.SH,2024-07-10,2.212
508019.SH,2024-07-11,2.209
508019.SH,2024-07-12,2.242
508019.SH,2024-07-15,2.268
508019.SH,2024-07-16,2.255
508019.SH,2024-07-17,2.269
508019.SH,2024-07-18,2.265
508019.SH,2024-07-19,2.264
508019.SH,2024-07-22,2.267
508019.SH,2024-07-23,2.263
508019.SH,2024-07-24,2.263
508019.SH,2024-07-25,2.268
508019.SH,2024-07-26,2.275
508019.SH,2024-07-29,2.269
508019.SH,2024-07-30,2.289
508019.SH,2024-07-31,2.292
508019.SH,2024-08-01,2.311
508019.SH,2024-08-02,2.336
508019.SH,2024-08-05,2.411
508019.SH,2024-08-06,2.444
508019.SH,2024-08-07,2.504
508019.SH,2024-08-08,2.507
508019.SH,2024-08-09,2.507
508019.SH,2024-08-12,2.458
508019.SH,2024-08-13,2.45
508019.SH,2024-08-14,2.463
508019.SH,2024-08-15,2.459
508019.SH,2024-08-16,2.435
508019.SH,2024-08-19,2.406
508019.SH,2024-08-20,2.397
508019.SH,2024-08-21,2.388
508019.SH,2024-08-22,2.396
508019.SH,2024-08-23,2.409
508019.SH,2024-08-26,2.398
508019.SH,2024-08-27,2.409
508019.SH,2024-08-28,2.431
508019.SH,2024-08-29,2.418
508019.SH,2024-08-30,2.414
508019.SH,2024-09-02,2.416
508019.SH,2024-09-03,2.384
508019.SH,2024-09-04,2.375
508019.SH,2024-09-05,2.4
508019.SH,2024-09-06,2.417
508019.SH,2024-09-09,2.399
508019.SH,2024-09-10,2.39
508019.SH,2024-09-11,2.407
508019.SH,2024-09-12,2.405
508019.SH,2024-09-13,2.406
508019.SH,2024-09-18,2.391
508019.SH,2024-09-19,2.367
508019.SH,2024-09-20,2.363
508019.SH,2024-09-23,2.355
508019.SH,2024-09-24,2.37
508019.SH,2024-09-25,2.381
508019.SH,2024-09-26,2.376
508019.SH,2024-09-27,2.363
508019.SH,2024-09-30,2.344
508019.SH,2024-10-08,2.375
508019.SH,2024-10-09,2.36
508019.SH,2024-10-10,2.35
508019.SH,2024-10-11,2.353
508019.SH,2024-10-14,2.344
508019.SH,2024-10-15,2.33
508019.SH,2024-10-16,2.32
508019.SH,2024-10-17,2.305
508019.SH,2024-10-18,2.31
508019.SH,2024-10-21,2.299
508019.SH,2024-10-22,2.301
508019.SH,2024-10-23,2.296
508019.SH,2024-10-24,2.286
508019.SH,2024-10-25,2.283
508019.SH,2024-10-28,2.299
508019.SH,2024-10-29,2.326
508019.SH,2024-10-30,2.332
508019.SH,2024-10-31,2.337
508019.SH,2024-11-01,2.345
508019.SH,2024-11-04,2.349
508019.SH,2024-11-05,2.316
508019.SH,2024-11-06,2.312
508019.SH,2024-11-07,2.302
508019.SH,2024-11-08,2.293
508019.SH,2024-11-11,2.299
508019.SH,2024-11-12,2.305
508019.SH,2024-11-13,2.304
508019.SH,2024-11-14,2.294
508019.SH,2024-11-15,2.272
508019.SH,2024-11-18,2.272
508019.SH,2024-11-19,2.257
508019.SH,2024-11-20,2.257
508019.SH,2024-11-21,2.259
508019.SH,2024-11-22,2.255
508019.SH,2024-11-25,2.255
508019.SH,2024-11-26,2.249
508019.SH,2024-11-27,2.251
508019.SH,2024-11-28,2.259
508019.SH,2024-11-29,2.25
508019.SH,2024-12-02,2.24
508019.SH,2024-12-03,2.224
508019.SH,2024-12-04,2.224
508019.SH,2024-12-05,2.257
508019.SH,2024-12-06,2.255
508019.SH,2024-12-09,2.255
508019.SH,2024-12-10,2.253
508019.SH,2024-12-11,2.279
508019.SH,2024-12-12,2.327
508019.SH,2024-12-13,2.324
508019.SH,2024-12-16,2.324
508019.SH,2024-12-17,2.321
508019.SH,2024-12-18,2.308
508019.SH,2024-12-19,2.286
508019.SH,2024-12-20,2.286
508019.SH,2024-12-23,2.297
508019.SH,2024-12-24,2.32
508019.SH,2024-12-25,2.327
508019.SH,2024-12-26,2.328
508019.SH,2024-12-27,2.342
508019.SH,2024-12-30,2.384
508019.SH,2024-12-31,2.427
508019.SH,2025-01-02,2.404
508019.SH,2025-01-03,2.405
508019.SH,2025-01-06,2.41
508019.SH,2025-01-07,2.412
508019.SH,2025-01-08,2.43
508019.SH,2025-01-09,2.476
508019.SH,2025-01-10,2.485
508019.SH,2025-01-13,2.458
508019.SH,2025-01-14,2.41
508019.SH,2025-01-15,2.43
508019.SH,2025-01-16,2.442
508019.SH,2025-01-17,2.466
508019.SH,2025-01-20,2.456
508019.SH,2025-01-21,2.453
508019.SH,2025-01-22,2.457
508019.SH,2025-01-23,2.46
508019.SH,2025-01-24,2.474
508019.SH,2025-01-27,2.475
508019.SH,2025-02-05,2.464
508019.SH,2025-02-06,2.462
508019.SH,2025-02-07,2.483
508019.SH,2025-02-10,2.516
508019.SH,2025-02-11,2.602
508019.SH,2025-02-12,2.604
508019.SH,2025-02-13,2.581
508019.SH,2025-02-14,2.605
508019.SH,2025-02-17,2.651
508019.SH,2025-02-18,2.649
508019.SH,2025-02-19,2.638
508019.SH,2025-02-20,2.636
508019.SH,2025-02-21,2.626
508019.SH,2025-02-24,2.59
508019.SH,2025-02-25,2.56
508019.SH,2025-02-26,2.534
508019.SH,2025-02-27,2.489
508019.SH,2025-02-28,2.506
508019.SH,2025-03-03,2.555
508019.SH,2025-03-04,2.564
508019.SH,2025-03-05,2.567
508019.SH,2025-03-06,2.553
508019.SH,2025-03-07,2.533
508019.SH,2025-03-10,2.544
508019.SH,2025-03-11,2.552
508019.SH,2025-03-12,2.546
508019.SH,2025-03-13,2.54
508019.SH,2025-03-14,2.578
508019.SH,2025-03-17,2.562
508019.SH,2025-03-18,2.564
508019.SH,2025-03-19,2.575
508019.SH,2025-03-20,2.576
508019.SH,2025-03-21,2.568
508019.SH,2025-03-24,2.561
508019.SH,2025-03-25,2.563
508019.SH,2025-03-26,2.557
508019.SH,2025-03-27,2.567
508019.SH,2025-03-28,2.579
508019.SH,2025-03-31,2.552
508019.SH,2025-04-01,2.53
508019.SH,2025-04-02,2.535
508019.SH,2025-04-03,2.535
508019.SH,2025-04-07,2.478
508019.SH,2025-04-08,2.492
508019.SH,2025-04-09,2.486
508019.SH,2025-04-10,2.493
508019.SH,2025-04-11,2.525
508019.SH,2025-04-14,2.519
508019.SH,2025-04-15,2.514
508019.SH,2025-04-16,2.496
508019.SH,2025-04-17,2.502
508019.SH,2025-04-18,2.527
508019.SH,2025-04-21,2.546
508019.SH,2025-04-22,2.485
508019.SH,2025-04-23,2.439
508019.SH,2025-04-24,2.381
508019.SH,2025-04-25,2.357
508019.SH,2025-04-28,2.335
508019.SH,2025-04-29,2.34
508019.SH,2025-04-30,2.355
508019.SH,2025-05-06,2.361
508019.SH,2025-05-07,2.361
508019.SH,2025-05-08,2.351
508019.SH,2025-05-09,2.343
508019.SH,2025-05-12,2.394
508019.SH,2025-05-13,2.394
508019.SH,2025-05-14,2.396
508019.SH,2025-05-15,2.374
508019.SH,2025-05-16,2.397
508019.SH,2025-05-19,2.394
508019.SH,2025-05-20,2.395
508019.SH,2025-05-21,2.432
508019.SH,2025-05-22,2.4
508019.SH,2025-05-23,2.358
508019.SH,2025-05-26,2.338
508019.SH,2025-05-27,2.318
508019.SH,2025-05-28,2.324
508019.SH,2025-05-29,2.301
508019.SH,2025-05-30,2.301
508019.SH,2025-06-03,2.295
508019.SH,2025-06-04,2.3
508019.SH,2025-06-05,2.314
508019.SH,2025-06-06,2.319
508019.SH,2025-06-09,2.325
508019.SH,2025-06-10,2.31
508019.SH,2025-06-11,2.308
508019.SH,2025-06-12,2.307
508019.SH,2025-06-13,2.315
508019.SH,2025-06-16,2.315
508019.SH,2025-06-17,2.314
508019.SH,2025-06-18,2.325
508019.SH,2025-06-19,2.306
508019.SH,2025-06-20,2.308
508019.SH,2025-06-23,2.304
508019.SH,2025-06-24,2.271
508019.SH,2025-06-25,2.282
508019.SH,2025-06-26,2.291
508019.SH,2025-06-27,2.29
508019.SH,2025-06-30,2.266
508019.SH,2025-07-01,2.272
508019.SH,2025-07-02,2.286
508019.SH,2025-07-03,2.288
508019.SH,2025-07-04,2.3
508019.SH,2025-07-07,2.298
508019.SH,2025-07-08,2.27
508019.SH,2025-07-09,2.251
508019.SH,2025-07-10,2.243
508019.SH,2025-07-11,2.256
508019.SH,2025-07-14,2.262
508019.SH,2025-07-15,2.278
508019.SH,2025-07-16,2.31
508019.SH,2025-07-17,2.296
508019.SH,2025-07-18,2.303
508019.SH,2025-07-21,2.286
508019.SH,2025-07-22,2.276
508019.SH,2025-07-23,2.23
508019.SH,2025-07-24,2.277
508019.SH,2025-07-25,2.263
508019.SH,2025-07-28,2.26
508019.SH,2025-07-29,2.237
508019.SH,2025-07-30,2.208
508019.SH,2025-07-31,2.205
508019.SH,2025-08-01,2.197
508019.SH,2025-08-04,2.197
508019.SH,2025-08-05,2.174
508019.SH,2025-08-06,2.144
508019.SH,2025-08-07,2.119
508019.SH,2025-08-08,2.118
508019.SH,2025-08-11,2.12
508019.SH,2025-08-12,2.112
508019.SH,2025-08-13,2.106
508019.SH,2025-08-14,2.096
508019.SH,2025-08-15,2.087
508019.SH,2025-08-18,2.032
508019.SH,2025-08-19,2.024
508019.SH,2025-08-20,2.033
508019.SH,2025-08-21,2.019
508019.SH,2025-08-22,2.01
508019.SH,2025-08-25,2.01
508019.SH,2025-08-26,2.058
508019.SH,2025-08-27,2.045
508019.SH,2025-08-28,2.033
508019.SH,2025-08-29,2.015
508019.SH,2025-09-01,2.013
508019.SH,2025-09-02,2.012
508019.SH,2025-09-03,2.02
508019.SH,2025-09-04,2.012
508019.SH,2025-09-05,2.017
508019.SH,2025-09-08,2.015
508019.SH,2025-09-09,2.003
508019.SH,2025-09-10,1.976
508019.SH,2025-09-11,1.977
508019.SH,2025-09-12,1.97
508019.SH,2025-09-15,1.954
508019.SH,2025-09-16,1.976
508019.SH,2025-09-17,1.985
508019.SH,2025-09-18,1.988
508019.SH,2025-09-19,1.972
508019.SH,2025-09-22,1.957
508019.SH,2025-09-23,1.942
508019.SH,2025-09-24,1.945
508019.SH,2025-09-25,1.945
508019.SH,2025-09-26,1.946
508019.SH,2025-09-29,1.947
508019.SH,2025-09-30,1.947
508019.SH,2025-10-09,1.941
508019.SH,2025-10-10,1.942
508019.SH,2025-10-13,1.95
508019.SH,2025-10-14,1.953
508019.SH,2025-10-15,1.951
508019.SH,2025-10-16,1.948
508019.SH,2025-10-17,1.931
508019.SH,2025-10-20,1.905
508019.SH,2025-10-21,1.896
508019.SH,2025-10-22,1.904
508019.SH,2025-10-23,1.898
508019.SH,2025-10-24,1.908
508019.SH,2025-10-27,1.899
508019.SH,2025-10-28,1.944
508019.SH,2025-10-29,1.946
508019.SH,2025-10-30,1.937
508019.SH,2025-10-31,1.93
508019.SH,2025-11-03,1.897
508019.SH,2025-11-04,1.908
508019.SH,2025-11-05,1.909
508019.SH,2025-11-06,1.903
508019.SH,2025-11-07,1.9
508019.SH,2025-11-10,1.911
508019.SH,2025-11-11,1.917
508019.SH,2025-11-12,1.918
508019.SH,2025-11-13,1.899
508019.SH,2025-11-14,1.9
508019.SH,2025-11-17,1.898
508019.SH,2025-11-18,1.882
508019.SH,2025-11-19,1.882
508019.SH,2025-11-20,1.884
508019.SH,2025-11-21,1.873
508019.SH,2025-11-24,1.859
508019.SH,2025-11-25,1.854
508019.SH,2025-11-26,1.854
508019.SH,2025-11-27,1.838
508019.SH,2025-11-28,1.832
508019.SH,2025-12-01,1.831
508019.SH,2025-12-02,1.82
508019.SH,2025-12-03,1.817
508019.SH,2025-12-04,1.812
508019.SH,2025-12-05,1.808
508019.SH,2025-12-08,1.796
508019.SH,2025-12-09,1.786
508019.SH,2025-12-10,1.792
508019.SH,2025-12-11,1.785
508019.SH,2025-12-12,1.817
508019.SH,2025-12-15,1.803
508019.SH,2025-12-16,1.788
508019.SH,2025-12-17,1.794
508019.SH,2025-12-18,1.769
508019.SH,2025-12-19,1.75
508019.SH,2025-12-22,1.744
508019.SH,2025-12-23,1.731
508019.SH,2025-12-24,1.783
508019.SH,2025-12-25,1.804
508019.SH,2025-12-26,1.828
508019.SH,2025-12-29,1.822
508019.SH,2025-12-30,1.828
508019.SH,2025-12-31,1.841
508019.SH,2026-01-05,1.829
508019.SH,2026-01-06,1.848
508019.SH,2026-01-07,1.877
508019.SH,2026-01-08,1.906
508019.SH,2026-01-09,1.911
508019.SH,2026-01-12,1.928
508019.SH,2026-01-13,1.931
508019.SH,2026-01-14,1.929
508019.SH,2026-01-15,1.895
508019.SH,2026-01-16,1.881
508019.SH,2026-01-19,1.869
508019.SH,2026-01-20,1.879
508019.SH,2026-01-21,1.873
508019.SH,2026-01-22,1.869
508019.SH,2026-01-23,1.891
508019.SH,2026-01-26,1.879
508019.SH,2026-01-27,1.889
508019.SH,2026-01-28,1.854
508019.SH,2026-01-29,1.861
508019.SH,2026-01-30,1.852
508019.SH,2026-02-02,1.828
508019.SH,2026-02-03,1.843
508019.SH,2026-02-04,1.86
508019.SH,2026-02-05,1.866
508019.SH,2026-02-06,1.881
508019.SH,2026-02-09,1.871
508019.SH,2026-02-10,1.874
508019.SH,2026-02-11,1.869
508019.SH,2026-02-12,1.865
508019.SH,2026-02-13,1.858
508019.SH,2026-02-24,1.855
508019.SH,2026-02-25,1.86
508019.SH,2026-02-26,1.85
508019.SH,2026-02-27,1.845
508019.SH,2026-03-02,1.83
508019.SH,2026-03-03,1.832
508019.SH,2026-03-04,1.819
508019.SH,2026-03-05,1.82
508019.SH,2026-03-06,1.792
508019.SH,2026-03-09,1.772
508019.SH,2026-03-10,1.783
508019.SH,2026-03-11,1.79
508019.SH,2026-03-12,1.78
508019.SH,2026-03-13,1.779
508019.SH,2026-03-16,1.773
508019.SH,2026-03-17,1.776
508019.SH,2026-03-18,1.783
508019.SH,2026-03-19,1.781
508019.SH,2026-03-20,1.779
508019.SH,2026-03-23,1.762
508019.SH,2026-03-24,1.764
508019.SH,2026-03-25,1.76
508019.SH,2026-03-26,1.759
508019.SH,2026-03-27,1.76
508019.SH,2026-03-30,1.752
508019.SH,2026-03-31,1.74
508019.SH,2026-04-01,1.74
508019.SH,2026-04-02,1.751
508019.SH,2026-04-03,1.753
508019.SH,2026-04-07,1.757
508019.SH,2026-04-08,1.738
508019.SH,2026-04-09,1.732
508019.SH,2026-04-10,1.731
508019.SH,2026-04-13,1.724
508019.SH,2026-04-14,1.723
508019.SH,2026-04-15,1.721
508019.SH,2026-04-16,1.739
508019.SH,2026-04-17,1.738
508019.SH,2026-04-20,1.75
508019.SH,2026-04-21,1.746
508019.SH,2026-04-22,1.699
508019.SH,2026-04-23,1.695
508019.SH,2026-04-24,1.711
508019.SH,2026-04-27,1.698
508019.SH,2026-04-28,1.698
508019.SH,2026-04-29,1.698
508019.SH,2026-04-30,1.701
508019.SH,2026-05-06,1.703
508019.SH,2026-05-07,1.704
508019.SH,2026-05-08,1.701
508019.SH,2026-05-11,1.657
508019.SH,2026-05-12,1.658
508019.SH,2026-05-13,1.597
508019.SH,2026-05-14,1.58
508019.SH,2026-05-15,1.554
508019.SH,2026-05-18,1.552
508019.SH,2026-05-19,1.614
508019.SH,2026-05-20,1.61
508019.SH,2026-05-21,1.598
508019.SH,2026-05-22,1.583
508019.SH,2026-05-25,1.573
508019.SH,2026-05-26,1.566
508019.SH,2026-05-27,1.528
508019.SH,2026-05-28,1.491
508019.SH,2026-05-29,1.491
508019.SH,2026-06-01,1.524
508019.SH,2026-06-02,1.501
508019.SH,2026-06-03,1.499
508019.SH,2026-06-04,1.493
508019.SH,2026-06-05,1.487
508019.SH,2026-06-08,1.482
508019.SH,2026-06-09,1.472
508019.SH,2026-06-10,1.457
508019.SH,2026-06-11,1.445
508019.SH,2026-06-12,1.446
508019.SH,2026-06-15,1.447
508019.SH,2026-06-16,1.441
508019.SH,2026-06-17,1.441
508019.SH,2026-06-18,1.412
508019.SH,2026-06-22,1.359
508019.SH,2026-06-23,1.362
508019.SH,2026-06-24,1.336
508019.SH,2026-06-25,1.351
508019.SH,2026-06-26,1.336
508019.SH,2026-06-29,1.338
508019.SH,2026-06-30,1.351
508019.SH,2026-07-01,1.377
508019.SH,2026-07-02,1.378
508019.SH,2026-07-03,1.401
508019.SH,2026-07-06,1.432
508019.SH,2026-07-07,1.435
508019.SH,2026-07-08,1.398
508019.SH,2026-07-09,1.375
508019.SH,2026-07-10,1.392
508019.SH,2026-07-13,1.392
508019.SH,2026-07-14,1.39
508019.SH,2026-07-15,1.384
508019.SH,2026-07-16,1.407
508019.SH,2026-07-17,1.395
508019.SH,2026-07-20,1.355
508019.SH,2026-07-21,1.36
508019.SH,2026-07-22,1.345
508019.SH,2026-07-23,1.348
508019.SH,2026-07-24,1.334
508019.SH,2026-07-27,1.318
508019.SH,2026-07-28,1.277
508019.SH,2026-07-29,1.235
508019.SH,2026-07-30,1.229
508019.SH,2026-07-31,1.243
508019.SH,2026-08-03,1.239
508019.SH,2026-08-04,1.228
508019.SH,2026-08-05,1.2
508019.SH,2026-08-06,1.192
508019.SH,2026-08-07,1.211
508019.SH,2026-08-10,1.213
508019.SH,2026-08-11,1.213
508019.SH,2026-08-12,1.204
508019.SH,2026-08-13,1.202
508019.SH,2026-08-14,1.226
508019.SH,2026-08-17,1.198
508019.SH,2026-08-18,1.203
508019.SH,2026-08-19,1.2
508019.SH,2026-08-20,1.231
508019.SH,2026-08-21,1.235
508019.SH,2026-08-24,1.237
508019.SH,2026-08-25,1.249
508019.SH,2026-08-26,1.299
508019.SH,2026-08-27,1.327
508019.SH,2026-08-28,1.38
508019.SH,2026-08-31,1.372
508019.SH,2026-09-01,1.341
508019.SH,2026-09-02,1.32
508019.SH,2026-09-03,1.302
508019.SH,2026-09-04,1.292
508019.SH,2026-09-07,1.272
508019.SH,2026-09-08,1.257
508019.SH,2026-09-09,1.256
508019.SH,2026-09-10,1.248
508019.SH,2026-09-11,1.226
508019.SH,2026-09-14,1.206
508019.SH,2026-09-15,1.214
508019.SH,2026-09-16,1.213
508019.SH,2026-09-17,1.24
508019.SH,2026-09-18,1.224
508019.SH,2026-09-21,1.236
508019.SH,2026-09-22,1.241
508019.SH,2026-09-23,1.259
508019.SH,2026-09-24,1.258
508019.SH,2026-09-28,1.244
508019.SH,2026-09-29,1.235
508019.SH,2026-09-30,1.238
508021.SH,2022-10-13,5.356
508021.SH,2022-10-14,5.35
508021.SH,2022-10-17,5.429
508021.SH,2022-10-18,5.625
508021.SH,2022-10-19,5.61
508021.SH,2022-10-20,5.65
508021.SH,2022-10-21,5.71
508021.SH,2022-10-24,5.583
508021.SH,2022-10-25,5.516
508021.SH,2022-10-26,5.546
508021.SH,2022-10-27,5.535
508021.SH,2022-10-28,5.587
508021.SH,2022-10-31,5.569
508021.SH,2022-11-01,5.649
508021.SH,2022-11-02,5.64
508021.SH,2022-11-03,5.622
508021.SH,2022-11-04,5.64
508021.SH,2022-11-07,5.604
508021.SH,2022-11-08,5.577
508021.SH,2022-11-09,5.59
508021.SH,2022-11-10,5.584
508021.SH,2022-11-11,5.543
508021.SH,2022-11-14,5.521
508021.SH,2022-11-15,5.516
508021.SH,2022-11-16,5.493
508021.SH,2022-11-17,5.482
508021.SH,2022-11-18,5.462
508021.SH,2022-11-21,5.508
508021.SH,2022-11-22,5.523
508021.SH,2022-11-23,5.559
508021.SH,2022-11-24,5.545
508021.SH,2022-11-25,5.551
508021.SH,2022-11-28,5.52
508021.SH,2022-11-29,5.525
508021.SH,2022-11-30,5.53
508021.SH,2022-12-01,5.544
508021.SH,2022-12-02,5.554
508021.SH,2022-12-05,5.567
508021.SH,2022-12-06,5.551
508021.SH,2022-12-07,5.53
508021.SH,2022-12-08,5.538
508021.SH,2022-12-09,5.524
508021.SH,2022-12-12,5.499
508021.SH,2022-12-13,5.478
508021.SH,2022-12-14,5.482
508021.SH,2022-12-15,5.479
508021.SH,2022-12-16,5.475
508021.SH,2022-12-19,5.465
508021.SH,2022-12-20,5.38
508021.SH,2022-12-21,5.354
508021.SH,2022-12-22,5.349
508021.SH,2022-12-23,5.425
508021.SH,2022-12-26,5.387
508021.SH,2022-12-27,5.344
508021.SH,2022-12-28,5.26
508021.SH,2022-12-29,5.181
508021.SH,2022-12-30,5.19
508021.SH,2023-01-03,5.087
508021.SH,2023-01-04,5.022
508021.SH,2023-01-05,4.863
508021.SH,2023-01-06,5.068
508021.SH,2023-01-09,5.097
508021.SH,2023-01-10,5.166
508021.SH,2023-01-11,5.199
508021.SH,2023-01-12,5.18
508021.SH,2023-01-13,5.149
508021.SH,2023-01-16,5.158
508021.SH,2023-01-17,5.172
508021.SH,2023-01-18,5.18
508021.SH,2023-01-19,5.193
508021.SH,2023-01-20,5.217
508021.SH,2023-01-30,5.243
508021.SH,2023-01-31,5.409
508021.SH,2023-02-01,5.506
508021.SH,2023-02-02,5.478
508021.SH,2023-02-03,5.51
508021.SH,2023-02-06,5.502
508021.SH,2023-02-07,5.517
508021.SH,2023-02-08,5.544
508021.SH,2023-02-09,5.582
508021.SH,2023-02-10,5.599
508021.SH,2023-02-13,5.622
508021.SH,2023-02-14,5.657
508021.SH,2023-02-15,5.631
508021.SH,2023-02-16,5.641
508021.SH,2023-02-17,5.646
508021.SH,2023-02-20,5.668
508021.SH,2023-02-21,5.681
508021.SH,2023-02-22,5.648
508021.SH,2023-02-23,5.561
508021.SH,2023-02-24,5.431
508021.SH,2023-02-27,5.444
508021.SH,2023-02-28,5.477
508021.SH,2023-03-01,5.472
508021.SH,2023-03-02,5.445
508021.SH,2023-03-03,5.441
508021.SH,2023-03-06,5.453
508021.SH,2023-03-07,5.459
508021.SH,2023-03-08,5.448
508021.SH,2023-03-09,5.452
508021.SH,2023-03-10,5.451
508021.SH,2023-03-13,5.48
508021.SH,2023-03-14,5.5
508021.SH,2023-03-15,5.508
508021.SH,2023-03-16,5.5
508021.SH,2023-03-17,5.496
508021.SH,2023-03-20,5.489
508021.SH,2023-03-21,5.485
508021.SH,2023-03-22,5.495
508021.SH,2023-03-23,5.512
508021.SH,2023-03-24,5.524
508021.SH,2023-03-27,5.544
508021.SH,2023-03-28,5.531
508021.SH,2023-03-29,5.494
508021.SH,2023-03-30,5.456
508021.SH,2023-03-31,5.439
508021.SH,2023-04-03,5.405
508021.SH,2023-04-04,5.384
508021.SH,2023-04-06,5.373
508021.SH,2023-04-07,5.352
508021.SH,2023-04-10,5.324
508021.SH,2023-04-11,5.278
508021.SH,2023-04-12,5.292
508021.SH,2023-04-13,5.275
508021.SH,2023-04-14,5.273
508021.SH,2023-04-17,5.298
508021.SH,2023-04-18,5.256
508021.SH,2023-04-19,5.21
508021.SH,2023-04-20,5.197
508021.SH,2023-04-21,5.137
508021.SH,2023-04-24,5.143
508021.SH,2023-04-25,5.115
508021.SH,2023-04-26,5.104
508021.SH,2023-04-27,5.057
508021.SH,2023-04-28,5.01
508021.SH,2023-05-04,4.895
508021.SH,2023-05-05,4.858
508021.SH,2023-05-08,4.872
508021.SH,2023-05-09,4.917
508021.SH,2023-05-10,5.044
508021.SH,2023-05-11,5.122
508021.SH,2023-05-12,5.148
508021.SH,2023-05-15,5.118
508021.SH,2023-05-16,5.175
508021.SH,2023-05-17,5.152
508021.SH,2023-05-18,5.15
508021.SH,2023-05-19,5.15
508021.SH,2023-05-22,5.189
508021.SH,2023-05-23,5.214
508021.SH,2023-05-24,5.236
508021.SH,2023-05-25,5.23
508021.SH,2023-05-26,5.21
508021.SH,2023-05-29,5.151
508021.SH,2023-05-30,5.068
508021.SH,2023-05-31,4.972
508021.SH,2023-06-01,4.977
508021.SH,2023-06-02,4.94
508021.SH,2023-06-05,4.818
508021.SH,2023-06-06,4.878
508021.SH,2023-06-07,4.993
508021.SH,2023-06-08,5.098
508021.SH,2023-06-09,5.121
508021.SH,2023-06-12,5.094
508021.SH,2023-06-13,5.075
508021.SH,2023-06-14,5.03
508021.SH,2023-06-15,5.073
508021.SH,2023-06-16,5.103
508021.SH,2023-06-19,5.08
508021.SH,2023-06-20,5.072
508021.SH,2023-06-21,5.051
508021.SH,2023-06-26,5.06
508021.SH,2023-06-27,5.045
508021.SH,2023-06-28,5.09
508021.SH,2023-06-29,5.074
508021.SH,2023-06-30,5.001
508021.SH,2023-07-03,4.995
508021.SH,2023-07-04,5.012
508021.SH,2023-07-05,4.943
508021.SH,2023-07-06,4.959
508021.SH,2023-07-07,5.0
508021.SH,2023-07-10,5.059
508021.SH,2023-07-11,5.049
508021.SH,2023-07-12,4.972
508021.SH,2023-07-13,5.009
508021.SH,2023-07-14,5.02
508021.SH,2023-07-17,5.155
508021.SH,2023-07-18,5.205
508021.SH,2023-07-19,5.187
508021.SH,2023-07-20,5.168
508021.SH,2023-07-21,5.21
508021.SH,2023-07-24,5.216
508021.SH,2023-07-25,5.285
508021.SH,2023-07-26,5.35
508021.SH,2023-07-27,5.29
508021.SH,2023-07-28,5.255
508021.SH,2023-07-31,5.231
508021.SH,2023-08-01,5.254
508021.SH,2023-08-02,5.282
508021.SH,2023-08-03,5.26
508021.SH,2023-08-04,5.264
508021.SH,2023-08-07,5.244
508021.SH,2023-08-08,5.261
508021.SH,2023-08-09,5.272
508021.SH,2023-08-10,5.272
508021.SH,2023-08-11,5.273
508021.SH,2023-08-14,5.275
508021.SH,2023-08-15,5.282
508021.SH,2023-08-16,5.26
508021.SH,2023-08-17,5.242
508021.SH,2023-08-18,5.253
508021.SH,2023-08-21,5.235
508021.SH,2023-08-22,5.207
508021.SH,2023-08-23,5.208
508021.SH,2023-08-24,5.196
508021.SH,2023-08-25,5.195
508021.SH,2023-08-28,5.196
508021.SH,2023-08-29,5.203
508021.SH,2023-08-30,5.186
508021.SH,2023-08-31,5.194
508021.SH,2023-09-01,5.192
508021.SH,2023-09-04,5.186
508021.SH,2023-09-05,5.21
508021.SH,2023-09-06,5.211
508021.SH,2023-09-07,5.208
508021.SH,2023-09-08,5.208
508021.SH,2023-09-11,5.229
508021.SH,2023-09-12,5.225
508021.SH,2023-09-13,5.214
508021.SH,2023-09-14,5.241
508021.SH,2023-09-15,5.249
508021.SH,2023-09-18,5.222
508021.SH,2023-09-19,5.222
508021.SH,2023-09-20,5.224
508021.SH,2023-09-21,5.207
508021.SH,2023-09-22,5.208
508021.SH,2023-09-25,5.197
508021.SH,2023-09-26,5.181
508021.SH,2023-09-27,5.169
508021.SH,2023-09-28,5.173
508021.SH,2023-10-09,5.173
508021.SH,2023-10-10,5.156
508021.SH,2023-10-11,5.085
508021.SH,2023-10-12,5.058
508021.SH,2023-10-13,4.969
508021.SH,2023-10-16,4.868
508021.SH,2023-10-17,4.847
508021.SH,2023-10-18,4.728
508021.SH,2023-10-19,4.625
508021.SH,2023-10-20,4.542
508021.SH,2023-10-23,4.438
508021.SH,2023-10-24,4.53
508021.SH,2023-10-25,4.514
508021.SH,2023-10-26,4.497
508021.SH,2023-10-27,4.49
508021.SH,2023-10-30,4.457
508021.SH,2023-10-31,4.433
508021.SH,2023-11-01,4.375
508021.SH,2023-11-02,4.347
508021.SH,2023-11-03,4.323
508021.SH,2023-11-06,4.253
508021.SH,2023-11-07,4.294
508021.SH,2023-11-08,4.464
508021.SH,2023-11-09,4.552
508021.SH,2023-11-10,4.49
508021.SH,2023-11-13,4.468
508021.SH,2023-11-14,4.467
508021.SH,2023-11-15,4.465
508021.SH,2023-11-16,4.445
508021.SH,2023-11-17,4.453
508021.SH,2023-11-20,4.445
508021.SH,2023-11-21,4.454
508021.SH,2023-11-22,4.448
508021.SH,2023-11-23,4.447
508021.SH,2023-11-24,4.417
508021.SH,2023-11-27,4.394
508021.SH,2023-11-28,4.361
508021.SH,2023-11-29,4.363
508021.SH,2023-11-30,4.42
508021.SH,2023-12-01,4.439
508021.SH,2023-12-04,4.45
508021.SH,2023-12-05,4.433
508021.SH,2023-12-06,4.447
508021.SH,2023-12-07,4.442
508021.SH,2023-12-08,4.435
508021.SH,2023-12-11,4.406
508021.SH,2023-12-12,4.33
508021.SH,2023-12-13,4.3
508021.SH,2023-12-14,4.294
508021.SH,2023-12-15,4.38
508021.SH,2023-12-18,4.374
508021.SH,2023-12-19,4.376
508021.SH,2023-12-20,4.368
508021.SH,2023-12-21,4.43
508021.SH,2023-12-22,4.502
508021.SH,2023-12-25,4.528
508021.SH,2023-12-26,4.519
508021.SH,2023-12-27,4.451
508021.SH,2023-12-28,4.464
508021.SH,2023-12-29,4.535
508021.SH,2024-01-02,4.515
508021.SH,2024-01-03,4.487
508021.SH,2024-01-04,4.457
508021.SH,2024-01-05,4.423
508021.SH,2024-01-08,4.374
508021.SH,2024-01-09,4.335
508021.SH,2024-01-10,4.237
508021.SH,2024-01-11,4.2
508021.SH,2024-01-12,4.072
508021.SH,2024-01-15,4.131
508021.SH,2024-01-16,4.216
508021.SH,2024-01-17,4.26
508021.SH,2024-01-18,4.189
508021.SH,2024-01-19,4.153
508021.SH,2024-01-22,4.03
508021.SH,2024-01-23,4.018
508021.SH,2024-01-24,3.929
508021.SH,2024-01-25,4.022
508021.SH,2024-01-26,3.967
508021.SH,2024-01-29,3.958
508021.SH,2024-01-30,3.905
508021.SH,2024-01-31,3.875
508021.SH,2024-02-01,3.932
508021.SH,2024-02-02,3.892
508021.SH,2024-02-05,3.809
508021.SH,2024-02-06,3.785
508021.SH,2024-02-07,3.847
508021.SH,2024-02-08,3.929
508021.SH,2024-02-19,4.112
508021.SH,2024-02-20,4.185
508021.SH,2024-02-21,4.19
508021.SH,2024-02-22,4.459
508021.SH,2024-02-23,4.459
508021.SH,2024-02-26,4.654
508021.SH,2024-02-27,4.558
508021.SH,2024-02-28,4.427
508021.SH,2024-02-29,4.396
508021.SH,2024-03-01,4.54
508021.SH,2024-03-04,4.589
508021.SH,2024-03-05,4.507
508021.SH,2024-03-06,4.451
508021.SH,2024-03-07,4.373
508021.SH,2024-03-08,4.41
508021.SH,2024-03-11,4.446
508021.SH,2024-03-12,4.416
508021.SH,2024-03-13,4.384
508021.SH,2024-03-14,4.365
508021.SH,2024-03-15,4.364
508021.SH,2024-03-18,4.361
508021.SH,2024-03-19,4.37
508021.SH,2024-03-20,4.357
508021.SH,2024-03-21,4.327
508021.SH,2024-03-22,4.38
508021.SH,2024-03-25,4.348
508021.SH,2024-03-26,4.465
508021.SH,2024-03-27,4.505
508021.SH,2024-03-28,4.542
508021.SH,2024-03-29,4.508
508021.SH,2024-04-01,4.551
508021.SH,2024-04-02,4.572
508021.SH,2024-04-03,4.572
508021.SH,2024-04-08,4.555
508021.SH,2024-04-09,4.51
508021.SH,2024-04-10,4.559
508021.SH,2024-04-11,4.576
508021.SH,2024-04-12,4.626
508021.SH,2024-04-15,4.59
508021.SH,2024-04-16,4.587
508021.SH,2024-04-17,4.664
508021.SH,2024-04-18,4.706
508021.SH,2024-04-19,4.702
508021.SH,2024-04-22,4.623
508021.SH,2024-04-23,4.356
508021.SH,2024-04-24,4.439
508021.SH,2024-04-25,4.471
508021.SH,2024-04-26,4.483
508021.SH,2024-04-29,4.488
508021.SH,2024-04-30,4.454
508021.SH,2024-05-06,4.457
508021.SH,2024-05-07,4.501
508021.SH,2024-05-08,4.499
508021.SH,2024-05-09,4.508
508021.SH,2024-05-10,4.479
508021.SH,2024-05-13,4.462
508021.SH,2024-05-14,4.45
508021.SH,2024-05-15,4.411
508021.SH,2024-05-16,4.405
508021.SH,2024-05-17,4.396
508021.SH,2024-05-20,4.397
508021.SH,2024-05-21,4.385
508021.SH,2024-05-22,4.363
508021.SH,2024-05-23,4.335
508021.SH,2024-05-24,4.438
508021.SH,2024-05-27,4.431
508021.SH,2024-05-28,4.454
508021.SH,2024-05-29,4.461
508021.SH,2024-05-30,4.436
508021.SH,2024-05-31,4.437
508021.SH,2024-06-03,4.452
508021.SH,2024-06-04,4.448
508021.SH,2024-06-05,4.435
508021.SH,2024-06-06,4.417
508021.SH,2024-06-07,4.406
508021.SH,2024-06-11,4.406
508021.SH,2024-06-12,4.392
508021.SH,2024-06-13,4.438
508021.SH,2024-06-14,4.433
508021.SH,2024-06-17,4.436
508021.SH,2024-06-18,4.475
508021.SH,2024-06-19,4.477
508021.SH,2024-06-20,4.484
508021.SH,2024-06-21,4.52
508021.SH,2024-06-24,4.506
508021.SH,2024-06-25,4.474
508021.SH,2024-06-26,4.475
508021.SH,2024-06-27,4.485
508021.SH,2024-06-28,4.433
508021.SH,2024-07-01,4.408
508021.SH,2024-07-02,4.46
508021.SH,2024-07-03,4.504
508021.SH,2024-07-04,4.505
508021.SH,2024-07-05,4.51
508021.SH,2024-07-08,4.496
508021.SH,2024-07-09,4.493
508021.SH,2024-07-10,4.503
508021.SH,2024-07-11,4.492
508021.SH,2024-07-12,4.456
508021.SH,2024-07-15,4.403
508021.SH,2024-07-16,4.381
508021.SH,2024-07-17,4.375
508021.SH,2024-07-18,4.365
508021.SH,2024-07-19,4.438
508021.SH,2024-07-22,4.425
508021.SH,2024-07-23,4.388
508021.SH,2024-07-24,4.393
508021.SH,2024-07-25,4.427
508021.SH,2024-07-26,4.448
508021.SH,2024-07-29,4.461
508021.SH,2024-07-30,4.477
508021.SH,2024-07-31,4.54
508021.SH,2024-08-01,4.575
508021.SH,2024-08-02,4.538
508021.SH,2024-08-05,4.566
508021.SH,2024-08-06,4.629
508021.SH,2024-08-07,4.729
508021.SH,2024-08-08,4.667
508021.SH,2024-08-09,4.708
508021.SH,2024-08-12,4.692
508021.SH,2024-08-13,4.657
508021.SH,2024-08-14,4.658
508021.SH,2024-08-15,4.645
508021.SH,2024-08-16,4.606
508021.SH,2024-08-19,4.58
508021.SH,2024-08-20,4.588
508021.SH,2024-08-21,4.611
508021.SH,2024-08-22,4.564
508021.SH,2024-08-23,4.577
508021.SH,2024-08-26,4.58
508021.SH,2024-08-27,4.564
508021.SH,2024-08-28,4.589
508021.SH,2024-08-29,4.552
508021.SH,2024-08-30,4.501
508021.SH,2024-09-02,4.475
508021.SH,2024-09-03,4.441
508021.SH,2024-09-04,4.431
508021.SH,2024-09-05,4.481
508021.SH,2024-09-06,4.487
508021.SH,2024-09-09,4.463
508021.SH,2024-09-10,4.452
508021.SH,2024-09-11,4.393
508021.SH,2024-09-12,4.357
508021.SH,2024-09-13,4.334
508021.SH,2024-09-18,4.285
508021.SH,2024-09-19,4.256
508021.SH,2024-09-20,4.273
508021.SH,2024-09-23,4.205
508021.SH,2024-09-24,4.291
508021.SH,2024-09-25,4.39
508021.SH,2024-09-26,4.43
508021.SH,2024-09-27,4.466
508021.SH,2024-09-30,4.371
508021.SH,2024-10-08,4.369
508021.SH,2024-10-09,4.282
508021.SH,2024-10-10,4.359
508021.SH,2024-10-11,4.405
508021.SH,2024-10-14,4.321
508021.SH,2024-10-15,4.254
508021.SH,2024-10-16,4.319
508021.SH,2024-10-17,4.353
508021.SH,2024-10-18,4.401
508021.SH,2024-10-21,4.33
508021.SH,2024-10-22,4.389
508021.SH,2024-10-23,4.394
508021.SH,2024-10-24,4.304
508021.SH,2024-10-25,4.372
508021.SH,2024-10-28,4.338
508021.SH,2024-10-29,4.334
508021.SH,2024-10-30,4.304
508021.SH,2024-10-31,4.279
508021.SH,2024-11-01,4.265
508021.SH,2024-11-04,4.252
508021.SH,2024-11-05,4.262
508021.SH,2024-11-06,4.292
508021.SH,2024-11-07,4.261
508021.SH,2024-11-08,4.234
508021.SH,2024-11-11,4.295
508021.SH,2024-11-12,4.357
508021.SH,2024-11-13,4.268
508021.SH,2024-11-14,4.221
508021.SH,2024-11-15,4.254
508021.SH,2024-11-18,4.237
508021.SH,2024-11-19,4.207
508021.SH,2024-11-20,4.23
508021.SH,2024-11-21,4.359
508021.SH,2024-11-22,4.29
508021.SH,2024-11-25,4.311
508021.SH,2024-11-26,4.272
508021.SH,2024-11-27,4.239
508021.SH,2024-11-28,4.293
508021.SH,2024-11-29,4.261
508021.SH,2024-12-02,4.256
508021.SH,2024-12-03,4.24
508021.SH,2024-12-04,4.23
508021.SH,2024-12-05,4.196
508021.SH,2024-12-06,4.198
508021.SH,2024-12-09,4.189
508021.SH,2024-12-10,4.193
508021.SH,2024-12-11,4.232
508021.SH,2024-12-12,4.234
508021.SH,2024-12-13,4.219
508021.SH,2024-12-16,4.231
508021.SH,2024-12-17,4.19
508021.SH,2024-12-18,4.187
508021.SH,2024-12-19,4.205
508021.SH,2024-12-20,4.187
508021.SH,2024-12-23,4.187
508021.SH,2024-12-24,4.197
508021.SH,2024-12-25,4.279
508021.SH,2024-12-26,4.238
508021.SH,2024-12-27,4.239
508021.SH,2024-12-30,4.275
508021.SH,2024-12-31,4.3
508021.SH,2025-01-02,4.31
508021.SH,2025-01-03,4.316
508021.SH,2025-01-06,4.281
508021.SH,2025-01-07,4.205
508021.SH,2025-01-08,4.319
508021.SH,2025-01-09,4.367
508021.SH,2025-01-10,4.377
508021.SH,2025-01-13,4.337
508021.SH,2025-01-14,4.264
508021.SH,2025-01-15,4.389
508021.SH,2025-01-16,4.375
508021.SH,2025-01-17,4.383
508021.SH,2025-01-20,4.388
508021.SH,2025-01-21,4.389
508021.SH,2025-01-22,4.43
508021.SH,2025-01-23,4.413
508021.SH,2025-01-24,4.422
508021.SH,2025-01-27,4.442
508021.SH,2025-02-05,4.435
508021.SH,2025-02-06,4.443
508021.SH,2025-02-07,4.417
508021.SH,2025-02-10,4.443
508021.SH,2025-02-11,4.482
508021.SH,2025-02-12,4.444
508021.SH,2025-02-13,4.364
508021.SH,2025-02-14,4.415
508021.SH,2025-02-17,4.434
508021.SH,2025-02-18,4.43
508021.SH,2025-02-19,4.47
508021.SH,2025-02-20,4.54
508021.SH,2025-02-21,4.515
508021.SH,2025-02-24,4.415
508021.SH,2025-02-25,4.426
508021.SH,2025-02-26,4.472
508021.SH,2025-02-27,4.466
508021.SH,2025-02-28,4.421
508021.SH,2025-03-03,4.482
508021.SH,2025-03-04,4.499
508021.SH,2025-03-05,4.52
508021.SH,2025-03-06,4.552
508021.SH,2025-03-07,4.52
508021.SH,2025-03-10,4.518
508021.SH,2025-03-11,4.49
508021.SH,2025-03-12,4.47
508021.SH,2025-03-13,4.465
508021.SH,2025-03-14,4.477
508021.SH,2025-03-17,4.476
508021.SH,2025-03-18,4.449
508021.SH,2025-03-19,4.53
508021.SH,2025-03-20,4.529
508021.SH,2025-03-21,4.471
508021.SH,2025-03-24,4.515
508021.SH,2025-03-25,4.568
508021.SH,2025-03-26,4.589
508021.SH,2025-03-27,4.592
508021.SH,2025-03-28,4.645
508021.SH,2025-03-31,4.643
508021.SH,2025-04-01,4.599
508021.SH,2025-04-02,4.683
508021.SH,2025-04-03,4.745
508021.SH,2025-04-07,4.666
508021.SH,2025-04-08,4.595
508021.SH,2025-04-09,4.501
508021.SH,2025-04-10,4.536
508021.SH,2025-04-11,4.598
508021.SH,2025-04-14,4.558
508021.SH,2025-04-15,4.555
508021.SH,2025-04-16,4.697
508021.SH,2025-04-17,4.707
508021.SH,2025-04-18,4.59
508021.SH,2025-04-21,4.634
508021.SH,2025-04-22,4.635
508021.SH,2025-04-23,4.627
508021.SH,2025-04-24,4.589
508021.SH,2025-04-25,4.382
508021.SH,2025-04-28,4.268
508021.SH,2025-04-29,4.282
508021.SH,2025-04-30,4.25
508021.SH,2025-05-06,4.299
508021.SH,2025-05-07,4.348
508021.SH,2025-05-08,4.345
508021.SH,2025-05-09,4.4
508021.SH,2025-05-12,4.397
508021.SH,2025-05-13,4.397
508021.SH,2025-05-14,4.395
508021.SH,2025-05-15,4.368
508021.SH,2025-05-16,4.409
508021.SH,2025-05-19,4.437
508021.SH,2025-05-20,4.523
508021.SH,2025-05-21,4.569
508021.SH,2025-05-22,4.583
508021.SH,2025-05-23,4.598
508021.SH,2025-05-26,4.545
508021.SH,2025-05-27,4.533
508021.SH,2025-05-28,4.53
508021.SH,2025-05-29,4.535
508021.SH,2025-05-30,4.539
508021.SH,2025-06-03,4.532
508021.SH,2025-06-04,4.565
508021.SH,2025-06-05,4.617
508021.SH,2025-06-06,4.672
508021.SH,2025-06-09,4.669
508021.SH,2025-06-10,4.695
508021.SH,2025-06-11,4.723
508021.SH,2025-06-12,4.724
508021.SH,2025-06-13,4.736
508021.SH,2025-06-16,4.707
508021.SH,2025-06-17,4.782
508021.SH,2025-06-18,4.782
508021.SH,2025-06-19,4.85
508021.SH,2025-06-20,4.961
508021.SH,2025-06-23,4.96
508021.SH,2025-06-24,4.92
508021.SH,2025-06-25,5.011
508021.SH,2025-06-26,5.059
508021.SH,2025-06-27,4.969
508021.SH,2025-06-30,4.899
508021.SH,2025-07-01,4.879
508021.SH,2025-07-02,4.97
508021.SH,2025-07-03,4.946
508021.SH,2025-07-04,4.892
508021.SH,2025-07-07,4.897
508021.SH,2025-07-08,4.799
508021.SH,2025-07-09,4.823
508021.SH,2025-07-10,4.831
508021.SH,2025-07-11,4.774
508021.SH,2025-07-14,4.757
508021.SH,2025-07-15,4.869
508021.SH,2025-07-16,4.859
508021.SH,2025-07-17,4.829
508021.SH,2025-07-18,4.785
508021.SH,2025-07-21,4.771
508021.SH,2025-07-22,4.715
508021.SH,2025-07-23,4.713
508021.SH,2025-07-24,4.68
508021.SH,2025-07-25,4.719
508021.SH,2025-07-29,4.659
508021.SH,2025-07-30,4.689
508021.SH,2025-07-31,4.743
508021.SH,2025-08-01,4.738
508021.SH,2025-08-04,4.715
508021.SH,2025-08-05,4.658
508021.SH,2025-08-06,4.644
508021.SH,2025-08-07,4.647
508021.SH,2025-08-08,4.677
508021.SH,2025-08-11,4.64
508021.SH,2025-08-12,4.609
508021.SH,2025-08-13,4.536
508021.SH,2025-08-14,4.526
508021.SH,2025-08-15,4.492
508021.SH,2025-08-18,4.382
508021.SH,2025-08-19,4.508
508021.SH,2025-08-20,4.533
508021.SH,2025-08-21,4.579
508021.SH,2025-08-22,4.526
508021.SH,2025-08-25,4.5
508021.SH,2025-08-26,4.567
508021.SH,2025-08-27,4.576
508021.SH,2025-08-28,4.534
508021.SH,2025-08-29,4.557
508021.SH,2025-09-01,4.528
508021.SH,2025-09-02,4.592
508021.SH,2025-09-03,4.576
508021.SH,2025-09-04,4.608
508021.SH,2025-09-05,4.573
508021.SH,2025-09-08,4.529
508021.SH,2025-09-09,4.529
508021.SH,2025-09-10,4.5
508021.SH,2025-09-11,4.492
508021.SH,2025-09-12,4.475
508021.SH,2025-09-15,4.45
508021.SH,2025-09-16,4.455
508021.SH,2025-09-17,4.512
508021.SH,2025-09-18,4.488
508021.SH,2025-09-19,4.507
508021.SH,2025-09-22,4.553
508021.SH,2025-09-23,4.51
508021.SH,2025-09-24,4.484
508021.SH,2025-09-25,4.478
508021.SH,2025-09-26,4.472
508021.SH,2025-09-29,4.48
508021.SH,2025-09-30,4.493
508021.SH,2025-10-09,4.469
508021.SH,2025-10-10,4.475
508021.SH,2025-10-13,4.46
508021.SH,2025-10-14,4.449
508021.SH,2025-10-15,4.447
508021.SH,2025-10-16,4.448
508021.SH,2025-10-17,4.438
508021.SH,2025-10-20,4.419
508021.SH,2025-10-21,4.39
508021.SH,2025-10-22,4.42
508021.SH,2025-10-23,4.44
508021.SH,2025-10-24,4.461
508021.SH,2025-10-27,4.473
508021.SH,2025-10-28,4.519
508021.SH,2025-10-29,4.498
508021.SH,2025-10-30,4.468
508021.SH,2025-10-31,4.468
508021.SH,2025-11-03,4.46
508021.SH,2025-11-04,4.441
508021.SH,2025-11-05,4.467
508021.SH,2025-11-06,4.449
508021.SH,2025-11-07,4.478
508021.SH,2025-11-10,4.52
508021.SH,2025-11-11,4.516
508021.SH,2025-11-12,4.515
508021.SH,2025-11-13,4.481
508021.SH,2025-11-14,4.482
508021.SH,2025-11-17,4.48
508021.SH,2025-11-18,4.488
508021.SH,2025-11-19,4.462
508021.SH,2025-11-20,4.45
508021.SH,2025-11-21,4.437
508021.SH,2025-11-24,4.46
508021.SH,2025-11-25,4.479
508021.SH,2025-11-26,4.5
508021.SH,2025-11-27,4.474
508021.SH,2025-11-28,4.48
508021.SH,2025-12-01,4.483
508021.SH,2025-12-02,4.475
508021.SH,2025-12-03,4.471
508021.SH,2025-12-04,4.465
508021.SH,2025-12-05,4.471
508021.SH,2025-12-08,4.443
508021.SH,2025-12-09,4.442
508021.SH,2025-12-10,4.474
508021.SH,2025-12-11,4.475
508021.SH,2025-12-12,4.462
508021.SH,2025-12-15,4.448
508021.SH,2025-12-16,4.412
508021.SH,2025-12-17,4.423
508021.SH,2025-12-18,4.404
508021.SH,2025-12-19,4.392
508021.SH,2025-12-22,4.43
508021.SH,2025-12-23,4.383
508021.SH,2025-12-24,4.49
508021.SH,2025-12-25,4.517
508021.SH,2025-12-26,4.462
508021.SH,2025-12-29,4.434
508021.SH,2025-12-30,4.451
508021.SH,2025-12-31,4.475
508021.SH,2026-01-05,4.513
508021.SH,2026-01-06,4.57
508021.SH,2026-01-07,4.59
508021.SH,2026-01-08,4.616
508021.SH,2026-01-09,4.598
508021.SH,2026-01-12,4.556
508021.SH,2026-01-13,4.6
508021.SH,2026-01-14,4.637
508021.SH,2026-01-15,4.604
508021.SH,2026-01-16,4.6
508021.SH,2026-01-19,4.588
508021.SH,2026-01-20,4.594
508021.SH,2026-01-21,4.65
508021.SH,2026-01-22,4.65
508021.SH,2026-01-23,4.604
508021.SH,2026-01-26,4.544
508021.SH,2026-01-27,4.557
508021.SH,2026-01-28,4.624
508021.SH,2026-01-29,4.65
508021.SH,2026-01-30,4.62
508021.SH,2026-02-02,4.572
508021.SH,2026-02-03,4.623
508021.SH,2026-02-04,4.62
508021.SH,2026-02-05,4.599
508021.SH,2026-02-06,4.565
508021.SH,2026-02-09,4.533
508021.SH,2026-02-10,4.555
508021.SH,2026-02-11,4.549
508021.SH,2026-02-12,4.588
508021.SH,2026-02-13,4.586
508021.SH,2026-02-24,4.534
508021.SH,2026-02-25,4.535
508021.SH,2026-02-26,4.489
508021.SH,2026-02-27,4.45
508021.SH,2026-03-02,4.454
508021.SH,2026-03-03,4.5
508021.SH,2026-03-04,4.458
508021.SH,2026-03-05,4.434
508021.SH,2026-03-06,4.39
508021.SH,2026-03-09,4.362
508021.SH,2026-03-10,4.393
508021.SH,2026-03-11,4.371
508021.SH,2026-03-12,4.336
508021.SH,2026-03-13,4.338
508021.SH,2026-03-16,4.306
508021.SH,2026-03-17,4.31
508021.SH,2026-03-18,4.38
508021.SH,2026-03-19,4.39
508021.SH,2026-03-20,4.35
508021.SH,2026-03-23,4.324
508021.SH,2026-03-24,4.325
508021.SH,2026-03-25,4.332
508021.SH,2026-03-26,4.351
508021.SH,2026-03-27,4.355
508021.SH,2026-03-30,4.371
508021.SH,2026-03-31,4.354
508021.SH,2026-04-01,4.331
508021.SH,2026-04-02,4.37
508021.SH,2026-04-03,4.396
508021.SH,2026-04-07,4.426
508021.SH,2026-04-08,4.46
508021.SH,2026-04-09,4.466
508021.SH,2026-04-10,4.474
508021.SH,2026-04-13,4.479
508021.SH,2026-04-14,4.478
508021.SH,2026-04-15,4.477
508021.SH,2026-04-16,4.496
508021.SH,2026-04-17,4.475
508021.SH,2026-04-20,4.489
508021.SH,2026-04-21,4.464
508021.SH,2026-04-22,4.409
508021.SH,2026-04-23,4.42
508021.SH,2026-04-24,4.392
508021.SH,2026-04-27,4.244
508021.SH,2026-04-28,4.242
508021.SH,2026-04-29,4.244
508021.SH,2026-04-30,4.222
508021.SH,2026-05-06,4.202
508021.SH,2026-05-07,4.18
508021.SH,2026-05-08,4.15
508021.SH,2026-05-11,4.141
508021.SH,2026-05-12,4.121
508021.SH,2026-05-13,4.078
508021.SH,2026-05-14,4.004
508021.SH,2026-05-15,4.001
508021.SH,2026-05-18,3.937
508021.SH,2026-05-19,4.015
508021.SH,2026-05-20,4.0
508021.SH,2026-05-21,3.925
508021.SH,2026-05-22,3.787
508021.SH,2026-05-25,3.789
508021.SH,2026-05-26,3.674
508021.SH,2026-05-27,3.654
508021.SH,2026-05-28,3.663
508021.SH,2026-05-29,3.758
508021.SH,2026-06-01,3.845
508021.SH,2026-06-02,3.784
508021.SH,2026-06-03,3.865
508021.SH,2026-06-04,3.872
508021.SH,2026-06-05,3.831
508021.SH,2026-06-08,3.832
508021.SH,2026-06-09,3.824
508021.SH,2026-06-10,3.77
508021.SH,2026-06-11,3.703
508021.SH,2026-06-12,3.75
508021.SH,2026-06-15,3.725
508021.SH,2026-06-16,3.725
508021.SH,2026-06-17,3.686
508021.SH,2026-06-18,3.648
508021.SH,2026-06-22,3.615
508021.SH,2026-06-23,3.608
508021.SH,2026-06-24,3.538
508021.SH,2026-06-25,3.619
508021.SH,2026-06-26,3.582
508021.SH,2026-06-29,3.685
508021.SH,2026-06-30,3.746
508021.SH,2026-07-01,3.752
508021.SH,2026-07-02,3.756
508021.SH,2026-07-03,3.762
508021.SH,2026-07-06,3.751
508021.SH,2026-07-07,3.811
508021.SH,2026-07-08,3.801
508021.SH,2026-07-09,3.788
508021.SH,2026-07-10,3.785
508021.SH,2026-07-13,3.75
508021.SH,2026-07-14,3.694
508021.SH,2026-07-15,3.649
508021.SH,2026-07-16,3.611
508021.SH,2026-07-17,3.64
508021.SH,2026-07-20,3.624
508021.SH,2026-07-21,3.559
508021.SH,2026-07-22,3.417
508021.SH,2026-07-23,3.351
508021.SH,2026-07-24,3.354
508021.SH,2026-07-27,3.298
508021.SH,2026-07-28,3.25
508021.SH,2026-07-29,3.252
508021.SH,2026-07-30,3.218
508021.SH,2026-07-31,3.202
508021.SH,2026-08-03,3.163
508021.SH,2026-08-04,3.082
508021.SH,2026-08-05,3.071
508021.SH,2026-08-06,3.061
508021.SH,2026-08-07,3.04
508021.SH,2026-08-10,3.022
508021.SH,2026-08-11,3.015
508021.SH,2026-08-12,2.98
508021.SH,2026-08-13,2.986
508021.SH,2026-08-14,2.992
508021.SH,2026-08-17,3.021
508021.SH,2026-08-18,3.06
508021.SH,2026-08-19,3.175
508021.SH,2026-08-20,3.239
508021.SH,2026-08-21,3.264
508021.SH,2026-08-24,3.3
508021.SH,2026-08-25,3.276
508021.SH,2026-08-26,3.37
508021.SH,2026-08-27,3.415
508021.SH,2026-08-28,3.44
508021.SH,2026-08-31,3.421
508021.SH,2026-09-01,3.351
508021.SH,2026-09-02,3.337
508021.SH,2026-09-03,3.288
508021.SH,2026-09-04,3.306
508021.SH,2026-09-07,3.261
508021.SH,2026-09-08,3.252
508021.SH,2026-09-09,3.298
508021.SH,2026-09-10,3.327
508021.SH,2026-09-11,3.294
508021.SH,2026-09-14,3.279
508021.SH,2026-09-15,3.33
508021.SH,2026-09-16,3.353
508021.SH,2026-09-17,3.429
508021.SH,2026-09-18,3.409
508021.SH,2026-09-21,3.376
508021.SH,2026-09-22,3.398
508021.SH,2026-09-23,3.369
508021.SH,2026-09-24,3.367
508021.SH,2026-09-28,3.34
508021.SH,2026-09-29,3.349
508021.SH,2026-09-30,3.369
508022.SH,2024-09-19,2.409
508022.SH,2024-09-20,2.407
508022.SH,2024-09-23,2.405
508022.SH,2024-09-24,2.397
508022.SH,2024-09-25,2.404
508022.SH,2024-09-26,2.408
508022.SH,2024-09-27,2.4
508022.SH,2024-09-30,2.41
508022.SH,2024-10-08,2.417
508022.SH,2024-10-09,2.414
508022.SH,2024-10-10,2.421
508022.SH,2024-10-11,2.43
508022.SH,2024-10-14,2.42
508022.SH,2024-10-15,2.421
508022.SH,2024-10-16,2.418
508022.SH,2024-10-17,2.419
508022.SH,2024-10-18,2.424
508022.SH,2024-10-21,2.43
508022.SH,2024-10-22,2.433
508022.SH,2024-10-23,2.427
508022.SH,2024-10-24,2.428
508022.SH,2024-10-25,2.431
508022.SH,2024-10-28,2.44
508022.SH,2024-10-29,2.45
508022.SH,2024-10-30,2.457
508022.SH,2024-10-31,2.46
508022.SH,2024-11-01,2.456
508022.SH,2024-11-04,2.452
508022.SH,2024-11-05,2.454
508022.SH,2024-11-06,2.455
508022.SH,2024-11-07,2.477
508022.SH,2024-11-08,2.465
508022.SH,2024-11-11,2.473
508022.SH,2024-11-12,2.475
508022.SH,2024-11-13,2.475
508022.SH,2024-11-14,2.45
508022.SH,2024-11-15,2.448
508022.SH,2024-11-18,2.445
508022.SH,2024-11-19,2.444
508022.SH,2024-11-20,2.434
508022.SH,2024-11-21,2.468
508022.SH,2024-11-22,2.475
508022.SH,2024-11-25,2.482
508022.SH,2024-11-26,2.484
508022.SH,2024-11-27,2.48
508022.SH,2024-11-28,2.489
508022.SH,2024-11-29,2.493
508022.SH,2024-12-02,2.508
508022.SH,2024-12-03,2.5
508022.SH,2024-12-04,2.522
508022.SH,2024-12-05,2.531
508022.SH,2024-12-06,2.535
508022.SH,2024-12-09,2.535
508022.SH,2024-12-10,2.537
508022.SH,2024-12-11,2.576
508022.SH,2024-12-12,2.626
508022.SH,2024-12-13,2.65
508022.SH,2024-12-16,2.654
508022.SH,2024-12-17,2.654
508022.SH,2024-12-18,2.659
508022.SH,2024-12-19,2.62
508022.SH,2024-12-20,2.597
508022.SH,2024-12-23,2.591
508022.SH,2024-12-24,2.609
508022.SH,2024-12-25,2.612
508022.SH,2024-12-26,2.61
508022.SH,2024-12-27,2.621
508022.SH,2024-12-30,2.622
508022.SH,2024-12-31,2.625
508022.SH,2025-01-02,2.627
508022.SH,2025-01-03,2.657
508022.SH,2025-01-06,2.655
508022.SH,2025-01-07,2.641
508022.SH,2025-01-08,2.675
508022.SH,2025-01-09,2.678
508022.SH,2025-01-10,2.683
508022.SH,2025-01-13,2.666
508022.SH,2025-01-14,2.632
508022.SH,2025-01-15,2.649
508022.SH,2025-01-16,2.639
508022.SH,2025-01-17,2.688
508022.SH,2025-01-20,2.686
508022.SH,2025-01-21,2.693
508022.SH,2025-01-22,2.704
508022.SH,2025-01-23,2.822
508022.SH,2025-01-24,2.945
508022.SH,2025-01-27,2.938
508022.SH,2025-02-05,2.96
508022.SH,2025-02-06,2.99
508022.SH,2025-02-07,2.99
508022.SH,2025-02-10,3.049
508022.SH,2025-02-11,3.088
508022.SH,2025-02-12,3.097
508022.SH,2025-02-13,3.069
508022.SH,2025-02-14,3.08
508022.SH,2025-02-17,3.119
508022.SH,2025-02-18,3.11
508022.SH,2025-02-19,3.102
508022.SH,2025-02-20,3.096
508022.SH,2025-02-21,3.085
508022.SH,2025-02-24,3.06
508022.SH,2025-02-25,3.05
508022.SH,2025-02-26,3.057
508022.SH,2025-02-27,3.047
508022.SH,2025-02-28,3.001
508022.SH,2025-03-03,3.03
508022.SH,2025-03-04,3.099
508022.SH,2025-03-05,3.1
508022.SH,2025-03-06,3.068
508022.SH,2025-03-07,3.046
508022.SH,2025-03-10,3.049
508022.SH,2025-03-11,3.019
508022.SH,2025-03-12,3.035
508022.SH,2025-03-13,3.029
508022.SH,2025-03-14,3.03
508022.SH,2025-03-17,3.048
508022.SH,2025-03-18,3.068
508022.SH,2025-03-19,3.083
508022.SH,2025-03-20,3.102
508022.SH,2025-03-21,3.085
508022.SH,2025-03-24,3.059
508022.SH,2025-03-25,3.055
508022.SH,2025-03-26,3.052
508022.SH,2025-03-27,3.053
508022.SH,2025-03-28,3.079
508022.SH,2025-03-31,3.105
508022.SH,2025-04-01,3.105
508022.SH,2025-04-02,3.14
508022.SH,2025-04-03,3.2
508022.SH,2025-04-07,3.201
508022.SH,2025-04-08,3.192
508022.SH,2025-04-09,3.153
508022.SH,2025-04-10,3.188
508022.SH,2025-04-11,3.226
508022.SH,2025-04-14,3.232
508022.SH,2025-04-15,3.265
508022.SH,2025-04-16,3.319
508022.SH,2025-04-17,3.359
508022.SH,2025-04-18,3.297
508022.SH,2025-04-21,3.302
508022.SH,2025-04-22,3.324
508022.SH,2025-04-23,3.323
508022.SH,2025-04-24,3.321
508022.SH,2025-04-25,3.26
508022.SH,2025-04-28,3.228
508022.SH,2025-04-29,3.254
508022.SH,2025-04-30,3.313
508022.SH,2025-05-06,3.321
508022.SH,2025-05-07,3.332
508022.SH,2025-05-08,3.318
508022.SH,2025-05-09,3.312
508022.SH,2025-05-12,3.33
508022.SH,2025-05-13,3.329
508022.SH,2025-05-14,3.369
508022.SH,2025-05-15,3.384
508022.SH,2025-05-16,3.393
508022.SH,2025-05-19,3.405
508022.SH,2025-05-20,3.42
508022.SH,2025-05-21,3.449
508022.SH,2025-05-22,3.455
508022.SH,2025-05-23,3.455
508022.SH,2025-05-26,3.45
508022.SH,2025-05-27,3.429
508022.SH,2025-05-28,3.438
508022.SH,2025-05-29,3.439
508022.SH,2025-05-30,3.445
508022.SH,2025-06-03,3.43
508022.SH,2025-06-04,3.425
508022.SH,2025-06-05,3.557
508022.SH,2025-06-06,3.561
508022.SH,2025-06-09,3.56
508022.SH,2025-06-10,3.537
508022.SH,2025-06-11,3.543
508022.SH,2025-06-12,3.544
508022.SH,2025-06-13,3.548
508022.SH,2025-06-16,3.666
508022.SH,2025-06-17,3.649
508022.SH,2025-06-18,3.66
508022.SH,2025-06-19,3.702
508022.SH,2025-06-20,3.705
508022.SH,2025-06-23,3.682
508022.SH,2025-06-24,3.657
508022.SH,2025-06-25,3.635
508022.SH,2025-06-26,3.631
508022.SH,2025-06-27,3.631
508022.SH,2025-06-30,3.625
508022.SH,2025-07-01,3.59
508022.SH,2025-07-02,3.627
508022.SH,2025-07-03,3.665
508022.SH,2025-07-04,3.658
508022.SH,2025-07-07,3.629
508022.SH,2025-07-08,3.588
508022.SH,2025-07-09,3.565
508022.SH,2025-07-10,3.557
508022.SH,2025-07-11,3.531
508022.SH,2025-07-14,3.515
508022.SH,2025-07-15,3.528
508022.SH,2025-07-16,3.55
508022.SH,2025-07-17,3.532
508022.SH,2025-07-18,3.486
508022.SH,2025-07-21,3.56
508022.SH,2025-07-22,3.572
508022.SH,2025-07-23,3.665
508022.SH,2025-07-24,3.763
508022.SH,2025-07-25,3.782
508022.SH,2025-07-28,3.751
508022.SH,2025-07-29,3.742
508022.SH,2025-07-30,3.825
508022.SH,2025-07-31,3.921
508022.SH,2025-08-01,3.93
508022.SH,2025-08-04,3.923
508022.SH,2025-08-05,3.969
508022.SH,2025-08-06,3.989
508022.SH,2025-08-07,3.902
508022.SH,2025-08-08,3.882
508022.SH,2025-08-11,3.832
508022.SH,2025-08-12,3.792
508022.SH,2025-08-13,3.75
508022.SH,2025-08-14,3.737
508022.SH,2025-08-15,3.709
508022.SH,2025-08-18,3.614
508022.SH,2025-08-19,3.605
508022.SH,2025-08-20,3.693
508022.SH,2025-08-21,3.68
508022.SH,2025-08-22,3.694
508022.SH,2025-08-25,3.797
508022.SH,2025-08-26,3.777
508022.SH,2025-08-27,3.76
508022.SH,2025-08-28,3.769
508022.SH,2025-08-29,3.744
508022.SH,2025-09-01,3.678
508022.SH,2025-09-02,3.669
508022.SH,2025-09-03,3.69
508022.SH,2025-09-04,3.681
508022.SH,2025-09-05,3.642
508022.SH,2025-09-08,3.566
508022.SH,2025-09-09,3.528
508022.SH,2025-09-10,3.481
508022.SH,2025-09-11,3.499
508022.SH,2025-09-12,3.5
508022.SH,2025-09-15,3.528
508022.SH,2025-09-16,3.533
508022.SH,2025-09-17,3.537
508022.SH,2025-09-18,3.536
508022.SH,2025-09-19,3.535
508022.SH,2025-09-22,3.537
508022.SH,2025-09-23,3.538
508022.SH,2025-09-24,3.503
508022.SH,2025-09-25,3.484
508022.SH,2025-09-26,3.522
508022.SH,2025-09-29,3.522
508022.SH,2025-09-30,3.506
508022.SH,2025-10-09,3.491
508022.SH,2025-10-10,3.485
508022.SH,2025-10-13,3.485
508022.SH,2025-10-14,3.476
508022.SH,2025-10-15,3.422
508022.SH,2025-10-16,3.388
508022.SH,2025-10-17,3.364
508022.SH,2025-10-20,3.353
508022.SH,2025-10-21,3.327
508022.SH,2025-10-22,3.336
508022.SH,2025-10-23,3.322
508022.SH,2025-10-24,3.326
508022.SH,2025-10-27,3.281
508022.SH,2025-10-28,3.276
508022.SH,2025-10-29,3.399
508022.SH,2025-10-30,3.38
508022.SH,2025-10-31,3.328
508022.SH,2025-11-03,3.296
508022.SH,2025-11-04,3.212
508022.SH,2025-11-05,3.215
508022.SH,2025-11-06,3.254
508022.SH,2025-11-07,3.244
508022.SH,2025-11-10,3.222
508022.SH,2025-11-11,3.221
508022.SH,2025-11-12,3.22
508022.SH,2025-11-13,3.229
508022.SH,2025-11-14,3.316
508022.SH,2025-11-17,3.327
508022.SH,2025-11-18,3.322
508022.SH,2025-11-19,3.313
508022.SH,2025-11-20,3.31
508022.SH,2025-11-21,3.293
508022.SH,2025-11-24,3.266
508022.SH,2025-11-25,3.258
508022.SH,2025-11-26,3.316
508022.SH,2025-11-27,3.294
508022.SH,2025-11-28,3.275
508022.SH,2025-12-01,3.272
508022.SH,2025-12-02,3.27
508022.SH,2025-12-03,3.276
508022.SH,2025-12-04,3.281
508022.SH,2025-12-05,3.261
508022.SH,2025-12-08,3.239
508022.SH,2025-12-09,3.228
508022.SH,2025-12-10,3.27
508022.SH,2025-12-11,3.282
508022.SH,2025-12-12,3.324
508022.SH,2025-12-15,3.319
508022.SH,2025-12-16,3.35
508022.SH,2025-12-17,3.297
508022.SH,2025-12-18,3.294
508022.SH,2025-12-19,3.285
508022.SH,2025-12-22,3.319
508022.SH,2025-12-23,3.304
508022.SH,2025-12-24,3.471
508022.SH,2025-12-25,3.509
508022.SH,2025-12-26,3.48
508022.SH,2025-12-29,3.457
508022.SH,2025-12-30,3.433
508022.SH,2025-12-31,3.419
508022.SH,2026-01-05,3.402
508022.SH,2026-01-06,3.412
508022.SH,2026-01-07,3.493
508022.SH,2026-01-08,3.488
508022.SH,2026-01-09,3.451
508022.SH,2026-01-12,3.499
508022.SH,2026-01-13,3.485
508022.SH,2026-01-14,3.489
508022.SH,2026-01-15,3.471
508022.SH,2026-01-16,3.461
508022.SH,2026-01-19,3.459
508022.SH,2026-01-20,3.453
508022.SH,2026-01-21,3.454
508022.SH,2026-01-22,3.517
508022.SH,2026-01-23,3.522
508022.SH,2026-01-26,3.557
508022.SH,2026-01-27,3.507
508022.SH,2026-01-28,3.569
508022.SH,2026-01-29,3.666
508022.SH,2026-01-30,3.696
508022.SH,2026-02-02,3.734
508022.SH,2026-02-03,3.716
508022.SH,2026-02-04,3.719
508022.SH,2026-02-05,3.705
508022.SH,2026-02-06,3.671
508022.SH,2026-02-09,3.66
508022.SH,2026-02-10,3.715
508022.SH,2026-02-11,3.723
508022.SH,2026-02-12,3.739
508022.SH,2026-02-13,3.702
508022.SH,2026-02-24,3.666
508022.SH,2026-02-25,3.648
508022.SH,2026-02-26,3.654
508022.SH,2026-02-27,3.617
508022.SH,2026-03-02,3.62
508022.SH,2026-03-03,3.669
508022.SH,2026-03-04,3.648
508022.SH,2026-03-05,3.629
508022.SH,2026-03-06,3.634
508022.SH,2026-03-09,3.564
508022.SH,2026-03-10,3.574
508022.SH,2026-03-11,3.562
508022.SH,2026-03-12,3.496
508022.SH,2026-03-13,3.446
508022.SH,2026-03-16,3.395
508022.SH,2026-03-17,3.5
508022.SH,2026-03-18,3.496
508022.SH,2026-03-19,3.5
508022.SH,2026-03-20,3.477
508022.SH,2026-03-23,3.441
508022.SH,2026-03-24,3.465
508022.SH,2026-03-25,3.48
508022.SH,2026-03-26,3.458
508022.SH,2026-03-27,3.468
508022.SH,2026-03-30,3.462
508022.SH,2026-03-31,3.468
508022.SH,2026-04-01,3.459
508022.SH,2026-04-02,3.459
508022.SH,2026-04-03,3.455
508022.SH,2026-04-07,3.518
508022.SH,2026-04-08,3.57
508022.SH,2026-04-09,3.559
508022.SH,2026-04-10,3.564
508022.SH,2026-04-13,3.53
508022.SH,2026-04-14,3.535
508022.SH,2026-04-15,3.527
508022.SH,2026-04-16,3.614
508022.SH,2026-04-17,3.627
508022.SH,2026-04-20,3.625
508022.SH,2026-04-21,3.598
508022.SH,2026-04-22,3.535
508022.SH,2026-04-23,3.451
508022.SH,2026-04-24,3.435
508022.SH,2026-04-27,3.387
508022.SH,2026-04-28,3.376
508022.SH,2026-04-29,3.35
508022.SH,2026-04-30,3.326
508022.SH,2026-05-06,3.258
508022.SH,2026-05-07,3.242
508022.SH,2026-05-08,3.228
508022.SH,2026-05-11,3.21
508022.SH,2026-05-12,3.22
508022.SH,2026-05-13,3.19
508022.SH,2026-05-14,3.16
508022.SH,2026-05-15,3.21
508022.SH,2026-05-18,3.193
508022.SH,2026-05-19,3.334
508022.SH,2026-05-20,3.246
508022.SH,2026-05-21,3.188
508022.SH,2026-05-22,3.225
508022.SH,2026-05-25,3.212
508022.SH,2026-05-26,3.169
508022.SH,2026-05-27,3.17
508022.SH,2026-05-28,3.199
508022.SH,2026-05-29,3.21
508022.SH,2026-06-01,3.314
508022.SH,2026-06-02,3.286
508022.SH,2026-06-03,3.283
508022.SH,2026-06-04,3.278
508022.SH,2026-06-05,3.277
508022.SH,2026-06-08,3.262
508022.SH,2026-06-09,3.244
508022.SH,2026-06-10,3.238
508022.SH,2026-06-11,3.176
508022.SH,2026-06-12,3.185
508022.SH,2026-06-15,3.178
508022.SH,2026-06-16,3.185
508022.SH,2026-06-17,3.192
508022.SH,2026-06-18,3.16
508022.SH,2026-06-22,3.129
508022.SH,2026-06-23,3.046
508022.SH,2026-06-24,3.013
508022.SH,2026-06-25,3.013
508022.SH,2026-06-26,2.981
508022.SH,2026-06-29,2.91
508022.SH,2026-06-30,2.979
508022.SH,2026-07-01,3.014
508022.SH,2026-07-02,2.98
508022.SH,2026-07-03,2.988
508022.SH,2026-07-06,2.977
508022.SH,2026-07-07,2.963
508022.SH,2026-07-08,2.963
508022.SH,2026-07-09,2.969
508022.SH,2026-07-10,3.007
508022.SH,2026-07-13,2.924
508022.SH,2026-07-14,2.889
508022.SH,2026-07-15,2.836
508022.SH,2026-07-16,2.918
508022.SH,2026-07-17,2.845
508022.SH,2026-07-20,2.816
508022.SH,2026-07-21,2.718
508022.SH,2026-07-22,2.598
508022.SH,2026-07-23,2.543
508022.SH,2026-07-24,2.551
508022.SH,2026-07-27,2.476
508022.SH,2026-07-28,2.428
508022.SH,2026-07-29,2.43
508022.SH,2026-07-30,2.426
508022.SH,2026-07-31,2.55
508022.SH,2026-08-03,2.546
508022.SH,2026-08-04,2.501
508022.SH,2026-08-05,2.44
508022.SH,2026-08-06,2.406
508022.SH,2026-08-07,2.461
508022.SH,2026-08-10,2.43
508022.SH,2026-08-11,2.41
508022.SH,2026-08-12,2.399
508022.SH,2026-08-13,2.407
508022.SH,2026-08-14,2.461
508022.SH,2026-08-17,2.416
508022.SH,2026-08-18,2.424
508022.SH,2026-08-19,2.438
508022.SH,2026-08-20,2.5
508022.SH,2026-08-21,2.55
508022.SH,2026-08-24,2.516
508022.SH,2026-08-25,2.499
508022.SH,2026-08-26,2.593
508022.SH,2026-08-27,2.604
508022.SH,2026-08-28,2.625
508022.SH,2026-08-31,2.638
508022.SH,2026-09-01,2.617
508022.SH,2026-09-02,2.56
508022.SH,2026-09-03,2.545
508022.SH,2026-09-04,2.544
508022.SH,2026-09-07,2.495
508022.SH,2026-09-08,2.474
508022.SH,2026-09-09,2.474
508022.SH,2026-09-10,2.46
508022.SH,2026-09-11,2.443
508022.SH,2026-09-14,2.408
508022.SH,2026-09-15,2.402
508022.SH,2026-09-16,2.4
508022.SH,2026-09-17,2.45
508022.SH,2026-09-18,2.458
508022.SH,2026-09-21,2.443
508022.SH,2026-09-22,2.444
508022.SH,2026-09-23,2.464
508022.SH,2026-09-24,2.467
508022.SH,2026-09-28,2.46
508022.SH,2026-09-29,2.439
508022.SH,2026-09-30,2.421
508027.SH,2021-06-21,3.907
508027.SH,2021-06-22,3.907
508027.SH,2021-06-23,3.906
508027.SH,2021-06-24,3.885
508027.SH,2021-06-25,3.887
508027.SH,2021-06-28,3.881
508027.SH,2021-06-29,3.883
508027.SH,2021-06-30,3.885
508027.SH,2021-07-01,3.978
508027.SH,2021-07-02,3.887
508027.SH,2021-07-05,3.88
508027.SH,2021-07-06,3.88
508027.SH,2021-07-07,3.871
508027.SH,2021-07-08,3.867
508027.SH,2021-07-09,3.851
508027.SH,2021-07-12,3.833
508027.SH,2021-07-13,3.81
508027.SH,2021-07-14,3.8
508027.SH,2021-07-15,3.849
508027.SH,2021-07-16,3.885
508027.SH,2021-07-19,3.886
508027.SH,2021-07-20,3.887
508027.SH,2021-07-21,3.888
508027.SH,2021-07-22,3.889
508027.SH,2021-07-23,3.909
508027.SH,2021-07-26,3.862
508027.SH,2021-07-27,3.839
508027.SH,2021-07-28,3.825
508027.SH,2021-07-29,3.833
508027.SH,2021-07-30,3.834
508027.SH,2021-08-02,3.857
508027.SH,2021-08-03,3.872
508027.SH,2021-08-04,3.862
508027.SH,2021-08-05,3.854
508027.SH,2021-08-06,3.845
508027.SH,2021-08-09,3.838
508027.SH,2021-08-10,3.838
508027.SH,2021-08-11,3.848
508027.SH,2021-08-12,3.848
508027.SH,2021-08-13,3.853
508027.SH,2021-08-16,3.838
508027.SH,2021-08-17,3.838
508027.SH,2021-08-18,3.841
508027.SH,2021-08-19,3.833
508027.SH,2021-08-20,3.829
508027.SH,2021-08-23,3.836
508027.SH,2021-08-24,3.854
508027.SH,2021-08-25,3.862
508027.SH,2021-08-26,3.875
508027.SH,2021-08-27,3.891
508027.SH,2021-08-30,3.902
508027.SH,2021-08-31,3.898
508027.SH,2021-09-01,3.894
508027.SH,2021-09-02,3.887
508027.SH,2021-09-03,3.888
508027.SH,2021-09-06,3.884
508027.SH,2021-09-07,3.885
508027.SH,2021-09-08,3.893
508027.SH,2021-09-09,3.894
508027.SH,2021-09-10,3.892
508027.SH,2021-09-13,3.895
508027.SH,2021-09-14,3.896
508027.SH,2021-09-15,3.912
508027.SH,2021-09-16,3.913
508027.SH,2021-09-17,3.915
508027.SH,2021-09-22,3.92
508027.SH,2021-09-23,3.941
508027.SH,2021-09-24,3.96
508027.SH,2021-09-27,3.968
508027.SH,2021-09-28,3.97
508027.SH,2021-09-29,3.982
508027.SH,2021-09-30,3.984
508027.SH,2021-10-08,3.999
508027.SH,2021-10-11,3.998
508027.SH,2021-10-12,3.991
508027.SH,2021-10-13,3.992
508027.SH,2021-10-14,3.995
508027.SH,2021-10-15,3.995
508027.SH,2021-10-18,3.995
508027.SH,2021-10-19,3.998
508027.SH,2021-10-20,4.003
508027.SH,2021-10-21,4.036
508027.SH,2021-10-22,4.067
508027.SH,2021-10-25,4.111
508027.SH,2021-10-26,4.101
508027.SH,2021-10-27,4.14
508027.SH,2021-10-28,4.222
508027.SH,2021-10-29,4.339
508027.SH,2021-11-01,4.326
508027.SH,2021-11-02,4.19
508027.SH,2021-11-03,4.214
508027.SH,2021-11-04,4.172
508027.SH,2021-11-05,4.192
508027.SH,2021-11-08,4.156
508027.SH,2021-11-09,4.155
508027.SH,2021-11-10,4.152
508027.SH,2021-11-11,4.166
508027.SH,2021-11-12,4.209
508027.SH,2021-11-15,4.208
508027.SH,2021-11-16,4.229
508027.SH,2021-11-17,4.248
508027.SH,2021-11-18,4.265
508027.SH,2021-11-19,4.27
508027.SH,2021-11-22,4.252
508027.SH,2021-11-23,4.255
508027.SH,2021-11-24,4.27
508027.SH,2021-11-25,4.267
508027.SH,2021-11-26,4.267
508027.SH,2021-11-29,4.273
508027.SH,2021-11-30,4.287
508027.SH,2021-12-01,4.315
508027.SH,2021-12-02,4.336
508027.SH,2021-12-03,4.368
508027.SH,2021-12-06,4.393
508027.SH,2021-12-07,4.404
508027.SH,2021-12-08,4.413
508027.SH,2021-12-09,4.457
508027.SH,2021-12-10,4.529
508027.SH,2021-12-13,4.582
508027.SH,2021-12-14,4.657
508027.SH,2021-12-15,4.75
508027.SH,2021-12-16,4.583
508027.SH,2021-12-17,4.561
508027.SH,2021-12-20,4.543
508027.SH,2021-12-21,4.525
508027.SH,2021-12-22,4.538
508027.SH,2021-12-23,4.58
508027.SH,2021-12-24,4.57
508027.SH,2021-12-27,4.628
508027.SH,2021-12-28,4.608
508027.SH,2021-12-29,4.588
508027.SH,2021-12-30,4.548
508027.SH,2021-12-31,4.546
508027.SH,2022-01-04,4.574
508027.SH,2022-01-05,4.601
508027.SH,2022-01-06,4.578
508027.SH,2022-01-07,4.579
508027.SH,2022-01-10,4.584
508027.SH,2022-01-11,4.615
508027.SH,2022-01-12,4.695
508027.SH,2022-01-13,4.691
508027.SH,2022-01-14,4.673
508027.SH,2022-01-17,4.697
508027.SH,2022-01-18,4.686
508027.SH,2022-01-19,4.708
508027.SH,2022-01-20,4.71
508027.SH,2022-01-21,4.791
508027.SH,2022-01-24,4.896
508027.SH,2022-01-25,4.835
508027.SH,2022-01-26,4.824
508027.SH,2022-01-27,4.812
508027.SH,2022-01-28,4.893
508027.SH,2022-02-07,5.074
508027.SH,2022-02-08,5.37
508027.SH,2022-02-09,5.274
508027.SH,2022-02-10,5.27
508027.SH,2022-02-11,5.423
508027.SH,2022-02-14,5.489
508027.SH,2022-02-15,5.458
508027.SH,2022-02-16,5.337
508027.SH,2022-02-17,5.161
508027.SH,2022-02-18,5.232
508027.SH,2022-02-21,5.194
508027.SH,2022-02-22,5.001
508027.SH,2022-02-23,4.926
508027.SH,2022-02-24,4.796
508027.SH,2022-02-25,4.783
508027.SH,2022-02-28,4.695
508027.SH,2022-03-01,4.609
508027.SH,2022-03-02,4.757
508027.SH,2022-03-03,4.987
508027.SH,2022-03-04,4.961
508027.SH,2022-03-07,4.815
508027.SH,2022-03-08,4.765
508027.SH,2022-03-09,4.848
508027.SH,2022-03-10,4.826
508027.SH,2022-03-11,4.842
508027.SH,2022-03-14,4.771
508027.SH,2022-03-15,4.551
508027.SH,2022-03-16,4.577
508027.SH,2022-03-17,4.582
508027.SH,2022-03-18,4.544
508027.SH,2022-03-21,4.626
508027.SH,2022-03-22,4.727
508027.SH,2022-03-23,4.651
508027.SH,2022-03-24,4.583
508027.SH,2022-03-25,4.54
508027.SH,2022-03-28,4.543
508027.SH,2022-03-29,4.542
508027.SH,2022-03-30,4.536
508027.SH,2022-03-31,4.529
508027.SH,2022-04-01,4.568
508027.SH,2022-04-06,4.551
508027.SH,2022-04-07,4.523
508027.SH,2022-04-08,4.592
508027.SH,2022-04-11,4.593
508027.SH,2022-04-12,4.659
508027.SH,2022-04-13,4.726
508027.SH,2022-04-14,4.749
508027.SH,2022-04-15,4.754
508027.SH,2022-04-18,4.757
508027.SH,2022-04-19,4.674
508027.SH,2022-04-20,4.674
508027.SH,2022-04-21,4.61
508027.SH,2022-04-22,4.569
508027.SH,2022-04-25,4.453
508027.SH,2022-04-26,4.444
508027.SH,2022-04-27,4.49
508027.SH,2022-04-28,4.454
508027.SH,2022-04-29,4.5
508027.SH,2022-05-05,4.482
508027.SH,2022-05-06,4.496
508027.SH,2022-05-09,4.5
508027.SH,2022-05-10,4.511
508027.SH,2022-05-11,4.569
508027.SH,2022-05-12,4.611
508027.SH,2022-05-13,4.632
508027.SH,2022-05-16,4.621
508027.SH,2022-05-17,4.623
508027.SH,2022-05-18,4.588
508027.SH,2022-05-19,4.514
508027.SH,2022-05-20,4.516
508027.SH,2022-05-23,4.518
508027.SH,2022-05-24,4.518
508027.SH,2022-05-25,4.527
508027.SH,2022-05-26,4.518
508027.SH,2022-05-27,4.517
508027.SH,2022-05-30,4.495
508027.SH,2022-05-31,4.455
508027.SH,2022-06-01,4.413
508027.SH,2022-06-02,4.442
508027.SH,2022-06-06,4.505
508027.SH,2022-06-07,4.574
508027.SH,2022-06-08,4.548
508027.SH,2022-06-09,4.579
508027.SH,2022-06-10,4.626
508027.SH,2022-06-13,4.61
508027.SH,2022-06-14,4.609
508027.SH,2022-06-15,4.621
508027.SH,2022-06-16,4.61
508027.SH,2022-06-17,4.599
508027.SH,2022-06-20,4.55
508027.SH,2022-06-21,4.57
508027.SH,2022-06-22,4.581
508027.SH,2022-06-23,4.622
508027.SH,2022-06-24,4.725
508027.SH,2022-06-27,4.747
508027.SH,2022-06-28,4.749
508027.SH,2022-06-29,4.746
508027.SH,2022-06-30,4.759
508027.SH,2022-07-01,4.776
508027.SH,2022-07-04,4.797
508027.SH,2022-07-05,4.791
508027.SH,2022-07-06,4.788
508027.SH,2022-07-07,4.755
508027.SH,2022-07-08,4.778
508027.SH,2022-07-11,4.78
508027.SH,2022-07-12,4.788
508027.SH,2022-07-13,4.776
508027.SH,2022-07-14,4.8
508027.SH,2022-07-15,4.84
508027.SH,2022-07-18,4.885
508027.SH,2022-07-19,4.885
508027.SH,2022-07-20,4.895
508027.SH,2022-07-21,4.872
508027.SH,2022-07-22,4.898
508027.SH,2022-07-25,4.862
508027.SH,2022-07-26,4.841
508027.SH,2022-07-27,4.818
508027.SH,2022-07-28,4.853
508027.SH,2022-07-29,4.853
508027.SH,2022-08-01,4.879
508027.SH,2022-08-02,4.876
508027.SH,2022-08-03,4.882
508027.SH,2022-08-04,4.914
508027.SH,2022-08-05,4.915
508027.SH,2022-08-08,4.917
508027.SH,2022-08-09,4.884
508027.SH,2022-08-10,4.894
508027.SH,2022-08-11,4.886
508027.SH,2022-08-12,4.887
508027.SH,2022-08-15,4.909
508027.SH,2022-08-16,4.962
508027.SH,2022-08-17,4.978
508027.SH,2022-08-18,5.021
508027.SH,2022-08-19,5.082
508027.SH,2022-08-22,5.071
508027.SH,2022-08-23,5.093
508027.SH,2022-08-24,5.057
508027.SH,2022-08-25,5.06
508027.SH,2022-08-26,5.044
508027.SH,2022-08-29,4.98
508027.SH,2022-08-30,4.984
508027.SH,2022-08-31,4.993
508027.SH,2022-09-01,4.983
508027.SH,2022-09-02,4.993
508027.SH,2022-09-05,4.981
508027.SH,2022-09-06,4.992
508027.SH,2022-09-07,5.018
508027.SH,2022-09-08,5.04
508027.SH,2022-09-09,5.049
508027.SH,2022-09-13,5.024
508027.SH,2022-09-14,4.999
508027.SH,2022-09-15,4.971
508027.SH,2022-09-16,4.979
508027.SH,2022-09-19,4.965
508027.SH,2022-09-20,4.953
508027.SH,2022-09-21,4.961
508027.SH,2022-09-22,4.995
508027.SH,2022-09-23,4.991
508027.SH,2022-09-26,4.973
508027.SH,2022-09-27,4.966
508027.SH,2022-09-28,4.975
508027.SH,2022-09-29,4.969
508027.SH,2022-09-30,4.968
508027.SH,2022-10-10,4.875
508027.SH,2022-10-11,4.845
508027.SH,2022-10-12,4.87
508027.SH,2022-10-13,4.903
508027.SH,2022-10-14,4.892
508027.SH,2022-10-17,4.861
508027.SH,2022-10-18,4.872
508027.SH,2022-10-19,4.86
508027.SH,2022-10-20,4.832
508027.SH,2022-10-21,4.802
508027.SH,2022-10-24,4.732
508027.SH,2022-10-25,4.669
508027.SH,2022-10-26,4.701
508027.SH,2022-10-27,4.663
508027.SH,2022-10-28,4.705
508027.SH,2022-10-31,4.701
508027.SH,2022-11-01,4.706
508027.SH,2022-11-02,4.756
508027.SH,2022-11-03,4.817
508027.SH,2022-11-04,4.835
508027.SH,2022-11-07,4.803
508027.SH,2022-11-08,4.758
508027.SH,2022-11-09,4.755
508027.SH,2022-11-10,4.732
508027.SH,2022-11-11,4.762
508027.SH,2022-11-14,4.734
508027.SH,2022-11-15,4.734
508027.SH,2022-11-16,4.689
508027.SH,2022-11-17,4.61
508027.SH,2022-11-18,4.572
508027.SH,2022-11-21,4.656
508027.SH,2022-11-22,4.638
508027.SH,2022-11-23,4.648
508027.SH,2022-11-24,4.654
508027.SH,2022-11-25,4.657
508027.SH,2022-11-28,4.661
508027.SH,2022-11-29,4.683
508027.SH,2022-11-30,4.679
508027.SH,2022-12-01,4.693
508027.SH,2022-12-02,4.72
508027.SH,2022-12-05,4.76
508027.SH,2022-12-06,4.794
508027.SH,2022-12-07,4.781
508027.SH,2022-12-08,4.814
508027.SH,2022-12-09,4.809
508027.SH,2022-12-12,4.795
508027.SH,2022-12-13,4.783
508027.SH,2022-12-14,4.779
508027.SH,2022-12-15,4.781
508027.SH,2022-12-16,4.786
508027.SH,2022-12-19,4.775
508027.SH,2022-12-20,4.73
508027.SH,2022-12-21,4.679
508027.SH,2022-12-22,4.689
508027.SH,2022-12-23,4.72
508027.SH,2022-12-26,4.727
508027.SH,2022-12-27,4.719
508027.SH,2022-12-28,4.548
508027.SH,2022-12-29,4.467
508027.SH,2022-12-30,4.573
508027.SH,2023-01-03,4.561
508027.SH,2023-01-04,4.555
508027.SH,2023-01-05,4.512
508027.SH,2023-01-06,4.566
508027.SH,2023-01-09,4.587
508027.SH,2023-01-10,4.634
508027.SH,2023-01-11,4.639
508027.SH,2023-01-12,4.631
508027.SH,2023-01-13,4.621
508027.SH,2023-01-16,4.613
508027.SH,2023-01-17,4.606
508027.SH,2023-01-18,4.623
508027.SH,2023-01-19,4.626
508027.SH,2023-01-20,4.665
508027.SH,2023-01-30,4.718
508027.SH,2023-01-31,4.749
508027.SH,2023-02-01,4.775
508027.SH,2023-02-02,4.767
508027.SH,2023-02-03,4.771
508027.SH,2023-02-06,4.783
508027.SH,2023-02-07,4.781
508027.SH,2023-02-08,4.778
508027.SH,2023-02-09,4.76
508027.SH,2023-02-10,4.775
508027.SH,2023-02-13,4.795
508027.SH,2023-02-14,4.831
508027.SH,2023-02-15,4.81
508027.SH,2023-02-16,4.809
508027.SH,2023-02-17,4.805
508027.SH,2023-02-20,4.808
508027.SH,2023-02-21,4.828
508027.SH,2023-02-22,4.822
508027.SH,2023-02-23,4.812
508027.SH,2023-02-24,4.785
508027.SH,2023-02-27,4.775
508027.SH,2023-02-28,4.782
508027.SH,2023-03-01,4.774
508027.SH,2023-03-02,4.755
508027.SH,2023-03-03,4.744
508027.SH,2023-03-06,4.735
508027.SH,2023-03-07,4.732
508027.SH,2023-03-08,4.717
508027.SH,2023-03-09,4.714
508027.SH,2023-03-10,4.701
508027.SH,2023-03-13,4.717
508027.SH,2023-03-14,4.744
508027.SH,2023-03-15,4.745
508027.SH,2023-03-16,4.733
508027.SH,2023-03-17,4.737
508027.SH,2023-03-20,4.727
508027.SH,2023-03-21,4.72
508027.SH,2023-03-22,4.725
508027.SH,2023-03-23,4.744
508027.SH,2023-03-24,4.76
508027.SH,2023-03-27,4.764
508027.SH,2023-03-28,4.759
508027.SH,2023-03-29,4.715
508027.SH,2023-03-30,4.761
508027.SH,2023-03-31,4.777
508027.SH,2023-04-03,4.772
508027.SH,2023-04-04,4.777
508027.SH,2023-04-06,4.761
508027.SH,2023-04-07,4.762
508027.SH,2023-04-10,4.747
508027.SH,2023-04-11,4.751
508027.SH,2023-04-12,4.727
508027.SH,2023-04-13,4.703
508027.SH,2023-04-14,4.694
508027.SH,2023-04-17,4.697
508027.SH,2023-04-18,4.506
508027.SH,2023-04-19,4.477
508027.SH,2023-04-20,4.463
508027.SH,2023-04-21,4.381
508027.SH,2023-04-24,4.384
508027.SH,2023-04-25,4.402
508027.SH,2023-04-26,4.373
508027.SH,2023-04-27,4.333
508027.SH,2023-04-28,4.253
508027.SH,2023-05-04,4.173
508027.SH,2023-05-05,4.119
508027.SH,2023-05-08,4.055
508027.SH,2023-05-09,4.062
508027.SH,2023-05-10,4.172
508027.SH,2023-05-11,4.205
508027.SH,2023-05-12,4.218
508027.SH,2023-05-15,4.189
508027.SH,2023-05-16,4.2
508027.SH,2023-05-17,4.194
508027.SH,2023-05-18,4.157
508027.SH,2023-05-19,4.158
508027.SH,2023-05-22,4.154
508027.SH,2023-05-23,4.146
508027.SH,2023-05-24,4.147
508027.SH,2023-05-25,4.118
508027.SH,2023-05-26,4.126
508027.SH,2023-05-29,4.118
508027.SH,2023-05-30,4.054
508027.SH,2023-05-31,3.955
508027.SH,2023-06-01,3.904
508027.SH,2023-06-02,3.885
508027.SH,2023-06-05,3.674
508027.SH,2023-06-06,3.816
508027.SH,2023-06-07,3.764
508027.SH,2023-06-08,3.885
508027.SH,2023-06-09,3.888
508027.SH,2023-06-12,3.835
508027.SH,2023-06-13,3.827
508027.SH,2023-06-14,3.845
508027.SH,2023-06-15,3.848
508027.SH,2023-06-16,3.856
508027.SH,2023-06-19,3.836
508027.SH,2023-06-20,3.838
508027.SH,2023-06-21,3.812
508027.SH,2023-06-26,3.805
508027.SH,2023-06-27,3.835
508027.SH,2023-06-28,3.868
508027.SH,2023-06-29,3.887
508027.SH,2023-06-30,3.849
508027.SH,2023-07-03,3.781
508027.SH,2023-07-04,3.783
508027.SH,2023-07-05,3.745
508027.SH,2023-07-06,3.798
508027.SH,2023-07-07,3.891
508027.SH,2023-07-10,3.89
508027.SH,2023-07-11,3.89
508027.SH,2023-07-12,3.869
508027.SH,2023-07-13,3.882
508027.SH,2023-07-14,3.914
508027.SH,2023-07-17,4.008
508027.SH,2023-07-18,4.112
508027.SH,2023-07-19,4.132
508027.SH,2023-07-20,4.076
508027.SH,2023-07-21,4.119
508027.SH,2023-07-24,4.18
508027.SH,2023-07-25,4.103
508027.SH,2023-07-26,4.088
508027.SH,2023-07-27,4.065
508027.SH,2023-07-28,4.064
508027.SH,2023-07-31,4.046
508027.SH,2023-08-01,4.124
508027.SH,2023-08-02,4.178
508027.SH,2023-08-03,4.122
508027.SH,2023-08-04,4.124
508027.SH,2023-08-07,4.13
508027.SH,2023-08-08,4.145
508027.SH,2023-08-09,4.158
508027.SH,2023-08-10,4.162
508027.SH,2023-08-11,4.158
508027.SH,2023-08-14,4.136
508027.SH,2023-08-15,4.13
508027.SH,2023-08-16,4.115
508027.SH,2023-08-17,4.087
508027.SH,2023-08-18,4.144
508027.SH,2023-08-21,4.095
508027.SH,2023-08-22,4.092
508027.SH,2023-08-23,4.081
508027.SH,2023-08-24,4.087
508027.SH,2023-08-25,4.087
508027.SH,2023-08-28,4.065
508027.SH,2023-08-29,4.043
508027.SH,2023-08-30,4.029
508027.SH,2023-08-31,4.011
508027.SH,2023-09-01,3.963
508027.SH,2023-09-04,3.925
508027.SH,2023-09-05,3.921
508027.SH,2023-09-06,3.921
508027.SH,2023-09-07,3.946
508027.SH,2023-09-08,3.973
508027.SH,2023-09-11,3.972
508027.SH,2023-09-12,3.978
508027.SH,2023-09-13,3.973
508027.SH,2023-09-14,3.975
508027.SH,2023-09-15,3.969
508027.SH,2023-09-18,3.939
508027.SH,2023-09-19,3.951
508027.SH,2023-09-20,3.943
508027.SH,2023-09-21,3.939
508027.SH,2023-09-22,3.943
508027.SH,2023-09-25,3.943
508027.SH,2023-09-26,3.944
508027.SH,2023-09-27,3.948
508027.SH,2023-09-28,3.949
508027.SH,2023-10-09,3.925
508027.SH,2023-10-10,3.93
508027.SH,2023-10-11,3.923
508027.SH,2023-10-12,3.908
508027.SH,2023-10-13,3.891
508027.SH,2023-10-16,3.876
508027.SH,2023-10-17,3.88
508027.SH,2023-10-18,3.847
508027.SH,2023-10-19,3.796
508027.SH,2023-10-20,3.749
508027.SH,2023-10-23,3.665
508027.SH,2023-10-24,3.673
508027.SH,2023-10-25,3.708
508027.SH,2023-10-26,3.714
508027.SH,2023-10-27,3.696
508027.SH,2023-10-30,3.678
508027.SH,2023-10-31,3.664
508027.SH,2023-11-01,3.662
508027.SH,2023-11-02,3.663
508027.SH,2023-11-03,3.665
508027.SH,2023-11-06,3.655
508027.SH,2023-11-07,3.593
508027.SH,2023-11-08,3.593
508027.SH,2023-11-09,3.604
508027.SH,2023-11-10,3.588
508027.SH,2023-11-13,3.559
508027.SH,2023-11-14,3.545
508027.SH,2023-11-15,3.521
508027.SH,2023-11-16,3.518
508027.SH,2023-11-17,3.498
508027.SH,2023-11-20,3.46
508027.SH,2023-11-21,3.412
508027.SH,2023-11-22,3.387
508027.SH,2023-11-23,3.309
508027.SH,2023-11-24,3.171
508027.SH,2023-11-27,3.137
508027.SH,2023-11-28,3.154
508027.SH,2023-11-29,3.155
508027.SH,2023-11-30,3.16
508027.SH,2023-12-01,3.152
508027.SH,2023-12-04,3.161
508027.SH,2023-12-05,3.096
508027.SH,2023-12-06,3.072
508027.SH,2023-12-07,3.028
508027.SH,2023-12-08,3.031
508027.SH,2023-12-11,3.018
508027.SH,2023-12-12,3.001
508027.SH,2023-12-13,2.97
508027.SH,2023-12-14,2.936
508027.SH,2023-12-15,2.916
508027.SH,2023-12-18,2.927
508027.SH,2023-12-19,2.913
508027.SH,2023-12-20,2.965
508027.SH,2023-12-21,3.024
508027.SH,2023-12-22,3.075
508027.SH,2023-12-25,3.077
508027.SH,2023-12-26,3.089
508027.SH,2023-12-27,3.069
508027.SH,2023-12-28,3.075
508027.SH,2023-12-29,3.151
508027.SH,2024-01-02,3.043
508027.SH,2024-01-03,2.987
508027.SH,2024-01-04,2.995
508027.SH,2024-01-05,2.904
508027.SH,2024-01-08,2.962
508027.SH,2024-01-09,2.841
508027.SH,2024-01-10,2.799
508027.SH,2024-01-11,2.807
508027.SH,2024-01-12,2.809
508027.SH,2024-01-15,2.833
508027.SH,2024-01-16,2.858
508027.SH,2024-01-17,2.916
508027.SH,2024-01-18,2.908
508027.SH,2024-01-19,2.914
508027.SH,2024-01-22,2.831
508027.SH,2024-01-23,2.847
508027.SH,2024-01-24,2.822
508027.SH,2024-01-25,2.838
508027.SH,2024-01-26,2.825
508027.SH,2024-01-29,2.83
508027.SH,2024-01-30,2.823
508027.SH,2024-01-31,2.815
508027.SH,2024-02-01,2.795
508027.SH,2024-02-02,2.786
508027.SH,2024-02-05,2.742
508027.SH,2024-02-06,2.741
508027.SH,2024-02-07,2.753
508027.SH,2024-02-08,2.8
508027.SH,2024-02-19,2.944
508027.SH,2024-02-20,2.956
508027.SH,2024-02-21,2.999
508027.SH,2024-02-22,3.049
508027.SH,2024-02-23,3.107
508027.SH,2024-02-26,3.214
508027.SH,2024-02-27,3.169
508027.SH,2024-02-28,3.131
508027.SH,2024-02-29,3.134
508027.SH,2024-03-01,3.2
508027.SH,2024-03-04,3.289
508027.SH,2024-03-05,3.304
508027.SH,2024-03-06,3.286
508027.SH,2024-03-07,3.198
508027.SH,2024-03-08,3.18
508027.SH,2024-03-11,3.179
508027.SH,2024-03-12,3.157
508027.SH,2024-03-13,3.127
508027.SH,2024-03-14,3.12
508027.SH,2024-03-15,3.115
508027.SH,2024-03-18,3.096
508027.SH,2024-03-19,3.111
508027.SH,2024-03-20,3.093
508027.SH,2024-03-21,3.086
508027.SH,2024-03-22,3.042
508027.SH,2024-03-25,3.02
508027.SH,2024-03-26,3.046
508027.SH,2024-03-27,3.129
508027.SH,2024-03-28,3.132
508027.SH,2024-03-29,3.111
508027.SH,2024-04-01,3.112
508027.SH,2024-04-02,3.131
508027.SH,2024-04-03,3.163
508027.SH,2024-04-08,3.165
508027.SH,2024-04-09,3.185
508027.SH,2024-04-10,3.22
508027.SH,2024-04-11,3.313
508027.SH,2024-04-12,3.315
508027.SH,2024-04-15,3.301
508027.SH,2024-04-16,3.033
508027.SH,2024-04-17,3.03
508027.SH,2024-04-18,3.016
508027.SH,2024-04-19,3.007
508027.SH,2024-04-22,3.023
508027.SH,2024-04-23,3.032
508027.SH,2024-04-24,3.034
508027.SH,2024-04-25,3.082
508027.SH,2024-04-26,3.132
508027.SH,2024-04-29,3.138
508027.SH,2024-04-30,3.121
508027.SH,2024-05-06,3.127
508027.SH,2024-05-07,3.159
508027.SH,2024-05-08,3.164
508027.SH,2024-05-09,3.195
508027.SH,2024-05-10,3.171
508027.SH,2024-05-13,3.145
508027.SH,2024-05-14,3.149
508027.SH,2024-05-15,3.164
508027.SH,2024-05-16,3.203
508027.SH,2024-05-17,3.204
508027.SH,2024-05-20,3.189
508027.SH,2024-05-21,3.189
508027.SH,2024-05-22,3.177
508027.SH,2024-05-23,3.175
508027.SH,2024-05-24,3.209
508027.SH,2024-05-27,3.232
508027.SH,2024-05-28,3.224
508027.SH,2024-05-29,3.228
508027.SH,2024-05-30,3.214
508027.SH,2024-05-31,3.201
508027.SH,2024-06-03,3.203
508027.SH,2024-06-04,3.215
508027.SH,2024-06-05,3.211
508027.SH,2024-06-06,3.221
508027.SH,2024-06-07,3.22
508027.SH,2024-06-11,3.207
508027.SH,2024-06-12,3.208
508027.SH,2024-06-13,3.229
508027.SH,2024-06-14,3.234
508027.SH,2024-06-17,3.213
508027.SH,2024-06-18,3.201
508027.SH,2024-06-19,3.199
508027.SH,2024-06-20,3.172
508027.SH,2024-06-21,3.175
508027.SH,2024-06-24,3.195
508027.SH,2024-06-25,3.187
508027.SH,2024-06-26,3.196
508027.SH,2024-06-27,3.228
508027.SH,2024-06-28,3.211
508027.SH,2024-07-01,3.205
508027.SH,2024-07-02,3.208
508027.SH,2024-07-03,3.203
508027.SH,2024-07-04,3.207
508027.SH,2024-07-05,3.203
508027.SH,2024-07-08,3.198
508027.SH,2024-07-09,3.193
508027.SH,2024-07-10,3.193
508027.SH,2024-07-11,3.185
508027.SH,2024-07-12,3.187
508027.SH,2024-07-15,3.198
508027.SH,2024-07-16,3.195
508027.SH,2024-07-17,3.211
508027.SH,2024-07-18,3.226
508027.SH,2024-07-19,3.277
508027.SH,2024-07-22,3.283
508027.SH,2024-07-23,3.285
508027.SH,2024-07-24,3.271
508027.SH,2024-07-25,3.264
508027.SH,2024-07-26,3.298
508027.SH,2024-07-29,3.336
508027.SH,2024-07-30,3.38
508027.SH,2024-07-31,3.379
508027.SH,2024-08-01,3.39
508027.SH,2024-08-02,3.388
508027.SH,2024-08-05,3.45
508027.SH,2024-08-06,3.51
508027.SH,2024-08-07,3.553
508027.SH,2024-08-08,3.548
508027.SH,2024-08-09,3.549
508027.SH,2024-08-12,3.543
508027.SH,2024-08-13,3.541
508027.SH,2024-08-14,3.526
508027.SH,2024-08-15,3.519
508027.SH,2024-08-16,3.522
508027.SH,2024-08-19,3.501
508027.SH,2024-08-20,3.492
508027.SH,2024-08-21,3.502
508027.SH,2024-08-22,3.498
508027.SH,2024-08-23,3.463
508027.SH,2024-08-26,3.394
508027.SH,2024-08-27,3.355
508027.SH,2024-08-28,3.383
508027.SH,2024-08-29,3.407
508027.SH,2024-08-30,3.479
508027.SH,2024-09-02,3.431
508027.SH,2024-09-03,3.386
508027.SH,2024-09-04,3.39
508027.SH,2024-09-05,3.398
508027.SH,2024-09-06,3.367
508027.SH,2024-09-09,3.371
508027.SH,2024-09-10,3.397
508027.SH,2024-09-11,3.401
508027.SH,2024-09-12,3.38
508027.SH,2024-09-13,3.414
508027.SH,2024-09-18,3.412
508027.SH,2024-09-19,3.386
508027.SH,2024-09-20,3.395
508027.SH,2024-09-23,3.419
508027.SH,2024-09-24,3.429
508027.SH,2024-09-25,3.455
508027.SH,2024-09-26,3.458
508027.SH,2024-09-27,3.47
508027.SH,2024-09-30,3.44
508027.SH,2024-10-08,3.518
508027.SH,2024-10-09,3.514
508027.SH,2024-10-10,3.477
508027.SH,2024-10-11,3.485
508027.SH,2024-10-14,3.484
508027.SH,2024-10-15,3.478
508027.SH,2024-10-16,3.432
508027.SH,2024-10-17,3.414
508027.SH,2024-10-18,3.409
508027.SH,2024-10-21,3.406
508027.SH,2024-10-22,3.403
508027.SH,2024-10-23,3.401
508027.SH,2024-10-24,3.392
508027.SH,2024-10-25,3.378
508027.SH,2024-10-28,3.377
508027.SH,2024-10-29,3.363
508027.SH,2024-10-30,3.347
508027.SH,2024-10-31,3.356
508027.SH,2024-11-01,3.348
508027.SH,2024-11-04,3.356
508027.SH,2024-11-05,3.359
508027.SH,2024-11-06,3.377
508027.SH,2024-11-07,3.382
508027.SH,2024-11-08,3.391
508027.SH,2024-11-11,3.397
508027.SH,2024-11-12,3.38
508027.SH,2024-11-13,3.38
508027.SH,2024-11-14,3.357
508027.SH,2024-11-15,3.36
508027.SH,2024-11-18,3.367
508027.SH,2024-11-19,3.349
508027.SH,2024-11-20,3.336
508027.SH,2024-11-21,3.333
508027.SH,2024-11-22,3.311
508027.SH,2024-11-25,3.31
508027.SH,2024-11-26,3.298
508027.SH,2024-11-27,3.294
508027.SH,2024-11-28,3.28
508027.SH,2024-11-29,3.27
508027.SH,2024-12-02,3.269
508027.SH,2024-12-03,3.286
508027.SH,2024-12-04,3.277
508027.SH,2024-12-05,3.272
508027.SH,2024-12-06,3.261
508027.SH,2024-12-09,3.241
508027.SH,2024-12-10,3.252
508027.SH,2024-12-11,3.265
508027.SH,2024-12-12,3.354
508027.SH,2024-12-13,3.33
508027.SH,2024-12-16,3.296
508027.SH,2024-12-17,3.285
508027.SH,2024-12-18,3.272
508027.SH,2024-12-19,3.262
508027.SH,2024-12-20,3.263
508027.SH,2024-12-23,3.25
508027.SH,2024-12-24,3.251
508027.SH,2024-12-25,3.284
508027.SH,2024-12-26,3.305
508027.SH,2024-12-27,3.356
508027.SH,2024-12-30,3.357
508027.SH,2024-12-31,3.37
508027.SH,2025-01-02,3.342
508027.SH,2025-01-03,3.37
508027.SH,2025-01-06,3.374
508027.SH,2025-01-07,3.363
508027.SH,2025-01-08,3.389
508027.SH,2025-01-09,3.423
508027.SH,2025-01-10,3.461
508027.SH,2025-01-13,3.43
508027.SH,2025-01-14,3.411
508027.SH,2025-01-15,3.474
508027.SH,2025-01-16,3.47
508027.SH,2025-01-17,3.472
508027.SH,2025-01-20,3.517
508027.SH,2025-01-21,3.527
508027.SH,2025-01-22,3.576
508027.SH,2025-01-23,3.608
508027.SH,2025-01-24,3.607
508027.SH,2025-01-27,3.606
508027.SH,2025-02-05,3.57
508027.SH,2025-02-06,3.591
508027.SH,2025-02-07,3.599
508027.SH,2025-02-10,3.692
508027.SH,2025-02-11,3.828
508027.SH,2025-02-12,3.733
508027.SH,2025-02-13,3.671
508027.SH,2025-02-14,3.76
508027.SH,2025-02-17,3.787
508027.SH,2025-02-18,3.785
508027.SH,2025-02-19,3.797
508027.SH,2025-02-20,3.79
508027.SH,2025-02-21,3.772
508027.SH,2025-02-24,3.721
508027.SH,2025-02-25,3.688
508027.SH,2025-02-26,3.672
508027.SH,2025-02-27,3.637
508027.SH,2025-02-28,3.616
508027.SH,2025-03-03,3.652
508027.SH,2025-03-04,3.687
508027.SH,2025-03-05,3.7
508027.SH,2025-03-06,3.69
508027.SH,2025-03-07,3.692
508027.SH,2025-03-10,3.752
508027.SH,2025-03-11,3.73
508027.SH,2025-03-12,3.722
508027.SH,2025-03-13,3.729
508027.SH,2025-03-14,3.738
508027.SH,2025-03-17,3.727
508027.SH,2025-03-18,3.728
508027.SH,2025-03-19,3.748
508027.SH,2025-03-20,3.748
508027.SH,2025-03-21,3.732
508027.SH,2025-03-24,3.721
508027.SH,2025-03-25,3.721
508027.SH,2025-03-26,3.714
508027.SH,2025-03-27,3.735
508027.SH,2025-03-28,3.788
508027.SH,2025-03-31,3.772
508027.SH,2025-04-01,3.798
508027.SH,2025-04-02,3.829
508027.SH,2025-04-03,3.899
508027.SH,2025-04-07,3.88
508027.SH,2025-04-08,3.832
508027.SH,2025-04-09,3.733
508027.SH,2025-04-10,3.8
508027.SH,2025-04-11,3.791
508027.SH,2025-04-14,3.811
508027.SH,2025-04-15,3.837
508027.SH,2025-04-16,3.881
508027.SH,2025-04-17,3.903
508027.SH,2025-04-18,3.866
508027.SH,2025-04-21,3.768
508027.SH,2025-04-22,3.537
508027.SH,2025-04-23,3.539
508027.SH,2025-04-24,3.48
508027.SH,2025-04-25,3.436
508027.SH,2025-04-28,3.381
508027.SH,2025-04-29,3.36
508027.SH,2025-04-30,3.355
508027.SH,2025-05-06,3.343
508027.SH,2025-05-07,3.36
508027.SH,2025-05-08,3.335
508027.SH,2025-05-09,3.317
508027.SH,2025-05-12,3.39
508027.SH,2025-05-13,3.39
508027.SH,2025-05-14,3.424
508027.SH,2025-05-15,3.408
508027.SH,2025-05-16,3.422
508027.SH,2025-05-19,3.408
508027.SH,2025-05-20,3.433
508027.SH,2025-05-21,3.452
508027.SH,2025-05-22,3.418
508027.SH,2025-05-23,3.397
508027.SH,2025-05-26,3.388
508027.SH,2025-05-27,3.37
508027.SH,2025-05-28,3.387
508027.SH,2025-05-29,3.388
508027.SH,2025-05-30,3.366
508027.SH,2025-06-03,3.343
508027.SH,2025-06-04,3.351
508027.SH,2025-06-05,3.388
508027.SH,2025-06-06,3.378
508027.SH,2025-06-09,3.389
508027.SH,2025-06-10,3.397
508027.SH,2025-06-11,3.389
508027.SH,2025-06-12,3.391
508027.SH,2025-06-13,3.37
508027.SH,2025-06-16,3.371
508027.SH,2025-06-17,3.366
508027.SH,2025-06-18,3.377
508027.SH,2025-06-19,3.378
508027.SH,2025-06-20,3.375
508027.SH,2025-06-23,3.378
508027.SH,2025-06-24,3.361
508027.SH,2025-06-25,3.349
508027.SH,2025-06-26,3.342
508027.SH,2025-06-27,3.311
508027.SH,2025-06-30,3.267
508027.SH,2025-07-01,3.251
508027.SH,2025-07-02,3.298
508027.SH,2025-07-03,3.314
508027.SH,2025-07-04,3.314
508027.SH,2025-07-07,3.298
508027.SH,2025-07-08,3.277
508027.SH,2025-07-09,3.28
508027.SH,2025-07-10,3.263
508027.SH,2025-07-11,3.265
508027.SH,2025-07-14,3.268
508027.SH,2025-07-15,3.272
508027.SH,2025-07-16,3.304
508027.SH,2025-07-17,3.299
508027.SH,2025-07-18,3.3
508027.SH,2025-07-21,3.308
508027.SH,2025-07-22,3.303
508027.SH,2025-07-23,3.281
508027.SH,2025-07-24,3.294
508027.SH,2025-07-25,3.294
508027.SH,2025-07-28,3.288
508027.SH,2025-07-29,3.27
508027.SH,2025-07-30,3.271
508027.SH,2025-07-31,3.297
508027.SH,2025-08-01,3.271
508027.SH,2025-08-04,3.258
508027.SH,2025-08-05,3.253
508027.SH,2025-08-06,3.254
508027.SH,2025-08-07,3.253
508027.SH,2025-08-08,3.248
508027.SH,2025-08-11,3.251
508027.SH,2025-08-12,3.246
508027.SH,2025-08-13,3.243
508027.SH,2025-08-14,3.228
508027.SH,2025-08-15,3.215
508027.SH,2025-08-18,3.156
508027.SH,2025-08-19,3.156
508027.SH,2025-08-20,3.172
508027.SH,2025-08-21,3.139
508027.SH,2025-08-22,3.13
508027.SH,2025-08-25,3.13
508027.SH,2025-08-26,3.18
508027.SH,2025-08-27,3.18
508027.SH,2025-08-28,3.179
508027.SH,2025-08-29,3.15
508027.SH,2025-09-01,3.13
508027.SH,2025-09-02,3.124
508027.SH,2025-09-03,3.127
508027.SH,2025-09-04,3.127
508027.SH,2025-09-05,3.126
508027.SH,2025-09-08,3.108
508027.SH,2025-09-09,3.084
508027.SH,2025-09-10,3.08
508027.SH,2025-09-11,3.07
508027.SH,2025-09-12,3.053
508027.SH,2025-09-15,3.045
508027.SH,2025-09-16,3.044
508027.SH,2025-09-17,3.05
508027.SH,2025-09-18,3.052
508027.SH,2025-09-19,3.041
508027.SH,2025-09-22,3.047
508027.SH,2025-09-23,3.045
508027.SH,2025-09-24,3.04
508027.SH,2025-09-25,3.039
508027.SH,2025-09-26,3.038
508027.SH,2025-09-29,3.044
508027.SH,2025-09-30,3.054
508027.SH,2025-10-09,3.047
508027.SH,2025-10-10,3.049
508027.SH,2025-10-13,3.039
508027.SH,2025-10-14,3.03
508027.SH,2025-10-15,3.03
508027.SH,2025-10-16,3.018
508027.SH,2025-10-17,3.012
508027.SH,2025-10-20,2.98
508027.SH,2025-10-21,2.962
508027.SH,2025-10-22,2.94
508027.SH,2025-10-23,2.935
508027.SH,2025-10-24,2.942
508027.SH,2025-10-27,2.925
508027.SH,2025-10-28,2.936
508027.SH,2025-10-29,2.93
508027.SH,2025-10-30,2.922
508027.SH,2025-10-31,2.896
508027.SH,2025-11-03,2.796
508027.SH,2025-11-04,2.762
508027.SH,2025-11-05,2.817
508027.SH,2025-11-06,2.83
508027.SH,2025-11-07,2.876
508027.SH,2025-11-10,2.862
508027.SH,2025-11-11,2.867
508027.SH,2025-11-12,2.859
508027.SH,2025-11-13,2.85
508027.SH,2025-11-14,2.833
508027.SH,2025-11-17,2.837
508027.SH,2025-11-18,2.826
508027.SH,2025-11-19,2.794
508027.SH,2025-11-20,2.796
508027.SH,2025-11-21,2.798
508027.SH,2025-11-24,2.794
508027.SH,2025-11-25,2.8
508027.SH,2025-11-26,2.811
508027.SH,2025-11-27,2.806
508027.SH,2025-11-28,2.802
508027.SH,2025-12-01,2.796
508027.SH,2025-12-02,2.797
508027.SH,2025-12-03,2.81
508027.SH,2025-12-04,2.81
508027.SH,2025-12-05,2.812
508027.SH,2025-12-08,2.802
508027.SH,2025-12-09,2.8
508027.SH,2025-12-10,2.814
508027.SH,2025-12-11,2.809
508027.SH,2025-12-12,2.813
508027.SH,2025-12-15,2.81
508027.SH,2025-12-16,2.798
508027.SH,2025-12-17,2.795
508027.SH,2025-12-18,2.79
508027.SH,2025-12-19,2.779
508027.SH,2025-12-22,2.78
508027.SH,2025-12-23,2.78
508027.SH,2025-12-24,2.858
508027.SH,2025-12-25,2.868
508027.SH,2025-12-26,2.873
508027.SH,2025-12-29,2.883
508027.SH,2025-12-30,2.883
508027.SH,2025-12-31,2.892
508027.SH,2026-01-05,2.88
508027.SH,2026-01-06,2.894
508027.SH,2026-01-07,2.933
508027.SH,2026-01-08,2.929
508027.SH,2026-01-09,2.944
508027.SH,2026-01-12,2.988
508027.SH,2026-01-13,2.997
508027.SH,2026-01-14,3.002
508027.SH,2026-01-15,2.976
508027.SH,2026-01-16,2.984
508027.SH,2026-01-19,2.978
508027.SH,2026-01-20,2.985
508027.SH,2026-01-21,2.988
508027.SH,2026-01-22,2.998
508027.SH,2026-01-23,2.97
508027.SH,2026-01-26,2.967
508027.SH,2026-01-27,2.953
508027.SH,2026-01-28,2.943
508027.SH,2026-01-29,2.982
508027.SH,2026-01-30,2.964
508027.SH,2026-02-02,2.944
508027.SH,2026-02-03,2.94
508027.SH,2026-02-04,2.915
508027.SH,2026-02-05,2.911
508027.SH,2026-02-06,2.888
508027.SH,2026-02-09,2.885
508027.SH,2026-02-10,2.884
508027.SH,2026-02-11,2.887
508027.SH,2026-02-12,2.879
508027.SH,2026-02-13,2.867
508027.SH,2026-02-24,2.85
508027.SH,2026-02-25,2.855
508027.SH,2026-02-26,2.85
508027.SH,2026-02-27,2.853
508027.SH,2026-03-02,2.852
508027.SH,2026-03-03,2.856
508027.SH,2026-03-04,2.843
508027.SH,2026-03-05,2.843
508027.SH,2026-03-06,2.836
508027.SH,2026-03-09,2.796
508027.SH,2026-03-10,2.819
508027.SH,2026-03-11,2.818
508027.SH,2026-03-12,2.818
508027.SH,2026-03-13,2.831
508027.SH,2026-03-16,2.834
508027.SH,2026-03-17,2.841
508027.SH,2026-03-18,2.813
508027.SH,2026-03-19,2.796
508027.SH,2026-03-20,2.784
508027.SH,2026-03-23,2.766
508027.SH,2026-03-24,2.783
508027.SH,2026-03-25,2.782
508027.SH,2026-03-26,2.751
508027.SH,2026-03-27,2.741
508027.SH,2026-03-30,2.734
508027.SH,2026-03-31,2.729
508027.SH,2026-04-01,2.751
508027.SH,2026-04-02,2.756
508027.SH,2026-04-03,2.778
508027.SH,2026-04-07,2.812
508027.SH,2026-04-08,2.853
508027.SH,2026-04-09,2.847
508027.SH,2026-04-10,2.835
508027.SH,2026-04-13,2.83
508027.SH,2026-04-14,2.834
508027.SH,2026-04-15,2.828
508027.SH,2026-04-16,2.872
508027.SH,2026-04-17,2.9
508027.SH,2026-04-20,2.916
508027.SH,2026-04-21,2.912
508027.SH,2026-04-22,2.92
508027.SH,2026-04-23,2.918
508027.SH,2026-04-24,2.75
508027.SH,2026-04-27,2.727
508027.SH,2026-04-28,2.735
508027.SH,2026-04-29,2.73
508027.SH,2026-04-30,2.712
508027.SH,2026-05-06,2.705
508027.SH,2026-05-07,2.736
508027.SH,2026-05-08,2.736
508027.SH,2026-05-11,2.726
508027.SH,2026-05-12,2.725
508027.SH,2026-05-13,2.72
508027.SH,2026-05-14,2.706
508027.SH,2026-05-15,2.697
508027.SH,2026-05-18,2.661
508027.SH,2026-05-19,2.698
508027.SH,2026-05-20,2.685
508027.SH,2026-05-21,2.658
508027.SH,2026-05-22,2.652
508027.SH,2026-05-25,2.677
508027.SH,2026-05-26,2.667
508027.SH,2026-05-27,2.664
508027.SH,2026-05-28,2.66
508027.SH,2026-05-29,2.669
508027.SH,2026-06-01,2.68
508027.SH,2026-06-02,2.671
508027.SH,2026-06-03,2.666
508027.SH,2026-06-04,2.683
508027.SH,2026-06-05,2.68
508027.SH,2026-06-08,2.665
508027.SH,2026-06-09,2.66
508027.SH,2026-06-10,2.647
508027.SH,2026-06-11,2.622
508027.SH,2026-06-12,2.64
508027.SH,2026-06-15,2.632
508027.SH,2026-06-16,2.634
508027.SH,2026-06-17,2.638
508027.SH,2026-06-18,2.622
508027.SH,2026-06-22,2.588
508027.SH,2026-06-23,2.568
508027.SH,2026-06-24,2.548
508027.SH,2026-06-25,2.566
508027.SH,2026-06-26,2.545
508027.SH,2026-06-29,2.567
508027.SH,2026-06-30,2.593
508027.SH,2026-07-01,2.61
508027.SH,2026-07-02,2.603
508027.SH,2026-07-03,2.648
508027.SH,2026-07-06,2.65
508027.SH,2026-07-07,2.654
508027.SH,2026-07-08,2.644
508027.SH,2026-07-09,2.626
508027.SH,2026-07-10,2.628
508027.SH,2026-07-13,2.608
508027.SH,2026-07-14,2.609
508027.SH,2026-07-15,2.609
508027.SH,2026-07-16,2.609
508027.SH,2026-07-17,2.604
508027.SH,2026-07-20,2.568
508027.SH,2026-07-21,2.56
508027.SH,2026-07-22,2.54
508027.SH,2026-07-23,2.527
508027.SH,2026-07-24,2.516
508027.SH,2026-07-27,2.519
508027.SH,2026-07-28,2.517
508027.SH,2026-07-29,2.536
508027.SH,2026-07-30,2.52
508027.SH,2026-07-31,2.555
508027.SH,2026-08-03,2.545
508027.SH,2026-08-04,2.539
508027.SH,2026-08-05,2.536
508027.SH,2026-08-06,2.511
508027.SH,2026-08-07,2.51
508027.SH,2026-08-10,2.5
508027.SH,2026-08-11,2.487
508027.SH,2026-08-12,2.474
508027.SH,2026-08-13,2.46
508027.SH,2026-08-14,2.463
508027.SH,2026-08-17,2.444
508027.SH,2026-08-18,2.448
508027.SH,2026-08-19,2.455
508027.SH,2026-08-20,2.492
508027.SH,2026-08-21,2.488
508027.SH,2026-08-24,2.46
508027.SH,2026-08-25,2.463
508027.SH,2026-08-26,2.512
508027.SH,2026-08-27,2.538
508027.SH,2026-08-28,2.549
508027.SH,2026-08-31,2.556
508027.SH,2026-09-01,2.525
508027.SH,2026-09-02,2.497
508027.SH,2026-09-03,2.475
508027.SH,2026-09-04,2.479
508027.SH,2026-09-07,2.465
508027.SH,2026-09-08,2.455
508027.SH,2026-09-09,2.453
508027.SH,2026-09-10,2.434
508027.SH,2026-09-11,2.422
508027.SH,2026-09-14,2.412
508027.SH,2026-09-15,2.408
508027.SH,2026-09-16,2.402
508027.SH,2026-09-17,2.407
508027.SH,2026-09-18,2.384
508027.SH,2026-09-21,2.371
508027.SH,2026-09-22,2.359
508027.SH,2026-09-23,2.362
508027.SH,2026-09-24,2.366
508027.SH,2026-09-28,2.362
508027.SH,2026-09-29,2.361
508027.SH,2026-09-30,2.368
508029.SH,2025-11-06,3.66
508029.SH,2025-11-07,3.6
508029.SH,2025-11-10,3.596
508029.SH,2025-11-11,3.548
508029.SH,2025-11-12,3.591
508029.SH,2025-11-13,3.617
508029.SH,2025-11-14,3.621
508029.SH,2025-11-17,3.617
508029.SH,2025-11-18,3.597
508029.SH,2025-11-19,3.589
508029.SH,2025-11-20,3.588
508029.SH,2025-11-21,3.597
508029.SH,2025-11-24,3.589
508029.SH,2025-11-25,3.589
508029.SH,2025-11-26,3.6
508029.SH,2025-11-27,3.596
508029.SH,2025-11-28,3.583
508029.SH,2025-12-01,3.593
508029.SH,2025-12-02,3.598
508029.SH,2025-12-03,3.59
508029.SH,2025-12-04,3.585
508029.SH,2025-12-05,3.588
508029.SH,2025-12-08,3.576
508029.SH,2025-12-09,3.586
508029.SH,2025-12-10,3.597
508029.SH,2025-12-11,3.589
508029.SH,2025-12-12,3.59
508029.SH,2025-12-15,3.585
508029.SH,2025-12-16,3.569
508029.SH,2025-12-17,3.585
508029.SH,2025-12-18,3.564
508029.SH,2025-12-19,3.571
508029.SH,2025-12-22,3.56
508029.SH,2025-12-23,3.566
508029.SH,2025-12-24,3.582
508029.SH,2025-12-25,3.578
508029.SH,2025-12-26,3.579
508029.SH,2025-12-29,3.579
508029.SH,2025-12-30,3.575
508029.SH,2025-12-31,3.582
508029.SH,2026-01-05,3.585
508029.SH,2026-01-06,3.585
508029.SH,2026-01-07,3.615
508029.SH,2026-01-08,3.658
508029.SH,2026-01-09,3.655
508029.SH,2026-01-12,3.655
508029.SH,2026-01-13,3.65
508029.SH,2026-01-14,3.656
508029.SH,2026-01-15,3.652
508029.SH,2026-01-16,3.658
508029.SH,2026-01-19,3.658
508029.SH,2026-01-20,3.659
508029.SH,2026-01-21,3.675
508029.SH,2026-01-22,3.758
508029.SH,2026-01-23,3.88
508029.SH,2026-01-26,3.871
508029.SH,2026-01-27,3.666
508029.SH,2026-01-28,3.666
508029.SH,2026-01-29,3.8
508029.SH,2026-01-30,3.734
508029.SH,2026-02-02,3.668
508029.SH,2026-02-03,3.773
508029.SH,2026-02-04,3.735
508029.SH,2026-02-05,3.73
508029.SH,2026-02-06,3.727
508029.SH,2026-02-09,3.682
508029.SH,2026-02-10,3.718
508029.SH,2026-02-11,3.739
508029.SH,2026-02-12,3.735
508029.SH,2026-02-13,3.74
508029.SH,2026-02-24,3.702
508029.SH,2026-02-25,3.703
508029.SH,2026-02-26,3.685
508029.SH,2026-02-27,3.685
508029.SH,2026-03-02,3.639
508029.SH,2026-03-03,3.684
508029.SH,2026-03-04,3.737
508029.SH,2026-03-05,3.692
508029.SH,2026-03-06,3.628
508029.SH,2026-03-09,3.589
508029.SH,2026-03-10,3.609
508029.SH,2026-03-11,3.609
508029.SH,2026-03-12,3.585
508029.SH,2026-03-13,3.599
508029.SH,2026-03-16,3.601
508029.SH,2026-03-17,3.59
508029.SH,2026-03-18,3.644
508029.SH,2026-03-19,3.656
508029.SH,2026-03-20,3.608
508029.SH,2026-03-23,3.588
508029.SH,2026-03-24,3.578
508029.SH,2026-03-25,3.576
508029.SH,2026-03-26,3.591
508029.SH,2026-03-27,3.6
508029.SH,2026-03-30,3.6
508029.SH,2026-03-31,3.599
508029.SH,2026-04-01,3.6
508029.SH,2026-04-02,3.587
508029.SH,2026-04-03,3.587
508029.SH,2026-04-07,3.58
508029.SH,2026-04-08,3.63
508029.SH,2026-04-09,3.638
508029.SH,2026-04-10,3.683
508029.SH,2026-04-13,3.675
508029.SH,2026-04-14,3.669
508029.SH,2026-04-15,3.703
508029.SH,2026-04-16,3.718
508029.SH,2026-04-17,3.708
508029.SH,2026-04-20,3.717
508029.SH,2026-04-21,3.679
508029.SH,2026-04-22,3.654
508029.SH,2026-04-23,3.641
508029.SH,2026-04-24,3.645
508029.SH,2026-04-27,3.622
508029.SH,2026-04-28,3.659
508029.SH,2026-04-29,3.637
508029.SH,2026-04-30,3.6
508029.SH,2026-05-06,3.586
508029.SH,2026-05-07,3.609
508029.SH,2026-05-08,3.597
508029.SH,2026-05-11,3.594
508029.SH,2026-05-12,3.584
508029.SH,2026-05-13,3.557
508029.SH,2026-05-14,3.505
508029.SH,2026-05-15,3.424
508029.SH,2026-05-18,3.4
508029.SH,2026-05-19,3.494
508029.SH,2026-05-20,3.493
508029.SH,2026-05-21,3.466
508029.SH,2026-05-22,3.466
508029.SH,2026-05-25,3.411
508029.SH,2026-05-26,3.346
508029.SH,2026-05-27,3.352
508029.SH,2026-05-28,3.315
508029.SH,2026-05-29,3.307
508029.SH,2026-06-01,3.369
508029.SH,2026-06-02,3.396
508029.SH,2026-06-03,3.432
508029.SH,2026-06-04,3.445
508029.SH,2026-06-05,3.39
508029.SH,2026-06-08,3.36
508029.SH,2026-06-09,3.361
508029.SH,2026-06-10,3.33
508029.SH,2026-06-11,3.315
508029.SH,2026-06-12,3.336
508029.SH,2026-06-15,3.321
508029.SH,2026-06-16,3.346
508029.SH,2026-06-17,3.333
508029.SH,2026-06-18,3.27
508029.SH,2026-06-22,3.14
508029.SH,2026-06-23,3.169
508029.SH,2026-06-24,3.073
508029.SH,2026-06-25,3.12
508029.SH,2026-06-26,3.037
508029.SH,2026-06-29,3.076
508029.SH,2026-06-30,3.096
508029.SH,2026-07-01,3.105
508029.SH,2026-07-02,3.101
508029.SH,2026-07-03,3.087
508029.SH,2026-07-06,3.089
508029.SH,2026-07-07,3.072
508029.SH,2026-07-08,3.114
508029.SH,2026-07-09,3.113
508029.SH,2026-07-10,3.149
508029.SH,2026-07-13,3.125
508029.SH,2026-07-14,3.129
508029.SH,2026-07-15,3.088
508029.SH,2026-07-16,3.095
508029.SH,2026-07-17,3.071
508029.SH,2026-07-20,3.049
508029.SH,2026-07-21,3.039
508029.SH,2026-07-22,2.941
508029.SH,2026-07-23,2.919
508029.SH,2026-07-24,2.913
508029.SH,2026-07-27,2.909
508029.SH,2026-07-28,2.878
508029.SH,2026-07-29,2.861
508029.SH,2026-07-30,2.831
508029.SH,2026-07-31,2.833
508029.SH,2026-08-03,2.747
508029.SH,2026-08-04,2.682
508029.SH,2026-08-05,2.633
508029.SH,2026-08-06,2.563
508029.SH,2026-08-07,2.507
508029.SH,2026-08-10,2.529
508029.SH,2026-08-11,2.455
508029.SH,2026-08-12,2.43
508029.SH,2026-08-13,2.41
508029.SH,2026-08-14,2.415
508029.SH,2026-08-17,2.345
508029.SH,2026-08-18,2.369
508029.SH,2026-08-19,2.397
508029.SH,2026-08-20,2.447
508029.SH,2026-08-21,2.472
508029.SH,2026-08-24,2.49
508029.SH,2026-08-25,2.479
508029.SH,2026-08-26,2.577
508029.SH,2026-08-27,2.601
508029.SH,2026-08-28,2.651
508029.SH,2026-08-31,2.684
508029.SH,2026-09-01,2.679
508029.SH,2026-09-02,2.671
508029.SH,2026-09-03,2.616
508029.SH,2026-09-04,2.573
508029.SH,2026-09-07,2.521
508029.SH,2026-09-08,2.525
508029.SH,2026-09-09,2.533
508029.SH,2026-09-10,2.518
508029.SH,2026-09-11,2.51
508029.SH,2026-09-14,2.498
508029.SH,2026-09-15,2.496
508029.SH,2026-09-16,2.51
508029.SH,2026-09-17,2.574
508029.SH,2026-09-18,2.557
508029.SH,2026-09-21,2.555
508029.SH,2026-09-22,2.56
508029.SH,2026-09-23,2.578
508029.SH,2026-09-24,2.61
508029.SH,2026-09-28,2.593
508029.SH,2026-09-29,2.585
508029.SH,2026-09-30,2.567
508031.SH,2024-01-12,3.048
508031.SH,2024-01-15,2.822
508031.SH,2024-01-16,2.861
508031.SH,2024-01-17,2.849
508031.SH,2024-01-18,2.818
508031.SH,2024-01-19,2.823
508031.SH,2024-01-22,2.801
508031.SH,2024-01-23,2.793
508031.SH,2024-01-24,2.774
508031.SH,2024-01-25,2.804
508031.SH,2024-01-26,2.817
508031.SH,2024-01-29,2.813
508031.SH,2024-01-30,2.808
508031.SH,2024-01-31,2.804
508031.SH,2024-02-01,2.8
508031.SH,2024-02-02,2.799
508031.SH,2024-02-05,2.795
508031.SH,2024-02-06,2.798
508031.SH,2024-02-07,2.796
508031.SH,2024-02-08,2.801
508031.SH,2024-02-19,2.885
508031.SH,2024-02-20,2.849
508031.SH,2024-02-21,2.845
508031.SH,2024-02-22,2.841
508031.SH,2024-02-23,2.99
508031.SH,2024-02-26,3.029
508031.SH,2024-02-27,2.998
508031.SH,2024-02-28,3.015
508031.SH,2024-02-29,3.007
508031.SH,2024-03-01,3.05
508031.SH,2024-03-04,3.054
508031.SH,2024-03-05,3.058
508031.SH,2024-03-06,3.053
508031.SH,2024-03-07,3.038
508031.SH,2024-03-08,3.053
508031.SH,2024-03-11,3.054
508031.SH,2024-03-12,3.058
508031.SH,2024-03-13,3.051
508031.SH,2024-03-14,3.054
508031.SH,2024-03-15,3.047
508031.SH,2024-03-18,3.04
508031.SH,2024-03-19,3.035
508031.SH,2024-03-20,3.03
508031.SH,2024-03-21,2.98
508031.SH,2024-03-22,2.985
508031.SH,2024-03-25,2.976
508031.SH,2024-03-26,2.982
508031.SH,2024-03-27,3.006
508031.SH,2024-03-28,3.001
508031.SH,2024-03-29,3.0
508031.SH,2024-04-01,3.009
508031.SH,2024-04-02,2.996
508031.SH,2024-04-03,2.996
508031.SH,2024-04-08,3.049
508031.SH,2024-04-09,3.043
508031.SH,2024-04-10,3.03
508031.SH,2024-04-11,3.021
508031.SH,2024-04-12,2.997
508031.SH,2024-04-15,2.991
508031.SH,2024-04-16,2.99
508031.SH,2024-04-17,3.006
508031.SH,2024-04-18,3.009
508031.SH,2024-04-19,3.016
508031.SH,2024-04-22,3.0
508031.SH,2024-04-23,3.004
508031.SH,2024-04-24,3.015
508031.SH,2024-04-25,3.046
508031.SH,2024-04-26,3.05
508031.SH,2024-04-29,3.05
508031.SH,2024-04-30,3.044
508031.SH,2024-05-06,3.052
508031.SH,2024-05-07,3.073
508031.SH,2024-05-08,3.097
508031.SH,2024-05-09,3.12
508031.SH,2024-05-10,3.098
508031.SH,2024-05-13,3.126
508031.SH,2024-05-14,3.164
508031.SH,2024-05-15,3.163
508031.SH,2024-05-16,3.173
508031.SH,2024-05-17,3.165
508031.SH,2024-05-20,3.176
508031.SH,2024-05-21,3.174
508031.SH,2024-05-22,3.16
508031.SH,2024-05-23,3.13
508031.SH,2024-05-24,3.165
508031.SH,2024-05-27,3.159
508031.SH,2024-05-28,3.158
508031.SH,2024-05-29,3.142
508031.SH,2024-05-30,3.129
508031.SH,2024-05-31,3.154
508031.SH,2024-06-03,3.142
508031.SH,2024-06-04,3.16
508031.SH,2024-06-05,3.159
508031.SH,2024-06-06,3.158
508031.SH,2024-06-07,3.16
508031.SH,2024-06-11,3.167
508031.SH,2024-06-12,3.165
508031.SH,2024-06-13,3.16
508031.SH,2024-06-14,3.179
508031.SH,2024-06-17,3.174
508031.SH,2024-06-18,3.199
508031.SH,2024-06-19,3.196
508031.SH,2024-06-20,3.208
508031.SH,2024-06-21,3.234
508031.SH,2024-06-24,3.256
508031.SH,2024-06-25,3.274
508031.SH,2024-06-26,3.274
508031.SH,2024-06-27,3.355
508031.SH,2024-06-28,3.322
508031.SH,2024-07-01,3.329
508031.SH,2024-07-02,3.353
508031.SH,2024-07-03,3.376
508031.SH,2024-07-04,3.376
508031.SH,2024-07-05,3.387
508031.SH,2024-07-08,3.339
508031.SH,2024-07-09,3.335
508031.SH,2024-07-10,3.38
508031.SH,2024-07-11,3.379
508031.SH,2024-07-12,3.395
508031.SH,2024-07-15,3.47
508031.SH,2024-07-16,3.452
508031.SH,2024-07-17,3.455
508031.SH,2024-07-18,3.464
508031.SH,2024-07-19,3.447
508031.SH,2024-07-22,3.411
508031.SH,2024-07-23,3.386
508031.SH,2024-07-24,3.379
508031.SH,2024-07-25,3.396
508031.SH,2024-07-26,3.439
508031.SH,2024-07-29,3.426
508031.SH,2024-07-30,3.444
508031.SH,2024-07-31,3.444
508031.SH,2024-08-01,3.431
508031.SH,2024-08-02,3.442
508031.SH,2024-08-05,3.47
508031.SH,2024-08-06,3.512
508031.SH,2024-08-07,3.599
508031.SH,2024-08-08,3.592
508031.SH,2024-08-09,3.602
508031.SH,2024-08-12,3.605
508031.SH,2024-08-13,3.578
508031.SH,2024-08-14,3.644
508031.SH,2024-08-15,3.638
508031.SH,2024-08-16,3.609
508031.SH,2024-08-19,3.548
508031.SH,2024-08-20,3.542
508031.SH,2024-08-21,3.501
508031.SH,2024-08-22,3.504
508031.SH,2024-08-23,3.52
508031.SH,2024-08-26,3.5
508031.SH,2024-08-27,3.499
508031.SH,2024-08-28,3.49
508031.SH,2024-08-29,3.479
508031.SH,2024-08-30,3.475
508031.SH,2024-09-02,3.5
508031.SH,2024-09-03,3.478
508031.SH,2024-09-04,3.485
508031.SH,2024-09-05,3.507
508031.SH,2024-09-06,3.537
508031.SH,2024-09-09,3.529
508031.SH,2024-09-10,3.499
508031.SH,2024-09-11,3.477
508031.SH,2024-09-12,3.477
508031.SH,2024-09-13,3.483
508031.SH,2024-09-18,3.492
508031.SH,2024-09-19,3.376
508031.SH,2024-09-20,3.3
508031.SH,2024-09-23,3.328
508031.SH,2024-09-24,3.353
508031.SH,2024-09-25,3.378
508031.SH,2024-09-26,3.407
508031.SH,2024-09-27,3.408
508031.SH,2024-09-30,3.335
508031.SH,2024-10-08,3.292
508031.SH,2024-10-09,3.249
508031.SH,2024-10-10,3.287
508031.SH,2024-10-11,3.297
508031.SH,2024-10-14,3.26
508031.SH,2024-10-15,3.199
508031.SH,2024-10-16,3.176
508031.SH,2024-10-17,3.202
508031.SH,2024-10-18,3.24
508031.SH,2024-10-21,3.249
508031.SH,2024-10-22,3.251
508031.SH,2024-10-23,3.242
508031.SH,2024-10-24,3.216
508031.SH,2024-10-25,3.244
508031.SH,2024-10-28,3.245
508031.SH,2024-10-29,3.248
508031.SH,2024-10-30,3.221
508031.SH,2024-10-31,3.218
508031.SH,2024-11-01,3.225
508031.SH,2024-11-04,3.246
508031.SH,2024-11-05,3.296
508031.SH,2024-11-06,3.33
508031.SH,2024-11-07,3.335
508031.SH,2024-11-08,3.356
508031.SH,2024-11-11,3.415
508031.SH,2024-11-12,3.419
508031.SH,2024-11-13,3.41
508031.SH,2024-11-14,3.389
508031.SH,2024-11-15,3.377
508031.SH,2024-11-18,3.421
508031.SH,2024-11-19,3.398
508031.SH,2024-11-20,3.402
508031.SH,2024-11-21,3.373
508031.SH,2024-11-22,3.389
508031.SH,2024-11-25,3.382
508031.SH,2024-11-26,3.385
508031.SH,2024-11-27,3.39
508031.SH,2024-11-28,3.38
508031.SH,2024-11-29,3.383
508031.SH,2024-12-02,3.377
508031.SH,2024-12-03,3.395
508031.SH,2024-12-04,3.374
508031.SH,2024-12-05,3.372
508031.SH,2024-12-06,3.37
508031.SH,2024-12-09,3.37
508031.SH,2024-12-10,3.457
508031.SH,2024-12-11,3.5
508031.SH,2024-12-12,3.48
508031.SH,2024-12-13,3.5
508031.SH,2024-12-16,3.666
508031.SH,2024-12-17,3.677
508031.SH,2024-12-18,3.674
508031.SH,2024-12-19,3.656
508031.SH,2024-12-20,3.693
508031.SH,2024-12-23,3.749
508031.SH,2024-12-24,3.708
508031.SH,2024-12-25,3.679
508031.SH,2024-12-26,3.68
508031.SH,2024-12-27,3.7
508031.SH,2024-12-30,3.657
508031.SH,2024-12-31,3.618
508031.SH,2025-01-02,3.759
508031.SH,2025-01-03,3.847
508031.SH,2025-01-06,3.868
508031.SH,2025-01-07,3.836
508031.SH,2025-01-08,3.879
508031.SH,2025-01-09,3.901
508031.SH,2025-01-10,3.911
508031.SH,2025-01-13,3.884
508031.SH,2025-01-14,3.839
508031.SH,2025-01-15,3.821
508031.SH,2025-01-16,3.813
508031.SH,2025-01-17,3.8
508031.SH,2025-01-20,3.827
508031.SH,2025-01-21,3.832
508031.SH,2025-01-22,3.835
508031.SH,2025-01-23,3.868
508031.SH,2025-01-24,3.868
508031.SH,2025-01-27,3.92
508031.SH,2025-02-05,3.92
508031.SH,2025-02-06,4.015
508031.SH,2025-02-07,4.0
508031.SH,2025-02-10,4.097
508031.SH,2025-02-11,4.1
508031.SH,2025-02-12,4.169
508031.SH,2025-02-13,4.045
508031.SH,2025-02-14,3.983
508031.SH,2025-02-17,3.963
508031.SH,2025-02-18,3.906
508031.SH,2025-02-19,3.952
508031.SH,2025-02-20,3.997
508031.SH,2025-02-21,3.985
508031.SH,2025-02-24,3.97
508031.SH,2025-02-25,3.899
508031.SH,2025-02-26,3.935
508031.SH,2025-02-27,3.923
508031.SH,2025-02-28,3.885
508031.SH,2025-03-03,3.927
508031.SH,2025-03-04,3.98
508031.SH,2025-03-05,3.976
508031.SH,2025-03-06,3.939
508031.SH,2025-03-07,3.9
508031.SH,2025-03-10,3.907
508031.SH,2025-03-11,3.912
508031.SH,2025-03-12,3.898
508031.SH,2025-03-13,3.917
508031.SH,2025-03-14,3.897
508031.SH,2025-03-17,3.872
508031.SH,2025-03-18,3.875
508031.SH,2025-03-19,3.916
508031.SH,2025-03-20,3.94
508031.SH,2025-03-21,3.933
508031.SH,2025-03-24,3.92
508031.SH,2025-03-25,3.934
508031.SH,2025-03-26,3.949
508031.SH,2025-03-27,3.99
508031.SH,2025-03-28,4.043
508031.SH,2025-03-31,3.984
508031.SH,2025-04-01,3.968
508031.SH,2025-04-02,3.99
508031.SH,2025-04-03,4.08
508031.SH,2025-04-07,4.161
508031.SH,2025-04-08,4.162
508031.SH,2025-04-09,4.114
508031.SH,2025-04-10,4.058
508031.SH,2025-04-11,4.059
508031.SH,2025-04-14,4.094
508031.SH,2025-04-15,4.153
508031.SH,2025-04-16,4.158
508031.SH,2025-04-17,4.224
508031.SH,2025-04-18,4.152
508031.SH,2025-04-21,4.129
508031.SH,2025-04-22,4.122
508031.SH,2025-04-23,4.091
508031.SH,2025-04-24,4.07
508031.SH,2025-04-25,3.989
508031.SH,2025-04-28,3.986
508031.SH,2025-04-29,4.002
508031.SH,2025-04-30,4.002
508031.SH,2025-05-06,4.019
508031.SH,2025-05-07,4.024
508031.SH,2025-05-08,4.024
508031.SH,2025-05-09,4.032
508031.SH,2025-05-12,4.051
508031.SH,2025-05-13,4.058
508031.SH,2025-05-14,4.058
508031.SH,2025-05-15,4.054
508031.SH,2025-05-16,4.071
508031.SH,2025-05-19,4.15
508031.SH,2025-05-20,4.203
508031.SH,2025-05-21,4.253
508031.SH,2025-05-22,4.29
508031.SH,2025-05-23,4.259
508031.SH,2025-05-26,4.294
508031.SH,2025-05-27,4.291
508031.SH,2025-05-28,4.29
508031.SH,2025-05-29,4.289
508031.SH,2025-05-30,4.298
508031.SH,2025-06-03,4.285
508031.SH,2025-06-04,4.292
508031.SH,2025-06-05,4.327
508031.SH,2025-06-06,4.269
508031.SH,2025-06-09,4.192
508031.SH,2025-06-10,4.209
508031.SH,2025-06-11,4.216
508031.SH,2025-06-12,4.25
508031.SH,2025-06-13,4.258
508031.SH,2025-06-16,4.254
508031.SH,2025-06-17,4.257
508031.SH,2025-06-18,4.291
508031.SH,2025-06-19,4.28
508031.SH,2025-06-20,4.31
508031.SH,2025-06-23,4.325
508031.SH,2025-06-24,4.335
508031.SH,2025-06-25,4.345
508031.SH,2025-06-26,4.323
508031.SH,2025-06-27,4.275
508031.SH,2025-06-30,4.272
508031.SH,2025-07-01,4.234
508031.SH,2025-07-02,4.284
508031.SH,2025-07-03,4.255
508031.SH,2025-07-04,4.238
508031.SH,2025-07-07,4.227
508031.SH,2025-07-08,4.186
508031.SH,2025-07-09,4.188
508031.SH,2025-07-10,4.194
508031.SH,2025-07-11,4.168
508031.SH,2025-07-14,4.14
508031.SH,2025-07-15,4.207
508031.SH,2025-07-16,4.214
508031.SH,2025-07-17,4.219
508031.SH,2025-07-18,4.192
508031.SH,2025-07-21,4.189
508031.SH,2025-07-22,4.124
508031.SH,2025-07-23,4.097
508031.SH,2025-07-24,4.05
508031.SH,2025-07-25,4.042
508031.SH,2025-07-28,4.05
508031.SH,2025-07-29,4.048
508031.SH,2025-07-30,4.076
508031.SH,2025-07-31,4.203
508031.SH,2025-08-01,4.203
508031.SH,2025-08-04,4.18
508031.SH,2025-08-05,4.155
508031.SH,2025-08-06,4.187
508031.SH,2025-08-07,4.29
508031.SH,2025-08-08,4.282
508031.SH,2025-08-11,4.225
508031.SH,2025-08-12,4.197
508031.SH,2025-08-13,4.182
508031.SH,2025-08-14,4.16
508031.SH,2025-08-15,4.121
508031.SH,2025-08-18,4.105
508031.SH,2025-08-19,4.054
508031.SH,2025-08-20,4.062
508031.SH,2025-08-21,4.062
508031.SH,2025-08-22,4.052
508031.SH,2025-08-25,4.04
508031.SH,2025-08-26,4.09
508031.SH,2025-08-27,4.079
508031.SH,2025-08-28,4.079
508031.SH,2025-08-29,4.081
508031.SH,2025-09-01,4.082
508031.SH,2025-09-02,4.09
508031.SH,2025-09-03,4.12
508031.SH,2025-09-04,4.183
508031.SH,2025-09-05,4.146
508031.SH,2025-09-08,4.116
508031.SH,2025-09-09,4.11
508031.SH,2025-09-10,4.096
508031.SH,2025-09-11,4.073
508031.SH,2025-09-12,4.108
508031.SH,2025-09-15,4.148
508031.SH,2025-09-16,4.148
508031.SH,2025-09-17,4.133
508031.SH,2025-09-18,4.111
508031.SH,2025-09-19,4.126
508031.SH,2025-09-22,4.1
508031.SH,2025-09-23,4.02
508031.SH,2025-09-24,4.005
508031.SH,2025-09-25,4.002
508031.SH,2025-09-26,4.002
508031.SH,2025-09-29,3.977
508031.SH,2025-09-30,3.97
508031.SH,2025-10-09,3.962
508031.SH,2025-10-10,3.976
508031.SH,2025-10-13,3.97
508031.SH,2025-10-14,3.949
508031.SH,2025-10-15,3.936
508031.SH,2025-10-16,3.918
508031.SH,2025-10-17,3.9
508031.SH,2025-10-20,3.864
508031.SH,2025-10-21,3.845
508031.SH,2025-10-22,3.848
508031.SH,2025-10-23,3.842
508031.SH,2025-10-24,3.86
508031.SH,2025-10-27,3.87
508031.SH,2025-10-28,3.941
508031.SH,2025-10-29,3.938
508031.SH,2025-10-30,3.94
508031.SH,2025-10-31,3.94
508031.SH,2025-11-03,3.942
508031.SH,2025-11-04,3.925
508031.SH,2025-11-05,3.902
508031.SH,2025-11-06,3.916
508031.SH,2025-11-07,3.93
508031.SH,2025-11-10,3.95
508031.SH,2025-11-11,3.96
508031.SH,2025-11-12,3.94
508031.SH,2025-11-13,3.94
508031.SH,2025-11-14,3.96
508031.SH,2025-11-17,3.96
508031.SH,2025-11-18,3.969
508031.SH,2025-11-19,3.957
508031.SH,2025-11-20,3.951
508031.SH,2025-11-21,3.923
508031.SH,2025-11-24,3.885
508031.SH,2025-11-25,3.877
508031.SH,2025-11-26,3.87
508031.SH,2025-11-27,3.86
508031.SH,2025-11-28,3.869
508031.SH,2025-12-01,3.848
508031.SH,2025-12-02,3.862
508031.SH,2025-12-03,3.885
508031.SH,2025-12-04,3.882
508031.SH,2025-12-05,3.9
508031.SH,2025-12-08,3.874
508031.SH,2025-12-09,3.877
508031.SH,2025-12-10,3.89
508031.SH,2025-12-11,3.895
508031.SH,2025-12-12,3.899
508031.SH,2025-12-15,3.86
508031.SH,2025-12-16,3.844
508031.SH,2025-12-17,3.798
508031.SH,2025-12-18,3.79
508031.SH,2025-12-19,3.784
508031.SH,2025-12-22,3.783
508031.SH,2025-12-23,3.779
508031.SH,2025-12-24,3.855
508031.SH,2025-12-25,3.899
508031.SH,2025-12-26,3.883
508031.SH,2025-12-29,3.885
508031.SH,2025-12-30,3.88
508031.SH,2025-12-31,3.89
508031.SH,2026-01-05,3.9
508031.SH,2026-01-06,3.915
508031.SH,2026-01-07,3.918
508031.SH,2026-01-08,3.887
508031.SH,2026-01-09,3.872
508031.SH,2026-01-12,3.875
508031.SH,2026-01-13,3.88
508031.SH,2026-01-14,3.88
508031.SH,2026-01-15,3.877
508031.SH,2026-01-16,3.874
508031.SH,2026-01-19,3.867
508031.SH,2026-01-20,3.888
508031.SH,2026-01-21,3.889
508031.SH,2026-01-22,3.92
508031.SH,2026-01-23,3.957
508031.SH,2026-01-26,3.94
508031.SH,2026-01-27,3.949
508031.SH,2026-01-28,3.974
508031.SH,2026-01-29,4.001
508031.SH,2026-01-30,3.979
508031.SH,2026-02-02,3.937
508031.SH,2026-02-03,3.939
508031.SH,2026-02-04,3.94
508031.SH,2026-02-05,3.917
508031.SH,2026-02-06,3.903
508031.SH,2026-02-09,3.9
508031.SH,2026-02-10,3.923
508031.SH,2026-02-11,3.931
508031.SH,2026-02-12,3.91
508031.SH,2026-02-13,3.93
508031.SH,2026-02-24,3.913
508031.SH,2026-02-25,3.911
508031.SH,2026-02-26,3.89
508031.SH,2026-02-27,3.869
508031.SH,2026-03-02,3.837
508031.SH,2026-03-03,3.843
508031.SH,2026-03-04,3.847
508031.SH,2026-03-05,3.833
508031.SH,2026-03-06,3.815
508031.SH,2026-03-09,3.804
508031.SH,2026-03-10,3.82
508031.SH,2026-03-11,3.808
508031.SH,2026-03-12,3.799
508031.SH,2026-03-13,3.774
508031.SH,2026-03-16,3.735
508031.SH,2026-03-17,3.736
508031.SH,2026-03-18,3.771
508031.SH,2026-03-19,3.785
508031.SH,2026-03-20,3.786
508031.SH,2026-03-23,3.755
508031.SH,2026-03-24,3.778
508031.SH,2026-03-25,3.764
508031.SH,2026-03-26,3.775
508031.SH,2026-03-27,3.779
508031.SH,2026-03-30,3.773
508031.SH,2026-03-31,3.749
508031.SH,2026-04-01,3.762
508031.SH,2026-04-02,3.767
508031.SH,2026-04-03,3.816
508031.SH,2026-04-07,3.841
508031.SH,2026-04-08,3.86
508031.SH,2026-04-09,3.83
508031.SH,2026-04-10,3.823
508031.SH,2026-04-13,3.808
508031.SH,2026-04-14,3.848
508031.SH,2026-04-15,3.862
508031.SH,2026-04-16,3.921
508031.SH,2026-04-17,3.935
508031.SH,2026-04-20,3.917
508031.SH,2026-04-21,3.9
508031.SH,2026-04-22,3.944
508031.SH,2026-04-23,3.92
508031.SH,2026-04-24,3.897
508031.SH,2026-04-27,3.78
508031.SH,2026-04-28,3.78
508031.SH,2026-04-29,3.763
508031.SH,2026-04-30,3.739
508031.SH,2026-05-06,3.73
508031.SH,2026-05-07,3.72
508031.SH,2026-05-08,3.771
508031.SH,2026-05-11,3.763
508031.SH,2026-05-12,3.767
508031.SH,2026-05-13,3.733
508031.SH,2026-05-14,3.718
508031.SH,2026-05-15,3.708
508031.SH,2026-05-18,3.726
508031.SH,2026-05-19,3.841
508031.SH,2026-05-20,3.845
508031.SH,2026-05-21,3.835
508031.SH,2026-05-22,3.832
508031.SH,2026-05-25,3.819
508031.SH,2026-05-26,3.799
508031.SH,2026-05-27,3.764
508031.SH,2026-05-28,3.744
508031.SH,2026-05-29,3.781
508031.SH,2026-06-01,3.814
508031.SH,2026-06-02,3.797
508031.SH,2026-06-03,3.796
508031.SH,2026-06-04,3.799
508031.SH,2026-06-05,3.809
508031.SH,2026-06-08,3.82
508031.SH,2026-06-09,3.8
508031.SH,2026-06-10,3.754
508031.SH,2026-06-11,3.744
508031.SH,2026-06-12,3.772
508031.SH,2026-06-15,3.767
508031.SH,2026-06-16,3.757
508031.SH,2026-06-17,3.763
508031.SH,2026-06-18,3.711
508031.SH,2026-06-22,3.625
508031.SH,2026-06-23,3.615
508031.SH,2026-06-24,3.582
508031.SH,2026-06-25,3.69
508031.SH,2026-06-26,3.679
508031.SH,2026-06-29,3.74
508031.SH,2026-06-30,3.802
508031.SH,2026-07-01,3.797
508031.SH,2026-07-02,3.764
508031.SH,2026-07-03,3.8
508031.SH,2026-07-06,3.8
508031.SH,2026-07-07,3.799
508031.SH,2026-07-08,3.768
508031.SH,2026-07-09,3.79
508031.SH,2026-07-10,3.805
508031.SH,2026-07-13,3.773
508031.SH,2026-07-14,3.785
508031.SH,2026-07-15,3.78
508031.SH,2026-07-16,3.785
508031.SH,2026-07-17,3.755
508031.SH,2026-07-20,3.74
508031.SH,2026-07-21,3.745
508031.SH,2026-07-22,3.75
508031.SH,2026-07-23,3.738
508031.SH,2026-07-24,3.704
508031.SH,2026-07-27,3.712
508031.SH,2026-07-28,3.733
508031.SH,2026-07-29,3.747
508031.SH,2026-07-30,3.769
508031.SH,2026-07-31,3.821
508031.SH,2026-08-03,3.785
508031.SH,2026-08-04,3.75
508031.SH,2026-08-05,3.742
508031.SH,2026-08-06,3.741
508031.SH,2026-08-07,3.783
508031.SH,2026-08-10,3.763
508031.SH,2026-08-11,3.802
508031.SH,2026-08-12,3.782
508031.SH,2026-08-13,3.798
508031.SH,2026-08-14,3.802
508031.SH,2026-08-17,3.813
508031.SH,2026-08-18,3.814
508031.SH,2026-08-19,3.838
508031.SH,2026-08-20,3.859
508031.SH,2026-08-21,3.857
508031.SH,2026-08-24,3.859
508031.SH,2026-08-25,3.86
508031.SH,2026-08-26,3.902
508031.SH,2026-08-27,3.881
508031.SH,2026-08-28,3.874
508031.SH,2026-08-31,3.849
508031.SH,2026-09-01,3.844
508031.SH,2026-09-02,3.825
508031.SH,2026-09-03,3.812
508031.SH,2026-09-04,3.834
508031.SH,2026-09-07,3.843
508031.SH,2026-09-08,3.85
508031.SH,2026-09-09,3.854
508031.SH,2026-09-10,3.834
508031.SH,2026-09-11,3.855
508031.SH,2026-09-14,3.854
508031.SH,2026-09-15,3.869
508031.SH,2026-09-16,3.887
508031.SH,2026-09-17,3.927
508031.SH,2026-09-18,3.917
508031.SH,2026-09-21,3.831
508031.SH,2026-09-22,3.814
508031.SH,2026-09-23,3.818
508031.SH,2026-09-24,3.826
508031.SH,2026-09-28,3.834
508031.SH,2026-09-29,3.821
508031.SH,2026-09-30,3.83
508039.SH,2025-07-25,4.734
508039.SH,2025-07-28,4.7
508039.SH,2025-07-29,4.699
508039.SH,2025-07-30,4.738
508039.SH,2025-07-31,4.9
508039.SH,2025-08-01,4.98
508039.SH,2025-08-04,4.976
508039.SH,2025-08-05,4.998
508039.SH,2025-08-06,5.046
508039.SH,2025-08-07,5.074
508039.SH,2025-08-08,5.094
508039.SH,2025-08-11,5.097
508039.SH,2025-08-12,5.086
508039.SH,2025-08-13,5.061
508039.SH,2025-08-14,5.047
508039.SH,2025-08-15,4.989
508039.SH,2025-08-18,4.897
508039.SH,2025-08-19,4.887
508039.SH,2025-08-20,4.89
508039.SH,2025-08-21,4.944
508039.SH,2025-08-22,4.949
508039.SH,2025-08-25,4.999
508039.SH,2025-08-26,5.043
508039.SH,2025-08-27,5.046
508039.SH,2025-08-28,5.011
508039.SH,2025-08-29,4.963
508039.SH,2025-09-01,4.97
508039.SH,2025-09-02,5.02
508039.SH,2025-09-03,5.052
508039.SH,2025-09-04,5.036
508039.SH,2025-09-05,4.987
508039.SH,2025-09-08,4.994
508039.SH,2025-09-09,4.972
508039.SH,2025-09-10,4.968
508039.SH,2025-09-11,4.965
508039.SH,2025-09-12,4.953
508039.SH,2025-09-15,4.96
508039.SH,2025-09-16,4.946
508039.SH,2025-09-17,4.937
508039.SH,2025-09-18,4.944
508039.SH,2025-09-19,4.938
508039.SH,2025-09-22,4.946
508039.SH,2025-09-23,4.965
508039.SH,2025-09-24,4.979
508039.SH,2025-09-25,4.926
508039.SH,2025-09-26,4.937
508039.SH,2025-09-29,4.933
508039.SH,2025-09-30,4.931
508039.SH,2025-10-09,4.931
508039.SH,2025-10-10,4.913
508039.SH,2025-10-13,4.899
508039.SH,2025-10-14,4.898
508039.SH,2025-10-15,4.898
508039.SH,2025-10-16,4.863
508039.SH,2025-10-17,4.857
508039.SH,2025-10-20,4.857
508039.SH,2025-10-21,4.83
508039.SH,2025-10-22,4.856
508039.SH,2025-10-23,4.901
508039.SH,2025-10-24,4.93
508039.SH,2025-10-27,4.945
508039.SH,2025-10-28,5.05
508039.SH,2025-10-29,5.118
508039.SH,2025-10-30,5.147
508039.SH,2025-10-31,5.138
508039.SH,2025-11-03,5.149
508039.SH,2025-11-04,5.087
508039.SH,2025-11-05,5.073
508039.SH,2025-11-06,5.08
508039.SH,2025-11-07,5.057
508039.SH,2025-11-10,5.13
508039.SH,2025-11-11,5.15
508039.SH,2025-11-12,5.1
508039.SH,2025-11-13,5.106
508039.SH,2025-11-14,5.103
508039.SH,2025-11-17,5.113
508039.SH,2025-11-18,5.114
508039.SH,2025-11-19,5.119
508039.SH,2025-11-20,5.126
508039.SH,2025-11-21,5.096
508039.SH,2025-11-24,5.107
508039.SH,2025-11-25,5.102
508039.SH,2025-11-26,5.121
508039.SH,2025-11-27,5.126
508039.SH,2025-11-28,5.126
508039.SH,2025-12-01,5.113
508039.SH,2025-12-02,5.112
508039.SH,2025-12-03,5.073
508039.SH,2025-12-04,5.056
508039.SH,2025-12-05,5.048
508039.SH,2025-12-08,5.03
508039.SH,2025-12-09,5.029
508039.SH,2025-12-10,5.026
508039.SH,2025-12-11,5.014
508039.SH,2025-12-12,5.018
508039.SH,2025-12-15,4.962
508039.SH,2025-12-16,4.962
508039.SH,2025-12-17,4.961
508039.SH,2025-12-18,4.934
508039.SH,2025-12-19,4.901
508039.SH,2025-12-22,4.864
508039.SH,2025-12-23,4.779
508039.SH,2025-12-24,4.945
508039.SH,2025-12-25,5.004
508039.SH,2025-12-26,4.927
508039.SH,2025-12-29,4.874
508039.SH,2025-12-30,4.841
508039.SH,2025-12-31,4.827
508039.SH,2026-01-05,4.901
508039.SH,2026-01-06,4.919
508039.SH,2026-01-07,5.028
508039.SH,2026-01-08,5.058
508039.SH,2026-01-09,4.999
508039.SH,2026-01-12,4.998
508039.SH,2026-01-13,4.982
508039.SH,2026-01-14,5.0
508039.SH,2026-01-15,5.0
508039.SH,2026-01-16,4.989
508039.SH,2026-01-19,4.995
508039.SH,2026-01-20,5.006
508039.SH,2026-01-21,5.105
508039.SH,2026-01-22,5.141
508039.SH,2026-01-23,5.235
508039.SH,2026-01-26,5.2
508039.SH,2026-01-27,5.195
508039.SH,2026-01-28,5.186
508039.SH,2026-01-29,5.198
508039.SH,2026-01-30,5.199
508039.SH,2026-02-02,5.109
508039.SH,2026-02-03,5.121
508039.SH,2026-02-04,5.152
508039.SH,2026-02-05,5.09
508039.SH,2026-02-06,5.1
508039.SH,2026-02-09,5.113
508039.SH,2026-02-10,5.137
508039.SH,2026-02-11,5.149
508039.SH,2026-02-12,5.136
508039.SH,2026-02-13,5.125
508039.SH,2026-02-24,5.116
508039.SH,2026-02-25,5.12
508039.SH,2026-02-26,5.099
508039.SH,2026-02-27,5.05
508039.SH,2026-03-02,4.999
508039.SH,2026-03-03,4.999
508039.SH,2026-03-04,5.0
508039.SH,2026-03-05,4.995
508039.SH,2026-03-06,4.95
508039.SH,2026-03-09,4.91
508039.SH,2026-03-10,4.985
508039.SH,2026-03-11,5.0
508039.SH,2026-03-12,4.975
508039.SH,2026-03-13,4.983
508039.SH,2026-03-16,4.972
508039.SH,2026-03-17,4.983
508039.SH,2026-03-18,5.0
508039.SH,2026-03-19,5.008
508039.SH,2026-03-20,4.997
508039.SH,2026-03-23,4.928
508039.SH,2026-03-24,4.92
508039.SH,2026-03-25,4.91
508039.SH,2026-03-26,4.918
508039.SH,2026-03-27,4.918
508039.SH,2026-03-30,4.957
508039.SH,2026-03-31,4.947
508039.SH,2026-04-01,4.97
508039.SH,2026-04-02,4.952
508039.SH,2026-04-03,4.959
508039.SH,2026-04-07,4.972
508039.SH,2026-04-08,5.029
508039.SH,2026-04-09,4.996
508039.SH,2026-04-10,5.013
508039.SH,2026-04-13,5.015
508039.SH,2026-04-14,5.013
508039.SH,2026-04-15,4.856
508039.SH,2026-04-16,4.949
508039.SH,2026-04-17,4.965
508039.SH,2026-04-20,4.944
508039.SH,2026-04-21,4.943
508039.SH,2026-04-22,4.92
508039.SH,2026-04-23,4.88
508039.SH,2026-04-24,4.891
508039.SH,2026-04-27,4.849
508039.SH,2026-04-28,4.803
508039.SH,2026-04-29,4.734
508039.SH,2026-04-30,4.638
508039.SH,2026-05-06,4.584
508039.SH,2026-05-07,4.572
508039.SH,2026-05-08,4.562
508039.SH,2026-05-11,4.473
508039.SH,2026-05-12,4.42
508039.SH,2026-05-13,4.365
508039.SH,2026-05-14,4.362
508039.SH,2026-05-15,4.301
508039.SH,2026-05-18,4.368
508039.SH,2026-05-19,4.49
508039.SH,2026-05-20,4.363
508039.SH,2026-05-21,4.29
508039.SH,2026-05-22,4.169
508039.SH,2026-05-25,3.977
508039.SH,2026-05-26,3.871
508039.SH,2026-05-27,3.874
508039.SH,2026-05-28,3.846
508039.SH,2026-05-29,3.843
508039.SH,2026-06-01,4.0
508039.SH,2026-06-02,4.02
508039.SH,2026-06-03,4.0
508039.SH,2026-06-04,4.1
508039.SH,2026-06-05,4.179
508039.SH,2026-06-08,4.104
508039.SH,2026-06-09,4.05
508039.SH,2026-06-10,4.028
508039.SH,2026-06-11,3.958
508039.SH,2026-06-12,3.895
508039.SH,2026-06-15,3.878
508039.SH,2026-06-16,3.947
508039.SH,2026-06-17,3.947
508039.SH,2026-06-18,3.865
508039.SH,2026-06-22,3.806
508039.SH,2026-06-23,3.749
508039.SH,2026-06-24,3.645
508039.SH,2026-06-25,3.665
508039.SH,2026-06-26,3.648
508039.SH,2026-06-29,3.67
508039.SH,2026-06-30,3.727
508039.SH,2026-07-01,3.783
508039.SH,2026-07-02,3.706
508039.SH,2026-07-03,3.749
508039.SH,2026-07-06,3.819
508039.SH,2026-07-07,3.825
508039.SH,2026-07-08,3.818
508039.SH,2026-07-09,3.81
508039.SH,2026-07-10,3.797
508039.SH,2026-07-13,3.748
508039.SH,2026-07-14,3.725
508039.SH,2026-07-15,3.613
508039.SH,2026-07-16,3.6
508039.SH,2026-07-17,3.58
508039.SH,2026-07-20,3.581
508039.SH,2026-07-21,3.52
508039.SH,2026-07-22,3.415
508039.SH,2026-07-23,3.365
508039.SH,2026-07-24,3.346
508039.SH,2026-07-27,3.258
508039.SH,2026-07-28,3.266
508039.SH,2026-07-29,3.29
508039.SH,2026-07-30,3.387
508039.SH,2026-07-31,3.477
508039.SH,2026-08-03,3.525
508039.SH,2026-08-04,3.266
508039.SH,2026-08-05,3.23
508039.SH,2026-08-06,3.155
508039.SH,2026-08-07,3.145
508039.SH,2026-08-10,3.118
508039.SH,2026-08-11,3.118
508039.SH,2026-08-12,3.233
508039.SH,2026-08-13,3.291
508039.SH,2026-08-14,3.365
508039.SH,2026-08-17,3.328
508039.SH,2026-08-18,3.363
508039.SH,2026-08-19,3.412
508039.SH,2026-08-20,3.516
508039.SH,2026-08-21,3.55
508039.SH,2026-08-24,3.55
508039.SH,2026-08-25,3.569
508039.SH,2026-08-26,3.625
508039.SH,2026-08-27,3.647
508039.SH,2026-08-28,3.636
508039.SH,2026-08-31,3.617
508039.SH,2026-09-01,3.554
508039.SH,2026-09-02,3.502
508039.SH,2026-09-03,3.46
508039.SH,2026-09-04,3.522
508039.SH,2026-09-07,3.485
508039.SH,2026-09-08,3.499
508039.SH,2026-09-09,3.551
508039.SH,2026-09-10,3.555
508039.SH,2026-09-11,3.545
508039.SH,2026-09-14,3.529
508039.SH,2026-09-15,3.524
508039.SH,2026-09-16,3.522
508039.SH,2026-09-17,3.567
508039.SH,2026-09-18,3.532
508039.SH,2026-09-21,3.528
508039.SH,2026-09-22,3.535
508039.SH,2026-09-23,3.53
508039.SH,2026-09-24,3.5
508039.SH,2026-09-28,3.452
508039.SH,2026-09-29,3.416
508039.SH,2026-09-30,3.399
508048.SH,2024-12-25,3.018
508048.SH,2024-12-26,3.038
508048.SH,2024-12-27,3.115
508048.SH,2024-12-30,3.163
508048.SH,2024-12-31,3.129
508048.SH,2025-01-02,3.204
508048.SH,2025-01-03,3.284
508048.SH,2025-01-06,3.277
508048.SH,2025-01-07,3.24
508048.SH,2025-01-08,3.282
508048.SH,2025-01-09,3.298
508048.SH,2025-01-10,3.348
508048.SH,2025-01-13,3.317
508048.SH,2025-01-14,3.318
508048.SH,2025-01-15,3.346
508048.SH,2025-01-16,3.325
508048.SH,2025-01-17,3.36
508048.SH,2025-01-20,3.372
508048.SH,2025-01-21,3.372
508048.SH,2025-01-22,3.364
508048.SH,2025-01-23,3.359
508048.SH,2025-01-24,3.36
508048.SH,2025-01-27,3.364
508048.SH,2025-02-05,3.451
508048.SH,2025-02-06,3.458
508048.SH,2025-02-07,3.452
508048.SH,2025-02-10,3.498
508048.SH,2025-02-11,3.637
508048.SH,2025-02-12,3.65
508048.SH,2025-02-13,3.612
508048.SH,2025-02-14,3.607
508048.SH,2025-02-17,3.608
508048.SH,2025-02-18,3.57
508048.SH,2025-02-19,3.525
508048.SH,2025-02-20,3.507
508048.SH,2025-02-21,3.492
508048.SH,2025-02-24,3.446
508048.SH,2025-02-25,3.388
508048.SH,2025-02-26,3.351
508048.SH,2025-02-27,3.285
508048.SH,2025-02-28,3.334
508048.SH,2025-03-03,3.393
508048.SH,2025-03-04,3.431
508048.SH,2025-03-05,3.424
508048.SH,2025-03-06,3.38
508048.SH,2025-03-07,3.363
508048.SH,2025-03-10,3.394
508048.SH,2025-03-11,3.397
508048.SH,2025-03-12,3.373
508048.SH,2025-03-13,3.388
508048.SH,2025-03-14,3.384
508048.SH,2025-03-17,3.449
508048.SH,2025-03-18,3.46
508048.SH,2025-03-19,3.488
508048.SH,2025-03-20,3.523
508048.SH,2025-03-21,3.531
508048.SH,2025-03-24,3.519
508048.SH,2025-03-25,3.536
508048.SH,2025-03-26,3.563
508048.SH,2025-03-27,3.567
508048.SH,2025-03-28,3.58
508048.SH,2025-03-31,3.57
508048.SH,2025-04-01,3.54
508048.SH,2025-04-02,3.556
508048.SH,2025-04-03,3.55
508048.SH,2025-04-07,3.468
508048.SH,2025-04-08,3.433
508048.SH,2025-04-09,3.369
508048.SH,2025-04-10,3.407
508048.SH,2025-04-11,3.475
508048.SH,2025-04-14,3.469
508048.SH,2025-04-15,3.47
508048.SH,2025-04-16,3.46
508048.SH,2025-04-17,3.478
508048.SH,2025-04-18,3.51
508048.SH,2025-04-21,3.493
508048.SH,2025-04-22,3.506
508048.SH,2025-04-23,3.603
508048.SH,2025-04-24,3.595
508048.SH,2025-04-25,3.598
508048.SH,2025-04-28,3.539
508048.SH,2025-04-29,3.577
508048.SH,2025-04-30,3.55
508048.SH,2025-05-06,3.552
508048.SH,2025-05-07,3.56
508048.SH,2025-05-08,3.565
508048.SH,2025-05-09,3.616
508048.SH,2025-05-12,3.639
508048.SH,2025-05-13,3.699
508048.SH,2025-05-14,3.725
508048.SH,2025-05-15,3.68
508048.SH,2025-05-16,3.738
508048.SH,2025-05-19,3.715
508048.SH,2025-05-20,3.779
508048.SH,2025-05-21,3.842
508048.SH,2025-05-22,3.825
508048.SH,2025-05-23,3.847
508048.SH,2025-05-26,3.828
508048.SH,2025-05-27,3.793
508048.SH,2025-05-28,3.818
508048.SH,2025-05-29,3.825
508048.SH,2025-05-30,3.81
508048.SH,2025-06-03,3.797
508048.SH,2025-06-04,3.82
508048.SH,2025-06-05,3.84
508048.SH,2025-06-06,3.919
508048.SH,2025-06-09,3.915
508048.SH,2025-06-10,3.956
508048.SH,2025-06-11,3.992
508048.SH,2025-06-12,4.001
508048.SH,2025-06-13,4.008
508048.SH,2025-06-16,4.066
508048.SH,2025-06-17,4.075
508048.SH,2025-06-18,4.139
508048.SH,2025-06-19,4.141
508048.SH,2025-06-20,4.241
508048.SH,2025-06-23,4.201
508048.SH,2025-06-24,4.151
508048.SH,2025-06-25,4.085
508048.SH,2025-06-26,4.063
508048.SH,2025-06-27,3.991
508048.SH,2025-06-30,4.032
508048.SH,2025-07-01,4.122
508048.SH,2025-07-02,4.148
508048.SH,2025-07-03,4.147
508048.SH,2025-07-04,4.108
508048.SH,2025-07-07,4.083
508048.SH,2025-07-08,4.018
508048.SH,2025-07-09,4.008
508048.SH,2025-07-10,4.029
508048.SH,2025-07-11,3.997
508048.SH,2025-07-14,4.057
508048.SH,2025-07-15,4.062
508048.SH,2025-07-16,4.146
508048.SH,2025-07-17,4.1
508048.SH,2025-07-18,4.05
508048.SH,2025-07-21,3.94
508048.SH,2025-07-22,3.837
508048.SH,2025-07-23,3.804
508048.SH,2025-07-24,3.921
508048.SH,2025-07-25,3.876
508048.SH,2025-07-28,3.867
508048.SH,2025-07-29,3.863
508048.SH,2025-07-30,3.867
508048.SH,2025-07-31,3.894
508048.SH,2025-08-01,3.88
508048.SH,2025-08-04,3.894
508048.SH,2025-08-05,3.906
508048.SH,2025-08-06,3.999
508048.SH,2025-08-07,3.992
508048.SH,2025-08-08,3.992
508048.SH,2025-08-11,3.963
508048.SH,2025-08-12,3.898
508048.SH,2025-08-13,3.921
508048.SH,2025-08-14,3.927
508048.SH,2025-08-15,3.911
508048.SH,2025-08-18,3.837
508048.SH,2025-08-19,3.851
508048.SH,2025-08-20,3.923
508048.SH,2025-08-21,3.92
508048.SH,2025-08-22,3.928
508048.SH,2025-08-25,3.948
508048.SH,2025-08-26,3.996
508048.SH,2025-08-27,4.026
508048.SH,2025-08-28,3.989
508048.SH,2025-08-29,3.973
508048.SH,2025-09-01,3.94
508048.SH,2025-09-02,3.95
508048.SH,2025-09-03,4.02
508048.SH,2025-09-04,4.048
508048.SH,2025-09-05,4.085
508048.SH,2025-09-08,4.063
508048.SH,2025-09-09,4.067
508048.SH,2025-09-10,3.904
508048.SH,2025-09-11,3.873
508048.SH,2025-09-12,3.837
508048.SH,2025-09-15,3.774
508048.SH,2025-09-16,3.817
508048.SH,2025-09-17,3.832
508048.SH,2025-09-18,3.815
508048.SH,2025-09-19,3.785
508048.SH,2025-09-22,3.782
508048.SH,2025-09-23,3.773
508048.SH,2025-09-24,3.758
508048.SH,2025-09-25,3.75
508048.SH,2025-09-26,3.775
508048.SH,2025-09-29,3.81
508048.SH,2025-09-30,3.873
508048.SH,2025-10-09,3.832
508048.SH,2025-10-10,3.843
508048.SH,2025-10-13,3.834
508048.SH,2025-10-14,3.799
508048.SH,2025-10-15,3.779
508048.SH,2025-10-16,3.726
508048.SH,2025-10-17,3.725
508048.SH,2025-10-20,3.687
508048.SH,2025-10-21,3.675
508048.SH,2025-10-22,3.711
508048.SH,2025-10-23,3.765
508048.SH,2025-10-24,3.79
508048.SH,2025-10-27,3.82
508048.SH,2025-10-28,3.817
508048.SH,2025-10-29,3.864
508048.SH,2025-10-30,3.855
508048.SH,2025-10-31,3.8
508048.SH,2025-11-03,3.78
508048.SH,2025-11-04,3.743
508048.SH,2025-11-05,3.791
508048.SH,2025-11-06,3.684
508048.SH,2025-11-07,3.703
508048.SH,2025-11-10,3.671
508048.SH,2025-11-11,3.692
508048.SH,2025-11-12,3.687
508048.SH,2025-11-13,3.665
508048.SH,2025-11-14,3.695
508048.SH,2025-11-17,3.721
508048.SH,2025-11-18,3.756
508048.SH,2025-11-19,3.758
508048.SH,2025-11-20,3.737
508048.SH,2025-11-21,3.672
508048.SH,2025-11-24,3.544
508048.SH,2025-11-25,3.56
508048.SH,2025-11-26,3.648
508048.SH,2025-11-27,3.648
508048.SH,2025-11-28,3.629
508048.SH,2025-12-01,3.58
508048.SH,2025-12-02,3.583
508048.SH,2025-12-03,3.616
508048.SH,2025-12-04,3.548
508048.SH,2025-12-05,3.547
508048.SH,2025-12-08,3.468
508048.SH,2025-12-09,3.425
508048.SH,2025-12-10,3.518
508048.SH,2025-12-11,3.528
508048.SH,2025-12-12,3.582
508048.SH,2025-12-15,3.591
508048.SH,2025-12-16,3.624
508048.SH,2025-12-17,3.561
508048.SH,2025-12-18,3.502
508048.SH,2025-12-19,3.63
508048.SH,2025-12-22,3.661
508048.SH,2025-12-23,3.639
508048.SH,2025-12-24,3.649
508048.SH,2025-12-25,3.596
508048.SH,2025-12-26,3.54
508048.SH,2025-12-29,3.512
508048.SH,2025-12-30,3.542
508048.SH,2025-12-31,3.636
508048.SH,2026-01-05,3.68
508048.SH,2026-01-06,3.64
508048.SH,2026-01-07,3.654
508048.SH,2026-01-08,3.718
508048.SH,2026-01-09,3.675
508048.SH,2026-01-12,3.719
508048.SH,2026-01-13,3.753
508048.SH,2026-01-14,3.76
508048.SH,2026-01-15,3.724
508048.SH,2026-01-16,3.73
508048.SH,2026-01-19,3.765
508048.SH,2026-01-20,3.791
508048.SH,2026-01-21,3.805
508048.SH,2026-01-22,3.812
508048.SH,2026-01-23,3.866
508048.SH,2026-01-26,3.844
508048.SH,2026-01-27,3.839
508048.SH,2026-01-28,3.815
508048.SH,2026-01-29,3.819
508048.SH,2026-01-30,3.8
508048.SH,2026-02-02,3.807
508048.SH,2026-02-03,3.8
508048.SH,2026-02-04,3.815
508048.SH,2026-02-05,3.825
508048.SH,2026-02-06,3.805
508048.SH,2026-02-09,3.761
508048.SH,2026-02-10,3.743
508048.SH,2026-02-11,3.749
508048.SH,2026-02-12,3.706
508048.SH,2026-02-13,3.696
508048.SH,2026-02-24,3.7
508048.SH,2026-02-25,3.757
508048.SH,2026-02-26,3.756
508048.SH,2026-02-27,3.759
508048.SH,2026-03-02,3.718
508048.SH,2026-03-03,3.716
508048.SH,2026-03-04,3.703
508048.SH,2026-03-05,3.679
508048.SH,2026-03-06,3.633
508048.SH,2026-03-09,3.607
508048.SH,2026-03-10,3.685
508048.SH,2026-03-11,3.703
508048.SH,2026-03-12,3.677
508048.SH,2026-03-13,3.677
508048.SH,2026-03-16,3.668
508048.SH,2026-03-17,3.704
508048.SH,2026-03-18,3.692
508048.SH,2026-03-19,3.691
508048.SH,2026-03-20,3.689
508048.SH,2026-03-23,3.652
508048.SH,2026-03-24,3.663
508048.SH,2026-03-25,3.673
508048.SH,2026-03-26,3.692
508048.SH,2026-03-27,3.686
508048.SH,2026-03-30,3.68
508048.SH,2026-03-31,3.669
508048.SH,2026-04-01,3.679
508048.SH,2026-04-02,3.673
508048.SH,2026-04-03,3.679
508048.SH,2026-04-07,3.696
508048.SH,2026-04-08,3.708
508048.SH,2026-04-09,3.672
508048.SH,2026-04-10,3.669
508048.SH,2026-04-13,3.667
508048.SH,2026-04-14,3.674
508048.SH,2026-04-15,3.675
508048.SH,2026-04-16,3.716
508048.SH,2026-04-17,3.742
508048.SH,2026-04-20,3.734
508048.SH,2026-04-21,3.716
508048.SH,2026-04-22,3.672
508048.SH,2026-04-23,3.652
508048.SH,2026-04-24,3.637
508048.SH,2026-04-27,3.63
508048.SH,2026-04-28,3.632
508048.SH,2026-04-29,3.531
508048.SH,2026-04-30,3.503
508048.SH,2026-05-06,3.459
508048.SH,2026-05-07,3.488
508048.SH,2026-05-08,3.495
508048.SH,2026-05-11,3.477
508048.SH,2026-05-12,3.481
508048.SH,2026-05-13,3.416
508048.SH,2026-05-14,3.337
508048.SH,2026-05-15,3.394
508048.SH,2026-05-18,3.347
508048.SH,2026-05-19,3.424
508048.SH,2026-05-20,3.389
508048.SH,2026-05-21,3.371
508048.SH,2026-05-22,3.4
508048.SH,2026-05-25,3.419
508048.SH,2026-05-26,3.365
508048.SH,2026-05-27,3.402
508048.SH,2026-05-28,3.377
508048.SH,2026-05-29,3.479
508048.SH,2026-06-01,3.517
508048.SH,2026-06-02,3.497
508048.SH,2026-06-03,3.423
508048.SH,2026-06-04,3.39
508048.SH,2026-06-05,3.421
508048.SH,2026-06-08,3.404
508048.SH,2026-06-09,3.382
508048.SH,2026-06-10,3.299
508048.SH,2026-06-11,3.207
508048.SH,2026-06-12,3.26
508048.SH,2026-06-15,3.238
508048.SH,2026-06-16,3.206
508048.SH,2026-06-17,3.219
508048.SH,2026-06-18,3.194
508048.SH,2026-06-22,2.999
508048.SH,2026-06-23,2.959
508048.SH,2026-06-24,2.8
508048.SH,2026-06-25,2.824
508048.SH,2026-06-26,2.789
508048.SH,2026-06-29,2.817
508048.SH,2026-06-30,2.944
508048.SH,2026-07-01,2.988
508048.SH,2026-07-02,2.972
508048.SH,2026-07-03,3.045
508048.SH,2026-07-06,3.08
508048.SH,2026-07-07,3.06
508048.SH,2026-07-08,3.015
508048.SH,2026-07-09,2.995
508048.SH,2026-07-10,3.055
508048.SH,2026-07-13,3.025
508048.SH,2026-07-14,3.021
508048.SH,2026-07-15,2.992
508048.SH,2026-07-16,3.084
508048.SH,2026-07-17,3.091
508048.SH,2026-07-20,3.088
508048.SH,2026-07-21,3.08
508048.SH,2026-07-22,3.037
508048.SH,2026-07-23,3.001
508048.SH,2026-07-24,2.982
508048.SH,2026-07-27,2.957
508048.SH,2026-07-28,2.93
508048.SH,2026-07-29,2.905
508048.SH,2026-07-30,2.921
508048.SH,2026-07-31,2.952
508048.SH,2026-08-03,2.925
508048.SH,2026-08-04,2.878
508048.SH,2026-08-05,2.843
508048.SH,2026-08-06,2.848
508048.SH,2026-08-07,2.94
508048.SH,2026-08-10,2.947
508048.SH,2026-08-11,2.9
508048.SH,2026-08-12,2.905
508048.SH,2026-08-13,2.885
508048.SH,2026-08-14,2.955
508048.SH,2026-08-17,2.947
508048.SH,2026-08-18,3.019
508048.SH,2026-08-19,3.059
508048.SH,2026-08-20,3.086
508048.SH,2026-08-21,3.05
508048.SH,2026-08-24,3.03
508048.SH,2026-08-25,3.046
508048.SH,2026-08-26,3.1
508048.SH,2026-08-27,3.139
508048.SH,2026-08-28,3.16
508048.SH,2026-08-31,3.12
508048.SH,2026-09-01,3.055
508048.SH,2026-09-02,3.01
508048.SH,2026-09-03,3.035
508048.SH,2026-09-04,2.989
508048.SH,2026-09-07,2.987
508048.SH,2026-09-08,2.961
508048.SH,2026-09-09,2.96
508048.SH,2026-09-10,2.946
508048.SH,2026-09-11,2.922
508048.SH,2026-09-14,2.92
508048.SH,2026-09-15,2.955
508048.SH,2026-09-16,2.943
508048.SH,2026-09-17,2.983
508048.SH,2026-09-18,2.961
508048.SH,2026-09-21,2.93
508048.SH,2026-09-22,2.88
508048.SH,2026-09-23,2.85
508048.SH,2026-09-24,2.863
508048.SH,2026-09-28,2.843
508048.SH,2026-09-29,2.838
508048.SH,2026-09-30,2.855
508055.SH,2025-03-31,3.541
508055.SH,2025-04-01,3.582
508055.SH,2025-04-02,3.632
508055.SH,2025-04-03,3.736
508055.SH,2025-04-07,3.818
508055.SH,2025-04-08,3.782
508055.SH,2025-04-09,3.719
508055.SH,2025-04-10,3.74
508055.SH,2025-04-11,3.733
508055.SH,2025-04-14,3.751
508055.SH,2025-04-15,3.761
508055.SH,2025-04-16,3.77
508055.SH,2025-04-17,3.812
508055.SH,2025-04-18,3.807
508055.SH,2025-04-21,3.804
508055.SH,2025-04-22,3.824
508055.SH,2025-04-23,3.82
508055.SH,2025-04-24,3.832
508055.SH,2025-04-25,3.835
508055.SH,2025-04-28,3.78
508055.SH,2025-04-29,3.796
508055.SH,2025-04-30,3.809
508055.SH,2025-05-06,3.831
508055.SH,2025-05-07,3.844
508055.SH,2025-05-08,3.868
508055.SH,2025-05-09,3.91
508055.SH,2025-05-12,3.921
508055.SH,2025-05-13,3.937
508055.SH,2025-05-14,3.971
508055.SH,2025-05-15,4.011
508055.SH,2025-05-16,4.043
508055.SH,2025-05-19,4.041
508055.SH,2025-05-20,4.048
508055.SH,2025-05-21,4.031
508055.SH,2025-05-22,4.01
508055.SH,2025-05-23,3.99
508055.SH,2025-05-26,4.043
508055.SH,2025-05-27,4.025
508055.SH,2025-05-28,4.027
508055.SH,2025-05-29,4.03
508055.SH,2025-05-30,4.037
508055.SH,2025-06-03,4.039
508055.SH,2025-06-04,4.031
508055.SH,2025-06-05,4.028
508055.SH,2025-06-06,4.026
508055.SH,2025-06-09,3.99
508055.SH,2025-06-10,3.988
508055.SH,2025-06-11,3.991
508055.SH,2025-06-12,3.991
508055.SH,2025-06-13,4.012
508055.SH,2025-06-16,4.011
508055.SH,2025-06-17,4.06
508055.SH,2025-06-18,4.154
508055.SH,2025-06-19,4.144
508055.SH,2025-06-20,4.18
508055.SH,2025-06-23,4.269
508055.SH,2025-06-24,4.223
508055.SH,2025-06-25,4.189
508055.SH,2025-06-26,4.139
508055.SH,2025-06-27,4.13
508055.SH,2025-06-30,4.116
508055.SH,2025-07-01,4.094
508055.SH,2025-07-02,4.18
508055.SH,2025-07-03,4.178
508055.SH,2025-07-04,4.168
508055.SH,2025-07-07,4.155
508055.SH,2025-07-08,4.105
508055.SH,2025-07-09,4.075
508055.SH,2025-07-10,4.083
508055.SH,2025-07-11,4.063
508055.SH,2025-07-14,4.061
508055.SH,2025-07-15,4.118
508055.SH,2025-07-16,4.127
508055.SH,2025-07-17,4.133
508055.SH,2025-07-18,4.116
508055.SH,2025-07-21,4.061
508055.SH,2025-07-22,3.981
508055.SH,2025-07-23,3.975
508055.SH,2025-07-24,3.938
508055.SH,2025-07-25,3.909
508055.SH,2025-07-28,3.934
508055.SH,2025-07-29,3.898
508055.SH,2025-07-30,3.899
508055.SH,2025-07-31,4.0
508055.SH,2025-08-01,4.049
508055.SH,2025-08-04,3.99
508055.SH,2025-08-05,3.981
508055.SH,2025-08-06,3.971
508055.SH,2025-08-07,3.963
508055.SH,2025-08-08,3.967
508055.SH,2025-08-11,3.941
508055.SH,2025-08-12,3.931
508055.SH,2025-08-13,3.923
508055.SH,2025-08-14,3.9
508055.SH,2025-08-15,3.876
508055.SH,2025-08-18,3.746
508055.SH,2025-08-19,3.642
508055.SH,2025-08-20,3.636
508055.SH,2025-08-21,3.65
508055.SH,2025-08-22,3.657
508055.SH,2025-08-25,3.719
508055.SH,2025-08-26,3.852
508055.SH,2025-08-27,3.84
508055.SH,2025-08-28,3.801
508055.SH,2025-08-29,3.785
508055.SH,2025-09-01,3.752
508055.SH,2025-09-02,3.802
508055.SH,2025-09-03,3.812
508055.SH,2025-09-04,3.873
508055.SH,2025-09-05,3.775
508055.SH,2025-09-08,3.75
508055.SH,2025-09-09,3.76
508055.SH,2025-09-10,3.771
508055.SH,2025-09-11,3.753
508055.SH,2025-09-12,3.74
508055.SH,2025-09-15,3.734
508055.SH,2025-09-16,3.729
508055.SH,2025-09-17,3.726
508055.SH,2025-09-18,3.72
508055.SH,2025-09-19,3.72
508055.SH,2025-09-22,3.698
508055.SH,2025-09-23,3.677
508055.SH,2025-09-24,3.666
508055.SH,2025-09-25,3.664
508055.SH,2025-09-26,3.646
508055.SH,2025-09-29,3.624
508055.SH,2025-09-30,3.617
508055.SH,2025-10-09,3.599
508055.SH,2025-10-10,3.602
508055.SH,2025-10-13,3.624
508055.SH,2025-10-14,3.634
508055.SH,2025-10-15,3.608
508055.SH,2025-10-16,3.605
508055.SH,2025-10-17,3.592
508055.SH,2025-10-20,3.533
508055.SH,2025-10-21,3.496
508055.SH,2025-10-22,3.513
508055.SH,2025-10-23,3.509
508055.SH,2025-10-24,3.56
508055.SH,2025-10-27,3.535
508055.SH,2025-10-28,3.593
508055.SH,2025-10-29,3.6
508055.SH,2025-10-30,3.605
508055.SH,2025-10-31,3.582
508055.SH,2025-11-03,3.58
508055.SH,2025-11-04,3.559
508055.SH,2025-11-05,3.594
508055.SH,2025-11-06,3.592
508055.SH,2025-11-07,3.647
508055.SH,2025-11-10,3.678
508055.SH,2025-11-11,3.707
508055.SH,2025-11-12,3.708
508055.SH,2025-11-13,3.706
508055.SH,2025-11-14,3.728
508055.SH,2025-11-17,3.719
508055.SH,2025-11-18,3.696
508055.SH,2025-11-19,3.685
508055.SH,2025-11-20,3.67
508055.SH,2025-11-21,3.667
508055.SH,2025-11-24,3.654
508055.SH,2025-11-25,3.684
508055.SH,2025-11-26,3.696
508055.SH,2025-11-27,3.664
508055.SH,2025-11-28,3.655
508055.SH,2025-12-01,3.652
508055.SH,2025-12-02,3.635
508055.SH,2025-12-03,3.646
508055.SH,2025-12-04,3.601
508055.SH,2025-12-05,3.589
508055.SH,2025-12-08,3.56
508055.SH,2025-12-09,3.515
508055.SH,2025-12-10,3.56
508055.SH,2025-12-11,3.56
508055.SH,2025-12-12,3.554
508055.SH,2025-12-15,3.53
508055.SH,2025-12-16,3.509
508055.SH,2025-12-17,3.523
508055.SH,2025-12-18,3.544
508055.SH,2025-12-19,3.539
508055.SH,2025-12-22,3.469
508055.SH,2025-12-23,3.458
508055.SH,2025-12-24,3.556
508055.SH,2025-12-25,3.576
508055.SH,2025-12-26,3.58
508055.SH,2025-12-29,3.54
508055.SH,2025-12-30,3.526
508055.SH,2025-12-31,3.519
508055.SH,2026-01-05,3.519
508055.SH,2026-01-06,3.541
508055.SH,2026-01-07,3.555
508055.SH,2026-01-08,3.556
508055.SH,2026-01-09,3.55
508055.SH,2026-01-12,3.57
508055.SH,2026-01-13,3.581
508055.SH,2026-01-14,3.585
508055.SH,2026-01-15,3.612
508055.SH,2026-01-16,3.662
508055.SH,2026-01-19,3.662
508055.SH,2026-01-20,3.7
508055.SH,2026-01-21,3.73
508055.SH,2026-01-22,3.702
508055.SH,2026-01-23,3.717
508055.SH,2026-01-26,3.697
508055.SH,2026-01-27,3.678
508055.SH,2026-01-28,3.675
508055.SH,2026-01-29,3.676
508055.SH,2026-01-30,3.65
508055.SH,2026-02-02,3.626
508055.SH,2026-02-03,3.658
508055.SH,2026-02-04,3.7
508055.SH,2026-02-05,3.689
508055.SH,2026-02-06,3.685
508055.SH,2026-02-09,3.7
508055.SH,2026-02-10,3.715
508055.SH,2026-02-11,3.744
508055.SH,2026-02-12,3.749
508055.SH,2026-02-13,3.764
508055.SH,2026-02-24,3.74
508055.SH,2026-02-25,3.736
508055.SH,2026-02-26,3.705
508055.SH,2026-02-27,3.66
508055.SH,2026-03-02,3.651
508055.SH,2026-03-03,3.67
508055.SH,2026-03-04,3.67
508055.SH,2026-03-05,3.673
508055.SH,2026-03-06,3.645
508055.SH,2026-03-09,3.644
508055.SH,2026-03-10,3.664
508055.SH,2026-03-11,3.654
508055.SH,2026-03-12,3.628
508055.SH,2026-03-13,3.582
508055.SH,2026-03-16,3.553
508055.SH,2026-03-17,3.538
508055.SH,2026-03-18,3.564
508055.SH,2026-03-19,3.581
508055.SH,2026-03-20,3.598
508055.SH,2026-03-23,3.582
508055.SH,2026-03-24,3.559
508055.SH,2026-03-25,3.55
508055.SH,2026-03-26,3.55
508055.SH,2026-03-27,3.546
508055.SH,2026-03-30,3.52
508055.SH,2026-03-31,3.482
508055.SH,2026-04-01,3.472
508055.SH,2026-04-02,3.471
508055.SH,2026-04-03,3.465
508055.SH,2026-04-07,3.456
508055.SH,2026-04-08,3.48
508055.SH,2026-04-09,3.481
508055.SH,2026-04-10,3.48
508055.SH,2026-04-13,3.473
508055.SH,2026-04-14,3.528
508055.SH,2026-04-15,3.52
508055.SH,2026-04-16,3.573
508055.SH,2026-04-17,3.593
508055.SH,2026-04-20,3.561
508055.SH,2026-04-21,3.56
508055.SH,2026-04-22,3.535
508055.SH,2026-04-23,3.496
508055.SH,2026-04-24,3.475
508055.SH,2026-04-27,3.454
508055.SH,2026-04-28,3.46
508055.SH,2026-04-29,3.442
508055.SH,2026-04-30,3.415
508055.SH,2026-05-06,3.401
508055.SH,2026-05-07,3.415
508055.SH,2026-05-08,3.434
508055.SH,2026-05-11,3.43
508055.SH,2026-05-12,3.431
508055.SH,2026-05-13,3.385
508055.SH,2026-05-14,3.337
508055.SH,2026-05-15,3.335
508055.SH,2026-05-18,3.365
508055.SH,2026-05-19,3.416
508055.SH,2026-05-20,3.404
508055.SH,2026-05-21,3.361
508055.SH,2026-05-22,3.353
508055.SH,2026-05-25,3.342
508055.SH,2026-05-26,3.256
508055.SH,2026-05-27,3.215
508055.SH,2026-05-28,3.151
508055.SH,2026-05-29,3.145
508055.SH,2026-06-01,3.177
508055.SH,2026-06-02,3.179
508055.SH,2026-06-03,3.171
508055.SH,2026-06-04,3.194
508055.SH,2026-06-05,3.217
508055.SH,2026-06-08,3.218
508055.SH,2026-06-09,3.196
508055.SH,2026-06-10,3.154
508055.SH,2026-06-11,3.148
508055.SH,2026-06-12,3.145
508055.SH,2026-06-15,3.144
508055.SH,2026-06-16,3.184
508055.SH,2026-06-17,3.185
508055.SH,2026-06-18,3.12
508055.SH,2026-06-22,3.123
508055.SH,2026-06-23,3.117
508055.SH,2026-06-24,3.126
508055.SH,2026-06-25,3.178
508055.SH,2026-06-26,3.183
508055.SH,2026-06-29,3.266
508055.SH,2026-06-30,3.298
508055.SH,2026-07-01,3.268
508055.SH,2026-07-02,3.251
508055.SH,2026-07-03,3.292
508055.SH,2026-07-06,3.289
508055.SH,2026-07-07,3.25
508055.SH,2026-07-08,3.234
508055.SH,2026-07-09,3.228
508055.SH,2026-07-10,3.241
508055.SH,2026-07-13,3.209
508055.SH,2026-07-14,3.24
508055.SH,2026-07-15,3.222
508055.SH,2026-07-16,3.24
508055.SH,2026-07-17,3.275
508055.SH,2026-07-20,3.244
508055.SH,2026-07-21,3.253
508055.SH,2026-07-22,3.255
508055.SH,2026-07-23,3.281
508055.SH,2026-07-24,3.307
508055.SH,2026-07-27,3.297
508055.SH,2026-07-28,3.283
508055.SH,2026-07-29,3.296
508055.SH,2026-07-30,3.284
508055.SH,2026-07-31,3.314
508055.SH,2026-08-03,3.326
508055.SH,2026-08-04,3.3
508055.SH,2026-08-05,3.292
508055.SH,2026-08-06,3.297
508055.SH,2026-08-07,3.28
508055.SH,2026-08-10,3.307
508055.SH,2026-08-11,3.298
508055.SH,2026-08-12,3.304
508055.SH,2026-08-13,3.3
508055.SH,2026-08-14,3.3
508055.SH,2026-08-17,3.276
508055.SH,2026-08-18,3.277
508055.SH,2026-08-19,3.275
508055.SH,2026-08-20,3.252
508055.SH,2026-08-21,3.22
508055.SH,2026-08-24,3.237
508055.SH,2026-08-25,3.256
508055.SH,2026-08-26,3.288
508055.SH,2026-08-27,3.34
508055.SH,2026-08-28,3.327
508055.SH,2026-08-31,3.312
508055.SH,2026-09-01,3.298
508055.SH,2026-09-02,3.281
508055.SH,2026-09-03,3.262
508055.SH,2026-09-04,3.25
508055.SH,2026-09-07,3.25
508055.SH,2026-09-08,3.253
508055.SH,2026-09-09,3.24
508055.SH,2026-09-10,3.218
508055.SH,2026-09-11,3.213
508055.SH,2026-09-14,3.19
508055.SH,2026-09-15,3.195
508055.SH,2026-09-16,3.21
508055.SH,2026-09-17,3.215
508055.SH,2026-09-18,3.193
508055.SH,2026-09-21,3.217
508055.SH,2026-09-22,3.225
508055.SH,2026-09-23,3.278
508055.SH,2026-09-24,3.258
508055.SH,2026-09-28,3.265
508055.SH,2026-09-29,3.261
508055.SH,2026-09-30,3.268
508056.SH,2021-06-21,3.972
508056.SH,2021-06-22,3.894
508056.SH,2021-06-23,3.911
508056.SH,2021-06-24,3.901
508056.SH,2021-06-25,3.909
508056.SH,2021-06-28,3.898
508056.SH,2021-06-29,3.891
508056.SH,2021-06-30,3.893
508056.SH,2021-07-01,3.904
508056.SH,2021-07-02,3.896
508056.SH,2021-07-05,3.891
508056.SH,2021-07-06,3.886
508056.SH,2021-07-07,3.872
508056.SH,2021-07-08,3.855
508056.SH,2021-07-09,3.845
508056.SH,2021-07-12,3.832
508056.SH,2021-07-13,3.846
508056.SH,2021-07-14,3.845
508056.SH,2021-07-15,3.881
508056.SH,2021-07-16,3.89
508056.SH,2021-07-19,3.884
508056.SH,2021-07-20,3.882
508056.SH,2021-07-21,3.879
508056.SH,2021-07-22,3.896
508056.SH,2021-07-23,3.909
508056.SH,2021-07-26,3.865
508056.SH,2021-07-27,3.855
508056.SH,2021-07-28,3.87
508056.SH,2021-07-29,3.889
508056.SH,2021-07-30,3.889
508056.SH,2021-08-02,3.898
508056.SH,2021-08-03,3.901
508056.SH,2021-08-04,3.903
508056.SH,2021-08-05,3.907
508056.SH,2021-08-06,3.915
508056.SH,2021-08-09,3.911
508056.SH,2021-08-10,3.905
508056.SH,2021-08-11,3.902
508056.SH,2021-08-12,3.902
508056.SH,2021-08-13,3.902
508056.SH,2021-08-16,3.896
508056.SH,2021-08-17,3.904
508056.SH,2021-08-18,3.916
508056.SH,2021-08-19,3.93
508056.SH,2021-08-20,3.93
508056.SH,2021-08-23,3.927
508056.SH,2021-08-24,3.941
508056.SH,2021-08-25,3.984
508056.SH,2021-08-26,4.008
508056.SH,2021-08-27,4.06
508056.SH,2021-08-30,4.091
508056.SH,2021-08-31,4.089
508056.SH,2021-09-01,4.048
508056.SH,2021-09-02,4.09
508056.SH,2021-09-03,4.091
508056.SH,2021-09-06,4.09
508056.SH,2021-09-07,4.093
508056.SH,2021-09-08,4.092
508056.SH,2021-09-09,4.091
508056.SH,2021-09-10,4.091
508056.SH,2021-09-13,4.097
508056.SH,2021-09-14,4.129
508056.SH,2021-09-15,4.243
508056.SH,2021-09-16,4.238
508056.SH,2021-09-17,4.189
508056.SH,2021-09-22,4.194
508056.SH,2021-09-23,4.234
508056.SH,2021-09-24,4.226
508056.SH,2021-09-27,4.271
508056.SH,2021-09-28,4.237
508056.SH,2021-09-29,4.269
508056.SH,2021-09-30,4.285
508056.SH,2021-10-08,4.311
508056.SH,2021-10-11,4.293
508056.SH,2021-10-12,4.275
508056.SH,2021-10-13,4.28
508056.SH,2021-10-14,4.282
508056.SH,2021-10-15,4.287
508056.SH,2021-10-18,4.299
508056.SH,2021-10-19,4.374
508056.SH,2021-10-20,4.464
508056.SH,2021-10-21,4.507
508056.SH,2021-10-22,4.585
508056.SH,2021-10-25,4.63
508056.SH,2021-10-26,4.652
508056.SH,2021-10-27,4.75
508056.SH,2021-10-28,4.933
508056.SH,2021-10-29,5.067
508056.SH,2021-11-01,5.005
508056.SH,2021-11-02,4.888
508056.SH,2021-11-03,4.853
508056.SH,2021-11-04,4.95
508056.SH,2021-11-05,4.997
508056.SH,2021-11-08,4.919
508056.SH,2021-11-09,4.848
508056.SH,2021-11-10,4.816
508056.SH,2021-11-11,4.867
508056.SH,2021-11-12,4.852
508056.SH,2021-11-15,4.837
508056.SH,2021-11-16,4.849
508056.SH,2021-11-17,4.854
508056.SH,2021-11-18,4.835
508056.SH,2021-11-19,4.796
508056.SH,2021-11-22,4.699
508056.SH,2021-11-23,4.703
508056.SH,2021-11-24,4.717
508056.SH,2021-11-25,4.728
508056.SH,2021-11-26,4.729
508056.SH,2021-11-29,4.722
508056.SH,2021-11-30,4.736
508056.SH,2021-12-01,4.746
508056.SH,2021-12-02,4.873
508056.SH,2021-12-03,4.867
508056.SH,2021-12-06,4.876
508056.SH,2021-12-07,4.937
508056.SH,2021-12-08,4.967
508056.SH,2021-12-09,5.002
508056.SH,2021-12-10,5.023
508056.SH,2021-12-13,5.021
508056.SH,2021-12-14,5.006
508056.SH,2021-12-15,5.057
508056.SH,2021-12-16,4.96
508056.SH,2021-12-17,4.969
508056.SH,2021-12-20,4.934
508056.SH,2021-12-21,4.924
508056.SH,2021-12-22,4.925
508056.SH,2021-12-23,4.969
508056.SH,2021-12-24,4.945
508056.SH,2021-12-27,4.943
508056.SH,2021-12-28,4.93
508056.SH,2021-12-29,4.889
508056.SH,2021-12-30,4.832
508056.SH,2021-12-31,4.865
508056.SH,2022-01-04,4.872
508056.SH,2022-01-05,4.875
508056.SH,2022-01-06,4.924
508056.SH,2022-01-07,4.971
508056.SH,2022-01-10,4.97
508056.SH,2022-01-11,4.992
508056.SH,2022-01-12,4.985
508056.SH,2022-01-13,4.983
508056.SH,2022-01-14,5.007
508056.SH,2022-01-17,5.059
508056.SH,2022-01-18,5.025
508056.SH,2022-01-19,5.022
508056.SH,2022-01-20,5.023
508056.SH,2022-01-21,5.156
508056.SH,2022-01-24,5.109
508056.SH,2022-01-25,4.989
508056.SH,2022-01-26,5.034
508056.SH,2022-01-27,5.003
508056.SH,2022-01-28,5.065
508056.SH,2022-02-07,5.238
508056.SH,2022-02-08,5.397
508056.SH,2022-02-09,5.325
508056.SH,2022-02-10,5.316
508056.SH,2022-02-11,5.34
508056.SH,2022-02-14,5.375
508056.SH,2022-02-15,5.332
508056.SH,2022-02-16,5.22
508056.SH,2022-02-17,5.165
508056.SH,2022-02-18,5.29
508056.SH,2022-02-21,5.271
508056.SH,2022-02-22,5.095
508056.SH,2022-02-23,5.043
508056.SH,2022-02-24,5.007
508056.SH,2022-02-25,5.012
508056.SH,2022-02-28,4.999
508056.SH,2022-03-01,5.012
508056.SH,2022-03-02,5.16
508056.SH,2022-03-03,5.181
508056.SH,2022-03-04,5.1
508056.SH,2022-03-07,5.045
508056.SH,2022-03-08,5.005
508056.SH,2022-03-09,5.004
508056.SH,2022-03-10,5.04
508056.SH,2022-03-11,5.023
508056.SH,2022-03-14,5.001
508056.SH,2022-03-15,4.686
508056.SH,2022-03-16,4.71
508056.SH,2022-03-17,4.729
508056.SH,2022-03-18,4.685
508056.SH,2022-03-21,4.753
508056.SH,2022-03-22,4.85
508056.SH,2022-03-23,4.864
508056.SH,2022-03-24,4.902
508056.SH,2022-03-25,4.899
508056.SH,2022-03-28,4.887
508056.SH,2022-03-29,4.872
508056.SH,2022-03-30,4.847
508056.SH,2022-03-31,4.829
508056.SH,2022-04-01,4.892
508056.SH,2022-04-06,4.855
508056.SH,2022-04-07,4.771
508056.SH,2022-04-08,4.804
508056.SH,2022-04-11,4.798
508056.SH,2022-04-12,4.812
508056.SH,2022-04-13,4.818
508056.SH,2022-04-14,4.814
508056.SH,2022-04-15,4.798
508056.SH,2022-04-18,4.813
508056.SH,2022-04-19,4.801
508056.SH,2022-04-20,4.808
508056.SH,2022-04-21,4.77
508056.SH,2022-04-22,4.752
508056.SH,2022-04-25,4.716
508056.SH,2022-04-26,4.734
508056.SH,2022-04-27,4.745
508056.SH,2022-04-28,4.685
508056.SH,2022-04-29,4.713
508056.SH,2022-05-05,4.667
508056.SH,2022-05-06,4.638
508056.SH,2022-05-09,4.646
508056.SH,2022-05-10,4.674
508056.SH,2022-05-11,4.751
508056.SH,2022-05-12,4.807
508056.SH,2022-05-13,4.796
508056.SH,2022-05-16,4.795
508056.SH,2022-05-17,4.786
508056.SH,2022-05-18,4.775
508056.SH,2022-05-19,4.756
508056.SH,2022-05-20,4.773
508056.SH,2022-05-23,4.754
508056.SH,2022-05-24,4.734
508056.SH,2022-05-25,4.746
508056.SH,2022-05-26,4.741
508056.SH,2022-05-27,4.733
508056.SH,2022-05-30,4.727
508056.SH,2022-05-31,4.697
508056.SH,2022-06-01,4.681
508056.SH,2022-06-02,4.708
508056.SH,2022-06-06,4.754
508056.SH,2022-06-07,4.816
508056.SH,2022-06-08,4.83
508056.SH,2022-06-09,4.852
508056.SH,2022-06-10,4.859
508056.SH,2022-06-13,4.878
508056.SH,2022-06-14,4.92
508056.SH,2022-06-15,4.932
508056.SH,2022-06-16,4.931
508056.SH,2022-06-17,4.946
508056.SH,2022-06-20,4.928
508056.SH,2022-06-21,4.906
508056.SH,2022-06-22,4.915
508056.SH,2022-06-23,4.978
508056.SH,2022-06-24,5.102
508056.SH,2022-06-27,5.144
508056.SH,2022-06-28,5.15
508056.SH,2022-06-29,5.154
508056.SH,2022-06-30,5.17
508056.SH,2022-07-01,5.156
508056.SH,2022-07-04,5.17
508056.SH,2022-07-05,5.136
508056.SH,2022-07-06,5.095
508056.SH,2022-07-07,5.058
508056.SH,2022-07-08,5.073
508056.SH,2022-07-11,5.038
508056.SH,2022-07-12,5.033
508056.SH,2022-07-13,5.013
508056.SH,2022-07-14,5.063
508056.SH,2022-07-15,5.09
508056.SH,2022-07-18,5.118
508056.SH,2022-07-19,5.125
508056.SH,2022-07-20,5.156
508056.SH,2022-07-21,5.18
508056.SH,2022-07-22,5.179
508056.SH,2022-07-25,5.179
508056.SH,2022-07-26,5.163
508056.SH,2022-07-27,5.165
508056.SH,2022-07-28,5.182
508056.SH,2022-07-29,5.222
508056.SH,2022-08-01,5.248
508056.SH,2022-08-02,5.289
508056.SH,2022-08-03,5.309
508056.SH,2022-08-04,5.329
508056.SH,2022-08-05,5.288
508056.SH,2022-08-08,5.256
508056.SH,2022-08-09,5.192
508056.SH,2022-08-10,5.209
508056.SH,2022-08-11,5.221
508056.SH,2022-08-12,5.299
508056.SH,2022-08-15,5.338
508056.SH,2022-08-16,5.362
508056.SH,2022-08-17,5.325
508056.SH,2022-08-18,5.333
508056.SH,2022-08-19,5.393
508056.SH,2022-08-22,5.342
508056.SH,2022-08-23,5.36
508056.SH,2022-08-24,5.337
508056.SH,2022-08-25,5.344
508056.SH,2022-08-26,5.323
508056.SH,2022-08-29,5.314
508056.SH,2022-08-30,5.35
508056.SH,2022-08-31,5.411
508056.SH,2022-09-01,5.382
508056.SH,2022-09-02,5.38
508056.SH,2022-09-05,5.371
508056.SH,2022-09-06,5.381
508056.SH,2022-09-07,5.415
508056.SH,2022-09-08,5.47
508056.SH,2022-09-09,5.548
508056.SH,2022-09-13,5.552
508056.SH,2022-09-14,5.514
508056.SH,2022-09-15,5.49
508056.SH,2022-09-16,5.432
508056.SH,2022-09-19,5.452
508056.SH,2022-09-20,5.456
508056.SH,2022-09-21,5.477
508056.SH,2022-09-22,5.516
508056.SH,2022-09-23,5.54
508056.SH,2022-09-26,5.553
508056.SH,2022-09-27,5.528
508056.SH,2022-09-28,5.639
508056.SH,2022-09-29,5.51
508056.SH,2022-09-30,5.458
508056.SH,2022-10-10,5.358
508056.SH,2022-10-11,5.349
508056.SH,2022-10-12,5.332
508056.SH,2022-10-13,5.36
508056.SH,2022-10-14,5.363
508056.SH,2022-10-17,5.348
508056.SH,2022-10-18,5.359
508056.SH,2022-10-19,5.359
508056.SH,2022-10-20,5.351
508056.SH,2022-10-21,5.326
508056.SH,2022-10-24,5.225
508056.SH,2022-10-25,5.181
508056.SH,2022-10-26,5.205
508056.SH,2022-10-27,5.126
508056.SH,2022-10-28,5.216
508056.SH,2022-10-31,5.176
508056.SH,2022-11-01,5.162
508056.SH,2022-11-02,5.21
508056.SH,2022-11-03,5.232
508056.SH,2022-11-04,5.271
508056.SH,2022-11-07,5.223
508056.SH,2022-11-08,5.169
508056.SH,2022-11-09,5.146
508056.SH,2022-11-10,5.143
508056.SH,2022-11-11,5.151
508056.SH,2022-11-14,5.122
508056.SH,2022-11-15,5.129
508056.SH,2022-11-16,5.129
508056.SH,2022-11-17,5.084
508056.SH,2022-11-18,5.104
508056.SH,2022-11-21,5.106
508056.SH,2022-11-22,5.072
508056.SH,2022-11-23,5.04
508056.SH,2022-11-24,5.041
508056.SH,2022-11-25,5.05
508056.SH,2022-11-28,5.032
508056.SH,2022-11-29,5.068
508056.SH,2022-11-30,5.073
508056.SH,2022-12-01,5.098
508056.SH,2022-12-02,5.114
508056.SH,2022-12-05,5.154
508056.SH,2022-12-06,5.176
508056.SH,2022-12-07,5.148
508056.SH,2022-12-08,5.151
508056.SH,2022-12-09,5.155
508056.SH,2022-12-12,5.125
508056.SH,2022-12-13,5.109
508056.SH,2022-12-14,5.09
508056.SH,2022-12-15,5.062
508056.SH,2022-12-16,5.063
508056.SH,2022-12-19,5.05
508056.SH,2022-12-20,5.024
508056.SH,2022-12-21,5.023
508056.SH,2022-12-22,5.038
508056.SH,2022-12-23,5.073
508056.SH,2022-12-26,5.092
508056.SH,2022-12-27,5.079
508056.SH,2022-12-28,5.016
508056.SH,2022-12-29,5.134
508056.SH,2022-12-30,5.397
508056.SH,2023-01-03,5.152
508056.SH,2023-01-04,5.037
508056.SH,2023-01-05,5.015
508056.SH,2023-01-06,5.035
508056.SH,2023-01-09,5.034
508056.SH,2023-01-10,5.049
508056.SH,2023-01-11,5.028
508056.SH,2023-01-12,5.014
508056.SH,2023-01-13,5.009
508056.SH,2023-01-16,4.994
508056.SH,2023-01-17,4.988
508056.SH,2023-01-18,4.99
508056.SH,2023-01-19,4.993
508056.SH,2023-01-20,5.004
508056.SH,2023-01-30,5.039
508056.SH,2023-01-31,5.127
508056.SH,2023-02-01,5.19
508056.SH,2023-02-02,5.153
508056.SH,2023-02-03,5.175
508056.SH,2023-02-06,5.172
508056.SH,2023-02-07,5.165
508056.SH,2023-02-08,5.143
508056.SH,2023-02-09,5.141
508056.SH,2023-02-10,5.178
508056.SH,2023-02-13,5.231
508056.SH,2023-02-14,5.292
508056.SH,2023-02-15,5.238
508056.SH,2023-02-16,5.209
508056.SH,2023-02-17,5.198
508056.SH,2023-02-20,5.222
508056.SH,2023-02-21,5.244
508056.SH,2023-02-22,5.201
508056.SH,2023-02-23,5.183
508056.SH,2023-02-24,5.14
508056.SH,2023-02-27,5.097
508056.SH,2023-02-28,5.112
508056.SH,2023-03-01,5.113
508056.SH,2023-03-02,5.106
508056.SH,2023-03-03,5.106
508056.SH,2023-03-06,5.073
508056.SH,2023-03-07,5.028
508056.SH,2023-03-08,5.02
508056.SH,2023-03-09,5.024
508056.SH,2023-03-10,5.023
508056.SH,2023-03-13,5.129
508056.SH,2023-03-14,5.078
508056.SH,2023-03-15,5.068
508056.SH,2023-03-16,5.053
508056.SH,2023-03-17,5.058
508056.SH,2023-03-20,5.038
508056.SH,2023-03-21,5.035
508056.SH,2023-03-22,5.036
508056.SH,2023-03-23,5.037
508056.SH,2023-03-24,5.036
508056.SH,2023-03-27,5.061
508056.SH,2023-03-28,5.049
508056.SH,2023-03-29,5.001
508056.SH,2023-03-30,5.042
508056.SH,2023-03-31,5.046
508056.SH,2023-04-03,5.024
508056.SH,2023-04-04,4.999
508056.SH,2023-04-06,4.902
508056.SH,2023-04-07,4.918
508056.SH,2023-04-10,4.913
508056.SH,2023-04-11,4.853
508056.SH,2023-04-12,4.782
508056.SH,2023-04-13,4.769
508056.SH,2023-04-14,4.792
508056.SH,2023-04-17,4.851
508056.SH,2023-04-18,4.878
508056.SH,2023-04-19,4.863
508056.SH,2023-04-20,4.843
508056.SH,2023-04-21,4.71
508056.SH,2023-04-24,4.735
508056.SH,2023-04-25,4.75
508056.SH,2023-04-26,4.735
508056.SH,2023-04-27,4.699
508056.SH,2023-04-28,4.722
508056.SH,2023-05-04,4.699
508056.SH,2023-05-05,4.698
508056.SH,2023-05-08,4.695
508056.SH,2023-05-09,4.712
508056.SH,2023-05-10,4.74
508056.SH,2023-05-11,4.698
508056.SH,2023-05-12,4.699
508056.SH,2023-05-15,4.686
508056.SH,2023-05-16,4.677
508056.SH,2023-05-17,4.68
508056.SH,2023-05-19,4.654
508056.SH,2023-05-22,4.632
508056.SH,2023-05-23,4.66
508056.SH,2023-05-24,4.667
508056.SH,2023-05-25,4.697
508056.SH,2023-05-26,4.69
508056.SH,2023-05-29,4.614
508056.SH,2023-05-30,4.48
508056.SH,2023-05-31,4.391
508056.SH,2023-06-01,4.415
508056.SH,2023-06-02,4.41
508056.SH,2023-06-05,4.269
508056.SH,2023-06-06,4.197
508056.SH,2023-06-07,4.235
508056.SH,2023-06-08,4.339
508056.SH,2023-06-09,4.317
508056.SH,2023-06-12,4.286
508056.SH,2023-06-13,4.234
508056.SH,2023-06-14,4.19
508056.SH,2023-06-15,4.166
508056.SH,2023-06-16,4.22
508056.SH,2023-06-19,4.195
508056.SH,2023-06-20,4.184
508056.SH,2023-06-21,4.151
508056.SH,2023-06-26,4.138
508056.SH,2023-06-27,4.116
508056.SH,2023-06-28,4.07
508056.SH,2023-06-29,4.02
508056.SH,2023-06-30,3.956
508056.SH,2023-07-03,3.878
508056.SH,2023-07-04,3.799
508056.SH,2023-07-05,3.733
508056.SH,2023-07-06,3.93
508056.SH,2023-07-07,4.11
508056.SH,2023-07-10,4.131
508056.SH,2023-07-11,4.115
508056.SH,2023-07-12,4.103
508056.SH,2023-07-13,4.132
508056.SH,2023-07-14,4.139
508056.SH,2023-07-17,4.286
508056.SH,2023-07-18,4.389
508056.SH,2023-07-19,4.29
508056.SH,2023-07-20,4.199
508056.SH,2023-07-21,4.201
508056.SH,2023-07-24,4.211
508056.SH,2023-07-25,4.203
508056.SH,2023-07-26,4.206
508056.SH,2023-07-27,4.201
508056.SH,2023-07-28,4.203
508056.SH,2023-07-31,4.206
508056.SH,2023-08-01,4.289
508056.SH,2023-08-02,4.3
508056.SH,2023-08-03,4.299
508056.SH,2023-08-04,4.332
508056.SH,2023-08-07,4.357
508056.SH,2023-08-08,4.379
508056.SH,2023-08-09,4.399
508056.SH,2023-08-10,4.397
508056.SH,2023-08-11,4.369
508056.SH,2023-08-14,4.356
508056.SH,2023-08-15,4.355
508056.SH,2023-08-16,4.348
508056.SH,2023-08-17,4.315
508056.SH,2023-08-18,4.318
508056.SH,2023-08-21,4.262
508056.SH,2023-08-22,4.262
508056.SH,2023-08-23,4.29
508056.SH,2023-08-24,4.347
508056.SH,2023-08-25,4.395
508056.SH,2023-08-28,4.413
508056.SH,2023-08-29,4.382
508056.SH,2023-08-30,4.357
508056.SH,2023-08-31,4.337
508056.SH,2023-09-01,4.301
508056.SH,2023-09-04,4.302
508056.SH,2023-09-05,4.223
508056.SH,2023-09-06,4.2
508056.SH,2023-09-07,4.192
508056.SH,2023-09-08,4.21
508056.SH,2023-09-11,4.315
508056.SH,2023-09-12,4.28
508056.SH,2023-09-13,4.273
508056.SH,2023-09-14,4.257
508056.SH,2023-09-15,4.236
508056.SH,2023-09-18,4.223
508056.SH,2023-09-19,4.227
508056.SH,2023-09-20,4.262
508056.SH,2023-09-21,4.266
508056.SH,2023-09-22,4.288
508056.SH,2023-09-25,4.283
508056.SH,2023-09-26,4.28
508056.SH,2023-09-27,4.263
508056.SH,2023-09-28,4.242
508056.SH,2023-10-09,4.211
508056.SH,2023-10-10,4.2
508056.SH,2023-10-11,4.137
508056.SH,2023-10-12,4.132
508056.SH,2023-10-13,4.103
508056.SH,2023-10-16,3.999
508056.SH,2023-10-17,3.985
508056.SH,2023-10-18,3.981
508056.SH,2023-10-19,3.908
508056.SH,2023-10-20,3.823
508056.SH,2023-10-23,3.735
508056.SH,2023-10-24,3.748
508056.SH,2023-10-25,3.786
508056.SH,2023-10-26,3.805
508056.SH,2023-10-27,3.818
508056.SH,2023-10-30,3.79
508056.SH,2023-10-31,3.766
508056.SH,2023-11-01,3.713
508056.SH,2023-11-02,3.703
508056.SH,2023-11-03,3.69
508056.SH,2023-11-06,3.681
508056.SH,2023-11-07,3.655
508056.SH,2023-11-08,3.671
508056.SH,2023-11-09,3.725
508056.SH,2023-11-10,3.727
508056.SH,2023-11-13,3.719
508056.SH,2023-11-14,3.705
508056.SH,2023-11-15,3.674
508056.SH,2023-11-16,3.665
508056.SH,2023-11-17,3.64
508056.SH,2023-11-20,3.6
508056.SH,2023-11-21,3.525
508056.SH,2023-11-22,3.456
508056.SH,2023-11-23,3.388
508056.SH,2023-11-24,3.273
508056.SH,2023-11-27,3.194
508056.SH,2023-11-28,3.162
508056.SH,2023-11-29,3.171
508056.SH,2023-11-30,3.18
508056.SH,2023-12-01,3.17
508056.SH,2023-12-04,3.127
508056.SH,2023-12-05,3.124
508056.SH,2023-12-06,3.165
508056.SH,2023-12-07,3.203
508056.SH,2023-12-08,3.169
508056.SH,2023-12-11,3.118
508056.SH,2023-12-12,3.104
508056.SH,2023-12-13,3.116
508056.SH,2023-12-14,3.086
508056.SH,2023-12-15,3.18
508056.SH,2023-12-18,3.167
508056.SH,2023-12-19,3.143
508056.SH,2023-12-20,3.158
508056.SH,2023-12-21,3.188
508056.SH,2023-12-22,3.282
508056.SH,2023-12-25,3.319
508056.SH,2023-12-26,3.365
508056.SH,2023-12-27,3.404
508056.SH,2023-12-28,3.43
508056.SH,2023-12-29,3.41
508056.SH,2024-01-02,3.295
508056.SH,2024-01-03,3.223
508056.SH,2024-01-04,3.175
508056.SH,2024-01-05,3.073
508056.SH,2024-01-08,2.971
508056.SH,2024-01-09,2.784
508056.SH,2024-01-10,2.677
508056.SH,2024-01-11,2.629
508056.SH,2024-01-12,2.61
508056.SH,2024-01-15,2.697
508056.SH,2024-01-16,2.8
508056.SH,2024-01-17,2.893
508056.SH,2024-01-18,2.896
508056.SH,2024-01-19,2.935
508056.SH,2024-01-22,2.9
508056.SH,2024-01-23,2.807
508056.SH,2024-01-24,2.817
508056.SH,2024-01-25,2.917
508056.SH,2024-01-26,2.962
508056.SH,2024-01-29,3.012
508056.SH,2024-01-30,3.043
508056.SH,2024-01-31,3.011
508056.SH,2024-02-01,3.005
508056.SH,2024-02-02,3.01
508056.SH,2024-02-05,2.972
508056.SH,2024-02-06,2.928
508056.SH,2024-02-07,2.929
508056.SH,2024-02-08,3.025
508056.SH,2024-02-19,3.227
508056.SH,2024-02-20,3.285
508056.SH,2024-02-21,3.359
508056.SH,2024-02-22,3.404
508056.SH,2024-02-23,3.489
508056.SH,2024-02-26,3.6
508056.SH,2024-02-27,3.528
508056.SH,2024-02-28,3.484
508056.SH,2024-02-29,3.553
508056.SH,2024-03-01,3.659
508056.SH,2024-03-04,3.714
508056.SH,2024-03-05,3.713
508056.SH,2024-03-06,3.646
508056.SH,2024-03-07,3.596
508056.SH,2024-03-08,3.58
508056.SH,2024-03-11,3.613
508056.SH,2024-03-12,3.616
508056.SH,2024-03-13,3.595
508056.SH,2024-03-14,3.588
508056.SH,2024-03-15,3.578
508056.SH,2024-03-18,3.589
508056.SH,2024-03-19,3.573
508056.SH,2024-03-20,3.546
508056.SH,2024-03-21,3.545
508056.SH,2024-03-22,3.512
508056.SH,2024-03-25,3.495
508056.SH,2024-03-26,3.518
508056.SH,2024-03-27,3.587
508056.SH,2024-03-28,3.561
508056.SH,2024-03-29,3.568
508056.SH,2024-04-01,3.555
508056.SH,2024-04-02,3.527
508056.SH,2024-04-03,3.471
508056.SH,2024-04-08,3.469
508056.SH,2024-04-09,3.468
508056.SH,2024-04-10,3.488
508056.SH,2024-04-11,3.515
508056.SH,2024-04-12,3.502
508056.SH,2024-04-15,3.492
508056.SH,2024-04-16,3.476
508056.SH,2024-04-17,3.52
508056.SH,2024-04-18,3.566
508056.SH,2024-04-19,3.57
508056.SH,2024-04-22,3.597
508056.SH,2024-04-23,3.594
508056.SH,2024-04-24,3.589
508056.SH,2024-04-25,3.64
508056.SH,2024-04-26,3.676
508056.SH,2024-04-29,3.659
508056.SH,2024-04-30,3.646
508056.SH,2024-05-06,3.651
508056.SH,2024-05-07,3.683
508056.SH,2024-05-08,3.66
508056.SH,2024-05-09,3.663
508056.SH,2024-05-10,3.684
508056.SH,2024-05-13,3.685
508056.SH,2024-05-14,3.666
508056.SH,2024-05-15,3.632
508056.SH,2024-05-16,3.598
508056.SH,2024-05-17,3.618
508056.SH,2024-05-20,3.609
508056.SH,2024-05-21,3.584
508056.SH,2024-05-22,3.569
508056.SH,2024-05-23,3.561
508056.SH,2024-05-24,3.606
508056.SH,2024-05-27,3.62
508056.SH,2024-05-28,3.617
508056.SH,2024-05-29,3.629
508056.SH,2024-05-30,3.62
508056.SH,2024-05-31,3.617
508056.SH,2024-06-03,3.609
508056.SH,2024-06-04,3.594
508056.SH,2024-06-05,3.595
508056.SH,2024-06-06,3.598
508056.SH,2024-06-07,3.598
508056.SH,2024-06-11,3.582
508056.SH,2024-06-12,3.564
508056.SH,2024-06-13,3.58
508056.SH,2024-06-14,3.585
508056.SH,2024-06-17,3.558
508056.SH,2024-06-18,3.55
508056.SH,2024-06-19,3.54
508056.SH,2024-06-20,3.529
508056.SH,2024-06-21,3.555
508056.SH,2024-06-24,3.569
508056.SH,2024-06-25,3.568
508056.SH,2024-06-26,3.575
508056.SH,2024-06-27,3.584
508056.SH,2024-06-28,3.576
508056.SH,2024-07-01,3.415
508056.SH,2024-07-02,3.449
508056.SH,2024-07-03,3.457
508056.SH,2024-07-04,3.416
508056.SH,2024-07-05,3.419
508056.SH,2024-07-08,3.407
508056.SH,2024-07-09,3.398
508056.SH,2024-07-10,3.415
508056.SH,2024-07-11,3.376
508056.SH,2024-07-12,3.367
508056.SH,2024-07-15,3.402
508056.SH,2024-07-16,3.401
508056.SH,2024-07-17,3.405
508056.SH,2024-07-18,3.404
508056.SH,2024-07-19,3.41
508056.SH,2024-07-22,3.405
508056.SH,2024-07-23,3.401
508056.SH,2024-07-24,3.4
508056.SH,2024-07-25,3.4
508056.SH,2024-07-26,3.417
508056.SH,2024-07-29,3.439
508056.SH,2024-07-30,3.468
508056.SH,2024-07-31,3.48
508056.SH,2024-08-01,3.488
508056.SH,2024-08-02,3.442
508056.SH,2024-08-05,3.487
508056.SH,2024-08-06,3.554
508056.SH,2024-08-07,3.618
508056.SH,2024-08-08,3.602
508056.SH,2024-08-09,3.625
508056.SH,2024-08-12,3.636
508056.SH,2024-08-13,3.64
508056.SH,2024-08-14,3.656
508056.SH,2024-08-15,3.657
508056.SH,2024-08-16,3.652
508056.SH,2024-08-19,3.618
508056.SH,2024-08-20,3.6
508056.SH,2024-08-21,3.595
508056.SH,2024-08-22,3.576
508056.SH,2024-08-23,3.562
508056.SH,2024-08-26,3.543
508056.SH,2024-08-27,3.538
508056.SH,2024-08-28,3.541
508056.SH,2024-08-29,3.492
508056.SH,2024-08-30,3.488
508056.SH,2024-09-02,3.501
508056.SH,2024-09-03,3.484
508056.SH,2024-09-04,3.467
508056.SH,2024-09-05,3.467
508056.SH,2024-09-06,3.459
508056.SH,2024-09-09,3.46
508056.SH,2024-09-10,3.45
508056.SH,2024-09-11,3.463
508056.SH,2024-09-12,3.455
508056.SH,2024-09-13,3.459
508056.SH,2024-09-18,3.443
508056.SH,2024-09-19,3.421
508056.SH,2024-09-20,3.429
508056.SH,2024-09-23,3.417
508056.SH,2024-09-24,3.471
508056.SH,2024-09-25,3.5
508056.SH,2024-09-26,3.498
508056.SH,2024-09-27,3.493
508056.SH,2024-09-30,3.452
508056.SH,2024-10-08,3.452
508056.SH,2024-10-09,3.464
508056.SH,2024-10-10,3.463
508056.SH,2024-10-11,3.475
508056.SH,2024-10-14,3.476
508056.SH,2024-10-15,3.482
508056.SH,2024-10-16,3.488
508056.SH,2024-10-17,3.486
508056.SH,2024-10-18,3.495
508056.SH,2024-10-21,3.473
508056.SH,2024-10-22,3.49
508056.SH,2024-10-23,3.482
508056.SH,2024-10-24,3.48
508056.SH,2024-10-25,3.483
508056.SH,2024-10-28,3.481
508056.SH,2024-10-29,3.481
508056.SH,2024-10-30,3.434
508056.SH,2024-10-31,3.425
508056.SH,2024-11-01,3.421
508056.SH,2024-11-04,3.418
508056.SH,2024-11-05,3.406
508056.SH,2024-11-06,3.409
508056.SH,2024-11-07,3.385
508056.SH,2024-11-08,3.364
508056.SH,2024-11-11,3.376
508056.SH,2024-11-12,3.372
508056.SH,2024-11-13,3.366
508056.SH,2024-11-14,3.35
508056.SH,2024-11-15,3.344
508056.SH,2024-11-18,3.337
508056.SH,2024-11-19,3.323
508056.SH,2024-11-20,3.322
508056.SH,2024-11-21,3.318
508056.SH,2024-11-22,3.306
508056.SH,2024-11-25,3.299
508056.SH,2024-11-26,3.289
508056.SH,2024-11-27,3.289
508056.SH,2024-11-28,3.271
508056.SH,2024-11-29,3.26
508056.SH,2024-12-02,3.269
508056.SH,2024-12-03,3.268
508056.SH,2024-12-04,3.264
508056.SH,2024-12-05,3.257
508056.SH,2024-12-06,3.246
508056.SH,2024-12-09,3.239
508056.SH,2024-12-10,3.254
508056.SH,2024-12-11,3.317
508056.SH,2024-12-12,3.305
508056.SH,2024-12-13,3.291
508056.SH,2024-12-16,3.288
508056.SH,2024-12-17,3.286
508056.SH,2024-12-18,3.274
508056.SH,2024-12-19,3.254
508056.SH,2024-12-20,3.237
508056.SH,2024-12-23,3.237
508056.SH,2024-12-24,3.239
508056.SH,2024-12-25,3.277
508056.SH,2024-12-26,3.264
508056.SH,2024-12-27,3.315
508056.SH,2024-12-30,3.346
508056.SH,2024-12-31,3.38
508056.SH,2025-01-02,3.344
508056.SH,2025-01-03,3.352
508056.SH,2025-01-06,3.37
508056.SH,2025-01-07,3.361
508056.SH,2025-01-08,3.362
508056.SH,2025-01-09,3.41
508056.SH,2025-01-10,3.459
508056.SH,2025-01-13,3.458
508056.SH,2025-01-14,3.447
508056.SH,2025-01-15,3.453
508056.SH,2025-01-16,3.435
508056.SH,2025-01-17,3.409
508056.SH,2025-01-20,3.4
508056.SH,2025-01-21,3.406
508056.SH,2025-01-22,3.477
508056.SH,2025-01-23,3.499
508056.SH,2025-01-24,3.494
508056.SH,2025-01-27,3.511
508056.SH,2025-02-05,3.511
508056.SH,2025-02-06,3.531
508056.SH,2025-02-07,3.588
508056.SH,2025-02-10,3.77
508056.SH,2025-02-11,3.799
508056.SH,2025-02-12,3.767
508056.SH,2025-02-13,3.728
508056.SH,2025-02-14,3.749
508056.SH,2025-02-17,3.744
508056.SH,2025-02-18,3.721
508056.SH,2025-02-19,3.696
508056.SH,2025-02-20,3.69
508056.SH,2025-02-21,3.716
508056.SH,2025-02-24,3.679
508056.SH,2025-02-25,3.652
508056.SH,2025-02-26,3.65
508056.SH,2025-02-27,3.64
508056.SH,2025-02-28,3.627
508056.SH,2025-03-03,3.67
508056.SH,2025-03-04,3.688
508056.SH,2025-03-05,3.678
508056.SH,2025-03-06,3.68
508056.SH,2025-03-07,3.663
508056.SH,2025-03-10,3.659
508056.SH,2025-03-11,3.65
508056.SH,2025-03-12,3.658
508056.SH,2025-03-13,3.655
508056.SH,2025-03-14,3.663
508056.SH,2025-03-17,3.656
508056.SH,2025-03-18,3.654
508056.SH,2025-03-19,3.665
508056.SH,2025-03-20,3.707
508056.SH,2025-03-21,3.724
508056.SH,2025-03-24,3.697
508056.SH,2025-03-25,3.694
508056.SH,2025-03-26,3.672
508056.SH,2025-03-27,3.67
508056.SH,2025-03-28,3.726
508056.SH,2025-03-31,3.697
508056.SH,2025-04-01,3.692
508056.SH,2025-04-02,3.698
508056.SH,2025-04-03,3.663
508056.SH,2025-04-07,3.553
508056.SH,2025-04-08,3.499
508056.SH,2025-04-09,3.442
508056.SH,2025-04-10,3.496
508056.SH,2025-04-11,3.53
508056.SH,2025-04-14,3.566
508056.SH,2025-04-15,3.561
508056.SH,2025-04-16,3.564
508056.SH,2025-04-17,3.585
508056.SH,2025-04-18,3.585
508056.SH,2025-04-21,3.61
508056.SH,2025-04-22,3.609
508056.SH,2025-04-23,3.595
508056.SH,2025-04-24,3.584
508056.SH,2025-04-25,3.572
508056.SH,2025-04-28,3.557
508056.SH,2025-04-29,3.593
508056.SH,2025-04-30,3.613
508056.SH,2025-05-06,3.609
508056.SH,2025-05-07,3.612
508056.SH,2025-05-08,3.603
508056.SH,2025-05-09,3.6
508056.SH,2025-05-12,3.606
508056.SH,2025-05-13,3.606
508056.SH,2025-05-14,3.592
508056.SH,2025-05-15,3.631
508056.SH,2025-05-16,3.68
508056.SH,2025-05-19,3.689
508056.SH,2025-05-20,3.72
508056.SH,2025-05-21,3.746
508056.SH,2025-05-22,3.725
508056.SH,2025-05-23,3.7
508056.SH,2025-05-26,3.693
508056.SH,2025-05-27,3.69
508056.SH,2025-05-28,3.703
508056.SH,2025-05-29,3.684
508056.SH,2025-05-30,3.677
508056.SH,2025-06-03,3.68
508056.SH,2025-06-04,3.686
508056.SH,2025-06-05,3.71
508056.SH,2025-06-06,3.728
508056.SH,2025-06-09,3.73
508056.SH,2025-06-10,3.716
508056.SH,2025-06-11,3.724
508056.SH,2025-06-12,3.729
508056.SH,2025-06-13,3.752
508056.SH,2025-06-16,3.742
508056.SH,2025-06-17,3.723
508056.SH,2025-06-18,3.736
508056.SH,2025-06-19,3.755
508056.SH,2025-06-20,3.843
508056.SH,2025-06-23,3.868
508056.SH,2025-06-24,3.801
508056.SH,2025-06-25,3.84
508056.SH,2025-06-26,3.848
508056.SH,2025-06-27,3.852
508056.SH,2025-06-30,3.811
508056.SH,2025-07-01,3.796
508056.SH,2025-07-02,3.81
508056.SH,2025-07-03,3.8
508056.SH,2025-07-04,3.796
508056.SH,2025-07-07,3.79
508056.SH,2025-07-08,3.745
508056.SH,2025-07-09,3.728
508056.SH,2025-07-10,3.747
508056.SH,2025-07-11,3.738
508056.SH,2025-07-14,3.722
508056.SH,2025-07-15,3.722
508056.SH,2025-07-16,3.725
508056.SH,2025-07-17,3.716
508056.SH,2025-07-18,3.72
508056.SH,2025-07-21,3.701
508056.SH,2025-07-22,3.7
508056.SH,2025-07-23,3.635
508056.SH,2025-07-24,3.634
508056.SH,2025-07-25,3.655
508056.SH,2025-07-28,3.645
508056.SH,2025-07-29,3.645
508056.SH,2025-07-30,3.656
508056.SH,2025-07-31,3.675
508056.SH,2025-08-01,3.674
508056.SH,2025-08-04,3.637
508056.SH,2025-08-05,3.616
508056.SH,2025-08-06,3.61
508056.SH,2025-08-07,3.633
508056.SH,2025-08-08,3.648
508056.SH,2025-08-11,3.632
508056.SH,2025-08-12,3.641
508056.SH,2025-08-13,3.632
508056.SH,2025-08-14,3.611
508056.SH,2025-08-15,3.583
508056.SH,2025-08-18,3.538
508056.SH,2025-08-19,3.53
508056.SH,2025-08-20,3.509
508056.SH,2025-08-21,3.533
508056.SH,2025-08-22,3.542
508056.SH,2025-08-25,3.567
508056.SH,2025-08-26,3.65
508056.SH,2025-08-27,3.625
508056.SH,2025-08-28,3.62
508056.SH,2025-08-29,3.586
508056.SH,2025-09-01,3.577
508056.SH,2025-09-02,3.6
508056.SH,2025-09-03,3.614
508056.SH,2025-09-04,3.634
508056.SH,2025-09-05,3.612
508056.SH,2025-09-08,3.569
508056.SH,2025-09-09,3.561
508056.SH,2025-09-10,3.545
508056.SH,2025-09-11,3.546
508056.SH,2025-09-12,3.563
508056.SH,2025-09-15,3.564
508056.SH,2025-09-16,3.557
508056.SH,2025-09-17,3.566
508056.SH,2025-09-18,3.564
508056.SH,2025-09-19,3.551
508056.SH,2025-09-22,3.542
508056.SH,2025-09-23,3.543
508056.SH,2025-09-24,3.543
508056.SH,2025-09-25,3.544
508056.SH,2025-09-26,3.542
508056.SH,2025-09-29,3.529
508056.SH,2025-09-30,3.525
508056.SH,2025-10-09,3.522
508056.SH,2025-10-10,3.525
508056.SH,2025-10-13,3.528
508056.SH,2025-10-14,3.519
508056.SH,2025-10-15,3.505
508056.SH,2025-10-16,3.489
508056.SH,2025-10-17,3.472
508056.SH,2025-10-20,3.451
508056.SH,2025-10-21,3.444
508056.SH,2025-10-22,3.426
508056.SH,2025-10-23,3.452
508056.SH,2025-10-24,3.485
508056.SH,2025-10-27,3.464
508056.SH,2025-10-28,3.492
508056.SH,2025-10-29,3.49
508056.SH,2025-10-30,3.45
508056.SH,2025-10-31,3.383
508056.SH,2025-11-03,3.325
508056.SH,2025-11-04,3.292
508056.SH,2025-11-05,3.288
508056.SH,2025-11-06,3.302
508056.SH,2025-11-07,3.299
508056.SH,2025-11-10,3.34
508056.SH,2025-11-11,3.328
508056.SH,2025-11-12,3.328
508056.SH,2025-11-13,3.302
508056.SH,2025-11-14,3.295
508056.SH,2025-11-17,3.3
508056.SH,2025-11-18,3.3
508056.SH,2025-11-19,3.279
508056.SH,2025-11-20,3.275
508056.SH,2025-11-21,3.277
508056.SH,2025-11-24,3.269
508056.SH,2025-11-25,3.304
508056.SH,2025-11-26,3.293
508056.SH,2025-11-27,3.263
508056.SH,2025-11-28,3.259
508056.SH,2025-12-01,3.255
508056.SH,2025-12-02,3.253
508056.SH,2025-12-03,3.275
508056.SH,2025-12-04,3.299
508056.SH,2025-12-05,3.275
508056.SH,2025-12-08,3.243
508056.SH,2025-12-09,3.238
508056.SH,2025-12-10,3.254
508056.SH,2025-12-11,3.236
508056.SH,2025-12-12,3.237
508056.SH,2025-12-15,3.225
508056.SH,2025-12-16,3.209
508056.SH,2025-12-17,3.198
508056.SH,2025-12-18,3.202
508056.SH,2025-12-19,3.194
508056.SH,2025-12-22,3.192
508056.SH,2025-12-23,3.187
508056.SH,2025-12-24,3.284
508056.SH,2025-12-25,3.317
508056.SH,2025-12-26,3.299
508056.SH,2025-12-29,3.284
508056.SH,2025-12-30,3.235
508056.SH,2025-12-31,3.236
508056.SH,2026-01-05,3.246
508056.SH,2026-01-06,3.299
508056.SH,2026-01-07,3.292
508056.SH,2026-01-08,3.292
508056.SH,2026-01-09,3.26
508056.SH,2026-01-12,3.26
508056.SH,2026-01-13,3.251
508056.SH,2026-01-14,3.257
508056.SH,2026-01-15,3.258
508056.SH,2026-01-16,3.249
508056.SH,2026-01-19,3.242
508056.SH,2026-01-20,3.28
508056.SH,2026-01-21,3.292
508056.SH,2026-01-22,3.333
508056.SH,2026-01-23,3.346
508056.SH,2026-01-26,3.349
508056.SH,2026-01-27,3.365
508056.SH,2026-01-28,3.376
508056.SH,2026-01-29,3.438
508056.SH,2026-01-30,3.412
508056.SH,2026-02-02,3.339
508056.SH,2026-02-03,3.382
508056.SH,2026-02-04,3.381
508056.SH,2026-02-05,3.369
508056.SH,2026-02-06,3.369
508056.SH,2026-02-09,3.37
508056.SH,2026-02-10,3.388
508056.SH,2026-02-11,3.407
508056.SH,2026-02-12,3.403
508056.SH,2026-02-13,3.41
508056.SH,2026-02-24,3.409
508056.SH,2026-02-25,3.411
508056.SH,2026-02-26,3.388
508056.SH,2026-02-27,3.377
508056.SH,2026-03-02,3.375
508056.SH,2026-03-03,3.361
508056.SH,2026-03-04,3.342
508056.SH,2026-03-05,3.345
508056.SH,2026-03-06,3.346
508056.SH,2026-03-09,3.323
508056.SH,2026-03-10,3.329
508056.SH,2026-03-11,3.327
508056.SH,2026-03-12,3.31
508056.SH,2026-03-13,3.317
508056.SH,2026-03-16,3.272
508056.SH,2026-03-17,3.27
508056.SH,2026-03-18,3.237
508056.SH,2026-03-19,3.211
508056.SH,2026-03-20,3.169
508056.SH,2026-03-23,3.107
508056.SH,2026-03-24,3.048
508056.SH,2026-03-25,3.034
508056.SH,2026-03-26,3.031
508056.SH,2026-03-27,3.092
508056.SH,2026-03-30,3.052
508056.SH,2026-03-31,3.044
508056.SH,2026-04-01,3.047
508056.SH,2026-04-02,3.045
508056.SH,2026-04-03,3.038
508056.SH,2026-04-07,3.035
508056.SH,2026-04-08,3.053
508056.SH,2026-04-09,3.04
508056.SH,2026-04-10,3.089
508056.SH,2026-04-13,3.081
508056.SH,2026-04-14,3.069
508056.SH,2026-04-15,3.058
508056.SH,2026-04-16,3.109
508056.SH,2026-04-17,3.107
508056.SH,2026-04-20,3.1
508056.SH,2026-04-21,3.079
508056.SH,2026-04-22,3.035
508056.SH,2026-04-23,2.997
508056.SH,2026-04-24,2.983
508056.SH,2026-04-27,2.979
508056.SH,2026-04-28,2.99
508056.SH,2026-04-29,2.992
508056.SH,2026-04-30,2.994
508056.SH,2026-05-06,2.986
508056.SH,2026-05-07,2.974
508056.SH,2026-05-08,2.969
508056.SH,2026-05-11,2.961
508056.SH,2026-05-12,2.955
508056.SH,2026-05-13,2.927
508056.SH,2026-05-14,2.899
508056.SH,2026-05-15,2.841
508056.SH,2026-05-18,2.822
508056.SH,2026-05-19,2.903
508056.SH,2026-05-20,2.855
508056.SH,2026-05-21,2.795
508056.SH,2026-05-22,2.754
508056.SH,2026-05-25,2.701
508056.SH,2026-05-26,2.657
508056.SH,2026-05-27,2.614
508056.SH,2026-05-28,2.536
508056.SH,2026-05-29,2.592
508056.SH,2026-06-01,2.599
508056.SH,2026-06-02,2.565
508056.SH,2026-06-03,2.549
508056.SH,2026-06-04,2.546
508056.SH,2026-06-05,2.509
508056.SH,2026-06-08,2.494
508056.SH,2026-06-09,2.483
508056.SH,2026-06-10,2.445
508056.SH,2026-06-11,2.406
508056.SH,2026-06-12,2.446
508056.SH,2026-06-15,2.394
508056.SH,2026-06-16,2.378
508056.SH,2026-06-17,2.386
508056.SH,2026-06-18,2.307
508056.SH,2026-06-22,2.233
508056.SH,2026-06-23,2.217
508056.SH,2026-06-24,2.181
508056.SH,2026-06-25,2.232
508056.SH,2026-06-26,2.207
508056.SH,2026-06-29,2.288
508056.SH,2026-06-30,2.37
508056.SH,2026-07-01,2.39
508056.SH,2026-07-02,2.4
508056.SH,2026-07-03,2.452
508056.SH,2026-07-06,2.481
508056.SH,2026-07-07,2.465
508056.SH,2026-07-08,2.45
508056.SH,2026-07-09,2.429
508056.SH,2026-07-10,2.46
508056.SH,2026-07-13,2.43
508056.SH,2026-07-14,2.413
508056.SH,2026-07-15,2.4
508056.SH,2026-07-16,2.416
508056.SH,2026-07-17,2.412
508056.SH,2026-07-20,2.401
508056.SH,2026-07-21,2.426
508056.SH,2026-07-22,2.395
508056.SH,2026-07-23,2.384
508056.SH,2026-07-24,2.384
508056.SH,2026-07-27,2.36
508056.SH,2026-07-28,2.337
508056.SH,2026-07-29,2.346
508056.SH,2026-07-30,2.343
508056.SH,2026-07-31,2.379
508056.SH,2026-08-03,2.355
508056.SH,2026-08-04,2.313
508056.SH,2026-08-05,2.258
508056.SH,2026-08-06,2.252
508056.SH,2026-08-07,2.271
508056.SH,2026-08-10,2.271
508056.SH,2026-08-11,2.261
508056.SH,2026-08-12,2.256
508056.SH,2026-08-13,2.248
508056.SH,2026-08-14,2.27
508056.SH,2026-08-17,2.241
508056.SH,2026-08-18,2.24
508056.SH,2026-08-19,2.248
508056.SH,2026-08-20,2.319
508056.SH,2026-08-21,2.32
508056.SH,2026-08-24,2.33
508056.SH,2026-08-25,2.361
508056.SH,2026-08-26,2.417
508056.SH,2026-08-27,2.43
508056.SH,2026-08-28,2.408
508056.SH,2026-08-31,2.384
508056.SH,2026-09-01,2.362
508056.SH,2026-09-02,2.35
508056.SH,2026-09-03,2.347
508056.SH,2026-09-04,2.37
508056.SH,2026-09-07,2.352
508056.SH,2026-09-08,2.352
508056.SH,2026-09-09,2.357
508056.SH,2026-09-10,2.348
508056.SH,2026-09-11,2.334
508056.SH,2026-09-14,2.315
508056.SH,2026-09-15,2.327
508056.SH,2026-09-16,2.324
508056.SH,2026-09-17,2.34
508056.SH,2026-09-18,2.335
508056.SH,2026-09-21,2.321
508056.SH,2026-09-22,2.312
508056.SH,2026-09-23,2.329
508056.SH,2026-09-24,2.327
508056.SH,2026-09-28,2.311
508056.SH,2026-09-29,2.298
508056.SH,2026-09-30,2.3
508058.SH,2022-08-31,3.38
508058.SH,2022-09-01,3.457
508058.SH,2022-09-02,3.42
508058.SH,2022-09-05,3.4
508058.SH,2022-09-06,3.388
508058.SH,2022-09-07,3.394
508058.SH,2022-09-08,3.39
508058.SH,2022-09-09,3.429
508058.SH,2022-09-13,3.447
508058.SH,2022-09-14,3.454
508058.SH,2022-09-15,3.454
508058.SH,2022-09-16,3.448
508058.SH,2022-09-19,3.445
508058.SH,2022-09-20,3.44
508058.SH,2022-09-21,3.428
508058.SH,2022-09-22,3.443
508058.SH,2022-09-23,3.455
508058.SH,2022-09-26,3.461
508058.SH,2022-09-27,3.453
508058.SH,2022-09-28,3.46
508058.SH,2022-09-29,3.453
508058.SH,2022-09-30,3.446
508058.SH,2022-10-10,3.403
508058.SH,2022-10-11,3.349
508058.SH,2022-10-12,3.344
508058.SH,2022-10-13,3.346
508058.SH,2022-10-14,3.351
508058.SH,2022-10-17,3.337
508058.SH,2022-10-18,3.338
508058.SH,2022-10-19,3.317
508058.SH,2022-10-20,3.291
508058.SH,2022-10-21,3.261
508058.SH,2022-10-24,3.227
508058.SH,2022-10-25,3.189
508058.SH,2022-10-26,3.177
508058.SH,2022-10-27,3.184
508058.SH,2022-10-28,3.237
508058.SH,2022-10-31,3.183
508058.SH,2022-11-01,3.192
508058.SH,2022-11-02,3.216
508058.SH,2022-11-03,3.261
508058.SH,2022-11-04,3.304
508058.SH,2022-11-07,3.298
508058.SH,2022-11-08,3.276
508058.SH,2022-11-09,3.26
508058.SH,2022-11-10,3.263
508058.SH,2022-11-11,3.277
508058.SH,2022-11-14,3.278
508058.SH,2022-11-15,3.267
508058.SH,2022-11-16,3.205
508058.SH,2022-11-17,3.176
508058.SH,2022-11-18,3.157
508058.SH,2022-11-21,3.156
508058.SH,2022-11-22,3.139
508058.SH,2022-11-23,3.139
508058.SH,2022-11-24,3.135
508058.SH,2022-11-25,3.137
508058.SH,2022-11-28,3.136
508058.SH,2022-11-29,3.147
508058.SH,2022-11-30,3.15
508058.SH,2022-12-01,3.166
508058.SH,2022-12-02,3.183
508058.SH,2022-12-05,3.2
508058.SH,2022-12-06,3.197
508058.SH,2022-12-07,3.173
508058.SH,2022-12-08,3.17
508058.SH,2022-12-09,3.157
508058.SH,2022-12-12,3.137
508058.SH,2022-12-13,3.124
508058.SH,2022-12-14,3.118
508058.SH,2022-12-15,3.112
508058.SH,2022-12-16,3.104
508058.SH,2022-12-19,3.107
508058.SH,2022-12-20,3.05
508058.SH,2022-12-21,2.991
508058.SH,2022-12-22,2.99
508058.SH,2022-12-23,3.005
508058.SH,2022-12-26,3.0
508058.SH,2022-12-27,2.976
508058.SH,2022-12-28,2.91
508058.SH,2022-12-29,2.89
508058.SH,2022-12-30,2.901
508058.SH,2023-01-03,2.88
508058.SH,2023-01-04,2.87
508058.SH,2023-01-05,2.853
508058.SH,2023-01-06,2.918
508058.SH,2023-01-09,2.912
508058.SH,2023-01-10,2.885
508058.SH,2023-01-11,2.831
508058.SH,2023-01-12,2.845
508058.SH,2023-01-13,2.832
508058.SH,2023-01-16,2.832
508058.SH,2023-01-17,2.817
508058.SH,2023-01-18,2.853
508058.SH,2023-01-19,2.849
508058.SH,2023-01-20,2.872
508058.SH,2023-01-30,2.894
508058.SH,2023-01-31,2.928
508058.SH,2023-02-01,2.964
508058.SH,2023-02-02,2.958
508058.SH,2023-02-03,2.968
508058.SH,2023-02-06,2.964
508058.SH,2023-02-07,2.959
508058.SH,2023-02-08,2.963
508058.SH,2023-02-09,2.966
508058.SH,2023-02-10,2.973
508058.SH,2023-02-13,2.983
508058.SH,2023-02-14,3.013
508058.SH,2023-02-15,3.01
508058.SH,2023-02-16,3.009
508058.SH,2023-02-17,3.02
508058.SH,2023-02-20,3.017
508058.SH,2023-02-21,3.017
508058.SH,2023-02-22,3.009
508058.SH,2023-02-23,2.999
508058.SH,2023-02-24,2.994
508058.SH,2023-02-27,2.982
508058.SH,2023-02-28,2.984
508058.SH,2023-03-01,2.971
508058.SH,2023-03-02,2.97
508058.SH,2023-03-03,2.964
508058.SH,2023-03-06,2.938
508058.SH,2023-03-07,2.922
508058.SH,2023-03-08,2.902
508058.SH,2023-03-09,2.905
508058.SH,2023-03-10,2.899
508058.SH,2023-03-13,2.902
508058.SH,2023-03-14,2.9
508058.SH,2023-03-15,2.905
508058.SH,2023-03-16,2.902
508058.SH,2023-03-17,2.898
508058.SH,2023-03-20,2.891
508058.SH,2023-03-21,2.885
508058.SH,2023-03-22,2.876
508058.SH,2023-03-23,2.874
508058.SH,2023-03-24,2.866
508058.SH,2023-03-27,2.872
508058.SH,2023-03-28,2.87
508058.SH,2023-03-29,2.856
508058.SH,2023-03-30,2.865
508058.SH,2023-03-31,2.886
508058.SH,2023-04-03,2.909
508058.SH,2023-04-04,2.915
508058.SH,2023-04-06,2.86
508058.SH,2023-04-07,2.867
508058.SH,2023-04-10,2.857
508058.SH,2023-04-11,2.843
508058.SH,2023-04-12,2.82
508058.SH,2023-04-13,2.822
508058.SH,2023-04-14,2.818
508058.SH,2023-04-17,2.839
508058.SH,2023-04-18,2.853
508058.SH,2023-04-19,2.842
508058.SH,2023-04-20,2.839
508058.SH,2023-04-21,2.828
508058.SH,2023-04-24,2.819
508058.SH,2023-04-25,2.819
508058.SH,2023-04-26,2.808
508058.SH,2023-04-27,2.774
508058.SH,2023-04-28,2.766
508058.SH,2023-05-04,2.765
508058.SH,2023-05-05,2.763
508058.SH,2023-05-08,2.724
508058.SH,2023-05-09,2.759
508058.SH,2023-05-10,2.799
508058.SH,2023-05-11,2.79
508058.SH,2023-05-12,2.798
508058.SH,2023-05-15,2.786
508058.SH,2023-05-16,2.784
508058.SH,2023-05-17,2.783
508058.SH,2023-05-18,2.777
508058.SH,2023-05-19,2.764
508058.SH,2023-05-22,2.756
508058.SH,2023-05-23,2.744
508058.SH,2023-05-24,2.723
508058.SH,2023-05-25,2.714
508058.SH,2023-05-26,2.697
508058.SH,2023-05-29,2.705
508058.SH,2023-05-30,2.692
508058.SH,2023-05-31,2.673
508058.SH,2023-06-01,2.648
508058.SH,2023-06-02,2.631
508058.SH,2023-06-05,2.561
508058.SH,2023-06-06,2.561
508058.SH,2023-06-07,2.58
508058.SH,2023-06-08,2.614
508058.SH,2023-06-09,2.6
508058.SH,2023-06-12,2.588
508058.SH,2023-06-13,2.558
508058.SH,2023-06-14,2.546
508058.SH,2023-06-15,2.562
508058.SH,2023-06-16,2.577
508058.SH,2023-06-19,2.57
508058.SH,2023-06-20,2.572
508058.SH,2023-06-21,2.586
508058.SH,2023-06-26,2.565
508058.SH,2023-06-27,2.558
508058.SH,2023-06-28,2.55
508058.SH,2023-06-29,2.546
508058.SH,2023-06-30,2.538
508058.SH,2023-07-03,2.527
508058.SH,2023-07-04,2.507
508058.SH,2023-07-05,2.498
508058.SH,2023-07-06,2.512
508058.SH,2023-07-07,2.566
508058.SH,2023-07-10,2.57
508058.SH,2023-07-11,2.572
508058.SH,2023-07-12,2.569
508058.SH,2023-07-13,2.597
508058.SH,2023-07-14,2.633
508058.SH,2023-07-17,2.662
508058.SH,2023-07-18,2.717
508058.SH,2023-07-19,2.669
508058.SH,2023-07-20,2.637
508058.SH,2023-07-21,2.657
508058.SH,2023-07-24,2.673
508058.SH,2023-07-25,2.73
508058.SH,2023-07-26,2.734
508058.SH,2023-07-27,2.716
508058.SH,2023-07-28,2.742
508058.SH,2023-07-31,2.782
508058.SH,2023-08-01,2.749
508058.SH,2023-08-02,2.747
508058.SH,2023-08-03,2.727
508058.SH,2023-08-04,2.743
508058.SH,2023-08-07,2.75
508058.SH,2023-08-08,2.758
508058.SH,2023-08-09,2.783
508058.SH,2023-08-10,2.808
508058.SH,2023-08-11,2.8
508058.SH,2023-08-14,2.797
508058.SH,2023-08-15,2.825
508058.SH,2023-08-16,2.816
508058.SH,2023-08-17,2.804
508058.SH,2023-08-18,2.811
508058.SH,2023-08-21,2.808
508058.SH,2023-08-22,2.787
508058.SH,2023-08-23,2.771
508058.SH,2023-08-24,2.769
508058.SH,2023-08-25,2.787
508058.SH,2023-08-28,2.798
508058.SH,2023-08-29,2.789
508058.SH,2023-08-30,2.774
508058.SH,2023-08-31,2.771
508058.SH,2023-09-01,2.765
508058.SH,2023-09-04,2.768
508058.SH,2023-09-05,2.715
508058.SH,2023-09-06,2.708
508058.SH,2023-09-07,2.71
508058.SH,2023-09-08,2.717
508058.SH,2023-09-11,2.722
508058.SH,2023-09-12,2.714
508058.SH,2023-09-13,2.715
508058.SH,2023-09-14,2.715
508058.SH,2023-09-15,2.705
508058.SH,2023-09-18,2.695
508058.SH,2023-09-19,2.689
508058.SH,2023-09-20,2.687
508058.SH,2023-09-21,2.689
508058.SH,2023-09-22,2.681
508058.SH,2023-09-25,2.681
508058.SH,2023-09-26,2.68
508058.SH,2023-09-27,2.691
508058.SH,2023-09-28,2.716
508058.SH,2023-10-09,2.715
508058.SH,2023-10-10,2.715
508058.SH,2023-10-11,2.709
508058.SH,2023-10-12,2.714
508058.SH,2023-10-13,2.697
508058.SH,2023-10-16,2.685
508058.SH,2023-10-17,2.681
508058.SH,2023-10-18,2.658
508058.SH,2023-10-19,2.642
508058.SH,2023-10-20,2.59
508058.SH,2023-10-23,2.539
508058.SH,2023-10-24,2.591
508058.SH,2023-10-25,2.609
508058.SH,2023-10-26,2.611
508058.SH,2023-10-27,2.61
508058.SH,2023-10-30,2.598
508058.SH,2023-10-31,2.593
508058.SH,2023-11-01,2.582
508058.SH,2023-11-02,2.572
508058.SH,2023-11-03,2.554
508058.SH,2023-11-06,2.576
508058.SH,2023-11-07,2.574
508058.SH,2023-11-08,2.628
508058.SH,2023-11-09,2.661
508058.SH,2023-11-10,2.642
508058.SH,2023-11-13,2.64
508058.SH,2023-11-14,2.66
508058.SH,2023-11-15,2.66
508058.SH,2023-11-16,2.652
508058.SH,2023-11-17,2.657
508058.SH,2023-11-20,2.661
508058.SH,2023-11-21,2.662
508058.SH,2023-11-22,2.656
508058.SH,2023-11-23,2.652
508058.SH,2023-11-24,2.651
508058.SH,2023-11-27,2.593
508058.SH,2023-11-28,2.602
508058.SH,2023-11-29,2.594
508058.SH,2023-11-30,2.598
508058.SH,2023-12-01,2.592
508058.SH,2023-12-04,2.598
508058.SH,2023-12-05,2.597
508058.SH,2023-12-06,2.59
508058.SH,2023-12-07,2.551
508058.SH,2023-12-08,2.503
508058.SH,2023-12-11,2.504
508058.SH,2023-12-12,2.522
508058.SH,2023-12-13,2.53
508058.SH,2023-12-14,2.527
508058.SH,2023-12-15,2.51
508058.SH,2023-12-18,2.511
508058.SH,2023-12-19,2.506
508058.SH,2023-12-20,2.512
508058.SH,2023-12-21,2.558
508058.SH,2023-12-22,2.579
508058.SH,2023-12-25,2.592
508058.SH,2023-12-26,2.589
508058.SH,2023-12-27,2.58
508058.SH,2023-12-28,2.6
508058.SH,2023-12-29,2.625
508058.SH,2024-01-02,2.589
508058.SH,2024-01-03,2.586
508058.SH,2024-01-04,2.553
508058.SH,2024-01-05,2.562
508058.SH,2024-01-08,2.562
508058.SH,2024-01-09,2.499
508058.SH,2024-01-10,2.46
508058.SH,2024-01-11,2.447
508058.SH,2024-01-12,2.417
508058.SH,2024-01-15,2.43
508058.SH,2024-01-16,2.46
508058.SH,2024-01-17,2.495
508058.SH,2024-01-18,2.479
508058.SH,2024-01-19,2.499
508058.SH,2024-01-22,2.493
508058.SH,2024-01-23,2.493
508058.SH,2024-01-24,2.498
508058.SH,2024-01-25,2.521
508058.SH,2024-01-26,2.516
508058.SH,2024-01-29,2.517
508058.SH,2024-01-30,2.507
508058.SH,2024-01-31,2.496
508058.SH,2024-02-01,2.501
508058.SH,2024-02-02,2.516
508058.SH,2024-02-05,2.505
508058.SH,2024-02-06,2.516
508058.SH,2024-02-07,2.517
508058.SH,2024-02-08,2.573
508058.SH,2024-02-19,2.64
508058.SH,2024-02-20,2.662
508058.SH,2024-02-21,2.656
508058.SH,2024-02-22,2.68
508058.SH,2024-02-23,2.695
508058.SH,2024-02-26,2.704
508058.SH,2024-02-27,2.702
508058.SH,2024-02-28,2.7
508058.SH,2024-02-29,2.713
508058.SH,2024-03-01,2.741
508058.SH,2024-03-04,2.81
508058.SH,2024-03-05,2.79
508058.SH,2024-03-06,2.776
508058.SH,2024-03-07,2.769
508058.SH,2024-03-08,2.767
508058.SH,2024-03-11,2.772
508058.SH,2024-03-12,2.768
508058.SH,2024-03-13,2.754
508058.SH,2024-03-14,2.747
508058.SH,2024-03-15,2.75
508058.SH,2024-03-18,2.751
508058.SH,2024-03-19,2.724
508058.SH,2024-03-20,2.699
508058.SH,2024-03-21,2.68
508058.SH,2024-03-22,2.637
508058.SH,2024-03-25,2.634
508058.SH,2024-03-26,2.662
508058.SH,2024-03-27,2.697
508058.SH,2024-03-28,2.699
508058.SH,2024-03-29,2.682
508058.SH,2024-04-01,2.684
508058.SH,2024-04-02,2.69
508058.SH,2024-04-03,2.646
508058.SH,2024-04-08,2.656
508058.SH,2024-04-09,2.676
508058.SH,2024-04-10,2.7
508058.SH,2024-04-11,2.708
508058.SH,2024-04-12,2.708
508058.SH,2024-04-15,2.696
508058.SH,2024-04-16,2.691
508058.SH,2024-04-17,2.709
508058.SH,2024-04-18,2.708
508058.SH,2024-04-19,2.721
508058.SH,2024-04-22,2.769
508058.SH,2024-04-23,2.795
508058.SH,2024-04-24,2.809
508058.SH,2024-04-25,2.85
508058.SH,2024-04-26,2.878
508058.SH,2024-04-29,2.823
508058.SH,2024-04-30,2.793
508058.SH,2024-05-06,2.798
508058.SH,2024-05-07,2.83
508058.SH,2024-05-08,2.847
508058.SH,2024-05-09,2.859
508058.SH,2024-05-10,2.858
508058.SH,2024-05-13,2.859
508058.SH,2024-05-14,2.842
508058.SH,2024-05-15,2.847
508058.SH,2024-05-16,2.848
508058.SH,2024-05-17,2.848
508058.SH,2024-05-20,2.833
508058.SH,2024-05-21,2.832
508058.SH,2024-05-22,2.834
508058.SH,2024-05-23,2.836
508058.SH,2024-05-24,2.836
508058.SH,2024-05-27,2.824
508058.SH,2024-05-28,2.821
508058.SH,2024-05-29,2.819
508058.SH,2024-05-30,2.804
508058.SH,2024-05-31,2.81
508058.SH,2024-06-03,2.828
508058.SH,2024-06-04,2.82
508058.SH,2024-06-05,2.856
508058.SH,2024-06-06,2.89
508058.SH,2024-06-07,2.909
508058.SH,2024-06-11,2.909
508058.SH,2024-06-12,2.904
508058.SH,2024-06-13,2.92
508058.SH,2024-06-14,2.963
508058.SH,2024-06-17,2.961
508058.SH,2024-06-18,2.955
508058.SH,2024-06-19,2.951
508058.SH,2024-06-20,2.953
508058.SH,2024-06-21,2.98
508058.SH,2024-06-24,2.98
508058.SH,2024-06-25,2.989
508058.SH,2024-06-26,2.99
508058.SH,2024-06-27,3.051
508058.SH,2024-06-28,3.029
508058.SH,2024-07-01,3.028
508058.SH,2024-07-02,3.075
508058.SH,2024-07-03,3.1
508058.SH,2024-07-04,3.093
508058.SH,2024-07-05,3.092
508058.SH,2024-07-08,3.057
508058.SH,2024-07-09,3.014
508058.SH,2024-07-10,3.041
508058.SH,2024-07-11,3.034
508058.SH,2024-07-12,3.049
508058.SH,2024-07-15,3.125
508058.SH,2024-07-16,3.147
508058.SH,2024-07-17,3.14
508058.SH,2024-07-18,3.184
508058.SH,2024-07-19,3.191
508058.SH,2024-07-22,3.176
508058.SH,2024-07-23,3.18
508058.SH,2024-07-24,3.197
508058.SH,2024-07-25,3.24
508058.SH,2024-07-26,3.295
508058.SH,2024-07-29,3.284
508058.SH,2024-07-30,3.347
508058.SH,2024-07-31,3.347
508058.SH,2024-08-01,3.346
508058.SH,2024-08-02,3.352
508058.SH,2024-08-05,3.393
508058.SH,2024-08-06,3.372
508058.SH,2024-08-07,3.395
508058.SH,2024-08-08,3.388
508058.SH,2024-08-09,3.361
508058.SH,2024-08-12,3.35
508058.SH,2024-08-13,3.347
508058.SH,2024-08-14,3.386
508058.SH,2024-08-15,3.367
508058.SH,2024-08-16,3.357
508058.SH,2024-08-19,3.348
508058.SH,2024-08-20,3.322
508058.SH,2024-08-21,3.277
508058.SH,2024-08-22,3.315
508058.SH,2024-08-23,3.323
508058.SH,2024-08-26,3.302
508058.SH,2024-08-27,3.327
508058.SH,2024-08-28,3.333
508058.SH,2024-08-29,3.32
508058.SH,2024-08-30,3.314
508058.SH,2024-09-02,3.37
508058.SH,2024-09-03,3.364
508058.SH,2024-09-04,3.267
508058.SH,2024-09-05,3.299
508058.SH,2024-09-06,3.303
508058.SH,2024-09-09,3.302
508058.SH,2024-09-10,3.29
508058.SH,2024-09-11,3.289
508058.SH,2024-09-12,3.28
508058.SH,2024-09-13,3.277
508058.SH,2024-09-18,3.268
508058.SH,2024-09-19,3.244
508058.SH,2024-09-20,3.237
508058.SH,2024-09-23,3.226
508058.SH,2024-09-24,3.251
508058.SH,2024-09-25,3.275
508058.SH,2024-09-26,3.313
508058.SH,2024-09-27,3.271
508058.SH,2024-09-30,3.221
508058.SH,2024-10-08,3.183
508058.SH,2024-10-09,3.125
508058.SH,2024-10-10,3.105
508058.SH,2024-10-11,3.185
508058.SH,2024-10-14,3.183
508058.SH,2024-10-15,3.142
508058.SH,2024-10-16,3.121
508058.SH,2024-10-17,3.132
508058.SH,2024-10-18,3.147
508058.SH,2024-10-21,3.14
508058.SH,2024-10-22,3.133
508058.SH,2024-10-23,3.144
508058.SH,2024-10-24,3.14
508058.SH,2024-10-25,3.133
508058.SH,2024-10-28,3.136
508058.SH,2024-10-29,3.118
508058.SH,2024-10-30,3.118
508058.SH,2024-10-31,3.094
508058.SH,2024-11-01,3.112
508058.SH,2024-11-04,3.109
508058.SH,2024-11-05,3.096
508058.SH,2024-11-06,3.115
508058.SH,2024-11-07,3.12
508058.SH,2024-11-08,3.147
508058.SH,2024-11-11,3.203
508058.SH,2024-11-12,3.271
508058.SH,2024-11-13,3.28
508058.SH,2024-11-14,3.247
508058.SH,2024-11-15,3.23
508058.SH,2024-11-18,3.22
508058.SH,2024-11-19,3.214
508058.SH,2024-11-20,3.212
508058.SH,2024-11-21,3.222
508058.SH,2024-11-22,3.243
508058.SH,2024-11-25,3.246
508058.SH,2024-11-26,3.231
508058.SH,2024-11-27,3.249
508058.SH,2024-11-28,3.259
508058.SH,2024-11-29,3.274
508058.SH,2024-12-02,3.273
508058.SH,2024-12-03,3.298
508058.SH,2024-12-04,3.298
508058.SH,2024-12-05,3.297
508058.SH,2024-12-06,3.293
508058.SH,2024-12-09,3.292
508058.SH,2024-12-10,3.427
508058.SH,2024-12-11,3.528
508058.SH,2024-12-12,3.512
508058.SH,2024-12-13,3.52
508058.SH,2024-12-16,3.687
508058.SH,2024-12-17,3.665
508058.SH,2024-12-18,3.653
508058.SH,2024-12-19,3.646
508058.SH,2024-12-20,3.679
508058.SH,2024-12-23,3.686
508058.SH,2024-12-24,3.669
508058.SH,2024-12-25,3.648
508058.SH,2024-12-26,3.649
508058.SH,2024-12-27,3.679
508058.SH,2024-12-30,3.702
508058.SH,2024-12-31,3.683
508058.SH,2025-01-02,3.786
508058.SH,2025-01-03,3.828
508058.SH,2025-01-06,3.839
508058.SH,2025-01-07,3.827
508058.SH,2025-01-08,3.864
508058.SH,2025-01-09,3.884
508058.SH,2025-01-10,3.89
508058.SH,2025-01-13,3.855
508058.SH,2025-01-14,3.803
508058.SH,2025-01-15,3.816
508058.SH,2025-01-16,3.852
508058.SH,2025-01-17,3.865
508058.SH,2025-01-20,3.92
508058.SH,2025-01-21,3.907
508058.SH,2025-01-22,3.916
508058.SH,2025-01-23,3.903
508058.SH,2025-01-24,3.881
508058.SH,2025-01-27,3.904
508058.SH,2025-02-05,3.95
508058.SH,2025-02-06,3.917
508058.SH,2025-02-07,3.892
508058.SH,2025-02-10,3.832
508058.SH,2025-02-11,3.849
508058.SH,2025-02-12,3.797
508058.SH,2025-02-13,3.77
508058.SH,2025-02-14,3.813
508058.SH,2025-02-17,3.838
508058.SH,2025-02-18,3.811
508058.SH,2025-02-19,3.785
508058.SH,2025-02-20,3.76
508058.SH,2025-02-21,3.799
508058.SH,2025-02-24,3.742
508058.SH,2025-02-25,3.715
508058.SH,2025-02-26,3.75
508058.SH,2025-02-27,3.75
508058.SH,2025-02-28,3.748
508058.SH,2025-03-03,3.809
508058.SH,2025-03-04,3.81
508058.SH,2025-03-05,3.8
508058.SH,2025-03-06,3.776
508058.SH,2025-03-07,3.756
508058.SH,2025-03-10,3.772
508058.SH,2025-03-11,3.736
508058.SH,2025-03-12,3.736
508058.SH,2025-03-13,3.755
508058.SH,2025-03-14,3.793
508058.SH,2025-03-17,3.789
508058.SH,2025-03-18,3.787
508058.SH,2025-03-19,3.815
508058.SH,2025-03-20,3.816
508058.SH,2025-03-21,3.848
508058.SH,2025-03-24,3.849
508058.SH,2025-03-25,3.903
508058.SH,2025-03-26,3.883
508058.SH,2025-03-27,3.883
508058.SH,2025-03-28,3.902
508058.SH,2025-03-31,3.899
508058.SH,2025-04-01,3.892
508058.SH,2025-04-02,3.875
508058.SH,2025-04-03,3.965
508058.SH,2025-04-07,4.03
508058.SH,2025-04-08,4.02
508058.SH,2025-04-09,3.934
508058.SH,2025-04-10,3.917
508058.SH,2025-04-11,3.922
508058.SH,2025-04-14,3.934
508058.SH,2025-04-15,3.98
508058.SH,2025-04-16,3.987
508058.SH,2025-04-17,3.965
508058.SH,2025-04-18,3.97
508058.SH,2025-04-21,3.939
508058.SH,2025-04-22,3.954
508058.SH,2025-04-23,3.95
508058.SH,2025-04-24,3.946
508058.SH,2025-04-25,3.957
508058.SH,2025-04-28,3.946
508058.SH,2025-04-29,4.003
508058.SH,2025-04-30,4.048
508058.SH,2025-05-06,4.118
508058.SH,2025-05-07,4.17
508058.SH,2025-05-08,4.201
508058.SH,2025-05-09,4.189
508058.SH,2025-05-12,4.28
508058.SH,2025-05-13,4.338
508058.SH,2025-05-14,4.419
508058.SH,2025-05-15,4.338
508058.SH,2025-05-16,4.442
508058.SH,2025-05-20,4.515
508058.SH,2025-05-21,4.529
508058.SH,2025-05-22,4.429
508058.SH,2025-05-23,4.44
508058.SH,2025-05-26,4.463
508058.SH,2025-05-27,4.509
508058.SH,2025-05-28,4.505
508058.SH,2025-05-29,4.499
508058.SH,2025-05-30,4.495
508058.SH,2025-06-03,4.494
508058.SH,2025-06-04,4.491
508058.SH,2025-06-05,4.506
508058.SH,2025-06-06,4.509
508058.SH,2025-06-09,4.494
508058.SH,2025-06-10,4.496
508058.SH,2025-06-11,4.489
508058.SH,2025-06-12,4.5
508058.SH,2025-06-13,4.614
508058.SH,2025-06-16,4.659
508058.SH,2025-06-17,4.799
508058.SH,2025-06-18,5.0
508058.SH,2025-06-19,5.008
508058.SH,2025-06-20,4.97
508058.SH,2025-06-23,4.942
508058.SH,2025-06-24,4.879
508058.SH,2025-06-25,4.839
508058.SH,2025-06-26,4.821
508058.SH,2025-06-27,4.858
508058.SH,2025-06-30,4.842
508058.SH,2025-07-01,4.85
508058.SH,2025-07-02,4.949
508058.SH,2025-07-03,4.937
508058.SH,2025-07-04,4.927
508058.SH,2025-07-07,4.89
508058.SH,2025-07-08,4.834
508058.SH,2025-07-09,4.739
508058.SH,2025-07-10,4.702
508058.SH,2025-07-11,4.708
508058.SH,2025-07-14,4.704
508058.SH,2025-07-15,4.745
508058.SH,2025-07-16,4.741
508058.SH,2025-07-17,4.737
508058.SH,2025-07-18,4.709
508058.SH,2025-07-21,4.67
508058.SH,2025-07-22,4.599
508058.SH,2025-07-23,4.598
508058.SH,2025-07-24,4.598
508058.SH,2025-07-25,4.568
508058.SH,2025-07-28,4.585
508058.SH,2025-07-29,4.546
508058.SH,2025-07-30,4.595
508058.SH,2025-07-31,4.69
508058.SH,2025-08-01,4.751
508058.SH,2025-08-04,4.718
508058.SH,2025-08-05,4.742
508058.SH,2025-08-06,4.737
508058.SH,2025-08-07,4.749
508058.SH,2025-08-08,4.692
508058.SH,2025-08-11,4.619
508058.SH,2025-08-12,4.602
508058.SH,2025-08-13,4.554
508058.SH,2025-08-14,4.521
508058.SH,2025-08-15,4.478
508058.SH,2025-08-18,4.3
508058.SH,2025-08-19,4.192
508058.SH,2025-08-20,4.196
508058.SH,2025-08-21,4.218
508058.SH,2025-08-22,4.197
508058.SH,2025-08-25,4.211
508058.SH,2025-08-26,4.371
508058.SH,2025-08-27,4.389
508058.SH,2025-08-28,4.397
508058.SH,2025-08-29,4.356
508058.SH,2025-09-01,4.339
508058.SH,2025-09-02,4.38
508058.SH,2025-09-03,4.332
508058.SH,2025-09-04,4.425
508058.SH,2025-09-05,4.374
508058.SH,2025-09-08,4.368
508058.SH,2025-09-09,4.386
508058.SH,2025-09-10,4.386
508058.SH,2025-09-11,4.368
508058.SH,2025-09-12,4.379
508058.SH,2025-09-15,4.371
508058.SH,2025-09-16,4.333
508058.SH,2025-09-17,4.315
508058.SH,2025-09-18,4.348
508058.SH,2025-09-19,4.358
508058.SH,2025-09-22,4.347
508058.SH,2025-09-23,4.346
508058.SH,2025-09-24,4.341
508058.SH,2025-09-25,4.3
508058.SH,2025-09-26,4.297
508058.SH,2025-09-29,4.297
508058.SH,2025-09-30,4.276
508058.SH,2025-10-09,4.257
508058.SH,2025-10-10,4.25
508058.SH,2025-10-13,4.268
508058.SH,2025-10-14,4.26
508058.SH,2025-10-15,4.232
508058.SH,2025-10-16,4.218
508058.SH,2025-10-17,4.174
508058.SH,2025-10-20,4.07
508058.SH,2025-10-21,4.067
508058.SH,2025-10-22,4.089
508058.SH,2025-10-23,4.107
508058.SH,2025-10-24,4.18
508058.SH,2025-10-27,4.173
508058.SH,2025-10-28,4.285
508058.SH,2025-10-29,4.31
508058.SH,2025-10-30,4.328
508058.SH,2025-10-31,4.323
508058.SH,2025-11-03,4.3
508058.SH,2025-11-04,4.249
508058.SH,2025-11-05,4.205
508058.SH,2025-11-06,4.189
508058.SH,2025-11-07,4.255
508058.SH,2025-11-10,4.335
508058.SH,2025-11-11,4.341
508058.SH,2025-11-12,4.293
508058.SH,2025-11-13,4.267
508058.SH,2025-11-14,4.266
508058.SH,2025-11-17,4.271
508058.SH,2025-11-18,4.271
508058.SH,2025-11-19,4.257
508058.SH,2025-11-20,4.252
508058.SH,2025-11-21,4.164
508058.SH,2025-11-24,4.15
508058.SH,2025-11-25,4.161
508058.SH,2025-11-26,4.244
508058.SH,2025-11-27,4.279
508058.SH,2025-11-28,4.316
508058.SH,2025-12-01,4.311
508058.SH,2025-12-02,4.28
508058.SH,2025-12-03,4.299
508058.SH,2025-12-04,4.284
508058.SH,2025-12-05,4.279
508058.SH,2025-12-08,4.26
508058.SH,2025-12-09,4.262
508058.SH,2025-12-10,4.307
508058.SH,2025-12-11,4.286
508058.SH,2025-12-12,4.305
508058.SH,2025-12-15,4.287
508058.SH,2025-12-16,4.257
508058.SH,2025-12-17,4.249
508058.SH,2025-12-18,4.234
508058.SH,2025-12-19,4.202
508058.SH,2025-12-22,4.241
508058.SH,2025-12-23,4.238
508058.SH,2025-12-24,4.329
508058.SH,2025-12-25,4.343
508058.SH,2025-12-26,4.323
508058.SH,2025-12-29,4.28
508058.SH,2025-12-30,4.249
508058.SH,2025-12-31,4.261
508058.SH,2026-01-05,4.24
508058.SH,2026-01-06,4.292
508058.SH,2026-01-07,4.323
508058.SH,2026-01-08,4.345
508058.SH,2026-01-09,4.311
508058.SH,2026-01-12,4.304
508058.SH,2026-01-13,4.296
508058.SH,2026-01-14,4.249
508058.SH,2026-01-15,4.256
508058.SH,2026-01-16,4.264
508058.SH,2026-01-19,4.243
508058.SH,2026-01-20,4.282
508058.SH,2026-01-21,4.327
508058.SH,2026-01-22,4.329
508058.SH,2026-01-23,4.318
508058.SH,2026-01-26,4.268
508058.SH,2026-01-27,4.274
508058.SH,2026-01-28,4.288
508058.SH,2026-01-29,4.347
508058.SH,2026-01-30,4.318
508058.SH,2026-02-02,4.278
508058.SH,2026-02-03,4.29
508058.SH,2026-02-04,4.302
508058.SH,2026-02-05,4.277
508058.SH,2026-02-06,4.236
508058.SH,2026-02-09,4.197
508058.SH,2026-02-10,4.205
508058.SH,2026-02-11,4.226
508058.SH,2026-02-12,4.24
508058.SH,2026-02-13,4.27
508058.SH,2026-02-24,4.225
508058.SH,2026-02-25,4.22
508058.SH,2026-02-26,4.195
508058.SH,2026-02-27,4.134
508058.SH,2026-03-02,4.082
508058.SH,2026-03-03,4.098
508058.SH,2026-03-04,4.111
508058.SH,2026-03-05,4.122
508058.SH,2026-03-06,4.1
508058.SH,2026-03-09,4.057
508058.SH,2026-03-10,4.092
508058.SH,2026-03-11,4.12
508058.SH,2026-03-12,4.07
508058.SH,2026-03-13,4.073
508058.SH,2026-03-16,4.033
508058.SH,2026-03-17,4.089
508058.SH,2026-03-18,4.133
508058.SH,2026-03-19,4.165
508058.SH,2026-03-20,4.17
508058.SH,2026-03-23,4.12
508058.SH,2026-03-24,4.172
508058.SH,2026-03-25,4.188
508058.SH,2026-03-26,4.148
508058.SH,2026-03-27,4.149
508058.SH,2026-03-30,4.136
508058.SH,2026-03-31,4.092
508058.SH,2026-04-01,4.08
508058.SH,2026-04-02,4.068
508058.SH,2026-04-03,4.066
508058.SH,2026-04-07,4.08
508058.SH,2026-04-08,4.084
508058.SH,2026-04-09,4.048
508058.SH,2026-04-10,4.044
508058.SH,2026-04-13,4.042
508058.SH,2026-04-14,4.095
508058.SH,2026-04-15,4.08
508058.SH,2026-04-16,4.093
508058.SH,2026-04-17,4.117
508058.SH,2026-04-20,4.103
508058.SH,2026-04-21,4.074
508058.SH,2026-04-22,4.082
508058.SH,2026-04-23,4.062
508058.SH,2026-04-27,4.023
508058.SH,2026-04-28,4.001
508058.SH,2026-04-29,3.987
508058.SH,2026-04-30,3.97
508058.SH,2026-05-06,3.946
508058.SH,2026-05-07,3.962
508058.SH,2026-05-08,3.999
508058.SH,2026-05-11,4.001
508058.SH,2026-05-12,3.979
508058.SH,2026-05-13,3.92
508058.SH,2026-05-14,3.9
508058.SH,2026-05-15,3.907
508058.SH,2026-05-18,3.905
508058.SH,2026-05-19,3.955
508058.SH,2026-05-20,3.959
508058.SH,2026-05-21,3.952
508058.SH,2026-05-22,3.952
508058.SH,2026-05-25,3.928
508058.SH,2026-05-26,3.924
508058.SH,2026-05-27,3.92
508058.SH,2026-05-28,3.9
508058.SH,2026-05-29,3.921
508058.SH,2026-06-01,3.945
508058.SH,2026-06-02,3.914
508058.SH,2026-06-03,3.926
508058.SH,2026-06-04,3.938
508058.SH,2026-06-05,3.942
508058.SH,2026-06-08,3.945
508058.SH,2026-06-09,3.941
508058.SH,2026-06-10,3.894
508058.SH,2026-06-11,3.874
508058.SH,2026-06-12,3.889
508058.SH,2026-06-15,3.887
508058.SH,2026-06-16,3.885
508058.SH,2026-06-17,3.891
508058.SH,2026-06-18,3.86
508058.SH,2026-06-22,3.759
508058.SH,2026-06-23,3.758
508058.SH,2026-06-24,3.758
508058.SH,2026-06-25,3.79
508058.SH,2026-06-26,3.766
508058.SH,2026-06-29,3.847
508058.SH,2026-06-30,3.897
508058.SH,2026-07-01,3.899
508058.SH,2026-07-02,3.896
508058.SH,2026-07-03,3.917
508058.SH,2026-07-06,3.92
508058.SH,2026-07-07,3.914
508058.SH,2026-07-08,3.882
508058.SH,2026-07-09,3.878
508058.SH,2026-07-10,3.889
508058.SH,2026-07-13,3.87
508058.SH,2026-07-14,3.882
508058.SH,2026-07-15,3.896
508058.SH,2026-07-16,3.915
508058.SH,2026-07-17,3.905
508058.SH,2026-07-20,3.893
508058.SH,2026-07-21,3.859
508058.SH,2026-07-22,3.832
508058.SH,2026-07-23,3.811
508058.SH,2026-07-24,3.811
508058.SH,2026-07-27,3.787
508058.SH,2026-07-28,3.782
508058.SH,2026-07-29,3.827
508058.SH,2026-07-30,3.882
508058.SH,2026-07-31,3.908
508058.SH,2026-08-03,3.895
508058.SH,2026-08-04,3.889
508058.SH,2026-08-05,3.871
508058.SH,2026-08-06,3.856
508058.SH,2026-08-07,3.859
508058.SH,2026-08-10,3.857
508058.SH,2026-08-11,3.856
508058.SH,2026-08-12,3.84
508058.SH,2026-08-13,3.839
508058.SH,2026-08-14,3.831
508058.SH,2026-08-17,3.835
508058.SH,2026-08-18,3.833
508058.SH,2026-08-19,3.822
508058.SH,2026-08-20,3.812
508058.SH,2026-08-21,3.817
508058.SH,2026-08-24,3.85
508058.SH,2026-08-25,3.884
508058.SH,2026-08-26,3.937
508058.SH,2026-08-27,3.919
508058.SH,2026-08-28,3.915
508058.SH,2026-08-31,3.917
508058.SH,2026-09-01,3.9
508058.SH,2026-09-02,3.817
508058.SH,2026-09-03,3.81
508058.SH,2026-09-04,3.83
508058.SH,2026-09-07,3.811
508058.SH,2026-09-08,3.824
508058.SH,2026-09-09,3.856
508058.SH,2026-09-10,3.844
508058.SH,2026-09-11,3.844
508058.SH,2026-09-14,3.831
508058.SH,2026-09-15,3.845
508058.SH,2026-09-16,3.86
508058.SH,2026-09-17,3.883
508058.SH,2026-09-18,3.876
508058.SH,2026-09-21,3.87
508058.SH,2026-09-22,3.87
508058.SH,2026-09-23,3.897
508058.SH,2026-09-24,3.903
508058.SH,2026-09-28,3.919
508058.SH,2026-09-29,3.932
508058.SH,2026-09-30,3.936
508060.SH,2025-08-08,3.9
508060.SH,2025-08-11,4.095
508060.SH,2025-08-12,4.137
508060.SH,2025-08-13,4.098
508060.SH,2025-08-14,4.12
508060.SH,2025-08-15,4.118
508060.SH,2025-08-18,4.054
508060.SH,2025-08-19,4.039
508060.SH,2025-08-20,4.078
508060.SH,2025-08-21,4.111
508060.SH,2025-08-22,4.116
508060.SH,2025-08-25,4.129
508060.SH,2025-08-26,4.179
508060.SH,2025-08-27,4.16
508060.SH,2025-08-28,4.18
508060.SH,2025-08-29,4.176
508060.SH,2025-09-01,4.18
508060.SH,2025-09-02,4.18
508060.SH,2025-09-03,4.19
508060.SH,2025-09-04,4.189
508060.SH,2025-09-05,4.159
508060.SH,2025-09-08,4.125
508060.SH,2025-09-09,4.134
508060.SH,2025-09-10,4.14
508060.SH,2025-09-11,4.148
508060.SH,2025-09-12,4.151
508060.SH,2025-09-15,4.181
508060.SH,2025-09-16,4.18
508060.SH,2025-09-17,4.177
508060.SH,2025-09-18,4.21
508060.SH,2025-09-19,4.199
508060.SH,2025-09-22,4.198
508060.SH,2025-09-23,4.21
508060.SH,2025-09-24,4.202
508060.SH,2025-09-25,4.165
508060.SH,2025-09-26,4.166
508060.SH,2025-09-29,4.18
508060.SH,2025-09-30,4.183
508060.SH,2025-10-09,4.181
508060.SH,2025-10-10,4.183
508060.SH,2025-10-13,4.195
508060.SH,2025-10-14,4.202
508060.SH,2025-10-15,4.182
508060.SH,2025-10-16,4.181
508060.SH,2025-10-17,4.189
508060.SH,2025-10-20,4.176
508060.SH,2025-10-21,4.166
508060.SH,2025-10-22,4.172
508060.SH,2025-10-23,4.186
508060.SH,2025-10-24,4.229
508060.SH,2025-10-27,4.248
508060.SH,2025-10-28,4.369
508060.SH,2025-10-29,4.384
508060.SH,2025-10-30,4.393
508060.SH,2025-10-31,4.402
508060.SH,2025-11-03,4.403
508060.SH,2025-11-04,4.355
508060.SH,2025-11-05,4.362
508060.SH,2025-11-06,4.385
508060.SH,2025-11-07,4.411
508060.SH,2025-11-10,4.404
508060.SH,2025-11-11,4.43
508060.SH,2025-11-12,4.43
508060.SH,2025-11-13,4.427
508060.SH,2025-11-14,4.38
508060.SH,2025-11-17,4.384
508060.SH,2025-11-18,4.375
508060.SH,2025-11-19,4.337
508060.SH,2025-11-20,4.322
508060.SH,2025-11-21,4.297
508060.SH,2025-11-24,4.35
508060.SH,2025-11-25,4.379
508060.SH,2025-11-26,4.365
508060.SH,2025-11-27,4.369
508060.SH,2025-11-28,4.368
508060.SH,2025-12-01,4.412
508060.SH,2025-12-02,4.411
508060.SH,2025-12-03,4.409
508060.SH,2025-12-04,4.376
508060.SH,2025-12-05,4.366
508060.SH,2025-12-08,4.366
508060.SH,2025-12-09,4.362
508060.SH,2025-12-10,4.398
508060.SH,2025-12-11,4.399
508060.SH,2025-12-12,4.407
508060.SH,2025-12-15,4.385
508060.SH,2025-12-16,4.378
508060.SH,2025-12-17,4.376
508060.SH,2025-12-18,4.358
508060.SH,2025-12-19,4.34
508060.SH,2025-12-22,4.329
508060.SH,2025-12-23,4.31
508060.SH,2025-12-24,4.412
508060.SH,2025-12-25,4.418
508060.SH,2025-12-26,4.411
508060.SH,2025-12-29,4.398
508060.SH,2025-12-30,4.4
508060.SH,2025-12-31,4.386
508060.SH,2026-01-05,4.403
508060.SH,2026-01-06,4.389
508060.SH,2026-01-07,4.448
508060.SH,2026-01-08,4.515
508060.SH,2026-01-09,4.509
508060.SH,2026-01-12,4.518
508060.SH,2026-01-13,4.498
508060.SH,2026-01-14,4.517
508060.SH,2026-01-15,4.501
508060.SH,2026-01-16,4.498
508060.SH,2026-01-19,4.52
508060.SH,2026-01-20,4.55
508060.SH,2026-01-21,4.639
508060.SH,2026-01-22,4.751
508060.SH,2026-01-23,4.751
508060.SH,2026-01-26,4.679
508060.SH,2026-01-27,4.682
508060.SH,2026-01-28,4.675
508060.SH,2026-01-29,4.66
508060.SH,2026-01-30,4.624
508060.SH,2026-02-02,4.615
508060.SH,2026-02-03,4.595
508060.SH,2026-02-04,4.598
508060.SH,2026-02-05,4.583
508060.SH,2026-02-06,4.57
508060.SH,2026-02-09,4.57
508060.SH,2026-02-10,4.571
508060.SH,2026-02-11,4.585
508060.SH,2026-02-12,4.605
508060.SH,2026-02-13,4.622
508060.SH,2026-02-24,4.679
508060.SH,2026-02-25,4.699
508060.SH,2026-02-26,4.679
508060.SH,2026-02-27,4.656
508060.SH,2026-03-02,4.65
508060.SH,2026-03-03,4.628
508060.SH,2026-03-04,4.62
508060.SH,2026-03-05,4.553
508060.SH,2026-03-06,4.496
508060.SH,2026-03-09,4.421
508060.SH,2026-03-10,4.47
508060.SH,2026-03-11,4.49
508060.SH,2026-03-12,4.467
508060.SH,2026-03-13,4.469
508060.SH,2026-03-16,4.47
508060.SH,2026-03-17,4.495
508060.SH,2026-03-18,4.531
508060.SH,2026-03-19,4.519
508060.SH,2026-03-20,4.496
508060.SH,2026-03-23,4.449
508060.SH,2026-03-24,4.51
508060.SH,2026-03-25,4.52
508060.SH,2026-03-26,4.577
508060.SH,2026-03-27,4.556
508060.SH,2026-03-30,4.555
508060.SH,2026-03-31,4.556
508060.SH,2026-04-01,4.543
508060.SH,2026-04-02,4.523
508060.SH,2026-04-03,4.545
508060.SH,2026-04-07,4.59
508060.SH,2026-04-08,4.672
508060.SH,2026-04-09,4.638
508060.SH,2026-04-10,4.636
508060.SH,2026-04-13,4.636
508060.SH,2026-04-14,4.664
508060.SH,2026-04-15,4.666
508060.SH,2026-04-16,4.729
508060.SH,2026-04-17,4.773
508060.SH,2026-04-20,4.797
508060.SH,2026-04-21,4.718
508060.SH,2026-04-22,4.76
508060.SH,2026-04-23,4.724
508060.SH,2026-04-24,4.676
508060.SH,2026-04-27,4.633
508060.SH,2026-04-28,4.587
508060.SH,2026-04-29,4.615
508060.SH,2026-04-30,4.618
508060.SH,2026-05-06,4.658
508060.SH,2026-05-07,4.647
508060.SH,2026-05-08,4.653
508060.SH,2026-05-11,4.661
508060.SH,2026-05-12,4.652
508060.SH,2026-05-13,4.64
508060.SH,2026-05-14,4.627
508060.SH,2026-05-15,4.632
508060.SH,2026-05-18,4.638
508060.SH,2026-05-19,4.587
508060.SH,2026-05-20,4.586
508060.SH,2026-05-21,4.558
508060.SH,2026-05-22,4.512
508060.SH,2026-05-25,4.51
508060.SH,2026-05-26,4.46
508060.SH,2026-05-27,4.392
508060.SH,2026-05-28,4.339
508060.SH,2026-05-29,4.417
508060.SH,2026-06-01,4.455
508060.SH,2026-06-02,4.434
508060.SH,2026-06-03,4.451
508060.SH,2026-06-04,4.47
508060.SH,2026-06-05,4.453
508060.SH,2026-06-08,4.42
508060.SH,2026-06-09,4.376
508060.SH,2026-06-10,4.359
508060.SH,2026-06-11,4.347
508060.SH,2026-06-12,4.358
508060.SH,2026-06-15,4.329
508060.SH,2026-06-16,4.286
508060.SH,2026-06-17,4.308
508060.SH,2026-06-18,4.27
508060.SH,2026-06-22,4.246
508060.SH,2026-06-23,4.194
508060.SH,2026-06-24,4.113
508060.SH,2026-06-25,4.213
508060.SH,2026-06-26,4.17
508060.SH,2026-06-29,4.285
508060.SH,2026-06-30,4.32
508060.SH,2026-07-01,4.294
508060.SH,2026-07-02,4.26
508060.SH,2026-07-03,4.281
508060.SH,2026-07-06,4.244
508060.SH,2026-07-07,4.236
508060.SH,2026-07-08,4.217
508060.SH,2026-07-09,4.189
508060.SH,2026-07-10,4.212
508060.SH,2026-07-13,4.188
508060.SH,2026-07-14,4.191
508060.SH,2026-07-15,4.162
508060.SH,2026-07-16,4.189
508060.SH,2026-07-17,4.124
508060.SH,2026-07-20,4.092
508060.SH,2026-07-21,4.049
508060.SH,2026-07-22,4.018
508060.SH,2026-07-23,4.005
508060.SH,2026-07-24,3.955
508060.SH,2026-07-27,3.925
508060.SH,2026-07-28,3.879
508060.SH,2026-07-29,3.862
508060.SH,2026-07-30,3.865
508060.SH,2026-07-31,3.89
508060.SH,2026-08-03,3.87
508060.SH,2026-08-04,3.785
508060.SH,2026-08-05,3.61
508060.SH,2026-08-06,3.574
508060.SH,2026-08-07,3.73
508060.SH,2026-08-10,3.73
508060.SH,2026-08-11,3.739
508060.SH,2026-08-12,3.713
508060.SH,2026-08-13,3.699
508060.SH,2026-08-14,3.694
508060.SH,2026-08-17,3.631
508060.SH,2026-08-18,3.629
508060.SH,2026-08-19,3.63
508060.SH,2026-08-20,3.685
508060.SH,2026-08-21,3.705
508060.SH,2026-08-24,3.702
508060.SH,2026-08-25,3.717
508060.SH,2026-08-26,3.852
508060.SH,2026-08-27,3.86
508060.SH,2026-08-28,3.842
508060.SH,2026-08-31,3.808
508060.SH,2026-09-01,3.765
508060.SH,2026-09-02,3.76
508060.SH,2026-09-03,3.81
508060.SH,2026-09-04,3.834
508060.SH,2026-09-07,3.825
508060.SH,2026-09-08,3.85
508060.SH,2026-09-09,3.849
508060.SH,2026-09-10,3.82
508060.SH,2026-09-11,3.819
508060.SH,2026-09-14,3.812
508060.SH,2026-09-15,3.844
508060.SH,2026-09-16,3.859
508060.SH,2026-09-17,3.922
508060.SH,2026-09-18,4.001
508060.SH,2026-09-21,3.955
508060.SH,2026-09-22,3.928
508060.SH,2026-09-23,3.999
508060.SH,2026-09-24,4.068
508060.SH,2026-09-28,4.101
508060.SH,2026-09-29,4.076
508060.SH,2026-09-30,4.087
508068.SH,2022-08-31,3.263
508068.SH,2022-09-01,3.414
508068.SH,2022-09-02,3.389
508068.SH,2022-09-05,3.378
508068.SH,2022-09-06,3.372
508068.SH,2022-09-07,3.381
508068.SH,2022-09-08,3.387
508068.SH,2022-09-09,3.402
508068.SH,2022-09-13,3.395
508068.SH,2022-09-14,3.392
508068.SH,2022-09-15,3.393
508068.SH,2022-09-16,3.391
508068.SH,2022-09-19,3.385
508068.SH,2022-09-20,3.374
508068.SH,2022-09-21,3.373
508068.SH,2022-09-22,3.379
508068.SH,2022-09-23,3.387
508068.SH,2022-09-26,3.379
508068.SH,2022-09-27,3.382
508068.SH,2022-09-28,3.383
508068.SH,2022-09-29,3.374
508068.SH,2022-09-30,3.38
508068.SH,2022-10-10,3.342
508068.SH,2022-10-11,3.282
508068.SH,2022-10-12,3.277
508068.SH,2022-10-13,3.292
508068.SH,2022-10-14,3.301
508068.SH,2022-10-17,3.302
508068.SH,2022-10-18,3.302
508068.SH,2022-10-19,3.291
508068.SH,2022-10-20,3.271
508068.SH,2022-10-21,3.24
508068.SH,2022-10-24,3.215
508068.SH,2022-10-25,3.188
508068.SH,2022-10-26,3.185
508068.SH,2022-10-27,3.233
508068.SH,2022-10-28,3.21
508068.SH,2022-10-31,3.199
508068.SH,2022-11-01,3.219
508068.SH,2022-11-02,3.256
508068.SH,2022-11-03,3.241
508068.SH,2022-11-04,3.29
508068.SH,2022-11-07,3.279
508068.SH,2022-11-08,3.272
508068.SH,2022-11-09,3.255
508068.SH,2022-11-10,3.262
508068.SH,2022-11-11,3.264
508068.SH,2022-11-14,3.245
508068.SH,2022-11-15,3.206
508068.SH,2022-11-16,3.035
508068.SH,2022-11-17,3.156
508068.SH,2022-11-18,3.136
508068.SH,2022-11-21,3.137
508068.SH,2022-11-22,3.121
508068.SH,2022-11-23,3.101
508068.SH,2022-11-24,3.075
508068.SH,2022-11-25,3.081
508068.SH,2022-11-28,3.074
508068.SH,2022-11-29,3.078
508068.SH,2022-11-30,3.07
508068.SH,2022-12-01,3.085
508068.SH,2022-12-02,3.116
508068.SH,2022-12-05,3.168
508068.SH,2022-12-06,3.166
508068.SH,2022-12-07,3.156
508068.SH,2022-12-08,3.156
508068.SH,2022-12-09,3.137
508068.SH,2022-12-12,3.119
508068.SH,2022-12-13,3.093
508068.SH,2022-12-14,3.086
508068.SH,2022-12-15,3.091
508068.SH,2022-12-16,3.092
508068.SH,2022-12-19,3.059
508068.SH,2022-12-20,3.0
508068.SH,2022-12-21,2.934
508068.SH,2022-12-22,2.929
508068.SH,2022-12-23,2.97
508068.SH,2022-12-26,2.968
508068.SH,2022-12-27,2.934
508068.SH,2022-12-28,2.913
508068.SH,2022-12-29,2.867
508068.SH,2022-12-30,2.845
508068.SH,2023-01-03,2.824
508068.SH,2023-01-04,2.816
508068.SH,2023-01-05,2.81
508068.SH,2023-01-06,2.84
508068.SH,2023-01-09,2.837
508068.SH,2023-01-10,2.841
508068.SH,2023-01-11,2.85
508068.SH,2023-01-12,2.847
508068.SH,2023-01-13,2.833
508068.SH,2023-01-16,2.823
508068.SH,2023-01-17,2.817
508068.SH,2023-01-18,2.829
508068.SH,2023-01-19,2.821
508068.SH,2023-01-20,2.833
508068.SH,2023-01-30,2.85
508068.SH,2023-01-31,2.879
508068.SH,2023-02-01,2.936
508068.SH,2023-02-02,2.936
508068.SH,2023-02-03,2.954
508068.SH,2023-02-06,2.959
508068.SH,2023-02-07,2.949
508068.SH,2023-02-08,2.949
508068.SH,2023-02-09,2.95
508068.SH,2023-02-10,2.957
508068.SH,2023-02-13,2.97
508068.SH,2023-02-14,2.992
508068.SH,2023-02-15,2.991
508068.SH,2023-02-16,2.972
508068.SH,2023-02-17,2.995
508068.SH,2023-02-20,2.995
508068.SH,2023-02-21,3.007
508068.SH,2023-02-22,3.002
508068.SH,2023-02-23,2.999
508068.SH,2023-02-24,2.97
508068.SH,2023-02-27,2.965
508068.SH,2023-02-28,2.948
508068.SH,2023-03-01,2.951
508068.SH,2023-03-02,2.951
508068.SH,2023-03-03,2.941
508068.SH,2023-03-06,2.928
508068.SH,2023-03-07,2.899
508068.SH,2023-03-08,2.885
508068.SH,2023-03-09,2.886
508068.SH,2023-03-10,2.884
508068.SH,2023-03-13,2.887
508068.SH,2023-03-14,2.893
508068.SH,2023-03-15,2.895
508068.SH,2023-03-16,2.89
508068.SH,2023-03-17,2.886
508068.SH,2023-03-20,2.877
508068.SH,2023-03-21,2.87
508068.SH,2023-03-22,2.86
508068.SH,2023-03-23,2.863
508068.SH,2023-03-24,2.855
508068.SH,2023-03-27,2.863
508068.SH,2023-03-28,2.865
508068.SH,2023-03-29,2.845
508068.SH,2023-03-30,2.822
508068.SH,2023-03-31,2.87
508068.SH,2023-04-03,2.861
508068.SH,2023-04-04,2.857
508068.SH,2023-04-06,2.844
508068.SH,2023-04-07,2.851
508068.SH,2023-04-10,2.848
508068.SH,2023-04-11,2.845
508068.SH,2023-04-12,2.83
508068.SH,2023-04-13,2.83
508068.SH,2023-04-14,2.831
508068.SH,2023-04-17,2.855
508068.SH,2023-04-18,2.881
508068.SH,2023-04-19,2.839
508068.SH,2023-04-20,2.834
508068.SH,2023-04-21,2.823
508068.SH,2023-04-24,2.825
508068.SH,2023-04-25,2.824
508068.SH,2023-04-26,2.8
508068.SH,2023-04-27,2.795
508068.SH,2023-04-28,2.789
508068.SH,2023-05-04,2.753
508068.SH,2023-05-05,2.713
508068.SH,2023-05-08,2.688
508068.SH,2023-05-09,2.692
508068.SH,2023-05-10,2.745
508068.SH,2023-05-11,2.755
508068.SH,2023-05-12,2.776
508068.SH,2023-05-15,2.76
508068.SH,2023-05-16,2.755
508068.SH,2023-05-17,2.744
508068.SH,2023-05-18,2.733
508068.SH,2023-05-19,2.709
508068.SH,2023-05-22,2.7
508068.SH,2023-05-23,2.695
508068.SH,2023-05-24,2.693
508068.SH,2023-05-25,2.668
508068.SH,2023-05-26,2.666
508068.SH,2023-05-29,2.662
508068.SH,2023-05-30,2.65
508068.SH,2023-05-31,2.625
508068.SH,2023-06-01,2.601
508068.SH,2023-06-02,2.617
508068.SH,2023-06-05,2.583
508068.SH,2023-06-06,2.55
508068.SH,2023-06-07,2.557
508068.SH,2023-06-08,2.604
508068.SH,2023-06-09,2.603
508068.SH,2023-06-12,2.591
508068.SH,2023-06-13,2.575
508068.SH,2023-06-14,2.572
508068.SH,2023-06-15,2.575
508068.SH,2023-06-16,2.584
508068.SH,2023-06-19,2.58
508068.SH,2023-06-20,2.571
508068.SH,2023-06-21,2.556
508068.SH,2023-06-26,2.529
508068.SH,2023-06-27,2.538
508068.SH,2023-06-28,2.531
508068.SH,2023-06-29,2.515
508068.SH,2023-06-30,2.516
508068.SH,2023-07-03,2.516
508068.SH,2023-07-04,2.512
508068.SH,2023-07-05,2.513
508068.SH,2023-07-06,2.569
508068.SH,2023-07-07,2.606
508068.SH,2023-07-10,2.603
508068.SH,2023-07-11,2.604
508068.SH,2023-07-12,2.59
508068.SH,2023-07-13,2.597
508068.SH,2023-07-14,2.607
508068.SH,2023-07-17,2.631
508068.SH,2023-07-18,2.648
508068.SH,2023-07-19,2.622
508068.SH,2023-07-20,2.639
508068.SH,2023-07-21,2.679
508068.SH,2023-07-24,2.699
508068.SH,2023-07-25,2.713
508068.SH,2023-07-26,2.747
508068.SH,2023-07-27,2.737
508068.SH,2023-07-28,2.751
508068.SH,2023-07-31,2.798
508068.SH,2023-08-01,2.751
508068.SH,2023-08-02,2.752
508068.SH,2023-08-03,2.753
508068.SH,2023-08-04,2.75
508068.SH,2023-08-07,2.74
508068.SH,2023-08-08,2.737
508068.SH,2023-08-09,2.756
508068.SH,2023-08-10,2.78
508068.SH,2023-08-11,2.788
508068.SH,2023-08-14,2.796
508068.SH,2023-08-15,2.79
508068.SH,2023-08-16,2.784
508068.SH,2023-08-17,2.783
508068.SH,2023-08-18,2.814
508068.SH,2023-08-21,2.795
508068.SH,2023-08-22,2.747
508068.SH,2023-08-23,2.739
508068.SH,2023-08-24,2.79
508068.SH,2023-08-25,2.791
508068.SH,2023-08-28,2.805
508068.SH,2023-08-29,2.786
508068.SH,2023-08-30,2.783
508068.SH,2023-08-31,2.787
508068.SH,2023-09-01,2.783
508068.SH,2023-09-04,2.751
508068.SH,2023-09-05,2.772
508068.SH,2023-09-06,2.78
508068.SH,2023-09-07,2.769
508068.SH,2023-09-08,2.775
508068.SH,2023-09-11,2.775
508068.SH,2023-09-12,2.786
508068.SH,2023-09-13,2.79
508068.SH,2023-09-14,2.785
508068.SH,2023-09-15,2.773
508068.SH,2023-09-18,2.765
508068.SH,2023-09-19,2.771
508068.SH,2023-09-20,2.767
508068.SH,2023-09-21,2.774
508068.SH,2023-09-22,2.769
508068.SH,2023-09-25,2.772
508068.SH,2023-09-26,2.78
508068.SH,2023-09-27,2.775
508068.SH,2023-09-28,2.775
508068.SH,2023-10-09,2.765
508068.SH,2023-10-10,2.765
508068.SH,2023-10-11,2.77
508068.SH,2023-10-12,2.773
508068.SH,2023-10-13,2.765
508068.SH,2023-10-16,2.71
508068.SH,2023-10-17,2.676
508068.SH,2023-10-18,2.665
508068.SH,2023-10-19,2.644
508068.SH,2023-10-20,2.612
508068.SH,2023-10-23,2.61
508068.SH,2023-10-24,2.633
508068.SH,2023-10-25,2.685
508068.SH,2023-10-26,2.685
508068.SH,2023-10-27,2.693
508068.SH,2023-10-30,2.684
508068.SH,2023-10-31,2.69
508068.SH,2023-11-01,2.665
508068.SH,2023-11-02,2.659
508068.SH,2023-11-03,2.651
508068.SH,2023-11-06,2.646
508068.SH,2023-11-07,2.66
508068.SH,2023-11-08,2.675
508068.SH,2023-11-09,2.689
508068.SH,2023-11-10,2.667
508068.SH,2023-11-13,2.653
508068.SH,2023-11-14,2.659
508068.SH,2023-11-15,2.653
508068.SH,2023-11-16,2.647
508068.SH,2023-11-17,2.648
508068.SH,2023-11-20,2.649
508068.SH,2023-11-21,2.64
508068.SH,2023-11-22,2.634
508068.SH,2023-11-23,2.606
508068.SH,2023-11-24,2.596
508068.SH,2023-11-27,2.548
508068.SH,2023-11-28,2.568
508068.SH,2023-11-29,2.578
508068.SH,2023-11-30,2.563
508068.SH,2023-12-01,2.58
508068.SH,2023-12-04,2.628
508068.SH,2023-12-05,2.611
508068.SH,2023-12-06,2.619
508068.SH,2023-12-07,2.613
508068.SH,2023-12-08,2.595
508068.SH,2023-12-11,2.573
508068.SH,2023-12-12,2.546
508068.SH,2023-12-13,2.561
508068.SH,2023-12-14,2.553
508068.SH,2023-12-15,2.547
508068.SH,2023-12-18,2.546
508068.SH,2023-12-19,2.51
508068.SH,2023-12-20,2.516
508068.SH,2023-12-21,2.538
508068.SH,2023-12-22,2.565
508068.SH,2023-12-25,2.553
508068.SH,2023-12-26,2.528
508068.SH,2023-12-27,2.527
508068.SH,2023-12-28,2.517
508068.SH,2023-12-29,2.538
508068.SH,2024-01-02,2.52
508068.SH,2024-01-03,2.51
508068.SH,2024-01-04,2.5
508068.SH,2024-01-05,2.503
508068.SH,2024-01-08,2.528
508068.SH,2024-01-09,2.51
508068.SH,2024-01-10,2.465
508068.SH,2024-01-11,2.431
508068.SH,2024-01-12,2.419
508068.SH,2024-01-15,2.425
508068.SH,2024-01-16,2.477
508068.SH,2024-01-17,2.54
508068.SH,2024-01-18,2.495
508068.SH,2024-01-19,2.549
508068.SH,2024-01-22,2.539
508068.SH,2024-01-23,2.541
508068.SH,2024-01-24,2.56
508068.SH,2024-01-25,2.593
508068.SH,2024-01-26,2.601
508068.SH,2024-01-29,2.601
508068.SH,2024-01-30,2.592
508068.SH,2024-01-31,2.616
508068.SH,2024-02-01,2.629
508068.SH,2024-02-02,2.629
508068.SH,2024-02-05,2.6
508068.SH,2024-02-06,2.635
508068.SH,2024-02-07,2.635
508068.SH,2024-02-08,2.634
508068.SH,2024-02-19,2.733
508068.SH,2024-02-20,2.721
508068.SH,2024-02-21,2.728
508068.SH,2024-02-22,2.75
508068.SH,2024-02-23,2.799
508068.SH,2024-02-26,2.864
508068.SH,2024-02-27,2.832
508068.SH,2024-02-28,2.808
508068.SH,2024-02-29,2.858
508068.SH,2024-03-01,2.921
508068.SH,2024-03-04,2.953
508068.SH,2024-03-05,2.936
508068.SH,2024-03-06,2.894
508068.SH,2024-03-07,2.866
508068.SH,2024-03-08,2.867
508068.SH,2024-03-11,2.875
508068.SH,2024-03-12,2.871
508068.SH,2024-03-13,2.847
508068.SH,2024-03-14,2.86
508068.SH,2024-03-15,2.883
508068.SH,2024-03-18,2.895
508068.SH,2024-03-19,2.902
508068.SH,2024-03-20,2.894
508068.SH,2024-03-21,2.905
508068.SH,2024-03-22,2.823
508068.SH,2024-03-25,2.763
508068.SH,2024-03-26,2.79
508068.SH,2024-03-27,2.836
508068.SH,2024-03-28,2.819
508068.SH,2024-03-29,2.823
508068.SH,2024-04-01,2.843
508068.SH,2024-04-02,2.857
508068.SH,2024-04-03,2.868
508068.SH,2024-04-08,2.868
508068.SH,2024-04-09,2.86
508068.SH,2024-04-10,2.868
508068.SH,2024-04-11,2.913
508068.SH,2024-04-12,2.908
508068.SH,2024-04-15,2.903
508068.SH,2024-04-16,2.891
508068.SH,2024-04-17,2.897
508068.SH,2024-04-18,2.877
508068.SH,2024-04-19,2.867
508068.SH,2024-04-22,2.886
508068.SH,2024-04-23,2.907
508068.SH,2024-04-24,2.847
508068.SH,2024-04-25,2.883
508068.SH,2024-04-26,2.915
508068.SH,2024-04-29,2.916
508068.SH,2024-04-30,2.898
508068.SH,2024-05-06,2.895
508068.SH,2024-05-07,2.91
508068.SH,2024-05-08,2.891
508068.SH,2024-05-09,2.885
508068.SH,2024-05-10,2.901
508068.SH,2024-05-13,2.901
508068.SH,2024-05-14,2.881
508068.SH,2024-05-15,2.872
508068.SH,2024-05-16,2.873
508068.SH,2024-05-17,2.859
508068.SH,2024-05-20,2.859
508068.SH,2024-05-21,2.851
508068.SH,2024-05-22,2.85
508068.SH,2024-05-23,2.848
508068.SH,2024-05-24,2.865
508068.SH,2024-05-27,2.869
508068.SH,2024-05-28,2.863
508068.SH,2024-05-29,2.863
508068.SH,2024-05-30,2.858
508068.SH,2024-05-31,2.859
508068.SH,2024-06-03,2.868
508068.SH,2024-06-04,2.856
508068.SH,2024-06-05,2.858
508068.SH,2024-06-06,2.856
508068.SH,2024-06-07,2.863
508068.SH,2024-06-11,2.859
508068.SH,2024-06-12,2.863
508068.SH,2024-06-13,2.889
508068.SH,2024-06-14,2.893
508068.SH,2024-06-17,2.901
508068.SH,2024-06-18,2.896
508068.SH,2024-06-19,2.899
508068.SH,2024-06-20,2.88
508068.SH,2024-06-21,2.891
508068.SH,2024-06-24,2.893
508068.SH,2024-06-25,2.881
508068.SH,2024-06-26,2.905
508068.SH,2024-06-27,2.965
508068.SH,2024-06-28,2.954
508068.SH,2024-07-01,2.989
508068.SH,2024-07-02,3.033
508068.SH,2024-07-03,3.043
508068.SH,2024-07-04,3.02
508068.SH,2024-07-05,2.997
508068.SH,2024-07-08,2.992
508068.SH,2024-07-09,3.011
508068.SH,2024-07-10,3.052
508068.SH,2024-07-11,3.035
508068.SH,2024-07-12,3.044
508068.SH,2024-07-15,3.091
508068.SH,2024-07-16,3.096
508068.SH,2024-07-17,3.069
508068.SH,2024-07-18,3.083
508068.SH,2024-07-19,3.092
508068.SH,2024-07-22,3.084
508068.SH,2024-07-23,3.085
508068.SH,2024-07-24,3.1
508068.SH,2024-07-25,3.121
508068.SH,2024-07-26,3.166
508068.SH,2024-07-29,3.155
508068.SH,2024-07-30,3.179
508068.SH,2024-07-31,3.181
508068.SH,2024-08-01,3.191
508068.SH,2024-08-02,3.205
508068.SH,2024-08-05,3.269
508068.SH,2024-08-06,3.251
508068.SH,2024-08-07,3.29
508068.SH,2024-08-08,3.28
508068.SH,2024-08-09,3.27
508068.SH,2024-08-12,3.258
508068.SH,2024-08-13,3.276
508068.SH,2024-08-14,3.356
508068.SH,2024-08-15,3.349
508068.SH,2024-08-16,3.349
508068.SH,2024-08-19,3.341
508068.SH,2024-08-20,3.272
508068.SH,2024-08-21,3.205
508068.SH,2024-08-22,3.282
508068.SH,2024-08-23,3.304
508068.SH,2024-08-26,3.297
508068.SH,2024-08-27,3.279
508068.SH,2024-08-28,3.272
508068.SH,2024-08-29,3.24
508068.SH,2024-08-30,3.236
508068.SH,2024-09-02,3.267
508068.SH,2024-09-03,3.24
508068.SH,2024-09-04,3.21
508068.SH,2024-09-05,3.23
508068.SH,2024-09-06,3.275
508068.SH,2024-09-09,3.298
508068.SH,2024-09-10,3.281
508068.SH,2024-09-11,3.253
508068.SH,2024-09-12,3.201
508068.SH,2024-09-13,3.13
508068.SH,2024-09-18,3.121
508068.SH,2024-09-19,3.122
508068.SH,2024-09-20,3.13
508068.SH,2024-09-23,3.14
508068.SH,2024-09-24,3.163
508068.SH,2024-09-25,3.208
508068.SH,2024-09-26,3.286
508068.SH,2024-09-27,3.226
508068.SH,2024-09-30,3.186
508068.SH,2024-10-08,3.142
508068.SH,2024-10-09,3.106
508068.SH,2024-10-10,3.107
508068.SH,2024-10-11,3.17
508068.SH,2024-10-14,3.153
508068.SH,2024-10-15,3.132
508068.SH,2024-10-16,3.14
508068.SH,2024-10-17,3.16
508068.SH,2024-10-18,3.167
508068.SH,2024-10-21,3.141
508068.SH,2024-10-22,3.138
508068.SH,2024-10-23,3.132
508068.SH,2024-10-24,3.133
508068.SH,2024-10-25,3.135
508068.SH,2024-10-28,3.126
508068.SH,2024-10-29,3.129
508068.SH,2024-10-30,3.118
508068.SH,2024-10-31,3.11
508068.SH,2024-11-01,3.092
508068.SH,2024-11-04,3.089
508068.SH,2024-11-05,3.094
508068.SH,2024-11-06,3.077
508068.SH,2024-11-07,3.074
508068.SH,2024-11-08,3.09
508068.SH,2024-11-11,3.176
508068.SH,2024-11-12,3.231
508068.SH,2024-11-13,3.228
508068.SH,2024-11-14,3.165
508068.SH,2024-11-15,3.16
508068.SH,2024-11-18,3.173
508068.SH,2024-11-19,3.162
508068.SH,2024-11-20,3.149
508068.SH,2024-11-21,3.148
508068.SH,2024-11-22,3.15
508068.SH,2024-11-25,3.153
508068.SH,2024-11-26,3.161
508068.SH,2024-11-27,3.157
508068.SH,2024-11-28,3.152
508068.SH,2024-11-29,3.163
508068.SH,2024-12-02,3.171
508068.SH,2024-12-03,3.19
508068.SH,2024-12-04,3.185
508068.SH,2024-12-05,3.184
508068.SH,2024-12-06,3.197
508068.SH,2024-12-09,3.244
508068.SH,2024-12-10,3.41
508068.SH,2024-12-11,3.426
508068.SH,2024-12-12,3.414
508068.SH,2024-12-13,3.449
508068.SH,2024-12-16,3.516
508068.SH,2024-12-17,3.489
508068.SH,2024-12-18,3.473
508068.SH,2024-12-19,3.492
508068.SH,2024-12-20,3.511
508068.SH,2024-12-23,3.514
508068.SH,2024-12-24,3.53
508068.SH,2024-12-25,3.55
508068.SH,2024-12-26,3.552
508068.SH,2024-12-27,3.563
508068.SH,2024-12-30,3.587
508068.SH,2024-12-31,3.587
508068.SH,2025-01-02,3.651
508068.SH,2025-01-03,3.709
508068.SH,2025-01-06,3.702
508068.SH,2025-01-07,3.651
508068.SH,2025-01-08,3.698
508068.SH,2025-01-09,3.765
508068.SH,2025-01-10,3.771
508068.SH,2025-01-13,3.733
508068.SH,2025-01-14,3.74
508068.SH,2025-01-15,3.772
508068.SH,2025-01-16,3.797
508068.SH,2025-01-17,3.803
508068.SH,2025-01-20,3.911
508068.SH,2025-01-21,3.921
508068.SH,2025-01-22,3.965
508068.SH,2025-01-23,3.949
508068.SH,2025-01-24,3.911
508068.SH,2025-01-27,3.962
508068.SH,2025-02-05,4.14
508068.SH,2025-02-06,4.035
508068.SH,2025-02-07,4.013
508068.SH,2025-02-10,3.954
508068.SH,2025-02-11,3.963
508068.SH,2025-02-12,3.946
508068.SH,2025-02-13,3.882
508068.SH,2025-02-14,3.905
508068.SH,2025-02-17,3.924
508068.SH,2025-02-18,3.902
508068.SH,2025-02-19,3.876
508068.SH,2025-02-20,3.8
508068.SH,2025-02-21,3.784
508068.SH,2025-02-24,3.747
508068.SH,2025-02-25,3.712
508068.SH,2025-02-26,3.757
508068.SH,2025-02-27,3.775
508068.SH,2025-02-28,3.823
508068.SH,2025-03-03,3.94
508068.SH,2025-03-04,3.882
508068.SH,2025-03-05,3.912
508068.SH,2025-03-06,3.894
508068.SH,2025-03-07,3.86
508068.SH,2025-03-10,3.828
508068.SH,2025-03-11,3.79
508068.SH,2025-03-12,3.772
508068.SH,2025-03-13,3.76
508068.SH,2025-03-14,3.771
508068.SH,2025-03-17,3.749
508068.SH,2025-03-18,3.757
508068.SH,2025-03-19,3.81
508068.SH,2025-03-20,3.834
508068.SH,2025-03-21,3.83
508068.SH,2025-03-24,3.871
508068.SH,2025-03-25,3.868
508068.SH,2025-03-26,3.868
508068.SH,2025-03-27,3.921
508068.SH,2025-03-28,3.957
508068.SH,2025-03-31,3.958
508068.SH,2025-04-01,3.944
508068.SH,2025-04-02,3.956
508068.SH,2025-04-03,4.062
508068.SH,2025-04-07,4.242
508068.SH,2025-04-08,4.227
508068.SH,2025-04-09,4.199
508068.SH,2025-04-10,4.2
508068.SH,2025-04-11,4.211
508068.SH,2025-04-14,4.245
508068.SH,2025-04-15,4.258
508068.SH,2025-04-16,4.255
508068.SH,2025-04-17,4.294
508068.SH,2025-04-21,4.228
508068.SH,2025-04-22,4.242
508068.SH,2025-04-23,4.202
508068.SH,2025-04-24,4.131
508068.SH,2025-04-25,4.158
508068.SH,2025-04-28,4.14
508068.SH,2025-04-29,4.154
508068.SH,2025-04-30,4.189
508068.SH,2025-05-06,4.234
508068.SH,2025-05-07,4.207
508068.SH,2025-05-08,4.26
508068.SH,2025-05-09,4.308
508068.SH,2025-05-12,4.305
508068.SH,2025-05-13,4.28
508068.SH,2025-05-14,4.301
508068.SH,2025-05-15,4.325
508068.SH,2025-05-16,4.345
508068.SH,2025-05-19,4.329
508068.SH,2025-05-20,4.321
508068.SH,2025-05-21,4.316
508068.SH,2025-05-22,4.284
508068.SH,2025-05-26,4.305
508068.SH,2025-05-27,4.299
508068.SH,2025-05-28,4.309
508068.SH,2025-05-29,4.306
508068.SH,2025-05-30,4.297
508068.SH,2025-06-03,4.285
508068.SH,2025-06-04,4.285
508068.SH,2025-06-05,4.289
508068.SH,2025-06-06,4.299
508068.SH,2025-06-09,4.297
508068.SH,2025-06-10,4.299
508068.SH,2025-06-11,4.315
508068.SH,2025-06-12,4.359
508068.SH,2025-06-13,4.4
508068.SH,2025-06-16,4.442
508068.SH,2025-06-17,4.453
508068.SH,2025-06-18,4.498
508068.SH,2025-06-19,4.479
508068.SH,2025-06-20,4.519
508068.SH,2025-06-23,4.511
508068.SH,2025-06-24,4.501
508068.SH,2025-06-25,4.519
508068.SH,2025-06-26,4.489
508068.SH,2025-06-27,4.465
508068.SH,2025-06-30,4.443
508068.SH,2025-07-01,4.406
508068.SH,2025-07-02,4.428
508068.SH,2025-07-03,4.41
508068.SH,2025-07-04,4.389
508068.SH,2025-07-07,4.362
508068.SH,2025-07-08,4.299
508068.SH,2025-07-09,4.269
508068.SH,2025-07-10,4.285
508068.SH,2025-07-11,4.297
508068.SH,2025-07-14,4.3
508068.SH,2025-07-15,4.345
508068.SH,2025-07-16,4.349
508068.SH,2025-07-17,4.33
508068.SH,2025-07-18,4.33
508068.SH,2025-07-21,4.315
508068.SH,2025-07-22,4.282
508068.SH,2025-07-23,4.239
508068.SH,2025-07-24,4.235
508068.SH,2025-07-25,4.221
508068.SH,2025-07-28,4.278
508068.SH,2025-07-29,4.247
508068.SH,2025-07-30,4.276
508068.SH,2025-07-31,4.338
508068.SH,2025-08-01,4.344
508068.SH,2025-08-04,4.303
508068.SH,2025-08-05,4.299
508068.SH,2025-08-06,4.295
508068.SH,2025-08-07,4.293
508068.SH,2025-08-08,4.263
508068.SH,2025-08-11,4.247
508068.SH,2025-08-12,4.245
508068.SH,2025-08-13,4.248
508068.SH,2025-08-14,4.233
508068.SH,2025-08-15,4.2
508068.SH,2025-08-18,4.073
508068.SH,2025-08-19,3.961
508068.SH,2025-08-20,3.972
508068.SH,2025-08-21,4.007
508068.SH,2025-08-22,4.013
508068.SH,2025-08-25,4.1
508068.SH,2025-08-26,4.183
508068.SH,2025-08-27,4.199
508068.SH,2025-08-28,4.16
508068.SH,2025-08-29,4.109
508068.SH,2025-09-01,4.1
508068.SH,2025-09-02,4.189
508068.SH,2025-09-03,4.208
508068.SH,2025-09-04,4.302
508068.SH,2025-09-05,4.202
508068.SH,2025-09-08,4.184
508068.SH,2025-09-09,4.198
508068.SH,2025-09-10,4.18
508068.SH,2025-09-11,4.185
508068.SH,2025-09-12,4.186
508068.SH,2025-09-15,4.182
508068.SH,2025-09-16,4.13
508068.SH,2025-09-17,4.121
508068.SH,2025-09-18,4.11
508068.SH,2025-09-19,4.111
508068.SH,2025-09-22,4.116
508068.SH,2025-09-23,4.104
508068.SH,2025-09-24,4.092
508068.SH,2025-09-25,4.085
508068.SH,2025-09-26,4.093
508068.SH,2025-09-29,4.08
508068.SH,2025-09-30,4.087
508068.SH,2025-10-09,4.055
508068.SH,2025-10-10,4.038
508068.SH,2025-10-13,4.033
508068.SH,2025-10-14,4.034
508068.SH,2025-10-15,4.001
508068.SH,2025-10-16,3.999
508068.SH,2025-10-17,3.98
508068.SH,2025-10-20,3.971
508068.SH,2025-10-21,3.98
508068.SH,2025-10-22,3.99
508068.SH,2025-10-23,4.038
508068.SH,2025-10-24,4.068
508068.SH,2025-10-27,4.087
508068.SH,2025-10-28,4.149
508068.SH,2025-10-29,4.177
508068.SH,2025-10-30,4.177
508068.SH,2025-10-31,4.136
508068.SH,2025-11-03,4.12
508068.SH,2025-11-04,4.076
508068.SH,2025-11-05,4.085
508068.SH,2025-11-06,4.112
508068.SH,2025-11-07,4.148
508068.SH,2025-11-10,4.16
508068.SH,2025-11-11,4.174
508068.SH,2025-11-12,4.168
508068.SH,2025-11-13,4.176
508068.SH,2025-11-14,4.188
508068.SH,2025-11-17,4.2
508068.SH,2025-11-18,4.18
508068.SH,2025-11-19,4.171
508068.SH,2025-11-20,4.162
508068.SH,2025-11-21,4.135
508068.SH,2025-11-24,4.181
508068.SH,2025-11-25,4.2
508068.SH,2025-11-26,4.238
508068.SH,2025-11-27,4.218
508068.SH,2025-11-28,4.239
508068.SH,2025-12-01,4.18
508068.SH,2025-12-02,4.14
508068.SH,2025-12-03,4.142
508068.SH,2025-12-04,4.1
508068.SH,2025-12-05,4.101
508068.SH,2025-12-08,4.065
508068.SH,2025-12-09,4.035
508068.SH,2025-12-10,4.154
508068.SH,2025-12-11,4.15
508068.SH,2025-12-12,4.128
508068.SH,2025-12-15,4.128
508068.SH,2025-12-16,4.116
508068.SH,2025-12-17,4.094
508068.SH,2025-12-18,4.045
508068.SH,2025-12-19,4.037
508068.SH,2025-12-22,4.059
508068.SH,2025-12-23,3.937
508068.SH,2025-12-24,4.062
508068.SH,2025-12-25,4.094
508068.SH,2025-12-26,4.124
508068.SH,2025-12-29,4.072
508068.SH,2025-12-30,4.072
508068.SH,2025-12-31,4.087
508068.SH,2026-01-05,4.095
508068.SH,2026-01-06,4.109
508068.SH,2026-01-07,4.111
508068.SH,2026-01-08,4.12
508068.SH,2026-01-09,4.095
508068.SH,2026-01-12,4.037
508068.SH,2026-01-13,4.017
508068.SH,2026-01-14,4.024
508068.SH,2026-01-15,4.023
508068.SH,2026-01-16,4.018
508068.SH,2026-01-19,4.001
508068.SH,2026-01-20,4.05
508068.SH,2026-01-21,4.094
508068.SH,2026-01-22,4.08
508068.SH,2026-01-23,4.158
508068.SH,2026-01-26,4.122
508068.SH,2026-01-27,4.115
508068.SH,2026-01-28,4.134
508068.SH,2026-01-29,4.174
508068.SH,2026-01-30,4.149
508068.SH,2026-02-02,4.105
508068.SH,2026-02-03,4.126
508068.SH,2026-02-04,4.121
508068.SH,2026-02-05,4.116
508068.SH,2026-02-06,4.112
508068.SH,2026-02-09,4.097
508068.SH,2026-02-10,4.095
508068.SH,2026-02-11,4.102
508068.SH,2026-02-12,4.104
508068.SH,2026-02-13,4.106
508068.SH,2026-02-24,4.092
508068.SH,2026-02-25,4.1
508068.SH,2026-02-26,4.088
508068.SH,2026-02-27,4.047
508068.SH,2026-03-02,3.987
508068.SH,2026-03-03,4.005
508068.SH,2026-03-04,4.029
508068.SH,2026-03-05,3.979
508068.SH,2026-03-06,3.967
508068.SH,2026-03-09,3.923
508068.SH,2026-03-10,3.931
508068.SH,2026-03-11,3.94
508068.SH,2026-03-12,3.933
508068.SH,2026-03-13,3.937
508068.SH,2026-03-16,3.911
508068.SH,2026-03-17,3.949
508068.SH,2026-03-18,4.01
508068.SH,2026-03-19,4.031
508068.SH,2026-03-20,4.046
508068.SH,2026-03-23,3.999
508068.SH,2026-03-24,4.0
508068.SH,2026-03-25,3.975
508068.SH,2026-03-26,3.984
508068.SH,2026-03-27,3.994
508068.SH,2026-03-30,4.014
508068.SH,2026-03-31,4.02
508068.SH,2026-04-01,4.019
508068.SH,2026-04-02,4.013
508068.SH,2026-04-03,4.032
508068.SH,2026-04-07,4.055
508068.SH,2026-04-08,4.086
508068.SH,2026-04-09,4.039
508068.SH,2026-04-10,4.026
508068.SH,2026-04-13,4.026
508068.SH,2026-04-14,4.09
508068.SH,2026-04-15,4.096
508068.SH,2026-04-16,4.105
508068.SH,2026-04-17,4.105
508068.SH,2026-04-20,4.119
508068.SH,2026-04-21,4.083
508068.SH,2026-04-22,4.15
508068.SH,2026-04-23,4.139
508068.SH,2026-04-24,4.105
508068.SH,2026-04-27,4.077
508068.SH,2026-04-28,4.093
508068.SH,2026-04-29,4.082
508068.SH,2026-04-30,4.059
508068.SH,2026-05-06,4.039
508068.SH,2026-05-07,4.019
508068.SH,2026-05-08,4.079
508068.SH,2026-05-11,4.083
508068.SH,2026-05-12,4.063
508068.SH,2026-05-13,4.043
508068.SH,2026-05-14,4.03
508068.SH,2026-05-15,4.04
508068.SH,2026-05-18,3.98
508068.SH,2026-05-19,4.056
508068.SH,2026-05-20,4.02
508068.SH,2026-05-21,4.02
508068.SH,2026-05-22,4.01
508068.SH,2026-05-25,3.992
508068.SH,2026-05-26,4.006
508068.SH,2026-05-27,4.005
508068.SH,2026-05-28,4.017
508068.SH,2026-05-29,4.007
508068.SH,2026-06-01,4.018
508068.SH,2026-06-02,4.016
508068.SH,2026-06-03,4.019
508068.SH,2026-06-04,4.048
508068.SH,2026-06-05,4.063
508068.SH,2026-06-08,4.048
508068.SH,2026-06-09,4.049
508068.SH,2026-06-10,4.038
508068.SH,2026-06-11,4.039
508068.SH,2026-06-12,4.018
508068.SH,2026-06-15,4.013
508068.SH,2026-06-16,4.012
508068.SH,2026-06-17,3.999
508068.SH,2026-06-18,3.956
508068.SH,2026-06-22,3.916
508068.SH,2026-06-23,3.92
508068.SH,2026-06-24,3.884
508068.SH,2026-06-25,3.912
508068.SH,2026-06-26,3.939
508068.SH,2026-06-29,3.975
508068.SH,2026-06-30,3.993
508068.SH,2026-07-01,3.996
508068.SH,2026-07-02,3.997
508068.SH,2026-07-03,4.0
508068.SH,2026-07-06,3.996
508068.SH,2026-07-07,3.971
508068.SH,2026-07-08,3.936
508068.SH,2026-07-09,3.943
508068.SH,2026-07-10,3.933
508068.SH,2026-07-13,3.936
508068.SH,2026-07-14,3.943
508068.SH,2026-07-15,3.92
508068.SH,2026-07-16,3.91
508068.SH,2026-07-17,3.833
508068.SH,2026-07-20,3.812
508068.SH,2026-07-21,3.819
508068.SH,2026-07-22,3.784
508068.SH,2026-07-23,3.793
508068.SH,2026-07-24,3.834
508068.SH,2026-07-27,3.838
508068.SH,2026-07-28,3.86
508068.SH,2026-07-29,3.861
508068.SH,2026-07-30,3.893
508068.SH,2026-07-31,3.91
508068.SH,2026-08-03,3.898
508068.SH,2026-08-04,3.863
508068.SH,2026-08-05,3.868
508068.SH,2026-08-06,3.866
508068.SH,2026-08-07,3.872
508068.SH,2026-08-10,3.86
508068.SH,2026-08-11,3.875
508068.SH,2026-08-12,3.863
508068.SH,2026-08-13,3.857
508068.SH,2026-08-14,3.85
508068.SH,2026-08-17,3.852
508068.SH,2026-08-18,3.88
508068.SH,2026-08-19,3.897
508068.SH,2026-08-20,3.9
508068.SH,2026-08-21,3.934
508068.SH,2026-08-24,3.988
508068.SH,2026-08-25,3.994
508068.SH,2026-08-26,3.992
508068.SH,2026-08-27,3.979
508068.SH,2026-08-28,3.988
508068.SH,2026-08-31,3.978
508068.SH,2026-09-01,3.929
508068.SH,2026-09-02,3.918
508068.SH,2026-09-03,3.911
508068.SH,2026-09-04,3.912
508068.SH,2026-09-07,3.928
508068.SH,2026-09-08,3.942
508068.SH,2026-09-09,3.958
508068.SH,2026-09-10,3.955
508068.SH,2026-09-11,3.932
508068.SH,2026-09-14,3.921
508068.SH,2026-09-15,3.938
508068.SH,2026-09-16,3.937
508068.SH,2026-09-17,3.952
508068.SH,2026-09-18,3.953
508068.SH,2026-09-21,3.978
508068.SH,2026-09-22,3.98
508068.SH,2026-09-23,4.034
508068.SH,2026-09-24,4.028
508068.SH,2026-09-28,4.03
508068.SH,2026-09-29,4.033
508068.SH,2026-09-30,4.034
508077.SH,2022-12-09,2.824
508077.SH,2022-12-12,2.807
508077.SH,2022-12-13,2.801
508077.SH,2022-12-14,2.778
508077.SH,2022-12-15,2.754
508077.SH,2022-12-16,2.741
508077.SH,2022-12-19,2.708
508077.SH,2022-12-20,2.696
508077.SH,2022-12-21,2.704
508077.SH,2022-12-22,2.697
508077.SH,2022-12-23,2.75
508077.SH,2022-12-26,2.741
508077.SH,2022-12-27,2.705
508077.SH,2022-12-28,2.636
508077.SH,2022-12-29,2.58
508077.SH,2022-12-30,2.578
508077.SH,2023-01-03,2.566
508077.SH,2023-01-04,2.572
508077.SH,2023-01-05,2.57
508077.SH,2023-01-06,2.588
508077.SH,2023-01-09,2.583
508077.SH,2023-01-10,2.592
508077.SH,2023-01-11,2.6
508077.SH,2023-01-12,2.594
508077.SH,2023-01-13,2.576
508077.SH,2023-01-16,2.559
508077.SH,2023-01-17,2.563
508077.SH,2023-01-18,2.564
508077.SH,2023-01-19,2.563
508077.SH,2023-01-20,2.586
508077.SH,2023-01-30,2.595
508077.SH,2023-01-31,2.628
508077.SH,2023-02-01,2.65
508077.SH,2023-02-02,2.631
508077.SH,2023-02-03,2.626
508077.SH,2023-02-06,2.616
508077.SH,2023-02-07,2.626
508077.SH,2023-02-08,2.626
508077.SH,2023-02-09,2.649
508077.SH,2023-02-10,2.647
508077.SH,2023-02-13,2.67
508077.SH,2023-02-14,2.688
508077.SH,2023-02-15,2.685
508077.SH,2023-02-16,2.68
508077.SH,2023-02-17,2.675
508077.SH,2023-02-20,2.671
508077.SH,2023-02-21,2.678
508077.SH,2023-02-22,2.675
508077.SH,2023-02-23,2.667
508077.SH,2023-02-24,2.65
508077.SH,2023-02-27,2.636
508077.SH,2023-02-28,2.642
508077.SH,2023-03-01,2.64
508077.SH,2023-03-02,2.643
508077.SH,2023-03-03,2.643
508077.SH,2023-03-06,2.658
508077.SH,2023-03-07,2.662
508077.SH,2023-03-08,2.694
508077.SH,2023-03-09,2.68
508077.SH,2023-03-10,2.691
508077.SH,2023-03-13,2.684
508077.SH,2023-03-14,2.669
508077.SH,2023-03-15,2.663
508077.SH,2023-03-16,2.647
508077.SH,2023-03-17,2.666
508077.SH,2023-03-20,2.659
508077.SH,2023-03-21,2.648
508077.SH,2023-03-22,2.646
508077.SH,2023-03-23,2.645
508077.SH,2023-03-24,2.654
508077.SH,2023-03-27,2.66
508077.SH,2023-03-28,2.651
508077.SH,2023-03-29,2.635
508077.SH,2023-03-30,2.655
508077.SH,2023-03-31,2.669
508077.SH,2023-04-03,2.66
508077.SH,2023-04-04,2.649
508077.SH,2023-04-06,2.647
508077.SH,2023-04-07,2.649
508077.SH,2023-04-10,2.638
508077.SH,2023-04-11,2.634
508077.SH,2023-04-12,2.633
508077.SH,2023-04-13,2.599
508077.SH,2023-04-14,2.589
508077.SH,2023-04-17,2.605
508077.SH,2023-04-18,2.611
508077.SH,2023-04-19,2.612
508077.SH,2023-04-20,2.601
508077.SH,2023-04-21,2.593
508077.SH,2023-04-24,2.621
508077.SH,2023-04-25,2.615
508077.SH,2023-04-26,2.613
508077.SH,2023-04-27,2.603
508077.SH,2023-04-28,2.585
508077.SH,2023-05-04,2.557
508077.SH,2023-05-05,2.543
508077.SH,2023-05-08,2.53
508077.SH,2023-05-09,2.54
508077.SH,2023-05-10,2.6
508077.SH,2023-05-11,2.622
508077.SH,2023-05-12,2.606
508077.SH,2023-05-15,2.565
508077.SH,2023-05-16,2.578
508077.SH,2023-05-17,2.576
508077.SH,2023-05-18,2.564
508077.SH,2023-05-19,2.562
508077.SH,2023-05-22,2.552
508077.SH,2023-05-23,2.55
508077.SH,2023-05-24,2.533
508077.SH,2023-05-25,2.529
508077.SH,2023-05-26,2.533
508077.SH,2023-05-29,2.522
508077.SH,2023-05-30,2.498
508077.SH,2023-05-31,2.448
508077.SH,2023-06-01,2.423
508077.SH,2023-06-02,2.422
508077.SH,2023-06-05,2.373
508077.SH,2023-06-06,2.354
508077.SH,2023-06-07,2.39
508077.SH,2023-06-08,2.443
508077.SH,2023-06-09,2.455
508077.SH,2023-06-12,2.438
508077.SH,2023-06-13,2.452
508077.SH,2023-06-14,2.443
508077.SH,2023-06-15,2.439
508077.SH,2023-06-16,2.445
508077.SH,2023-06-19,2.424
508077.SH,2023-06-20,2.425
508077.SH,2023-06-21,2.425
508077.SH,2023-06-26,2.411
508077.SH,2023-06-27,2.422
508077.SH,2023-06-28,2.45
508077.SH,2023-06-29,2.466
508077.SH,2023-06-30,2.452
508077.SH,2023-07-03,2.423
508077.SH,2023-07-04,2.427
508077.SH,2023-07-05,2.385
508077.SH,2023-07-06,2.44
508077.SH,2023-07-07,2.481
508077.SH,2023-07-10,2.467
508077.SH,2023-07-11,2.46
508077.SH,2023-07-12,2.452
508077.SH,2023-07-13,2.479
508077.SH,2023-07-14,2.501
508077.SH,2023-07-17,2.54
508077.SH,2023-07-18,2.602
508077.SH,2023-07-19,2.578
508077.SH,2023-07-20,2.553
508077.SH,2023-07-21,2.584
508077.SH,2023-07-24,2.609
508077.SH,2023-07-25,2.617
508077.SH,2023-07-26,2.621
508077.SH,2023-07-27,2.613
508077.SH,2023-07-28,2.627
508077.SH,2023-07-31,2.636
508077.SH,2023-08-01,2.639
508077.SH,2023-08-02,2.636
508077.SH,2023-08-03,2.64
508077.SH,2023-08-04,2.625
508077.SH,2023-08-07,2.629
508077.SH,2023-08-08,2.636
508077.SH,2023-08-09,2.628
508077.SH,2023-08-10,2.623
508077.SH,2023-08-11,2.625
508077.SH,2023-08-14,2.629
508077.SH,2023-08-15,2.64
508077.SH,2023-08-16,2.636
508077.SH,2023-08-17,2.638
508077.SH,2023-08-18,2.672
508077.SH,2023-08-21,2.684
508077.SH,2023-08-22,2.591
508077.SH,2023-08-23,2.583
508077.SH,2023-08-24,2.63
508077.SH,2023-08-25,2.617
508077.SH,2023-08-28,2.613
508077.SH,2023-08-29,2.588
508077.SH,2023-08-30,2.589
508077.SH,2023-08-31,2.577
508077.SH,2023-09-01,2.556
508077.SH,2023-09-04,2.566
508077.SH,2023-09-05,2.562
508077.SH,2023-09-06,2.562
508077.SH,2023-09-07,2.594
508077.SH,2023-09-08,2.578
508077.SH,2023-09-11,2.594
508077.SH,2023-09-12,2.586
508077.SH,2023-09-13,2.585
508077.SH,2023-09-14,2.585
508077.SH,2023-09-15,2.584
508077.SH,2023-09-18,2.575
508077.SH,2023-09-19,2.574
508077.SH,2023-09-20,2.573
508077.SH,2023-09-21,2.569
508077.SH,2023-09-22,2.576
508077.SH,2023-09-25,2.575
508077.SH,2023-09-26,2.566
508077.SH,2023-09-27,2.568
508077.SH,2023-09-28,2.567
508077.SH,2023-10-09,2.57
508077.SH,2023-10-10,2.573
508077.SH,2023-10-11,2.569
508077.SH,2023-10-12,2.572
508077.SH,2023-10-13,2.572
508077.SH,2023-10-16,2.559
508077.SH,2023-10-17,2.52
508077.SH,2023-10-18,2.485
508077.SH,2023-10-19,2.465
508077.SH,2023-10-20,2.426
508077.SH,2023-10-23,2.395
508077.SH,2023-10-24,2.429
508077.SH,2023-10-25,2.439
508077.SH,2023-10-26,2.426
508077.SH,2023-10-27,2.426
508077.SH,2023-10-30,2.413
508077.SH,2023-10-31,2.405
508077.SH,2023-11-01,2.379
508077.SH,2023-11-02,2.372
508077.SH,2023-11-03,2.379
508077.SH,2023-11-06,2.405
508077.SH,2023-11-07,2.41
508077.SH,2023-11-08,2.444
508077.SH,2023-11-09,2.472
508077.SH,2023-11-10,2.441
508077.SH,2023-11-13,2.421
508077.SH,2023-11-14,2.411
508077.SH,2023-11-15,2.4
508077.SH,2023-11-16,2.394
508077.SH,2023-11-17,2.394
508077.SH,2023-11-20,2.389
508077.SH,2023-11-21,2.373
508077.SH,2023-11-22,2.344
508077.SH,2023-11-23,2.292
508077.SH,2023-11-24,2.251
508077.SH,2023-11-27,2.204
508077.SH,2023-11-28,2.197
508077.SH,2023-11-29,2.22
508077.SH,2023-11-30,2.285
508077.SH,2023-12-01,2.33
508077.SH,2023-12-04,2.296
508077.SH,2023-12-05,2.228
508077.SH,2023-12-06,2.235
508077.SH,2023-12-07,2.232
508077.SH,2023-12-08,2.237
508077.SH,2023-12-11,2.234
508077.SH,2023-12-12,2.242
508077.SH,2023-12-13,2.225
508077.SH,2023-12-14,2.228
508077.SH,2023-12-15,2.255
508077.SH,2023-12-18,2.27
508077.SH,2023-12-19,2.272
508077.SH,2023-12-20,2.308
508077.SH,2023-12-21,2.353
508077.SH,2023-12-22,2.389
508077.SH,2023-12-25,2.365
508077.SH,2023-12-26,2.34
508077.SH,2023-12-27,2.31
508077.SH,2023-12-28,2.304
508077.SH,2023-12-29,2.362
508077.SH,2024-01-02,2.358
508077.SH,2024-01-03,2.36
508077.SH,2024-01-04,2.32
508077.SH,2024-01-05,2.315
508077.SH,2024-01-08,2.289
508077.SH,2024-01-09,2.233
508077.SH,2024-01-10,2.156
508077.SH,2024-01-11,2.121
508077.SH,2024-01-12,2.057
508077.SH,2024-01-15,2.036
508077.SH,2024-01-16,2.074
508077.SH,2024-01-17,2.143
508077.SH,2024-01-18,2.13
508077.SH,2024-01-19,2.146
508077.SH,2024-01-22,2.13
508077.SH,2024-01-23,2.104
508077.SH,2024-01-24,2.111
508077.SH,2024-01-25,2.13
508077.SH,2024-01-26,2.15
508077.SH,2024-01-29,2.16
508077.SH,2024-01-30,2.169
508077.SH,2024-01-31,2.16
508077.SH,2024-02-01,2.155
508077.SH,2024-02-02,2.151
508077.SH,2024-02-05,2.145
508077.SH,2024-02-06,2.149
508077.SH,2024-02-07,2.162
508077.SH,2024-02-08,2.248
508077.SH,2024-02-19,2.346
508077.SH,2024-02-20,2.322
508077.SH,2024-02-21,2.326
508077.SH,2024-02-22,2.365
508077.SH,2024-02-23,2.432
508077.SH,2024-02-26,2.474
508077.SH,2024-02-27,2.48
508077.SH,2024-02-28,2.441
508077.SH,2024-02-29,2.456
508077.SH,2024-03-01,2.501
508077.SH,2024-03-04,2.56
508077.SH,2024-03-05,2.54
508077.SH,2024-03-06,2.495
508077.SH,2024-03-07,2.45
508077.SH,2024-03-08,2.45
508077.SH,2024-03-11,2.479
508077.SH,2024-03-12,2.474
508077.SH,2024-03-13,2.469
508077.SH,2024-03-14,2.466
508077.SH,2024-03-15,2.476
508077.SH,2024-03-18,2.459
508077.SH,2024-03-19,2.473
508077.SH,2024-03-20,2.498
508077.SH,2024-03-21,2.471
508077.SH,2024-03-22,2.454
508077.SH,2024-03-25,2.423
508077.SH,2024-03-26,2.445
508077.SH,2024-03-27,2.501
508077.SH,2024-03-28,2.485
508077.SH,2024-03-29,2.482
508077.SH,2024-04-01,2.5
508077.SH,2024-04-02,2.502
508077.SH,2024-04-03,2.505
508077.SH,2024-04-08,2.507
508077.SH,2024-04-09,2.496
508077.SH,2024-04-10,2.439
508077.SH,2024-04-11,2.455
508077.SH,2024-04-12,2.446
508077.SH,2024-04-15,2.428
508077.SH,2024-04-16,2.419
508077.SH,2024-04-17,2.43
508077.SH,2024-04-18,2.434
508077.SH,2024-04-19,2.427
508077.SH,2024-04-22,2.464
508077.SH,2024-04-23,2.491
508077.SH,2024-04-24,2.512
508077.SH,2024-04-25,2.543
508077.SH,2024-04-26,2.56
508077.SH,2024-04-29,2.545
508077.SH,2024-04-30,2.538
508077.SH,2024-05-06,2.562
508077.SH,2024-05-07,2.584
508077.SH,2024-05-08,2.571
508077.SH,2024-05-09,2.589
508077.SH,2024-05-10,2.593
508077.SH,2024-05-13,2.57
508077.SH,2024-05-14,2.575
508077.SH,2024-05-15,2.568
508077.SH,2024-05-16,2.604
508077.SH,2024-05-17,2.591
508077.SH,2024-05-20,2.559
508077.SH,2024-05-21,2.579
508077.SH,2024-05-22,2.573
508077.SH,2024-05-23,2.543
508077.SH,2024-05-24,2.547
508077.SH,2024-05-27,2.542
508077.SH,2024-05-28,2.545
508077.SH,2024-05-29,2.527
508077.SH,2024-05-30,2.514
508077.SH,2024-05-31,2.527
508077.SH,2024-06-03,2.542
508077.SH,2024-06-04,2.564
508077.SH,2024-06-05,2.575
508077.SH,2024-06-06,2.579
508077.SH,2024-06-07,2.569
508077.SH,2024-06-11,2.567
508077.SH,2024-06-12,2.57
508077.SH,2024-06-13,2.592
508077.SH,2024-06-14,2.595
508077.SH,2024-06-17,2.588
508077.SH,2024-06-18,2.584
508077.SH,2024-06-19,2.571
508077.SH,2024-06-20,2.564
508077.SH,2024-06-21,2.57
508077.SH,2024-06-24,2.57
508077.SH,2024-06-25,2.56
508077.SH,2024-06-26,2.561
508077.SH,2024-06-27,2.604
508077.SH,2024-06-28,2.602
508077.SH,2024-07-01,2.612
508077.SH,2024-07-02,2.646
508077.SH,2024-07-03,2.646
508077.SH,2024-07-04,2.645
508077.SH,2024-07-05,2.639
508077.SH,2024-07-08,2.616
508077.SH,2024-07-09,2.622
508077.SH,2024-07-10,2.649
508077.SH,2024-07-11,2.647
508077.SH,2024-07-12,2.68
508077.SH,2024-07-15,2.71
508077.SH,2024-07-16,2.701
508077.SH,2024-07-17,2.696
508077.SH,2024-07-18,2.71
508077.SH,2024-07-19,2.696
508077.SH,2024-07-22,2.69
508077.SH,2024-07-23,2.689
508077.SH,2024-07-24,2.688
508077.SH,2024-07-25,2.686
508077.SH,2024-07-26,2.72
508077.SH,2024-07-29,2.714
508077.SH,2024-07-30,2.729
508077.SH,2024-07-31,2.733
508077.SH,2024-08-01,2.743
508077.SH,2024-08-02,2.748
508077.SH,2024-08-05,2.756
508077.SH,2024-08-06,2.728
508077.SH,2024-08-07,2.752
508077.SH,2024-08-08,2.739
508077.SH,2024-08-09,2.747
508077.SH,2024-08-12,2.744
508077.SH,2024-08-13,2.723
508077.SH,2024-08-14,2.738
508077.SH,2024-08-15,2.751
508077.SH,2024-08-16,2.725
508077.SH,2024-08-19,2.722
508077.SH,2024-08-20,2.721
508077.SH,2024-08-21,2.699
508077.SH,2024-08-22,2.747
508077.SH,2024-08-23,2.791
508077.SH,2024-08-26,2.78
508077.SH,2024-08-27,2.779
508077.SH,2024-08-28,2.746
508077.SH,2024-08-29,2.712
508077.SH,2024-08-30,2.689
508077.SH,2024-09-02,2.717
508077.SH,2024-09-03,2.709
508077.SH,2024-09-04,2.705
508077.SH,2024-09-05,2.707
508077.SH,2024-09-06,2.697
508077.SH,2024-09-09,2.713
508077.SH,2024-09-10,2.718
508077.SH,2024-09-11,2.715
508077.SH,2024-09-12,2.681
508077.SH,2024-09-13,2.685
508077.SH,2024-09-18,2.689
508077.SH,2024-09-19,2.682
508077.SH,2024-09-20,2.665
508077.SH,2024-09-23,2.637
508077.SH,2024-09-24,2.678
508077.SH,2024-09-25,2.713
508077.SH,2024-09-26,2.738
508077.SH,2024-09-27,2.703
508077.SH,2024-09-30,2.7
508077.SH,2024-10-08,2.676
508077.SH,2024-10-09,2.627
508077.SH,2024-10-10,2.603
508077.SH,2024-10-11,2.622
508077.SH,2024-10-14,2.599
508077.SH,2024-10-15,2.595
508077.SH,2024-10-16,2.575
508077.SH,2024-10-17,2.576
508077.SH,2024-10-18,2.586
508077.SH,2024-10-21,2.57
508077.SH,2024-10-22,2.57
508077.SH,2024-10-23,2.57
508077.SH,2024-10-24,2.543
508077.SH,2024-10-25,2.525
508077.SH,2024-10-28,2.488
508077.SH,2024-10-29,2.502
508077.SH,2024-10-30,2.506
508077.SH,2024-10-31,2.5
508077.SH,2024-11-01,2.486
508077.SH,2024-11-04,2.481
508077.SH,2024-11-05,2.469
508077.SH,2024-11-06,2.466
508077.SH,2024-11-07,2.532
508077.SH,2024-11-08,2.585
508077.SH,2024-11-11,2.626
508077.SH,2024-11-12,2.623
508077.SH,2024-11-13,2.626
508077.SH,2024-11-14,2.632
508077.SH,2024-11-15,2.599
508077.SH,2024-11-18,2.599
508077.SH,2024-11-19,2.574
508077.SH,2024-11-20,2.567
508077.SH,2024-11-21,2.59
508077.SH,2024-11-22,2.564
508077.SH,2024-11-25,2.564
508077.SH,2024-11-26,2.573
508077.SH,2024-11-27,2.58
508077.SH,2024-11-28,2.587
508077.SH,2024-11-29,2.568
508077.SH,2024-12-02,2.582
508077.SH,2024-12-03,2.607
508077.SH,2024-12-04,2.619
508077.SH,2024-12-05,2.618
508077.SH,2024-12-06,2.617
508077.SH,2024-12-09,2.607
508077.SH,2024-12-10,2.701
508077.SH,2024-12-11,2.756
508077.SH,2024-12-12,2.742
508077.SH,2024-12-13,2.75
508077.SH,2024-12-16,2.881
508077.SH,2024-12-17,2.857
508077.SH,2024-12-18,2.819
508077.SH,2024-12-19,2.812
508077.SH,2024-12-20,2.83
508077.SH,2024-12-23,2.876
508077.SH,2024-12-24,2.875
508077.SH,2024-12-25,2.839
508077.SH,2024-12-26,2.85
508077.SH,2024-12-27,2.861
508077.SH,2024-12-30,2.869
508077.SH,2024-12-31,2.9
508077.SH,2025-01-02,2.985
508077.SH,2025-01-03,3.022
508077.SH,2025-01-06,3.025
508077.SH,2025-01-07,2.98
508077.SH,2025-01-08,3.0
508077.SH,2025-01-09,3.055
508077.SH,2025-01-10,3.066
508077.SH,2025-01-13,3.076
508077.SH,2025-01-14,3.032
508077.SH,2025-01-15,3.057
508077.SH,2025-01-16,3.044
508077.SH,2025-01-17,3.041
508077.SH,2025-01-20,3.046
508077.SH,2025-01-21,3.058
508077.SH,2025-01-22,3.112
508077.SH,2025-01-23,3.106
508077.SH,2025-01-24,3.079
508077.SH,2025-01-27,3.077
508077.SH,2025-02-05,3.119
508077.SH,2025-02-06,3.146
508077.SH,2025-02-07,3.148
508077.SH,2025-02-10,3.157
508077.SH,2025-02-11,3.275
508077.SH,2025-02-12,3.191
508077.SH,2025-02-13,3.07
508077.SH,2025-02-14,3.08
508077.SH,2025-02-17,3.101
508077.SH,2025-02-18,3.1
508077.SH,2025-02-19,3.098
508077.SH,2025-02-20,3.139
508077.SH,2025-02-21,3.158
508077.SH,2025-02-24,3.15
508077.SH,2025-02-25,3.085
508077.SH,2025-02-26,3.118
508077.SH,2025-02-27,3.096
508077.SH,2025-02-28,3.084
508077.SH,2025-03-03,3.112
508077.SH,2025-03-04,3.116
508077.SH,2025-03-05,3.1
508077.SH,2025-03-06,3.061
508077.SH,2025-03-07,3.069
508077.SH,2025-03-10,3.067
508077.SH,2025-03-11,3.033
508077.SH,2025-03-12,3.002
508077.SH,2025-03-13,3.0
508077.SH,2025-03-14,3.001
508077.SH,2025-03-17,2.992
508077.SH,2025-03-18,3.029
508077.SH,2025-03-19,3.088
508077.SH,2025-03-20,3.092
508077.SH,2025-03-21,3.052
508077.SH,2025-03-24,3.07
508077.SH,2025-03-25,3.108
508077.SH,2025-03-26,3.1
508077.SH,2025-03-27,3.117
508077.SH,2025-03-28,3.194
508077.SH,2025-03-31,3.195
508077.SH,2025-04-01,3.2
508077.SH,2025-04-02,3.215
508077.SH,2025-04-03,3.296
508077.SH,2025-04-07,3.283
508077.SH,2025-04-08,3.241
508077.SH,2025-04-09,3.224
508077.SH,2025-04-10,3.267
508077.SH,2025-04-11,3.286
508077.SH,2025-04-14,3.292
508077.SH,2025-04-15,3.311
508077.SH,2025-04-16,3.31
508077.SH,2025-04-17,3.327
508077.SH,2025-04-18,3.32
508077.SH,2025-04-21,3.305
508077.SH,2025-04-22,3.297
508077.SH,2025-04-23,3.29
508077.SH,2025-04-24,3.25
508077.SH,2025-04-25,3.259
508077.SH,2025-04-28,3.24
508077.SH,2025-04-29,3.242
508077.SH,2025-04-30,3.26
508077.SH,2025-05-06,3.276
508077.SH,2025-05-07,3.296
508077.SH,2025-05-08,3.309
508077.SH,2025-05-09,3.359
508077.SH,2025-05-12,3.374
508077.SH,2025-05-13,3.412
508077.SH,2025-05-14,3.425
508077.SH,2025-05-15,3.457
508077.SH,2025-05-16,3.465
508077.SH,2025-05-19,3.465
508077.SH,2025-05-20,3.48
508077.SH,2025-05-21,3.474
508077.SH,2025-05-22,3.436
508077.SH,2025-05-23,3.445
508077.SH,2025-05-26,3.449
508077.SH,2025-05-27,3.443
508077.SH,2025-05-28,3.435
508077.SH,2025-05-29,3.413
508077.SH,2025-05-30,3.414
508077.SH,2025-06-03,3.415
508077.SH,2025-06-04,3.426
508077.SH,2025-06-05,3.43
508077.SH,2025-06-06,3.429
508077.SH,2025-06-09,3.438
508077.SH,2025-06-10,3.486
508077.SH,2025-06-11,3.469
508077.SH,2025-06-12,3.478
508077.SH,2025-06-13,3.577
508077.SH,2025-06-16,3.6
508077.SH,2025-06-17,3.646
508077.SH,2025-06-18,3.794
508077.SH,2025-06-19,3.816
508077.SH,2025-06-20,3.855
508077.SH,2025-06-23,3.875
508077.SH,2025-06-24,3.837
508077.SH,2025-06-25,3.833
508077.SH,2025-06-26,3.824
508077.SH,2025-06-27,3.82
508077.SH,2025-06-30,3.821
508077.SH,2025-07-01,3.79
508077.SH,2025-07-02,3.836
508077.SH,2025-07-03,3.836
508077.SH,2025-07-04,3.842
508077.SH,2025-07-07,3.83
508077.SH,2025-07-08,3.753
508077.SH,2025-07-09,3.714
508077.SH,2025-07-10,3.718
508077.SH,2025-07-11,3.704
508077.SH,2025-07-14,3.682
508077.SH,2025-07-15,3.731
508077.SH,2025-07-16,3.723
508077.SH,2025-07-17,3.703
508077.SH,2025-07-18,3.653
508077.SH,2025-07-21,3.627
508077.SH,2025-07-22,3.587
508077.SH,2025-07-23,3.564
508077.SH,2025-07-24,3.545
508077.SH,2025-07-25,3.542
508077.SH,2025-07-28,3.578
508077.SH,2025-07-29,3.571
508077.SH,2025-07-30,3.571
508077.SH,2025-07-31,3.665
508077.SH,2025-08-01,3.698
508077.SH,2025-08-04,3.68
508077.SH,2025-08-05,3.663
508077.SH,2025-08-06,3.678
508077.SH,2025-08-07,3.68
508077.SH,2025-08-08,3.666
508077.SH,2025-08-11,3.645
508077.SH,2025-08-12,3.652
508077.SH,2025-08-13,3.596
508077.SH,2025-08-14,3.548
508077.SH,2025-08-15,3.508
508077.SH,2025-08-18,3.42
508077.SH,2025-08-19,3.368
508077.SH,2025-08-20,3.363
508077.SH,2025-08-21,3.363
508077.SH,2025-08-22,3.374
508077.SH,2025-08-25,3.378
508077.SH,2025-08-26,3.419
508077.SH,2025-08-27,3.431
508077.SH,2025-08-28,3.43
508077.SH,2025-08-29,3.437
508077.SH,2025-09-01,3.428
508077.SH,2025-09-02,3.422
508077.SH,2025-09-03,3.42
508077.SH,2025-09-04,3.452
508077.SH,2025-09-05,3.395
508077.SH,2025-09-08,3.354
508077.SH,2025-09-09,3.353
508077.SH,2025-09-10,3.311
508077.SH,2025-09-11,3.297
508077.SH,2025-09-12,3.359
508077.SH,2025-09-15,3.353
508077.SH,2025-09-16,3.367
508077.SH,2025-09-17,3.38
508077.SH,2025-09-18,3.429
508077.SH,2025-09-19,3.433
508077.SH,2025-09-22,3.42
508077.SH,2025-09-23,3.412
508077.SH,2025-09-24,3.403
508077.SH,2025-09-25,3.389
508077.SH,2025-09-26,3.381
508077.SH,2025-09-29,3.381
508077.SH,2025-09-30,3.403
508077.SH,2025-10-09,3.402
508077.SH,2025-10-10,3.407
508077.SH,2025-10-13,3.409
508077.SH,2025-10-14,3.388
508077.SH,2025-10-15,3.364
508077.SH,2025-10-16,3.338
508077.SH,2025-10-17,3.262
508077.SH,2025-10-20,3.147
508077.SH,2025-10-21,3.148
508077.SH,2025-10-22,3.148
508077.SH,2025-10-23,3.149
508077.SH,2025-10-24,3.2
508077.SH,2025-10-27,3.17
508077.SH,2025-10-28,3.2
508077.SH,2025-10-29,3.193
508077.SH,2025-10-30,3.184
508077.SH,2025-10-31,3.177
508077.SH,2025-11-03,3.126
508077.SH,2025-11-04,3.1
508077.SH,2025-11-05,3.06
508077.SH,2025-11-06,3.049
508077.SH,2025-11-07,3.075
508077.SH,2025-11-10,3.144
508077.SH,2025-11-11,3.183
508077.SH,2025-11-12,3.151
508077.SH,2025-11-13,3.155
508077.SH,2025-11-14,3.155
508077.SH,2025-11-17,3.12
508077.SH,2025-11-18,3.131
508077.SH,2025-11-19,3.087
508077.SH,2025-11-20,3.063
508077.SH,2025-11-21,3.065
508077.SH,2025-11-24,3.061
508077.SH,2025-11-25,3.077
508077.SH,2025-11-26,3.08
508077.SH,2025-11-27,3.083
508077.SH,2025-11-28,3.07
508077.SH,2025-12-02,3.048
508077.SH,2025-12-03,3.064
508077.SH,2025-12-04,3.074
508077.SH,2025-12-05,3.135
508077.SH,2025-12-16,2.834
508077.SH,2025-12-17,2.82
508077.SH,2025-12-18,2.814
508077.SH,2025-12-19,2.806
508077.SH,2025-12-22,2.802
508077.SH,2025-12-23,2.78
508077.SH,2025-12-24,2.904
508077.SH,2025-12-25,2.98
508077.SH,2025-12-26,2.974
508077.SH,2025-12-29,2.955
508077.SH,2025-12-30,2.958
508077.SH,2025-12-31,2.959
508077.SH,2026-01-05,2.97
508077.SH,2026-01-06,2.971
508077.SH,2026-01-07,2.97
508077.SH,2026-01-08,2.95
508077.SH,2026-01-09,2.929
508077.SH,2026-01-12,2.917
508077.SH,2026-01-13,2.89
508077.SH,2026-01-14,2.889
508077.SH,2026-01-15,2.892
508077.SH,2026-01-16,2.892
508077.SH,2026-01-19,2.87
508077.SH,2026-01-20,2.899
508077.SH,2026-01-21,2.916
508077.SH,2026-01-22,2.91
508077.SH,2026-01-23,2.901
508077.SH,2026-01-26,2.9
508077.SH,2026-01-27,2.932
508077.SH,2026-01-28,2.95
508077.SH,2026-01-29,2.972
508077.SH,2026-01-30,2.957
508077.SH,2026-02-02,2.922
508077.SH,2026-02-03,2.932
508077.SH,2026-02-04,2.928
508077.SH,2026-02-05,2.916
508077.SH,2026-02-06,2.909
508077.SH,2026-02-09,2.897
508077.SH,2026-02-10,2.894
508077.SH,2026-02-11,2.902
508077.SH,2026-02-12,2.899
508077.SH,2026-02-13,2.894
508077.SH,2026-02-24,2.898
508077.SH,2026-02-25,2.9
508077.SH,2026-02-26,2.874
508077.SH,2026-02-27,2.84
508077.SH,2026-03-02,2.804
508077.SH,2026-03-03,2.825
508077.SH,2026-03-04,2.838
508077.SH,2026-03-05,2.818
508077.SH,2026-03-06,2.79
508077.SH,2026-03-09,2.79
508077.SH,2026-03-10,2.812
508077.SH,2026-03-11,2.794
508077.SH,2026-03-12,2.765
508077.SH,2026-03-13,2.776
508077.SH,2026-03-16,2.745
508077.SH,2026-03-17,2.755
508077.SH,2026-03-18,2.775
508077.SH,2026-03-19,2.765
508077.SH,2026-03-20,2.763
508077.SH,2026-03-23,2.753
508077.SH,2026-03-24,2.753
508077.SH,2026-03-25,2.754
508077.SH,2026-03-26,2.766
508077.SH,2026-03-27,2.758
508077.SH,2026-03-30,2.757
508077.SH,2026-03-31,2.748
508077.SH,2026-04-01,2.748
508077.SH,2026-04-02,2.735
508077.SH,2026-04-03,2.795
508077.SH,2026-04-07,2.782
508077.SH,2026-04-08,2.799
508077.SH,2026-04-09,2.78
508077.SH,2026-04-10,2.77
508077.SH,2026-04-13,2.783
508077.SH,2026-04-14,2.819
508077.SH,2026-04-15,2.825
508077.SH,2026-04-16,2.844
508077.SH,2026-04-17,2.854
508077.SH,2026-04-20,2.865
508077.SH,2026-04-21,2.848
508077.SH,2026-04-22,2.83
508077.SH,2026-04-23,2.8
508077.SH,2026-04-24,2.794
508077.SH,2026-04-27,2.767
508077.SH,2026-04-28,2.737
508077.SH,2026-04-29,2.726
508077.SH,2026-04-30,2.704
508077.SH,2026-05-06,2.661
508077.SH,2026-05-07,2.674
508077.SH,2026-05-08,2.705
508077.SH,2026-05-11,2.689
508077.SH,2026-05-12,2.683
508077.SH,2026-05-13,2.642
508077.SH,2026-05-14,2.605
508077.SH,2026-05-15,2.605
508077.SH,2026-05-18,2.633
508077.SH,2026-05-19,2.74
508077.SH,2026-05-20,2.744
508077.SH,2026-05-21,2.749
508077.SH,2026-05-22,2.748
508077.SH,2026-05-25,2.707
508077.SH,2026-05-26,2.685
508077.SH,2026-05-27,2.676
508077.SH,2026-05-28,2.649
508077.SH,2026-05-29,2.666
508077.SH,2026-06-01,2.708
508077.SH,2026-06-02,2.708
508077.SH,2026-06-03,2.72
508077.SH,2026-06-04,2.726
508077.SH,2026-06-05,2.741
508077.SH,2026-06-08,2.74
508077.SH,2026-06-09,2.735
508077.SH,2026-06-10,2.717
508077.SH,2026-06-11,2.719
508077.SH,2026-06-12,2.72
508077.SH,2026-06-15,2.718
508077.SH,2026-06-16,2.696
508077.SH,2026-06-17,2.7
508077.SH,2026-06-18,2.66
508077.SH,2026-06-22,2.594
508077.SH,2026-06-23,2.596
508077.SH,2026-06-24,2.592
508077.SH,2026-06-25,2.648
508077.SH,2026-06-26,2.642
508077.SH,2026-06-29,2.71
508077.SH,2026-06-30,2.769
508077.SH,2026-07-01,2.75
508077.SH,2026-07-02,2.704
508077.SH,2026-07-03,2.763
508077.SH,2026-07-06,2.763
508077.SH,2026-07-07,2.728
508077.SH,2026-07-08,2.711
508077.SH,2026-07-09,2.73
508077.SH,2026-07-10,2.734
508077.SH,2026-07-13,2.705
508077.SH,2026-07-14,2.721
508077.SH,2026-07-15,2.723
508077.SH,2026-07-16,2.715
508077.SH,2026-07-17,2.718
508077.SH,2026-07-20,2.684
508077.SH,2026-07-21,2.678
508077.SH,2026-07-22,2.63
508077.SH,2026-07-23,2.619
508077.SH,2026-07-24,2.623
508077.SH,2026-07-27,2.62
508077.SH,2026-07-28,2.645
508077.SH,2026-07-29,2.657
508077.SH,2026-07-30,2.659
508077.SH,2026-07-31,2.713
508077.SH,2026-08-03,2.678
508077.SH,2026-08-04,2.661
508077.SH,2026-08-05,2.651
508077.SH,2026-08-06,2.662
508077.SH,2026-08-07,2.698
508077.SH,2026-08-10,2.678
508077.SH,2026-08-11,2.716
508077.SH,2026-08-12,2.666
508077.SH,2026-08-13,2.664
508077.SH,2026-08-14,2.666
508077.SH,2026-08-17,2.658
508077.SH,2026-08-18,2.675
508077.SH,2026-08-19,2.701
508077.SH,2026-08-20,2.702
508077.SH,2026-08-21,2.689
508077.SH,2026-08-24,2.664
508077.SH,2026-08-25,2.673
508077.SH,2026-08-26,2.719
508077.SH,2026-08-27,2.705
508077.SH,2026-08-28,2.698
508077.SH,2026-08-31,2.684
508077.SH,2026-09-01,2.637
508077.SH,2026-09-02,2.621
508077.SH,2026-09-03,2.597
508077.SH,2026-09-04,2.6
508077.SH,2026-09-07,2.608
508077.SH,2026-09-08,2.607
508077.SH,2026-09-09,2.632
508077.SH,2026-09-10,2.63
508077.SH,2026-09-11,2.632
508077.SH,2026-09-14,2.62
508077.SH,2026-09-15,2.617
508077.SH,2026-09-16,2.62
508077.SH,2026-09-17,2.632
508077.SH,2026-09-18,2.626
508077.SH,2026-09-21,2.625
508077.SH,2026-09-22,2.664
508077.SH,2026-09-23,2.676
508077.SH,2026-09-24,2.676
508077.SH,2026-09-28,2.669
508077.SH,2026-09-29,2.662
508077.SH,2026-09-30,2.671
508078.SH,2025-01-24,3.03
508078.SH,2025-01-27,3.069
508078.SH,2025-02-05,3.06
508078.SH,2025-02-06,3.049
508078.SH,2025-02-07,3.015
508078.SH,2025-02-10,3.008
508078.SH,2025-02-11,3.124
508078.SH,2025-02-12,3.1
508078.SH,2025-02-13,3.054
508078.SH,2025-02-14,3.068
508078.SH,2025-02-17,3.083
508078.SH,2025-02-18,3.066
508078.SH,2025-02-19,3.049
508078.SH,2025-02-20,3.03
508078.SH,2025-02-21,3.045
508078.SH,2025-02-24,2.993
508078.SH,2025-02-25,2.991
508078.SH,2025-02-26,2.984
508078.SH,2025-02-27,2.969
508078.SH,2025-02-28,2.949
508078.SH,2025-03-03,2.997
508078.SH,2025-03-04,3.023
508078.SH,2025-03-05,3.023
508078.SH,2025-03-06,3.012
508078.SH,2025-03-07,3.004
508078.SH,2025-03-10,3.008
508078.SH,2025-03-11,3.008
508078.SH,2025-03-12,3.002
508078.SH,2025-03-13,2.998
508078.SH,2025-03-14,3.0
508078.SH,2025-03-17,3.0
508078.SH,2025-03-18,3.001
508078.SH,2025-03-19,3.04
508078.SH,2025-03-20,3.041
508078.SH,2025-03-21,3.044
508078.SH,2025-03-24,3.035
508078.SH,2025-03-25,3.044
508078.SH,2025-03-26,3.042
508078.SH,2025-03-27,3.046
508078.SH,2025-03-28,3.046
508078.SH,2025-03-31,3.064
508078.SH,2025-04-01,3.07
508078.SH,2025-04-02,3.085
508078.SH,2025-04-03,3.1
508078.SH,2025-04-07,3.011
508078.SH,2025-04-08,3.018
508078.SH,2025-04-09,3.022
508078.SH,2025-04-10,3.059
508078.SH,2025-04-11,3.102
508078.SH,2025-04-14,3.112
508078.SH,2025-04-15,3.121
508078.SH,2025-04-16,3.124
508078.SH,2025-04-17,3.155
508078.SH,2025-04-18,3.168
508078.SH,2025-04-21,3.156
508078.SH,2025-04-22,3.115
508078.SH,2025-04-23,3.113
508078.SH,2025-04-24,3.125
508078.SH,2025-04-25,3.136
508078.SH,2025-04-28,3.068
508078.SH,2025-04-29,3.082
508078.SH,2025-04-30,3.099
508078.SH,2025-05-06,3.099
508078.SH,2025-05-07,3.105
508078.SH,2025-05-08,3.108
508078.SH,2025-05-09,3.12
508078.SH,2025-05-12,3.154
508078.SH,2025-05-13,3.149
508078.SH,2025-05-14,3.17
508078.SH,2025-05-15,3.189
508078.SH,2025-05-16,3.271
508078.SH,2025-05-19,3.33
508078.SH,2025-05-20,3.364
508078.SH,2025-05-21,3.418
508078.SH,2025-05-22,3.452
508078.SH,2025-05-23,3.419
508078.SH,2025-05-26,3.397
508078.SH,2025-05-27,3.391
508078.SH,2025-05-28,3.398
508078.SH,2025-05-29,3.389
508078.SH,2025-05-30,3.384
508078.SH,2025-06-03,3.387
508078.SH,2025-06-04,3.38
508078.SH,2025-06-05,3.423
508078.SH,2025-06-06,3.41
508078.SH,2025-06-09,3.418
508078.SH,2025-06-10,3.414
508078.SH,2025-06-11,3.428
508078.SH,2025-06-12,3.409
508078.SH,2025-06-13,3.401
508078.SH,2025-06-16,3.414
508078.SH,2025-06-17,3.415
508078.SH,2025-06-18,3.444
508078.SH,2025-06-19,3.445
508078.SH,2025-06-20,3.54
508078.SH,2025-06-23,3.56
508078.SH,2025-06-24,3.488
508078.SH,2025-06-25,3.507
508078.SH,2025-06-26,3.502
508078.SH,2025-06-27,3.5
508078.SH,2025-06-30,3.468
508078.SH,2025-07-01,3.439
508078.SH,2025-07-02,3.464
508078.SH,2025-07-03,3.453
508078.SH,2025-07-04,3.466
508078.SH,2025-07-07,3.505
508078.SH,2025-07-08,3.499
508078.SH,2025-07-09,3.467
508078.SH,2025-07-10,3.459
508078.SH,2025-07-11,3.452
508078.SH,2025-07-14,3.434
508078.SH,2025-07-15,3.467
508078.SH,2025-07-16,3.471
508078.SH,2025-07-17,3.471
508078.SH,2025-07-18,3.475
508078.SH,2025-07-21,3.437
508078.SH,2025-07-22,3.371
508078.SH,2025-07-23,3.315
508078.SH,2025-07-24,3.289
508078.SH,2025-07-25,3.264
508078.SH,2025-07-28,3.26
508078.SH,2025-07-29,3.252
508078.SH,2025-07-30,3.326
508078.SH,2025-07-31,3.375
508078.SH,2025-08-01,3.37
508078.SH,2025-08-04,3.343
508078.SH,2025-08-05,3.336
508078.SH,2025-08-06,3.329
508078.SH,2025-08-07,3.324
508078.SH,2025-08-08,3.31
508078.SH,2025-08-11,3.256
508078.SH,2025-08-12,3.291
508078.SH,2025-08-13,3.294
508078.SH,2025-08-14,3.275
508078.SH,2025-08-15,3.235
508078.SH,2025-08-18,3.131
508078.SH,2025-08-19,3.087
508078.SH,2025-08-20,3.101
508078.SH,2025-08-21,3.128
508078.SH,2025-08-22,3.124
508078.SH,2025-08-25,3.153
508078.SH,2025-08-26,3.268
508078.SH,2025-08-27,3.268
508078.SH,2025-08-28,3.266
508078.SH,2025-08-29,3.258
508078.SH,2025-09-01,3.243
508078.SH,2025-09-02,3.253
508078.SH,2025-09-03,3.255
508078.SH,2025-09-04,3.261
508078.SH,2025-09-05,3.23
508078.SH,2025-09-08,3.186
508078.SH,2025-09-09,3.166
508078.SH,2025-09-10,3.145
508078.SH,2025-09-11,3.18
508078.SH,2025-09-12,3.207
508078.SH,2025-09-15,3.224
508078.SH,2025-09-16,3.235
508078.SH,2025-09-17,3.275
508078.SH,2025-09-18,3.247
508078.SH,2025-09-19,3.251
508078.SH,2025-09-22,3.223
508078.SH,2025-09-23,3.222
508078.SH,2025-09-24,3.225
508078.SH,2025-09-25,3.222
508078.SH,2025-09-26,3.204
508078.SH,2025-09-29,3.211
508078.SH,2025-09-30,3.208
508078.SH,2025-10-09,3.204
508078.SH,2025-10-10,3.204
508078.SH,2025-10-13,3.214
508078.SH,2025-10-14,3.194
508078.SH,2025-10-15,3.16
508078.SH,2025-10-16,3.141
508078.SH,2025-10-17,3.13
508078.SH,2025-10-20,3.108
508078.SH,2025-10-21,3.1
508078.SH,2025-10-22,3.162
508078.SH,2025-10-23,3.187
508078.SH,2025-10-24,3.242
508078.SH,2025-10-27,3.223
508078.SH,2025-10-28,3.23
508078.SH,2025-10-29,3.255
508078.SH,2025-10-30,3.245
508078.SH,2025-10-31,3.248
508078.SH,2025-11-03,3.243
508078.SH,2025-11-04,3.203
508078.SH,2025-11-05,3.166
508078.SH,2025-11-06,3.167
508078.SH,2025-11-07,3.197
508078.SH,2025-11-10,3.17
508078.SH,2025-11-11,3.194
508078.SH,2025-11-12,3.21
508078.SH,2025-11-13,3.197
508078.SH,2025-11-14,3.199
508078.SH,2025-11-17,3.13
508078.SH,2025-11-18,3.125
508078.SH,2025-11-19,3.098
508078.SH,2025-11-20,3.08
508078.SH,2025-11-21,3.054
508078.SH,2025-11-24,3.044
508078.SH,2025-11-25,3.066
508078.SH,2025-11-26,3.061
508078.SH,2025-11-27,3.069
508078.SH,2025-11-28,3.046
508078.SH,2025-12-01,3.035
508078.SH,2025-12-02,3.021
508078.SH,2025-12-03,3.018
508078.SH,2025-12-04,3.001
508078.SH,2025-12-05,3.018
508078.SH,2025-12-08,3.008
508078.SH,2025-12-09,3.019
508078.SH,2025-12-10,3.017
508078.SH,2025-12-11,3.01
508078.SH,2025-12-12,3.008
508078.SH,2025-12-15,2.983
508078.SH,2025-12-16,2.956
508078.SH,2025-12-17,2.949
508078.SH,2025-12-18,2.925
508078.SH,2025-12-19,2.91
508078.SH,2025-12-22,2.903
508078.SH,2025-12-23,2.884
508078.SH,2025-12-24,2.949
508078.SH,2025-12-25,2.984
508078.SH,2025-12-26,2.927
508078.SH,2025-12-29,2.889
508078.SH,2025-12-30,2.884
508078.SH,2025-12-31,2.895
508078.SH,2026-01-05,2.935
508078.SH,2026-01-06,2.936
508078.SH,2026-01-07,2.964
508078.SH,2026-01-08,2.961
508078.SH,2026-01-09,2.942
508078.SH,2026-01-12,2.928
508078.SH,2026-01-13,2.92
508078.SH,2026-01-14,2.928
508078.SH,2026-01-15,2.93
508078.SH,2026-01-16,2.911
508078.SH,2026-01-19,2.888
508078.SH,2026-01-20,2.899
508078.SH,2026-01-21,2.914
508078.SH,2026-01-22,2.97
508078.SH,2026-01-23,2.97
508078.SH,2026-01-26,2.9
508078.SH,2026-01-27,2.909
508078.SH,2026-01-28,2.92
508078.SH,2026-01-29,2.945
508078.SH,2026-01-30,2.902
508078.SH,2026-02-02,2.885
508078.SH,2026-02-03,2.919
508078.SH,2026-02-04,2.923
508078.SH,2026-02-05,2.928
508078.SH,2026-02-06,2.895
508078.SH,2026-02-09,2.9
508078.SH,2026-02-10,2.895
508078.SH,2026-02-11,2.912
508078.SH,2026-02-12,2.912
508078.SH,2026-02-13,2.913
508078.SH,2026-02-24,2.91
508078.SH,2026-02-25,2.912
508078.SH,2026-02-26,2.91
508078.SH,2026-02-27,2.895
508078.SH,2026-03-02,2.873
508078.SH,2026-03-03,2.873
508078.SH,2026-03-04,2.871
508078.SH,2026-03-05,2.857
508078.SH,2026-03-06,2.84
508078.SH,2026-03-09,2.839
508078.SH,2026-03-10,2.841
508078.SH,2026-03-11,2.841
508078.SH,2026-03-12,2.825
508078.SH,2026-03-13,2.836
508078.SH,2026-03-16,2.807
508078.SH,2026-03-17,2.812
508078.SH,2026-03-18,2.858
508078.SH,2026-03-19,2.843
508078.SH,2026-03-20,2.833
508078.SH,2026-03-23,2.822
508078.SH,2026-03-24,2.823
508078.SH,2026-03-25,2.824
508078.SH,2026-03-26,2.82
508078.SH,2026-03-27,2.811
508078.SH,2026-03-30,2.805
508078.SH,2026-03-31,2.797
508078.SH,2026-04-01,2.794
508078.SH,2026-04-02,2.783
508078.SH,2026-04-03,2.785
508078.SH,2026-04-07,2.808
508078.SH,2026-04-08,2.805
508078.SH,2026-04-09,2.802
508078.SH,2026-04-10,2.798
508078.SH,2026-04-13,2.797
508078.SH,2026-04-14,2.8
508078.SH,2026-04-15,2.799
508078.SH,2026-04-16,2.831
508078.SH,2026-04-17,2.815
508078.SH,2026-04-20,2.813
508078.SH,2026-04-21,2.815
508078.SH,2026-04-22,2.803
508078.SH,2026-04-23,2.797
508078.SH,2026-04-24,2.791
508078.SH,2026-04-27,2.779
508078.SH,2026-04-28,2.782
508078.SH,2026-04-29,2.771
508078.SH,2026-04-30,2.773
508078.SH,2026-05-06,2.765
508078.SH,2026-05-07,2.783
508078.SH,2026-05-08,2.79
508078.SH,2026-05-11,2.779
508078.SH,2026-05-12,2.765
508078.SH,2026-05-13,2.738
508078.SH,2026-05-14,2.67
508078.SH,2026-05-15,2.64
508078.SH,2026-05-18,2.68
508078.SH,2026-05-19,2.734
508078.SH,2026-05-20,2.734
508078.SH,2026-05-21,2.693
508078.SH,2026-05-22,2.679
508078.SH,2026-05-25,2.678
508078.SH,2026-05-26,2.58
508078.SH,2026-05-27,2.537
508078.SH,2026-05-28,2.54
508078.SH,2026-05-29,2.588
508078.SH,2026-06-01,2.539
508078.SH,2026-06-02,2.567
508078.SH,2026-06-03,2.573
508078.SH,2026-06-04,2.565
508078.SH,2026-06-05,2.585
508078.SH,2026-06-08,2.569
508078.SH,2026-06-09,2.538
508078.SH,2026-06-10,2.509
508078.SH,2026-06-11,2.452
508078.SH,2026-06-12,2.456
508078.SH,2026-06-15,2.454
508078.SH,2026-06-16,2.442
508078.SH,2026-06-17,2.427
508078.SH,2026-06-18,2.36
508078.SH,2026-06-22,2.253
508078.SH,2026-06-23,2.192
508078.SH,2026-06-24,2.19
508078.SH,2026-06-25,2.239
508078.SH,2026-06-26,2.215
508078.SH,2026-06-29,2.293
508078.SH,2026-06-30,2.306
508078.SH,2026-07-01,2.315
508078.SH,2026-07-02,2.313
508078.SH,2026-07-03,2.318
508078.SH,2026-07-06,2.326
508078.SH,2026-07-07,2.31
508078.SH,2026-07-08,2.291
508078.SH,2026-07-09,2.287
508078.SH,2026-07-10,2.306
508078.SH,2026-07-13,2.29
508078.SH,2026-07-14,2.268
508078.SH,2026-07-15,2.231
508078.SH,2026-07-16,2.23
508078.SH,2026-07-17,2.224
508078.SH,2026-07-20,2.195
508078.SH,2026-07-21,2.159
508078.SH,2026-07-22,2.078
508078.SH,2026-07-23,2.019
508078.SH,2026-07-24,2.015
508078.SH,2026-07-27,1.97
508078.SH,2026-07-28,1.922
508078.SH,2026-07-29,1.915
508078.SH,2026-07-30,1.914
508078.SH,2026-07-31,1.938
508078.SH,2026-08-03,1.917
508078.SH,2026-08-04,1.83
508078.SH,2026-08-05,1.755
508078.SH,2026-08-06,1.715
508078.SH,2026-08-07,1.755
508078.SH,2026-08-10,1.789
508078.SH,2026-08-11,1.809
508078.SH,2026-08-12,1.793
508078.SH,2026-08-13,1.775
508078.SH,2026-08-14,1.787
508078.SH,2026-08-17,1.765
508078.SH,2026-08-18,1.781
508078.SH,2026-08-19,1.837
508078.SH,2026-08-20,1.912
508078.SH,2026-08-21,1.912
508078.SH,2026-08-24,1.897
508078.SH,2026-08-25,1.889
508078.SH,2026-08-26,1.975
508078.SH,2026-08-27,2.017
508078.SH,2026-08-28,2.025
508078.SH,2026-08-31,2.022
508078.SH,2026-09-01,1.973
508078.SH,2026-09-02,1.953
508078.SH,2026-09-03,1.95
508078.SH,2026-09-04,1.95
508078.SH,2026-09-07,1.905
508078.SH,2026-09-08,1.882
508078.SH,2026-09-09,1.88
508078.SH,2026-09-10,1.861
508078.SH,2026-09-11,1.862
508078.SH,2026-09-14,1.86
508078.SH,2026-09-15,1.88
508078.SH,2026-09-16,1.887
508078.SH,2026-09-17,1.954
508078.SH,2026-09-18,1.946
508078.SH,2026-09-21,1.955
508078.SH,2026-09-22,1.95
508078.SH,2026-09-23,1.964
508078.SH,2026-09-24,1.96
508078.SH,2026-09-28,1.959
508078.SH,2026-09-29,1.964
508078.SH,2026-09-30,1.971
508080.SH,2025-06-26,3.536
508080.SH,2025-06-27,3.89
508080.SH,2025-06-30,3.915
508080.SH,2025-07-01,3.903
508080.SH,2025-07-02,3.923
508080.SH,2025-07-03,3.923
508080.SH,2025-07-04,3.959
508080.SH,2025-07-07,3.967
508080.SH,2025-07-08,3.953
508080.SH,2025-07-09,3.947
508080.SH,2025-07-10,3.937
508080.SH,2025-07-11,3.929
508080.SH,2025-07-14,3.925
508080.SH,2025-07-15,3.93
508080.SH,2025-07-16,3.94
508080.SH,2025-07-17,3.939
508080.SH,2025-07-18,3.935
508080.SH,2025-07-21,3.926
508080.SH,2025-07-22,3.917
508080.SH,2025-07-23,3.85
508080.SH,2025-07-24,3.799
508080.SH,2025-07-25,3.828
508080.SH,2025-07-28,3.828
508080.SH,2025-07-29,3.88
508080.SH,2025-07-30,3.87
508080.SH,2025-07-31,3.903
508080.SH,2025-08-01,3.92
508080.SH,2025-08-04,3.901
508080.SH,2025-08-05,3.918
508080.SH,2025-08-06,3.93
508080.SH,2025-08-07,3.921
508080.SH,2025-08-08,3.916
508080.SH,2025-08-11,3.889
508080.SH,2025-08-12,3.892
508080.SH,2025-08-13,3.874
508080.SH,2025-08-14,3.881
508080.SH,2025-08-15,3.81
508080.SH,2025-08-18,3.735
508080.SH,2025-08-19,3.721
508080.SH,2025-08-20,3.736
508080.SH,2025-08-21,3.776
508080.SH,2025-08-22,3.807
508080.SH,2025-08-25,3.826
508080.SH,2025-08-26,3.882
508080.SH,2025-08-27,3.891
508080.SH,2025-08-28,3.85
508080.SH,2025-08-29,3.848
508080.SH,2025-09-01,3.863
508080.SH,2025-09-02,3.88
508080.SH,2025-09-03,3.892
508080.SH,2025-09-04,3.903
508080.SH,2025-09-05,3.877
508080.SH,2025-09-08,3.835
508080.SH,2025-09-09,3.845
508080.SH,2025-09-10,3.847
508080.SH,2025-09-11,3.848
508080.SH,2025-09-12,3.821
508080.SH,2025-09-15,3.84
508080.SH,2025-09-16,3.833
508080.SH,2025-09-17,3.845
508080.SH,2025-09-18,3.879
508080.SH,2025-09-19,3.88
508080.SH,2025-09-22,3.886
508080.SH,2025-09-23,3.864
508080.SH,2025-09-24,3.88
508080.SH,2025-09-25,3.86
508080.SH,2025-09-26,3.846
508080.SH,2025-09-29,3.83
508080.SH,2025-09-30,3.829
508080.SH,2025-10-09,3.82
508080.SH,2025-10-10,3.844
508080.SH,2025-10-13,3.84
508080.SH,2025-10-14,3.812
508080.SH,2025-10-15,3.804
508080.SH,2025-10-16,3.8
508080.SH,2025-10-17,3.782
508080.SH,2025-10-20,3.72
508080.SH,2025-10-21,3.715
508080.SH,2025-10-22,3.748
508080.SH,2025-10-23,3.757
508080.SH,2025-10-24,3.803
508080.SH,2025-10-27,3.764
508080.SH,2025-10-28,3.827
508080.SH,2025-10-29,3.867
508080.SH,2025-10-30,3.818
508080.SH,2025-10-31,3.789
508080.SH,2025-11-03,3.785
508080.SH,2025-11-04,3.753
508080.SH,2025-11-05,3.774
508080.SH,2025-11-06,3.834
508080.SH,2025-11-07,3.807
508080.SH,2025-11-10,3.813
508080.SH,2025-11-11,3.814
508080.SH,2025-11-12,3.82
508080.SH,2025-11-13,3.783
508080.SH,2025-11-14,3.764
508080.SH,2025-11-17,3.759
508080.SH,2025-11-18,3.783
508080.SH,2025-11-19,3.788
508080.SH,2025-11-20,3.804
508080.SH,2025-11-21,3.8
508080.SH,2025-11-24,3.746
508080.SH,2025-11-25,3.74
508080.SH,2025-11-26,3.768
508080.SH,2025-11-27,3.771
508080.SH,2025-11-28,3.741
508080.SH,2025-12-01,3.723
508080.SH,2025-12-02,3.708
508080.SH,2025-12-03,3.709
508080.SH,2025-12-04,3.71
508080.SH,2025-12-05,3.717
508080.SH,2025-12-08,3.72
508080.SH,2025-12-09,3.706
508080.SH,2025-12-10,3.693
508080.SH,2025-12-11,3.736
508080.SH,2025-12-12,3.768
508080.SH,2025-12-15,3.707
508080.SH,2025-12-16,3.688
508080.SH,2025-12-17,3.659
508080.SH,2025-12-18,3.663
508080.SH,2025-12-19,3.674
508080.SH,2025-12-22,3.645
508080.SH,2025-12-23,3.638
508080.SH,2025-12-24,3.729
508080.SH,2025-12-25,3.756
508080.SH,2025-12-26,3.732
508080.SH,2025-12-29,3.713
508080.SH,2025-12-30,3.717
508080.SH,2025-12-31,3.713
508080.SH,2026-01-05,3.768
508080.SH,2026-01-06,3.803
508080.SH,2026-01-07,3.801
508080.SH,2026-01-08,3.808
508080.SH,2026-01-09,3.791
508080.SH,2026-01-12,3.78
508080.SH,2026-01-13,3.781
508080.SH,2026-01-14,3.802
508080.SH,2026-01-15,3.768
508080.SH,2026-01-16,3.768
508080.SH,2026-01-19,3.742
508080.SH,2026-01-20,3.776
508080.SH,2026-01-21,3.816
508080.SH,2026-01-22,3.872
508080.SH,2026-01-23,3.932
508080.SH,2026-01-26,3.889
508080.SH,2026-01-27,3.889
508080.SH,2026-01-28,3.899
508080.SH,2026-01-29,3.9
508080.SH,2026-01-30,3.899
508080.SH,2026-02-02,3.862
508080.SH,2026-02-03,3.914
508080.SH,2026-02-04,3.893
508080.SH,2026-02-05,3.883
508080.SH,2026-02-06,3.87
508080.SH,2026-02-09,3.879
508080.SH,2026-02-10,3.905
508080.SH,2026-02-11,3.929
508080.SH,2026-02-12,3.946
508080.SH,2026-02-13,3.945
508080.SH,2026-02-24,3.921
508080.SH,2026-02-25,3.926
508080.SH,2026-02-26,3.911
508080.SH,2026-02-27,3.849
508080.SH,2026-03-02,3.852
508080.SH,2026-03-03,3.9
508080.SH,2026-03-04,3.896
508080.SH,2026-03-05,3.89
508080.SH,2026-03-06,3.801
508080.SH,2026-03-09,3.779
508080.SH,2026-03-10,3.806
508080.SH,2026-03-11,3.805
508080.SH,2026-03-12,3.785
508080.SH,2026-03-13,3.81
508080.SH,2026-03-16,3.772
508080.SH,2026-03-17,3.799
508080.SH,2026-03-18,3.799
508080.SH,2026-03-19,3.809
508080.SH,2026-03-20,3.81
508080.SH,2026-03-23,3.782
508080.SH,2026-03-24,3.791
508080.SH,2026-03-25,3.784
508080.SH,2026-03-26,3.775
508080.SH,2026-03-27,3.77
508080.SH,2026-03-30,3.764
508080.SH,2026-03-31,3.761
508080.SH,2026-04-01,3.746
508080.SH,2026-04-02,3.745
508080.SH,2026-04-03,3.749
508080.SH,2026-04-07,3.8
508080.SH,2026-04-08,3.74
508080.SH,2026-04-09,3.74
508080.SH,2026-04-10,3.743
508080.SH,2026-04-13,3.763
508080.SH,2026-04-14,3.757
508080.SH,2026-04-15,3.76
508080.SH,2026-04-16,3.79
508080.SH,2026-04-17,3.777
508080.SH,2026-04-20,3.776
508080.SH,2026-04-21,3.78
508080.SH,2026-04-22,3.761
508080.SH,2026-04-23,3.72
508080.SH,2026-04-24,3.691
508080.SH,2026-04-27,3.698
508080.SH,2026-04-28,3.69
508080.SH,2026-04-29,3.7
508080.SH,2026-04-30,3.673
508080.SH,2026-05-06,3.67
508080.SH,2026-05-07,3.665
508080.SH,2026-05-08,3.643
508080.SH,2026-05-11,3.632
508080.SH,2026-05-12,3.63
508080.SH,2026-05-13,3.614
508080.SH,2026-05-14,3.567
508080.SH,2026-05-15,3.55
508080.SH,2026-05-18,3.5
508080.SH,2026-05-19,3.542
508080.SH,2026-05-20,3.53
508080.SH,2026-05-21,3.509
508080.SH,2026-05-22,3.509
508080.SH,2026-05-25,3.474
508080.SH,2026-05-26,3.363
508080.SH,2026-05-27,3.256
508080.SH,2026-05-28,3.216
508080.SH,2026-05-29,3.203
508080.SH,2026-06-01,3.298
508080.SH,2026-06-02,3.302
508080.SH,2026-06-03,3.33
508080.SH,2026-06-04,3.365
508080.SH,2026-06-05,3.369
508080.SH,2026-06-08,3.381
508080.SH,2026-06-09,3.332
508080.SH,2026-06-10,3.248
508080.SH,2026-06-11,3.205
508080.SH,2026-06-12,3.185
508080.SH,2026-06-15,3.173
508080.SH,2026-06-16,3.151
508080.SH,2026-06-17,3.137
508080.SH,2026-06-18,3.099
508080.SH,2026-06-22,2.972
508080.SH,2026-06-23,2.982
508080.SH,2026-06-24,2.84
508080.SH,2026-06-25,2.869
508080.SH,2026-06-26,2.788
508080.SH,2026-06-29,2.792
508080.SH,2026-06-30,2.927
508080.SH,2026-07-01,3.053
508080.SH,2026-07-02,3.054
508080.SH,2026-07-03,3.037
508080.SH,2026-07-06,3.032
508080.SH,2026-07-07,3.0
508080.SH,2026-07-08,2.996
508080.SH,2026-07-09,3.029
508080.SH,2026-07-10,3.108
508080.SH,2026-07-13,3.016
508080.SH,2026-07-14,3.003
508080.SH,2026-07-15,2.942
508080.SH,2026-07-16,2.971
508080.SH,2026-07-17,2.943
508080.SH,2026-07-20,2.85
508080.SH,2026-07-21,2.78
508080.SH,2026-07-22,2.682
508080.SH,2026-07-23,2.634
508080.SH,2026-07-24,2.618
508080.SH,2026-07-27,2.578
508080.SH,2026-07-28,2.512
508080.SH,2026-07-29,2.465
508080.SH,2026-07-30,2.446
508080.SH,2026-07-31,2.53
508080.SH,2026-08-03,2.523
508080.SH,2026-08-04,2.436
508080.SH,2026-08-05,2.41
508080.SH,2026-08-06,2.411
508080.SH,2026-08-07,2.42
508080.SH,2026-08-10,2.404
508080.SH,2026-08-11,2.397
508080.SH,2026-08-12,2.405
508080.SH,2026-08-13,2.37
508080.SH,2026-08-14,2.393
508080.SH,2026-08-17,2.372
508080.SH,2026-08-18,2.43
508080.SH,2026-08-19,2.504
508080.SH,2026-08-20,2.586
508080.SH,2026-08-21,2.613
508080.SH,2026-08-24,2.629
508080.SH,2026-08-25,2.638
508080.SH,2026-08-26,2.715
508080.SH,2026-08-27,2.728
508080.SH,2026-08-28,2.764
508080.SH,2026-08-31,2.798
508080.SH,2026-09-01,2.773
508080.SH,2026-09-02,2.679
508080.SH,2026-09-03,2.572
508080.SH,2026-09-04,2.674
508080.SH,2026-09-07,2.677
508080.SH,2026-09-08,2.686
508080.SH,2026-09-09,2.704
508080.SH,2026-09-10,2.692
508080.SH,2026-09-11,2.682
508080.SH,2026-09-14,2.677
508080.SH,2026-09-15,2.677
508080.SH,2026-09-16,2.665
508080.SH,2026-09-17,2.689
508080.SH,2026-09-18,2.67
508080.SH,2026-09-21,2.684
508080.SH,2026-09-22,2.68
508080.SH,2026-09-23,2.696
508080.SH,2026-09-24,2.733
508080.SH,2026-09-28,2.718
508080.SH,2026-09-29,2.719
508080.SH,2026-09-30,2.725
508082.SH,2025-09-12,4.413
508082.SH,2025-09-15,4.4
508082.SH,2025-09-16,4.389
508082.SH,2025-09-17,4.388
508082.SH,2025-09-18,4.401
508082.SH,2025-09-19,4.398
508082.SH,2025-09-22,4.395
508082.SH,2025-09-23,4.391
508082.SH,2025-09-24,4.397
508082.SH,2025-09-25,4.377
508082.SH,2025-09-26,4.377
508082.SH,2025-09-29,4.359
508082.SH,2025-09-30,4.345
508082.SH,2025-10-09,4.307
508082.SH,2025-10-10,4.274
508082.SH,2025-10-13,4.28
508082.SH,2025-10-14,4.281
508082.SH,2025-10-15,4.275
508082.SH,2025-10-16,4.26
508082.SH,2025-10-17,4.25
508082.SH,2025-10-20,4.23
508082.SH,2025-10-21,4.227
508082.SH,2025-10-22,4.236
508082.SH,2025-10-23,4.284
508082.SH,2025-10-24,4.3
508082.SH,2025-10-27,4.295
508082.SH,2025-10-28,4.318
508082.SH,2025-10-29,4.342
508082.SH,2025-10-30,4.332
508082.SH,2025-10-31,4.325
508082.SH,2025-11-03,4.315
508082.SH,2025-11-04,4.304
508082.SH,2025-11-05,4.324
508082.SH,2025-11-06,4.34
508082.SH,2025-11-07,4.35
508082.SH,2025-11-10,4.365
508082.SH,2025-11-11,4.375
508082.SH,2025-11-12,4.394
508082.SH,2025-11-13,4.381
508082.SH,2025-11-14,4.38
508082.SH,2025-11-17,4.379
508082.SH,2025-11-18,4.38
508082.SH,2025-11-19,4.384
508082.SH,2025-11-20,4.375
508082.SH,2025-11-21,4.374
508082.SH,2025-11-24,4.35
508082.SH,2025-11-25,4.369
508082.SH,2025-11-26,4.376
508082.SH,2025-11-27,4.375
508082.SH,2025-11-28,4.388
508082.SH,2025-12-01,4.38
508082.SH,2025-12-02,4.379
508082.SH,2025-12-03,4.374
508082.SH,2025-12-04,4.382
508082.SH,2025-12-05,4.388
508082.SH,2025-12-08,4.345
508082.SH,2025-12-09,4.363
508082.SH,2025-12-10,4.366
508082.SH,2025-12-11,4.361
508082.SH,2025-12-12,4.362
508082.SH,2025-12-15,4.31
508082.SH,2025-12-16,4.327
508082.SH,2025-12-17,4.301
508082.SH,2025-12-18,4.3
508082.SH,2025-12-19,4.278
508082.SH,2025-12-22,4.232
508082.SH,2025-12-23,4.232
508082.SH,2025-12-24,4.3
508082.SH,2025-12-25,4.329
508082.SH,2025-12-26,4.306
508082.SH,2025-12-29,4.263
508082.SH,2025-12-30,4.248
508082.SH,2025-12-31,4.218
508082.SH,2026-01-05,4.257
508082.SH,2026-01-06,4.361
508082.SH,2026-01-07,4.382
508082.SH,2026-01-08,4.38
508082.SH,2026-01-09,4.377
508082.SH,2026-01-12,4.377
508082.SH,2026-01-13,4.384
508082.SH,2026-01-14,4.39
508082.SH,2026-01-15,4.351
508082.SH,2026-01-16,4.363
508082.SH,2026-01-19,4.384
508082.SH,2026-01-20,4.402
508082.SH,2026-01-21,4.49
508082.SH,2026-01-22,4.532
508082.SH,2026-01-23,4.476
508082.SH,2026-01-26,4.535
508082.SH,2026-01-27,4.552
508082.SH,2026-01-28,4.582
508082.SH,2026-01-29,4.59
508082.SH,2026-01-30,4.541
508082.SH,2026-02-02,4.435
508082.SH,2026-02-03,4.457
508082.SH,2026-02-04,4.451
508082.SH,2026-02-05,4.472
508082.SH,2026-02-06,4.475
508082.SH,2026-02-09,4.473
508082.SH,2026-02-10,4.489
508082.SH,2026-02-11,4.514
508082.SH,2026-02-12,4.509
508082.SH,2026-02-13,4.516
508082.SH,2026-02-24,4.5
508082.SH,2026-02-25,4.481
508082.SH,2026-02-26,4.45
508082.SH,2026-02-27,4.449
508082.SH,2026-03-02,4.426
508082.SH,2026-03-03,4.481
508082.SH,2026-03-04,4.42
508082.SH,2026-03-05,4.438
508082.SH,2026-03-06,4.43
508082.SH,2026-03-09,4.429
508082.SH,2026-03-10,4.431
508082.SH,2026-03-11,4.406
508082.SH,2026-03-12,4.375
508082.SH,2026-03-13,4.379
508082.SH,2026-03-16,4.355
508082.SH,2026-03-17,4.38
508082.SH,2026-03-18,4.384
508082.SH,2026-03-19,4.402
508082.SH,2026-03-20,4.404
508082.SH,2026-03-23,4.365
508082.SH,2026-03-24,4.39
508082.SH,2026-03-25,4.4
508082.SH,2026-03-26,4.388
508082.SH,2026-03-27,4.396
508082.SH,2026-03-30,4.4
508082.SH,2026-03-31,4.399
508082.SH,2026-04-01,4.4
508082.SH,2026-04-02,4.436
508082.SH,2026-04-03,4.468
508082.SH,2026-04-07,4.446
508082.SH,2026-04-08,4.475
508082.SH,2026-04-09,4.47
508082.SH,2026-04-10,4.465
508082.SH,2026-04-13,4.442
508082.SH,2026-04-14,4.483
508082.SH,2026-04-15,4.468
508082.SH,2026-04-16,4.491
508082.SH,2026-04-17,4.473
508082.SH,2026-04-20,4.467
508082.SH,2026-04-21,4.446
508082.SH,2026-04-22,4.5
508082.SH,2026-04-23,4.505
508082.SH,2026-04-24,4.495
508082.SH,2026-04-27,4.455
508082.SH,2026-04-28,4.447
508082.SH,2026-04-29,4.455
508082.SH,2026-04-30,4.421
508082.SH,2026-05-06,4.413
508082.SH,2026-05-07,4.4
508082.SH,2026-05-08,4.403
508082.SH,2026-05-11,4.403
508082.SH,2026-05-12,4.4
508082.SH,2026-05-13,4.393
508082.SH,2026-05-14,4.37
508082.SH,2026-05-15,4.374
508082.SH,2026-05-18,4.395
508082.SH,2026-05-19,4.476
508082.SH,2026-05-20,4.487
508082.SH,2026-05-21,4.45
508082.SH,2026-05-22,4.458
508082.SH,2026-05-25,4.458
508082.SH,2026-05-26,4.432
508082.SH,2026-05-27,4.362
508082.SH,2026-05-28,4.314
508082.SH,2026-05-29,4.411
508082.SH,2026-06-01,4.406
508082.SH,2026-06-02,4.37
508082.SH,2026-06-03,4.378
508082.SH,2026-06-04,4.371
508082.SH,2026-06-05,4.383
508082.SH,2026-06-08,4.388
508082.SH,2026-06-09,4.365
508082.SH,2026-06-10,4.36
508082.SH,2026-06-11,4.339
508082.SH,2026-06-12,4.341
508082.SH,2026-06-15,4.314
508082.SH,2026-06-16,4.284
508082.SH,2026-06-17,4.285
508082.SH,2026-06-18,4.2
508082.SH,2026-06-22,4.1
508082.SH,2026-06-23,4.08
508082.SH,2026-06-24,3.99
508082.SH,2026-06-25,4.181
508082.SH,2026-06-26,4.182
508082.SH,2026-06-29,4.294
508082.SH,2026-06-30,4.255
508082.SH,2026-07-01,4.187
508082.SH,2026-07-02,4.187
508082.SH,2026-07-03,4.228
508082.SH,2026-07-06,4.235
508082.SH,2026-07-07,4.176
508082.SH,2026-07-08,4.1
508082.SH,2026-07-09,4.103
508082.SH,2026-07-10,4.166
508082.SH,2026-07-13,4.114
508082.SH,2026-07-14,4.121
508082.SH,2026-07-15,4.139
508082.SH,2026-07-16,4.12
508082.SH,2026-07-17,4.087
508082.SH,2026-07-20,4.067
508082.SH,2026-07-21,4.03
508082.SH,2026-07-22,3.961
508082.SH,2026-07-23,4.0
508082.SH,2026-07-24,4.073
508082.SH,2026-07-27,4.056
508082.SH,2026-07-28,4.045
508082.SH,2026-07-29,4.035
508082.SH,2026-07-30,4.062
508082.SH,2026-07-31,4.09
508082.SH,2026-08-03,4.093
508082.SH,2026-08-04,4.081
508082.SH,2026-08-05,4.003
508082.SH,2026-08-06,3.968
508082.SH,2026-08-07,3.989
508082.SH,2026-08-10,3.936
508082.SH,2026-08-11,3.9
508082.SH,2026-08-12,3.869
508082.SH,2026-08-13,3.779
508082.SH,2026-08-14,3.76
508082.SH,2026-08-17,3.735
508082.SH,2026-08-18,3.82
508082.SH,2026-08-19,3.874
508082.SH,2026-08-20,3.933
508082.SH,2026-08-21,3.86
508082.SH,2026-08-24,3.859
508082.SH,2026-08-25,3.899
508082.SH,2026-08-26,3.96
508082.SH,2026-08-27,3.946
508082.SH,2026-08-28,3.919
508082.SH,2026-08-31,3.893
508082.SH,2026-09-01,3.864
508082.SH,2026-09-02,3.833
508082.SH,2026-09-03,3.818
508082.SH,2026-09-04,3.855
508082.SH,2026-09-07,3.833
508082.SH,2026-09-08,3.846
508082.SH,2026-09-09,3.857
508082.SH,2026-09-10,3.866
508082.SH,2026-09-11,3.817
508082.SH,2026-09-14,3.785
508082.SH,2026-09-15,3.866
508082.SH,2026-09-16,3.837
508082.SH,2026-09-17,3.855
508082.SH,2026-09-18,3.862
508082.SH,2026-09-21,3.839
508082.SH,2026-09-22,3.871
508082.SH,2026-09-23,3.916
508082.SH,2026-09-24,3.915
508082.SH,2026-09-28,3.954
508082.SH,2026-09-29,3.975
508082.SH,2026-09-30,3.999
508084.SH,2025-02-27,3.712
508084.SH,2025-02-28,3.542
508084.SH,2025-03-03,3.53
508084.SH,2025-03-04,3.562
508084.SH,2025-03-05,3.604
508084.SH,2025-03-06,3.616
508084.SH,2025-03-07,3.612
508084.SH,2025-03-10,3.625
508084.SH,2025-03-11,3.61
508084.SH,2025-03-12,3.608
508084.SH,2025-03-13,3.625
508084.SH,2025-03-14,3.646
508084.SH,2025-03-17,3.655
508084.SH,2025-03-18,3.648
508084.SH,2025-03-19,3.653
508084.SH,2025-03-20,3.654
508084.SH,2025-03-21,3.659
508084.SH,2025-03-24,3.661
508084.SH,2025-03-25,3.677
508084.SH,2025-03-26,3.704
508084.SH,2025-03-27,3.71
508084.SH,2025-03-28,3.747
508084.SH,2025-03-31,3.733
508084.SH,2025-04-01,3.751
508084.SH,2025-04-02,3.783
508084.SH,2025-04-03,3.873
508084.SH,2025-04-07,3.816
508084.SH,2025-04-08,3.803
508084.SH,2025-04-09,3.765
508084.SH,2025-04-10,3.81
508084.SH,2025-04-11,3.823
508084.SH,2025-04-14,3.919
508084.SH,2025-04-15,3.917
508084.SH,2025-04-16,4.059
508084.SH,2025-04-17,3.993
508084.SH,2025-04-18,3.965
508084.SH,2025-04-21,3.92
508084.SH,2025-04-22,3.927
508084.SH,2025-04-23,3.938
508084.SH,2025-04-24,3.928
508084.SH,2025-04-25,3.923
508084.SH,2025-04-28,3.912
508084.SH,2025-04-29,3.953
508084.SH,2025-04-30,3.972
508084.SH,2025-05-06,3.999
508084.SH,2025-05-07,3.987
508084.SH,2025-05-08,3.998
508084.SH,2025-05-09,3.98
508084.SH,2025-05-12,3.999
508084.SH,2025-05-13,3.99
508084.SH,2025-05-14,3.974
508084.SH,2025-05-15,3.965
508084.SH,2025-05-16,4.006
508084.SH,2025-05-19,4.008
508084.SH,2025-05-20,4.044
508084.SH,2025-05-21,4.108
508084.SH,2025-05-22,4.092
508084.SH,2025-05-23,4.101
508084.SH,2025-05-26,4.104
508084.SH,2025-05-27,4.107
508084.SH,2025-05-28,4.091
508084.SH,2025-05-29,4.147
508084.SH,2025-05-30,4.133
508084.SH,2025-06-03,4.125
508084.SH,2025-06-04,4.115
508084.SH,2025-06-05,4.105
508084.SH,2025-06-06,4.127
508084.SH,2025-06-09,4.154
508084.SH,2025-06-10,4.166
508084.SH,2025-06-11,4.191
508084.SH,2025-06-12,4.198
508084.SH,2025-06-13,4.2
508084.SH,2025-06-16,4.205
508084.SH,2025-06-17,4.206
508084.SH,2025-06-18,4.232
508084.SH,2025-06-19,4.303
508084.SH,2025-06-20,4.394
508084.SH,2025-06-23,4.395
508084.SH,2025-06-24,4.308
508084.SH,2025-06-25,4.306
508084.SH,2025-06-26,4.289
508084.SH,2025-06-27,4.253
508084.SH,2025-06-30,4.249
508084.SH,2025-07-01,4.255
508084.SH,2025-07-02,4.285
508084.SH,2025-07-03,4.279
508084.SH,2025-07-04,4.278
508084.SH,2025-07-07,4.311
508084.SH,2025-07-08,4.312
508084.SH,2025-07-09,4.279
508084.SH,2025-07-10,4.256
508084.SH,2025-07-11,4.239
508084.SH,2025-07-14,4.237
508084.SH,2025-07-15,4.25
508084.SH,2025-07-16,4.298
508084.SH,2025-07-17,4.26
508084.SH,2025-07-18,4.223
508084.SH,2025-07-21,4.193
508084.SH,2025-07-22,4.108
508084.SH,2025-07-23,4.107
508084.SH,2025-07-24,4.168
508084.SH,2025-07-25,4.173
508084.SH,2025-07-28,4.173
508084.SH,2025-07-29,4.121
508084.SH,2025-07-30,4.185
508084.SH,2025-07-31,4.225
508084.SH,2025-08-01,4.273
508084.SH,2025-08-04,4.235
508084.SH,2025-08-05,4.229
508084.SH,2025-08-06,4.237
508084.SH,2025-08-07,4.23
508084.SH,2025-08-08,4.217
508084.SH,2025-08-11,4.189
508084.SH,2025-08-12,4.203
508084.SH,2025-08-13,4.21
508084.SH,2025-08-14,4.209
508084.SH,2025-08-15,4.195
508084.SH,2025-08-18,4.097
508084.SH,2025-08-19,4.077
508084.SH,2025-08-20,4.095
508084.SH,2025-08-21,4.091
508084.SH,2025-08-22,4.081
508084.SH,2025-08-25,4.085
508084.SH,2025-08-26,4.12
508084.SH,2025-08-27,4.112
508084.SH,2025-08-28,4.1
508084.SH,2025-08-29,4.098
508084.SH,2025-09-01,4.093
508084.SH,2025-09-02,4.089
508084.SH,2025-09-03,4.099
508084.SH,2025-09-04,4.138
508084.SH,2025-09-05,4.144
508084.SH,2025-09-08,4.135
508084.SH,2025-09-09,4.195
508084.SH,2025-09-10,4.169
508084.SH,2025-09-11,4.17
508084.SH,2025-09-12,4.177
508084.SH,2025-09-15,4.187
508084.SH,2025-09-16,4.175
508084.SH,2025-09-17,4.175
508084.SH,2025-09-18,4.175
508084.SH,2025-09-19,4.175
508084.SH,2025-09-22,4.183
508084.SH,2025-09-23,4.162
508084.SH,2025-09-24,4.141
508084.SH,2025-09-25,4.105
508084.SH,2025-09-26,4.115
508084.SH,2025-09-29,4.125
508084.SH,2025-09-30,4.148
508084.SH,2025-10-09,4.121
508084.SH,2025-10-10,4.146
508084.SH,2025-10-13,4.131
508084.SH,2025-10-14,4.144
508084.SH,2025-10-15,4.141
508084.SH,2025-10-16,4.137
508084.SH,2025-10-17,4.187
508084.SH,2025-10-20,4.147
508084.SH,2025-10-21,4.075
508084.SH,2025-10-22,4.074
508084.SH,2025-10-23,4.071
508084.SH,2025-10-24,4.085
508084.SH,2025-10-27,4.088
508084.SH,2025-10-28,4.139
508084.SH,2025-10-29,4.249
508084.SH,2025-10-30,4.244
508084.SH,2025-10-31,4.205
508084.SH,2025-11-03,4.17
508084.SH,2025-11-04,4.17
508084.SH,2025-11-05,4.214
508084.SH,2025-11-06,4.2
508084.SH,2025-11-07,4.254
508084.SH,2025-11-10,4.24
508084.SH,2025-11-11,4.24
508084.SH,2025-11-12,4.259
508084.SH,2025-11-13,4.25
508084.SH,2025-11-14,4.274
508084.SH,2025-11-17,4.282
508084.SH,2025-11-18,4.271
508084.SH,2025-11-19,4.233
508084.SH,2025-11-20,4.227
508084.SH,2025-11-21,4.197
508084.SH,2025-11-24,4.197
508084.SH,2025-11-25,4.2
508084.SH,2025-11-26,4.222
508084.SH,2025-11-27,4.205
508084.SH,2025-11-28,4.233
508084.SH,2025-12-01,4.262
508084.SH,2025-12-02,4.26
508084.SH,2025-12-03,4.25
508084.SH,2025-12-04,4.227
508084.SH,2025-12-05,4.196
508084.SH,2025-12-08,4.16
508084.SH,2025-12-09,4.156
508084.SH,2025-12-10,4.207
508084.SH,2025-12-11,4.197
508084.SH,2025-12-12,4.119
508084.SH,2025-12-15,4.089
508084.SH,2025-12-16,4.099
508084.SH,2025-12-17,4.103
508084.SH,2025-12-18,4.062
508084.SH,2025-12-19,4.02
508084.SH,2025-12-22,3.99
508084.SH,2025-12-23,3.984
508084.SH,2025-12-24,4.047
508084.SH,2025-12-25,4.161
508084.SH,2025-12-26,4.12
508084.SH,2025-12-29,4.09
508084.SH,2025-12-30,4.092
508084.SH,2025-12-31,4.088
508084.SH,2026-01-05,4.159
508084.SH,2026-01-06,4.227
508084.SH,2026-01-07,4.288
508084.SH,2026-01-08,4.272
508084.SH,2026-01-09,4.242
508084.SH,2026-01-12,4.21
508084.SH,2026-01-13,4.21
508084.SH,2026-01-14,4.206
508084.SH,2026-01-15,4.206
508084.SH,2026-01-16,4.223
508084.SH,2026-01-19,4.245
508084.SH,2026-01-20,4.266
508084.SH,2026-01-21,4.251
508084.SH,2026-01-22,4.281
508084.SH,2026-01-23,4.281
508084.SH,2026-01-26,4.272
508084.SH,2026-01-27,4.29
508084.SH,2026-01-28,4.255
508084.SH,2026-01-29,4.37
508084.SH,2026-01-30,4.31
508084.SH,2026-02-02,4.265
508084.SH,2026-02-03,4.263
508084.SH,2026-02-04,4.271
508084.SH,2026-02-05,4.257
508084.SH,2026-02-06,4.255
508084.SH,2026-02-09,4.22
508084.SH,2026-02-10,4.27
508084.SH,2026-02-11,4.273
508084.SH,2026-02-12,4.291
508084.SH,2026-02-13,4.276
508084.SH,2026-02-24,4.25
508084.SH,2026-02-25,4.242
508084.SH,2026-02-26,4.223
508084.SH,2026-02-27,4.187
508084.SH,2026-03-02,4.145
508084.SH,2026-03-03,4.146
508084.SH,2026-03-04,4.153
508084.SH,2026-03-05,4.15
508084.SH,2026-03-06,4.093
508084.SH,2026-03-09,4.094
508084.SH,2026-03-10,4.151
508084.SH,2026-03-11,4.144
508084.SH,2026-03-12,4.131
508084.SH,2026-03-13,4.169
508084.SH,2026-03-16,4.142
508084.SH,2026-03-17,4.136
508084.SH,2026-03-18,4.154
508084.SH,2026-03-19,4.153
508084.SH,2026-03-20,4.153
508084.SH,2026-03-23,4.127
508084.SH,2026-03-24,4.143
508084.SH,2026-03-25,4.14
508084.SH,2026-03-26,4.139
508084.SH,2026-03-27,4.126
508084.SH,2026-03-30,4.139
508084.SH,2026-03-31,4.13
508084.SH,2026-04-01,4.14
508084.SH,2026-04-02,4.14
508084.SH,2026-04-03,4.145
508084.SH,2026-04-07,4.149
508084.SH,2026-04-08,4.154
508084.SH,2026-04-09,4.145
508084.SH,2026-04-10,4.14
508084.SH,2026-04-13,4.139
508084.SH,2026-04-14,4.221
508084.SH,2026-04-15,4.213
508084.SH,2026-04-16,4.229
508084.SH,2026-04-17,4.237
508084.SH,2026-04-20,4.22
508084.SH,2026-04-21,4.2
508084.SH,2026-04-22,4.21
508084.SH,2026-04-23,4.2
508084.SH,2026-04-24,4.171
508084.SH,2026-04-27,4.179
508084.SH,2026-04-28,4.174
508084.SH,2026-04-29,4.166
508084.SH,2026-04-30,4.156
508084.SH,2026-05-06,4.144
508084.SH,2026-05-07,4.143
508084.SH,2026-05-08,4.145
508084.SH,2026-05-11,4.145
508084.SH,2026-05-12,4.147
508084.SH,2026-05-13,4.124
508084.SH,2026-05-14,4.086
508084.SH,2026-05-15,4.044
508084.SH,2026-05-18,4.042
508084.SH,2026-05-19,4.1
508084.SH,2026-05-20,4.1
508084.SH,2026-05-21,4.074
508084.SH,2026-05-22,4.08
508084.SH,2026-05-25,4.094
508084.SH,2026-05-26,4.042
508084.SH,2026-05-27,4.05
508084.SH,2026-05-28,4.018
508084.SH,2026-05-29,3.992
508084.SH,2026-06-01,4.043
508084.SH,2026-06-02,4.04
508084.SH,2026-06-03,4.034
508084.SH,2026-06-04,4.047
508084.SH,2026-06-05,4.059
508084.SH,2026-06-08,4.058
508084.SH,2026-06-09,3.933
508084.SH,2026-06-10,3.926
508084.SH,2026-06-11,3.884
508084.SH,2026-06-12,3.898
508084.SH,2026-06-15,3.933
508084.SH,2026-06-16,3.944
508084.SH,2026-06-17,3.99
508084.SH,2026-06-18,3.894
508084.SH,2026-06-22,3.824
508084.SH,2026-06-23,3.757
508084.SH,2026-06-24,3.745
508084.SH,2026-06-25,3.85
508084.SH,2026-06-26,3.822
508084.SH,2026-06-29,3.901
508084.SH,2026-06-30,3.975
508084.SH,2026-07-01,4.007
508084.SH,2026-07-02,3.968
508084.SH,2026-07-03,4.004
508084.SH,2026-07-06,4.001
508084.SH,2026-07-07,4.0
508084.SH,2026-07-08,3.974
508084.SH,2026-07-09,3.953
508084.SH,2026-07-10,3.999
508084.SH,2026-07-13,3.991
508084.SH,2026-07-14,3.987
508084.SH,2026-07-15,3.934
508084.SH,2026-07-16,3.93
508084.SH,2026-07-17,3.886
508084.SH,2026-07-20,3.859
508084.SH,2026-07-21,3.838
508084.SH,2026-07-22,3.782
508084.SH,2026-07-23,3.753
508084.SH,2026-07-24,3.781
508084.SH,2026-07-27,3.736
508084.SH,2026-07-28,3.758
508084.SH,2026-07-29,3.757
508084.SH,2026-07-30,3.831
508084.SH,2026-07-31,3.909
508084.SH,2026-08-03,3.847
508084.SH,2026-08-04,3.789
508084.SH,2026-08-05,3.772
508084.SH,2026-08-06,3.745
508084.SH,2026-08-07,3.752
508084.SH,2026-08-10,3.745
508084.SH,2026-08-11,3.78
508084.SH,2026-08-12,3.792
508084.SH,2026-08-13,3.75
508084.SH,2026-08-14,3.756
508084.SH,2026-08-17,3.716
508084.SH,2026-08-18,3.719
508084.SH,2026-08-19,3.733
508084.SH,2026-08-20,3.77
508084.SH,2026-08-21,3.783
508084.SH,2026-08-24,3.757
508084.SH,2026-08-25,3.755
508084.SH,2026-08-26,3.824
508084.SH,2026-08-27,3.83
508084.SH,2026-08-28,3.816
508084.SH,2026-08-31,3.825
508084.SH,2026-09-01,3.787
508084.SH,2026-09-02,3.768
508084.SH,2026-09-03,3.759
508084.SH,2026-09-04,3.757
508084.SH,2026-09-07,3.75
508084.SH,2026-09-08,3.767
508084.SH,2026-09-09,3.786
508084.SH,2026-09-10,3.77
508084.SH,2026-09-11,3.75
508084.SH,2026-09-14,3.75
508084.SH,2026-09-15,3.784
508084.SH,2026-09-16,3.769
508084.SH,2026-09-17,3.75
508084.SH,2026-09-18,3.754
508084.SH,2026-09-21,3.695
508084.SH,2026-09-22,3.695
508084.SH,2026-09-23,3.73
508084.SH,2026-09-24,3.759
508084.SH,2026-09-28,3.731
508084.SH,2026-09-29,3.752
508084.SH,2026-09-30,3.75
508085.SH,2025-05-21,3.554
508085.SH,2025-05-22,3.909
508085.SH,2025-05-23,4.178
508085.SH,2025-05-26,4.133
508085.SH,2025-05-27,4.068
508085.SH,2025-05-28,4.118
508085.SH,2025-05-29,4.115
508085.SH,2025-05-30,4.103
508085.SH,2025-06-03,4.096
508085.SH,2025-06-04,4.107
508085.SH,2025-06-05,4.102
508085.SH,2025-06-06,4.102
508085.SH,2025-06-09,4.095
508085.SH,2025-06-10,4.09
508085.SH,2025-06-11,4.086
508085.SH,2025-06-12,4.074
508085.SH,2025-06-13,4.085
508085.SH,2025-06-16,4.115
508085.SH,2025-06-17,4.22
508085.SH,2025-06-18,4.345
508085.SH,2025-06-19,4.363
508085.SH,2025-06-20,4.384
508085.SH,2025-06-23,4.37
508085.SH,2025-06-24,4.291
508085.SH,2025-06-25,4.257
508085.SH,2025-06-26,4.238
508085.SH,2025-06-27,4.198
508085.SH,2025-06-30,4.185
508085.SH,2025-07-01,4.179
508085.SH,2025-07-02,4.28
508085.SH,2025-07-03,4.278
508085.SH,2025-07-04,4.315
508085.SH,2025-07-07,4.313
508085.SH,2025-07-08,4.242
508085.SH,2025-07-09,4.21
508085.SH,2025-07-10,4.21
508085.SH,2025-07-11,4.226
508085.SH,2025-07-14,4.211
508085.SH,2025-07-15,4.235
508085.SH,2025-07-16,4.239
508085.SH,2025-07-17,4.235
508085.SH,2025-07-18,4.2
508085.SH,2025-07-21,4.163
508085.SH,2025-07-22,4.098
508085.SH,2025-07-23,4.073
508085.SH,2025-07-24,4.046
508085.SH,2025-07-25,4.046
508085.SH,2025-07-28,4.125
508085.SH,2025-07-29,4.103
508085.SH,2025-07-30,4.12
508085.SH,2025-07-31,4.18
508085.SH,2025-08-01,4.17
508085.SH,2025-08-04,4.097
508085.SH,2025-08-05,4.113
508085.SH,2025-08-06,4.115
508085.SH,2025-08-07,4.121
508085.SH,2025-08-08,4.112
508085.SH,2025-08-11,4.085
508085.SH,2025-08-12,4.085
508085.SH,2025-08-13,4.058
508085.SH,2025-08-14,4.043
508085.SH,2025-08-15,4.014
508085.SH,2025-08-18,3.863
508085.SH,2025-08-19,3.772
508085.SH,2025-08-20,3.771
508085.SH,2025-08-21,3.774
508085.SH,2025-08-22,3.766
508085.SH,2025-08-25,3.782
508085.SH,2025-08-26,3.917
508085.SH,2025-08-27,3.909
508085.SH,2025-08-28,3.9
508085.SH,2025-08-29,3.86
508085.SH,2025-09-01,3.851
508085.SH,2025-09-02,3.904
508085.SH,2025-09-03,3.934
508085.SH,2025-09-04,3.994
508085.SH,2025-09-05,3.959
508085.SH,2025-09-08,3.943
508085.SH,2025-09-09,3.954
508085.SH,2025-09-10,3.95
508085.SH,2025-09-11,3.948
508085.SH,2025-09-12,3.944
508085.SH,2025-09-15,3.935
508085.SH,2025-09-16,3.93
508085.SH,2025-09-17,3.926
508085.SH,2025-09-18,3.927
508085.SH,2025-09-19,3.929
508085.SH,2025-09-22,3.92
508085.SH,2025-09-23,3.92
508085.SH,2025-09-24,3.916
508085.SH,2025-09-25,3.88
508085.SH,2025-09-26,3.885
508085.SH,2025-09-29,3.851
508085.SH,2025-09-30,3.851
508085.SH,2025-10-09,3.86
508085.SH,2025-10-10,3.846
508085.SH,2025-10-13,3.814
508085.SH,2025-10-14,3.799
508085.SH,2025-10-15,3.77
508085.SH,2025-10-16,3.747
508085.SH,2025-10-17,3.742
508085.SH,2025-10-20,3.699
508085.SH,2025-10-21,3.696
508085.SH,2025-10-22,3.744
508085.SH,2025-10-23,3.768
508085.SH,2025-10-24,3.828
508085.SH,2025-10-27,3.8
508085.SH,2025-10-28,3.845
508085.SH,2025-10-29,3.875
508085.SH,2025-10-30,3.864
508085.SH,2025-10-31,3.848
508085.SH,2025-11-03,3.822
508085.SH,2025-11-04,3.811
508085.SH,2025-11-05,3.827
508085.SH,2025-11-06,3.818
508085.SH,2025-11-07,3.81
508085.SH,2025-11-10,3.864
508085.SH,2025-11-11,3.883
508085.SH,2025-11-12,3.889
508085.SH,2025-11-13,3.884
508085.SH,2025-11-14,3.884
508085.SH,2025-11-17,3.852
508085.SH,2025-11-18,3.821
508085.SH,2025-11-19,3.82
508085.SH,2025-11-20,3.809
508085.SH,2025-11-21,3.751
508085.SH,2025-11-24,3.767
508085.SH,2025-11-25,3.767
508085.SH,2025-11-26,3.779
508085.SH,2025-11-27,3.797
508085.SH,2025-11-28,3.793
508085.SH,2025-12-01,3.779
508085.SH,2025-12-02,3.753
508085.SH,2025-12-03,3.758
508085.SH,2025-12-04,3.745
508085.SH,2025-12-05,3.741
508085.SH,2025-12-08,3.716
508085.SH,2025-12-09,3.711
508085.SH,2025-12-10,3.73
508085.SH,2025-12-11,3.75
508085.SH,2025-12-12,3.75
508085.SH,2025-12-15,3.698
508085.SH,2025-12-16,3.68
508085.SH,2025-12-17,3.662
508085.SH,2025-12-18,3.637
508085.SH,2025-12-19,3.631
508085.SH,2025-12-22,3.592
508085.SH,2025-12-23,3.569
508085.SH,2025-12-24,3.668
508085.SH,2025-12-25,3.688
508085.SH,2025-12-26,3.68
508085.SH,2025-12-29,3.66
508085.SH,2025-12-30,3.674
508085.SH,2025-12-31,3.634
508085.SH,2026-01-05,3.659
508085.SH,2026-01-06,3.724
508085.SH,2026-01-07,3.759
508085.SH,2026-01-08,3.789
508085.SH,2026-01-09,3.727
508085.SH,2026-01-12,3.737
508085.SH,2026-01-13,3.734
508085.SH,2026-01-14,3.742
508085.SH,2026-01-15,3.726
508085.SH,2026-01-16,3.725
508085.SH,2026-01-19,3.73
508085.SH,2026-01-20,3.754
508085.SH,2026-01-21,3.792
508085.SH,2026-01-22,3.837
508085.SH,2026-01-23,3.868
508085.SH,2026-01-26,3.828
508085.SH,2026-01-27,3.814
508085.SH,2026-01-28,3.812
508085.SH,2026-01-29,3.831
508085.SH,2026-01-30,3.804
508085.SH,2026-02-02,3.772
508085.SH,2026-02-03,3.772
508085.SH,2026-02-04,3.827
508085.SH,2026-02-05,3.797
508085.SH,2026-02-06,3.759
508085.SH,2026-02-09,3.748
508085.SH,2026-02-10,3.739
508085.SH,2026-02-11,3.778
508085.SH,2026-02-12,3.772
508085.SH,2026-02-13,3.789
508085.SH,2026-02-24,3.763
508085.SH,2026-02-25,3.76
508085.SH,2026-02-26,3.75
508085.SH,2026-02-27,3.698
508085.SH,2026-03-02,3.662
508085.SH,2026-03-03,3.662
508085.SH,2026-03-04,3.687
508085.SH,2026-03-05,3.688
508085.SH,2026-03-06,3.653
508085.SH,2026-03-09,3.603
508085.SH,2026-03-10,3.619
508085.SH,2026-03-11,3.634
508085.SH,2026-03-12,3.612
508085.SH,2026-03-13,3.577
508085.SH,2026-03-16,3.545
508085.SH,2026-03-17,3.533
508085.SH,2026-03-18,3.544
508085.SH,2026-03-19,3.565
508085.SH,2026-03-20,3.564
508085.SH,2026-03-23,3.503
508085.SH,2026-03-24,3.507
508085.SH,2026-03-25,3.48
508085.SH,2026-03-26,3.474
508085.SH,2026-03-27,3.48
508085.SH,2026-03-30,3.53
508085.SH,2026-03-31,3.551
508085.SH,2026-04-01,3.526
508085.SH,2026-04-02,3.499
508085.SH,2026-04-03,3.517
508085.SH,2026-04-07,3.518
508085.SH,2026-04-08,3.552
508085.SH,2026-04-09,3.529
508085.SH,2026-04-10,3.525
508085.SH,2026-04-13,3.498
508085.SH,2026-04-14,3.559
508085.SH,2026-04-15,3.604
508085.SH,2026-04-16,3.642
508085.SH,2026-04-17,3.634
508085.SH,2026-04-20,3.656
508085.SH,2026-04-21,3.649
508085.SH,2026-04-22,3.661
508085.SH,2026-04-23,3.61
508085.SH,2026-04-24,3.584
508085.SH,2026-04-27,3.55
508085.SH,2026-04-28,3.546
508085.SH,2026-04-29,3.528
508085.SH,2026-04-30,3.497
508085.SH,2026-05-06,3.487
508085.SH,2026-05-07,3.491
508085.SH,2026-05-08,3.495
508085.SH,2026-05-11,3.529
508085.SH,2026-05-12,3.534
508085.SH,2026-05-13,3.529
508085.SH,2026-05-14,3.547
508085.SH,2026-05-15,3.566
508085.SH,2026-05-18,3.589
508085.SH,2026-05-19,3.628
508085.SH,2026-05-20,3.632
508085.SH,2026-05-21,3.646
508085.SH,2026-05-22,3.678
508085.SH,2026-05-25,3.661
508085.SH,2026-05-26,3.655
508085.SH,2026-05-27,3.656
508085.SH,2026-05-28,3.537
508085.SH,2026-05-29,3.513
508085.SH,2026-06-01,3.551
508085.SH,2026-06-02,3.558
508085.SH,2026-06-03,3.604
508085.SH,2026-06-04,3.571
508085.SH,2026-06-05,3.607
508085.SH,2026-06-08,3.572
508085.SH,2026-06-09,3.552
508085.SH,2026-06-10,3.538
508085.SH,2026-06-11,3.493
508085.SH,2026-06-12,3.497
508085.SH,2026-06-15,3.493
508085.SH,2026-06-16,3.459
508085.SH,2026-06-17,3.49
508085.SH,2026-06-18,3.459
508085.SH,2026-06-22,3.377
508085.SH,2026-06-23,3.368
508085.SH,2026-06-24,3.353
508085.SH,2026-06-25,3.393
508085.SH,2026-06-26,3.343
508085.SH,2026-06-29,3.393
508085.SH,2026-06-30,3.506
508085.SH,2026-07-01,3.528
508085.SH,2026-07-02,3.511
508085.SH,2026-07-03,3.529
508085.SH,2026-07-06,3.52
508085.SH,2026-07-07,3.486
508085.SH,2026-07-08,3.443
508085.SH,2026-07-09,3.428
508085.SH,2026-07-10,3.432
508085.SH,2026-07-13,3.409
508085.SH,2026-07-14,3.431
508085.SH,2026-07-15,3.412
508085.SH,2026-07-16,3.426
508085.SH,2026-07-17,3.403
508085.SH,2026-07-20,3.365
508085.SH,2026-07-21,3.341
508085.SH,2026-07-22,3.327
508085.SH,2026-07-23,3.333
508085.SH,2026-07-24,3.36
508085.SH,2026-07-27,3.362
508085.SH,2026-07-28,3.371
508085.SH,2026-07-29,3.387
508085.SH,2026-07-30,3.389
508085.SH,2026-07-31,3.468
508085.SH,2026-08-03,3.49
508085.SH,2026-08-04,3.489
508085.SH,2026-08-05,3.466
508085.SH,2026-08-06,3.441
508085.SH,2026-08-07,3.46
508085.SH,2026-08-10,3.477
508085.SH,2026-08-11,3.487
508085.SH,2026-08-12,3.448
508085.SH,2026-08-13,3.448
508085.SH,2026-08-14,3.44
508085.SH,2026-08-17,3.432
508085.SH,2026-08-18,3.435
508085.SH,2026-08-19,3.441
508085.SH,2026-08-20,3.493
508085.SH,2026-08-21,3.492
508085.SH,2026-08-24,3.505
508085.SH,2026-08-25,3.435
508085.SH,2026-08-26,3.465
508085.SH,2026-08-27,3.48
508085.SH,2026-08-28,3.465
508085.SH,2026-08-31,3.441
508085.SH,2026-09-01,3.41
508085.SH,2026-09-02,3.4
508085.SH,2026-09-03,3.4
508085.SH,2026-09-04,3.409
508085.SH,2026-09-07,3.402
508085.SH,2026-09-08,3.401
508085.SH,2026-09-09,3.406
508085.SH,2026-09-10,3.397
508085.SH,2026-09-11,3.407
508085.SH,2026-09-14,3.396
508085.SH,2026-09-15,3.411
508085.SH,2026-09-16,3.401
508085.SH,2026-09-17,3.41
508085.SH,2026-09-18,3.399
508085.SH,2026-09-21,3.421
508085.SH,2026-09-22,3.421
508085.SH,2026-09-23,3.418
508085.SH,2026-09-24,3.425
508085.SH,2026-09-28,3.432
508085.SH,2026-09-29,3.418
508085.SH,2026-09-30,3.436
508088.SH,2022-10-14,3.859
508088.SH,2022-10-17,3.936
508088.SH,2022-10-18,4.072
508088.SH,2022-10-19,4.069
508088.SH,2022-10-20,4.071
508088.SH,2022-10-21,4.086
508088.SH,2022-10-24,4.067
508088.SH,2022-10-25,4.035
508088.SH,2022-10-26,4.051
508088.SH,2022-10-27,4.054
508088.SH,2022-10-28,4.058
508088.SH,2022-10-31,4.051
508088.SH,2022-11-01,4.06
508088.SH,2022-11-02,4.066
508088.SH,2022-11-03,4.066
508088.SH,2022-11-04,4.082
508088.SH,2022-11-07,4.082
508088.SH,2022-11-08,4.043
508088.SH,2022-11-09,4.042
508088.SH,2022-11-10,4.011
508088.SH,2022-11-11,4.016
508088.SH,2022-11-14,4.006
508088.SH,2022-11-15,4.015
508088.SH,2022-11-16,4.005
508088.SH,2022-11-17,3.992
508088.SH,2022-11-18,3.986
508088.SH,2022-11-21,4.052
508088.SH,2022-11-22,4.034
508088.SH,2022-11-23,4.039
508088.SH,2022-11-24,4.03
508088.SH,2022-11-25,4.035
508088.SH,2022-11-28,4.04
508088.SH,2022-11-29,4.043
508088.SH,2022-11-30,4.038
508088.SH,2022-12-01,4.049
508088.SH,2022-12-02,4.061
508088.SH,2022-12-05,4.069
508088.SH,2022-12-06,4.059
508088.SH,2022-12-07,4.03
508088.SH,2022-12-08,4.049
508088.SH,2022-12-09,4.029
508088.SH,2022-12-12,3.998
508088.SH,2022-12-13,3.977
508088.SH,2022-12-14,3.979
508088.SH,2022-12-15,3.973
508088.SH,2022-12-16,3.979
508088.SH,2022-12-19,3.969
508088.SH,2022-12-20,3.884
508088.SH,2022-12-21,3.869
508088.SH,2022-12-22,3.88
508088.SH,2022-12-23,3.955
508088.SH,2022-12-26,3.948
508088.SH,2022-12-27,3.94
508088.SH,2022-12-28,3.85
508088.SH,2022-12-29,3.852
508088.SH,2022-12-30,3.85
508088.SH,2023-01-03,3.827
508088.SH,2023-01-04,3.757
508088.SH,2023-01-05,3.64
508088.SH,2023-01-06,3.745
508088.SH,2023-01-09,3.746
508088.SH,2023-01-10,3.801
508088.SH,2023-01-11,3.819
508088.SH,2023-01-12,3.817
508088.SH,2023-01-13,3.81
508088.SH,2023-01-16,3.829
508088.SH,2023-01-17,3.831
508088.SH,2023-01-18,3.844
508088.SH,2023-01-19,3.866
508088.SH,2023-01-20,3.88
508088.SH,2023-01-30,3.881
508088.SH,2023-01-31,3.944
508088.SH,2023-02-01,3.947
508088.SH,2023-02-02,3.918
508088.SH,2023-02-03,3.907
508088.SH,2023-02-06,3.895
508088.SH,2023-02-07,3.884
508088.SH,2023-02-08,3.895
508088.SH,2023-02-09,3.905
508088.SH,2023-02-10,3.908
508088.SH,2023-02-13,3.93
508088.SH,2023-02-14,3.971
508088.SH,2023-02-15,3.962
508088.SH,2023-02-16,3.934
508088.SH,2023-02-17,3.911
508088.SH,2023-02-20,3.919
508088.SH,2023-02-21,3.93
508088.SH,2023-02-22,3.905
508088.SH,2023-02-23,3.885
508088.SH,2023-02-24,3.878
508088.SH,2023-02-27,3.879
508088.SH,2023-02-28,3.906
508088.SH,2023-03-01,3.915
508088.SH,2023-03-02,3.911
508088.SH,2023-03-03,3.881
508088.SH,2023-03-06,3.89
508088.SH,2023-03-07,3.895
508088.SH,2023-03-08,3.889
508088.SH,2023-03-09,3.902
508088.SH,2023-03-10,3.911
508088.SH,2023-03-13,3.914
508088.SH,2023-03-14,3.912
508088.SH,2023-03-15,3.908
508088.SH,2023-03-16,3.908
508088.SH,2023-03-17,3.914
508088.SH,2023-03-20,3.9
508088.SH,2023-03-21,3.902
508088.SH,2023-03-22,3.905
508088.SH,2023-03-23,3.917
508088.SH,2023-03-24,3.925
508088.SH,2023-03-27,3.932
508088.SH,2023-03-28,3.924
508088.SH,2023-03-29,3.912
508088.SH,2023-03-30,3.911
508088.SH,2023-03-31,3.917
508088.SH,2023-04-03,3.909
508088.SH,2023-04-04,3.897
508088.SH,2023-04-06,3.884
508088.SH,2023-04-07,3.911
508088.SH,2023-04-10,3.907
508088.SH,2023-04-11,3.901
508088.SH,2023-04-12,3.9
508088.SH,2023-04-13,3.868
508088.SH,2023-04-14,3.869
508088.SH,2023-04-17,3.894
508088.SH,2023-04-18,3.854
508088.SH,2023-04-19,3.846
508088.SH,2023-04-20,3.835
508088.SH,2023-04-21,3.745
508088.SH,2023-04-24,3.765
508088.SH,2023-04-25,3.778
508088.SH,2023-04-26,3.75
508088.SH,2023-04-27,3.709
508088.SH,2023-04-28,3.68
508088.SH,2023-05-04,3.656
508088.SH,2023-05-05,3.635
508088.SH,2023-05-08,3.651
508088.SH,2023-05-09,3.784
508088.SH,2023-05-10,3.792
508088.SH,2023-05-11,3.829
508088.SH,2023-05-12,3.852
508088.SH,2023-05-15,3.847
508088.SH,2023-05-16,3.856
508088.SH,2023-05-17,3.82
508088.SH,2023-05-18,3.808
508088.SH,2023-05-19,3.805
508088.SH,2023-05-22,3.818
508088.SH,2023-05-23,3.826
508088.SH,2023-05-24,3.84
508088.SH,2023-05-25,3.852
508088.SH,2023-05-26,3.853
508088.SH,2023-05-29,3.843
508088.SH,2023-05-30,3.758
508088.SH,2023-05-31,3.708
508088.SH,2023-06-01,3.67
508088.SH,2023-06-02,3.65
508088.SH,2023-06-05,3.567
508088.SH,2023-06-06,3.494
508088.SH,2023-06-07,3.619
508088.SH,2023-06-08,3.749
508088.SH,2023-06-09,3.718
508088.SH,2023-06-12,3.693
508088.SH,2023-06-13,3.656
508088.SH,2023-06-14,3.595
508088.SH,2023-06-15,3.563
508088.SH,2023-06-16,3.601
508088.SH,2023-06-19,3.596
508088.SH,2023-06-20,3.601
508088.SH,2023-06-21,3.609
508088.SH,2023-06-26,3.602
508088.SH,2023-06-27,3.585
508088.SH,2023-06-28,3.59
508088.SH,2023-06-29,3.578
508088.SH,2023-06-30,3.533
508088.SH,2023-07-03,3.5
508088.SH,2023-07-04,3.527
508088.SH,2023-07-05,3.509
508088.SH,2023-07-06,3.592
508088.SH,2023-07-07,3.597
508088.SH,2023-07-10,3.602
508088.SH,2023-07-11,3.593
508088.SH,2023-07-12,3.547
508088.SH,2023-07-13,3.587
508088.SH,2023-07-14,3.6
508088.SH,2023-07-17,3.689
508088.SH,2023-07-18,3.728
508088.SH,2023-07-19,3.693
508088.SH,2023-07-20,3.681
508088.SH,2023-07-21,3.711
508088.SH,2023-07-24,3.685
508088.SH,2023-07-25,3.709
508088.SH,2023-07-26,3.71
508088.SH,2023-07-27,3.713
508088.SH,2023-07-28,3.693
508088.SH,2023-07-31,3.696
508088.SH,2023-08-01,3.693
508088.SH,2023-08-02,3.697
508088.SH,2023-08-03,3.709
508088.SH,2023-08-04,3.705
508088.SH,2023-08-07,3.74
508088.SH,2023-08-08,3.788
508088.SH,2023-08-09,3.79
508088.SH,2023-08-10,3.774
508088.SH,2023-08-11,3.763
508088.SH,2023-08-14,3.746
508088.SH,2023-08-15,3.76
508088.SH,2023-08-16,3.742
508088.SH,2023-08-17,3.711
508088.SH,2023-08-18,3.736
508088.SH,2023-08-21,3.734
508088.SH,2023-08-22,3.719
508088.SH,2023-08-23,3.739
508088.SH,2023-08-24,3.757
508088.SH,2023-08-25,3.757
508088.SH,2023-08-28,3.765
508088.SH,2023-08-29,3.768
508088.SH,2023-08-30,3.76
508088.SH,2023-08-31,3.769
508088.SH,2023-09-01,3.767
508088.SH,2023-09-04,3.767
508088.SH,2023-09-05,3.788
508088.SH,2023-09-06,3.786
508088.SH,2023-09-07,3.79
508088.SH,2023-09-08,3.783
508088.SH,2023-09-11,3.793
508088.SH,2023-09-12,3.781
508088.SH,2023-09-13,3.78
508088.SH,2023-09-14,3.797
508088.SH,2023-09-15,3.796
508088.SH,2023-09-18,3.773
508088.SH,2023-09-19,3.779
508088.SH,2023-09-20,3.765
508088.SH,2023-09-21,3.763
508088.SH,2023-09-22,3.768
508088.SH,2023-09-25,3.768
508088.SH,2023-09-26,3.76
508088.SH,2023-09-27,3.753
508088.SH,2023-09-28,3.76
508088.SH,2023-10-09,3.768
508088.SH,2023-10-10,3.729
508088.SH,2023-10-11,3.642
508088.SH,2023-10-12,3.608
508088.SH,2023-10-13,3.577
508088.SH,2023-10-16,3.481
508088.SH,2023-10-17,3.477
508088.SH,2023-10-18,3.42
508088.SH,2023-10-19,3.45
508088.SH,2023-10-20,3.394
508088.SH,2023-10-23,3.378
508088.SH,2023-10-24,3.431
508088.SH,2023-10-25,3.428
508088.SH,2023-10-26,3.429
508088.SH,2023-10-27,3.433
508088.SH,2023-10-30,3.416
508088.SH,2023-10-31,3.445
508088.SH,2023-11-01,3.415
508088.SH,2023-11-02,3.429
508088.SH,2023-11-03,3.435
508088.SH,2023-11-06,3.449
508088.SH,2023-11-07,3.468
508088.SH,2023-11-08,3.494
508088.SH,2023-11-09,3.504
508088.SH,2023-11-10,3.495
508088.SH,2023-11-13,3.462
508088.SH,2023-11-14,3.439
508088.SH,2023-11-15,3.423
508088.SH,2023-11-16,3.419
508088.SH,2023-11-17,3.41
508088.SH,2023-11-20,3.387
508088.SH,2023-11-21,3.374
508088.SH,2023-11-22,3.35
508088.SH,2023-11-23,3.316
508088.SH,2023-11-24,3.328
508088.SH,2023-11-27,3.299
508088.SH,2023-11-28,3.272
508088.SH,2023-11-29,3.282
508088.SH,2023-11-30,3.303
508088.SH,2023-12-01,3.335
508088.SH,2023-12-04,3.398
508088.SH,2023-12-05,3.396
508088.SH,2023-12-06,3.403
508088.SH,2023-12-07,3.377
508088.SH,2023-12-08,3.356
508088.SH,2023-12-11,3.317
508088.SH,2023-12-12,3.276
508088.SH,2023-12-13,3.226
508088.SH,2023-12-14,3.267
508088.SH,2023-12-15,3.27
508088.SH,2023-12-18,3.25
508088.SH,2023-12-19,3.137
508088.SH,2023-12-20,3.14
508088.SH,2023-12-21,3.206
508088.SH,2023-12-22,3.261
508088.SH,2023-12-25,3.227
508088.SH,2023-12-26,3.194
508088.SH,2023-12-27,3.172
508088.SH,2023-12-28,3.161
508088.SH,2023-12-29,3.215
508088.SH,2024-01-02,3.19
508088.SH,2024-01-03,3.203
508088.SH,2024-01-04,3.18
508088.SH,2024-01-05,3.17
508088.SH,2024-01-08,3.123
508088.SH,2024-01-09,2.997
508088.SH,2024-01-10,2.976
508088.SH,2024-01-11,2.951
508088.SH,2024-01-12,2.892
508088.SH,2024-01-15,2.891
508088.SH,2024-01-16,2.921
508088.SH,2024-01-17,2.963
508088.SH,2024-01-18,2.913
508088.SH,2024-01-19,2.9
508088.SH,2024-01-22,2.827
508088.SH,2024-01-23,2.792
508088.SH,2024-01-24,2.739
508088.SH,2024-01-25,2.772
508088.SH,2024-01-26,2.76
508088.SH,2024-01-29,2.776
508088.SH,2024-01-30,2.735
508088.SH,2024-01-31,2.715
508088.SH,2024-02-01,2.685
508088.SH,2024-02-02,2.704
508088.SH,2024-02-05,2.662
508088.SH,2024-02-06,2.675
508088.SH,2024-02-07,2.79
508088.SH,2024-02-08,2.965
508088.SH,2024-02-19,2.992
508088.SH,2024-02-20,3.02
508088.SH,2024-02-21,3.027
508088.SH,2024-02-22,3.176
508088.SH,2024-02-23,3.183
508088.SH,2024-02-26,3.234
508088.SH,2024-02-27,3.173
508088.SH,2024-02-28,3.1
508088.SH,2024-02-29,3.098
508088.SH,2024-03-01,3.148
508088.SH,2024-03-04,3.184
508088.SH,2024-03-05,3.198
508088.SH,2024-03-06,3.176
508088.SH,2024-03-07,3.158
508088.SH,2024-03-08,3.181
508088.SH,2024-03-11,3.184
508088.SH,2024-03-12,3.197
508088.SH,2024-03-13,3.19
508088.SH,2024-03-14,3.185
508088.SH,2024-03-15,3.183
508088.SH,2024-03-18,3.175
508088.SH,2024-03-19,3.166
508088.SH,2024-03-20,3.16
508088.SH,2024-03-21,3.13
508088.SH,2024-03-22,3.133
508088.SH,2024-03-25,3.125
508088.SH,2024-03-26,3.158
508088.SH,2024-03-27,3.222
508088.SH,2024-03-28,3.187
508088.SH,2024-03-29,3.135
508088.SH,2024-04-01,3.092
508088.SH,2024-04-02,3.07
508088.SH,2024-04-03,3.071
508088.SH,2024-04-08,3.059
508088.SH,2024-04-09,3.11
508088.SH,2024-04-10,3.12
508088.SH,2024-04-11,3.151
508088.SH,2024-04-12,3.16
508088.SH,2024-04-15,3.115
508088.SH,2024-04-16,3.108
508088.SH,2024-04-17,3.127
508088.SH,2024-04-18,3.147
508088.SH,2024-04-19,3.141
508088.SH,2024-04-22,3.144
508088.SH,2024-04-23,3.078
508088.SH,2024-04-24,3.14
508088.SH,2024-04-25,3.178
508088.SH,2024-04-26,3.156
508088.SH,2024-04-29,3.15
508088.SH,2024-04-30,3.125
508088.SH,2024-05-06,3.145
508088.SH,2024-05-07,3.17
508088.SH,2024-05-08,3.168
508088.SH,2024-05-09,3.172
508088.SH,2024-05-10,3.166
508088.SH,2024-05-13,3.18
508088.SH,2024-05-14,3.196
508088.SH,2024-05-15,3.19
508088.SH,2024-05-16,3.194
508088.SH,2024-05-17,3.189
508088.SH,2024-05-20,3.179
508088.SH,2024-05-21,3.177
508088.SH,2024-05-22,3.167
508088.SH,2024-05-23,3.171
508088.SH,2024-05-24,3.193
508088.SH,2024-05-27,3.2
508088.SH,2024-05-28,3.203
508088.SH,2024-05-29,3.195
508088.SH,2024-05-30,3.172
508088.SH,2024-05-31,3.179
508088.SH,2024-06-03,3.17
508088.SH,2024-06-04,3.179
508088.SH,2024-06-05,3.196
508088.SH,2024-06-06,3.205
508088.SH,2024-06-07,3.204
508088.SH,2024-06-11,3.208
508088.SH,2024-06-12,3.189
508088.SH,2024-06-13,3.192
508088.SH,2024-06-14,3.198
508088.SH,2024-06-17,3.204
508088.SH,2024-06-18,3.205
508088.SH,2024-06-19,3.22
508088.SH,2024-06-20,3.209
508088.SH,2024-06-21,3.227
508088.SH,2024-06-24,3.243
508088.SH,2024-06-25,3.239
508088.SH,2024-06-26,3.248
508088.SH,2024-06-27,3.252
508088.SH,2024-06-28,3.235
508088.SH,2024-07-01,3.204
508088.SH,2024-07-02,3.198
508088.SH,2024-07-03,3.195
508088.SH,2024-07-04,3.187
508088.SH,2024-07-05,3.179
508088.SH,2024-07-08,3.164
508088.SH,2024-07-09,3.145
508088.SH,2024-07-10,3.163
508088.SH,2024-07-11,3.149
508088.SH,2024-07-12,3.138
508088.SH,2024-07-15,3.15
508088.SH,2024-07-16,3.15
508088.SH,2024-07-17,3.151
508088.SH,2024-07-18,3.149
508088.SH,2024-07-19,3.174
508088.SH,2024-07-22,3.18
508088.SH,2024-07-23,3.181
508088.SH,2024-07-24,3.178
508088.SH,2024-07-25,3.178
508088.SH,2024-07-26,3.178
508088.SH,2024-07-29,3.179
508088.SH,2024-07-30,3.181
508088.SH,2024-07-31,3.179
508088.SH,2024-08-01,3.192
508088.SH,2024-08-02,3.194
508088.SH,2024-08-05,3.198
508088.SH,2024-08-06,3.253
508088.SH,2024-08-07,3.365
508088.SH,2024-08-08,3.32
508088.SH,2024-08-09,3.296
508088.SH,2024-08-12,3.292
508088.SH,2024-08-13,3.295
508088.SH,2024-08-14,3.297
508088.SH,2024-08-15,3.301
508088.SH,2024-08-16,3.298
508088.SH,2024-08-19,3.272
508088.SH,2024-08-20,3.266
508088.SH,2024-08-21,3.284
508088.SH,2024-08-22,3.29
508088.SH,2024-08-23,3.29
508088.SH,2024-08-26,3.301
508088.SH,2024-08-27,3.298
508088.SH,2024-08-28,3.307
508088.SH,2024-08-29,3.302
508088.SH,2024-08-30,3.301
508088.SH,2024-09-02,3.313
508088.SH,2024-09-03,3.294
508088.SH,2024-09-04,3.285
508088.SH,2024-09-05,3.299
508088.SH,2024-09-06,3.297
508088.SH,2024-09-09,3.284
508088.SH,2024-09-10,3.276
508088.SH,2024-09-11,3.261
508088.SH,2024-09-12,3.258
508088.SH,2024-09-13,3.289
508088.SH,2024-09-18,3.263
508088.SH,2024-09-19,3.258
508088.SH,2024-09-20,3.258
508088.SH,2024-09-23,3.252
508088.SH,2024-09-24,3.271
508088.SH,2024-09-25,3.299
508088.SH,2024-09-26,3.302
508088.SH,2024-09-27,3.281
508088.SH,2024-09-30,3.24
508088.SH,2024-10-08,3.21
508088.SH,2024-10-09,3.226
508088.SH,2024-10-10,3.245
508088.SH,2024-10-11,3.255
508088.SH,2024-10-14,3.244
508088.SH,2024-10-15,3.245
508088.SH,2024-10-16,3.249
508088.SH,2024-10-17,3.298
508088.SH,2024-10-18,3.3
508088.SH,2024-10-21,3.255
508088.SH,2024-10-22,3.263
508088.SH,2024-10-23,3.278
508088.SH,2024-10-24,3.22
508088.SH,2024-10-25,3.244
508088.SH,2024-10-28,3.266
508088.SH,2024-10-29,3.27
508088.SH,2024-10-30,3.272
508088.SH,2024-10-31,3.255
508088.SH,2024-11-01,3.252
508088.SH,2024-11-04,3.291
508088.SH,2024-11-05,3.299
508088.SH,2024-11-06,3.265
508088.SH,2024-11-07,3.272
508088.SH,2024-11-08,3.27
508088.SH,2024-11-11,3.297
508088.SH,2024-11-12,3.311
508088.SH,2024-11-13,3.309
508088.SH,2024-11-14,3.288
508088.SH,2024-11-15,3.28
508088.SH,2024-11-18,3.284
508088.SH,2024-11-19,3.267
508088.SH,2024-11-20,3.27
508088.SH,2024-11-21,3.32
508088.SH,2024-11-22,3.298
508088.SH,2024-11-25,3.302
508088.SH,2024-11-26,3.288
508088.SH,2024-11-27,3.274
508088.SH,2024-11-28,3.276
508088.SH,2024-11-29,3.276
508088.SH,2024-12-02,3.286
508088.SH,2024-12-03,3.298
508088.SH,2024-12-04,3.299
508088.SH,2024-12-05,3.297
508088.SH,2024-12-06,3.282
508088.SH,2024-12-09,3.282
508088.SH,2024-12-10,3.31
508088.SH,2024-12-11,3.37
508088.SH,2024-12-12,3.395
508088.SH,2024-12-13,3.398
508088.SH,2024-12-16,3.385
508088.SH,2024-12-17,3.347
508088.SH,2024-12-18,3.336
508088.SH,2024-12-19,3.337
508088.SH,2024-12-20,3.336
508088.SH,2024-12-23,3.319
508088.SH,2024-12-24,3.319
508088.SH,2024-12-25,3.336
508088.SH,2024-12-26,3.342
508088.SH,2024-12-27,3.35
508088.SH,2024-12-30,3.38
508088.SH,2024-12-31,3.388
508088.SH,2025-01-02,3.426
508088.SH,2025-01-03,3.487
508088.SH,2025-01-06,3.564
508088.SH,2025-01-07,3.516
508088.SH,2025-01-08,3.567
508088.SH,2025-01-09,3.667
508088.SH,2025-01-10,3.628
508088.SH,2025-01-13,3.565
508088.SH,2025-01-14,3.51
508088.SH,2025-01-15,3.618
508088.SH,2025-01-16,3.559
508088.SH,2025-01-17,3.554
508088.SH,2025-01-20,3.576
508088.SH,2025-01-21,3.57
508088.SH,2025-01-22,3.635
508088.SH,2025-01-23,3.653
508088.SH,2025-01-24,3.689
508088.SH,2025-01-27,3.717
508088.SH,2025-02-05,3.706
508088.SH,2025-02-06,3.691
508088.SH,2025-02-07,3.714
508088.SH,2025-02-10,3.816
508088.SH,2025-02-11,3.87
508088.SH,2025-02-12,3.766
508088.SH,2025-02-13,3.699
508088.SH,2025-02-14,3.742
508088.SH,2025-02-17,3.799
508088.SH,2025-02-18,3.815
508088.SH,2025-02-19,3.821
508088.SH,2025-02-20,3.829
508088.SH,2025-02-21,3.818
508088.SH,2025-02-24,3.75
508088.SH,2025-02-25,3.718
508088.SH,2025-02-26,3.689
508088.SH,2025-02-27,3.647
508088.SH,2025-02-28,3.603
508088.SH,2025-03-03,3.695
508088.SH,2025-03-04,3.74
508088.SH,2025-03-05,3.741
508088.SH,2025-03-06,3.694
508088.SH,2025-03-07,3.703
508088.SH,2025-03-10,3.735
508088.SH,2025-03-11,3.718
508088.SH,2025-03-12,3.72
508088.SH,2025-03-13,3.718
508088.SH,2025-03-14,3.749
508088.SH,2025-03-17,3.799
508088.SH,2025-03-18,3.811
508088.SH,2025-03-19,3.875
508088.SH,2025-03-20,3.836
508088.SH,2025-03-21,3.786
508088.SH,2025-03-24,3.828
508088.SH,2025-03-25,3.865
508088.SH,2025-03-26,3.817
508088.SH,2025-03-27,3.82
508088.SH,2025-03-28,3.888
508088.SH,2025-03-31,3.888
508088.SH,2025-04-01,3.874
508088.SH,2025-04-02,3.93
508088.SH,2025-04-03,4.03
508088.SH,2025-04-07,3.938
508088.SH,2025-04-08,3.874
508088.SH,2025-04-09,3.797
508088.SH,2025-04-10,3.809
508088.SH,2025-04-11,3.857
508088.SH,2025-04-14,3.876
508088.SH,2025-04-15,3.896
508088.SH,2025-04-16,3.944
508088.SH,2025-04-17,3.979
508088.SH,2025-04-18,3.914
508088.SH,2025-04-21,3.9
508088.SH,2025-04-22,3.88
508088.SH,2025-04-23,3.85
508088.SH,2025-04-24,3.861
508088.SH,2025-04-25,3.707
508088.SH,2025-04-28,3.651
508088.SH,2025-04-29,3.661
508088.SH,2025-04-30,3.631
508088.SH,2025-05-06,3.643
508088.SH,2025-05-07,3.621
508088.SH,2025-05-08,3.565
508088.SH,2025-05-09,3.548
508088.SH,2025-05-12,3.64
508088.SH,2025-05-13,3.659
508088.SH,2025-05-14,3.671
508088.SH,2025-05-15,3.627
508088.SH,2025-05-16,3.679
508088.SH,2025-05-19,3.674
508088.SH,2025-05-20,3.671
508088.SH,2025-05-21,3.69
508088.SH,2025-05-22,3.697
508088.SH,2025-05-23,3.7
508088.SH,2025-05-26,3.687
508088.SH,2025-05-27,3.693
508088.SH,2025-05-28,3.689
508088.SH,2025-05-29,3.681
508088.SH,2025-05-30,3.711
508088.SH,2025-06-03,3.697
508088.SH,2025-06-04,3.699
508088.SH,2025-06-05,3.756
508088.SH,2025-06-06,3.794
508088.SH,2025-06-09,3.809
508088.SH,2025-06-10,3.801
508088.SH,2025-06-11,3.838
508088.SH,2025-06-12,3.825
508088.SH,2025-06-13,3.828
508088.SH,2025-06-16,3.835
508088.SH,2025-06-17,3.872
508088.SH,2025-06-18,3.889
508088.SH,2025-06-19,3.935
508088.SH,2025-06-20,3.958
508088.SH,2025-06-23,3.978
508088.SH,2025-06-24,3.942
508088.SH,2025-06-25,3.939
508088.SH,2025-06-26,3.925
508088.SH,2025-06-27,3.912
508088.SH,2025-06-30,3.906
508088.SH,2025-07-01,3.882
508088.SH,2025-07-02,3.93
508088.SH,2025-07-03,3.931
508088.SH,2025-07-04,3.919
508088.SH,2025-07-07,3.899
508088.SH,2025-07-08,3.865
508088.SH,2025-07-09,3.866
508088.SH,2025-07-10,3.867
508088.SH,2025-07-11,3.852
508088.SH,2025-07-14,3.848
508088.SH,2025-07-15,3.861
508088.SH,2025-07-16,3.879
508088.SH,2025-07-17,3.887
508088.SH,2025-07-18,3.89
508088.SH,2025-07-21,3.877
508088.SH,2025-07-22,3.86
508088.SH,2025-07-23,3.854
508088.SH,2025-07-24,3.862
508088.SH,2025-07-25,3.901
508088.SH,2025-07-28,3.909
508088.SH,2025-07-29,3.894
508088.SH,2025-07-30,3.91
508088.SH,2025-07-31,3.974
508088.SH,2025-08-01,3.991
508088.SH,2025-08-04,3.928
508088.SH,2025-08-05,3.917
508088.SH,2025-08-06,3.899
508088.SH,2025-08-07,3.905
508088.SH,2025-08-08,3.91
508088.SH,2025-08-11,3.901
508088.SH,2025-08-12,3.897
508088.SH,2025-08-13,3.886
508088.SH,2025-08-14,3.856
508088.SH,2025-08-15,3.827
508088.SH,2025-08-18,3.721
508088.SH,2025-08-19,3.774
508088.SH,2025-08-20,3.832
508088.SH,2025-08-21,3.861
508088.SH,2025-08-22,3.879
508088.SH,2025-08-25,3.88
508088.SH,2025-08-26,3.928
508088.SH,2025-08-27,3.938
508088.SH,2025-08-28,3.923
508088.SH,2025-08-29,3.924
508088.SH,2025-09-01,3.884
508088.SH,2025-09-02,3.89
508088.SH,2025-09-03,3.961
508088.SH,2025-09-04,3.955
508088.SH,2025-09-05,3.928
508088.SH,2025-09-08,3.903
508088.SH,2025-09-09,3.913
508088.SH,2025-09-10,3.899
508088.SH,2025-09-11,3.874
508088.SH,2025-09-12,3.872
508088.SH,2025-09-15,3.875
508088.SH,2025-09-16,3.865
508088.SH,2025-09-17,3.863
508088.SH,2025-09-18,3.861
508088.SH,2025-09-19,3.868
508088.SH,2025-09-22,3.88
508088.SH,2025-09-23,3.894
508088.SH,2025-09-24,3.891
508088.SH,2025-09-25,3.891
508088.SH,2025-09-26,3.888
508088.SH,2025-09-29,3.873
508088.SH,2025-09-30,3.879
508088.SH,2025-10-09,3.873
508088.SH,2025-10-10,3.859
508088.SH,2025-10-13,3.865
508088.SH,2025-10-14,3.851
508088.SH,2025-10-15,3.816
508088.SH,2025-10-16,3.781
508088.SH,2025-10-17,3.759
508088.SH,2025-10-20,3.712
508088.SH,2025-10-21,3.688
508088.SH,2025-10-22,3.726
508088.SH,2025-10-23,3.744
508088.SH,2025-10-24,3.821
508088.SH,2025-10-27,3.793
508088.SH,2025-10-28,3.825
508088.SH,2025-10-29,3.798
508088.SH,2025-10-30,3.785
508088.SH,2025-10-31,3.722
508088.SH,2025-11-03,3.728
508088.SH,2025-11-05,3.758
508088.SH,2025-11-06,3.792
508088.SH,2025-11-07,3.79
508088.SH,2025-11-10,3.78
508088.SH,2025-11-11,3.773
508088.SH,2025-11-12,3.731
508088.SH,2025-11-13,3.724
508088.SH,2025-11-14,3.75
508088.SH,2025-11-17,3.768
508088.SH,2025-11-18,3.765
508088.SH,2025-11-19,3.755
508088.SH,2025-11-20,3.765
508088.SH,2025-11-21,3.771
508088.SH,2025-11-24,3.761
508088.SH,2025-11-25,3.774
508088.SH,2025-11-26,3.775
508088.SH,2025-11-27,3.774
508088.SH,2025-11-28,3.771
508088.SH,2025-12-01,3.762
508088.SH,2025-12-02,3.766
508088.SH,2025-12-03,3.763
508088.SH,2025-12-04,3.772
508088.SH,2025-12-05,3.746
508088.SH,2025-12-08,3.722
508088.SH,2025-12-09,3.713
508088.SH,2025-12-10,3.756
508088.SH,2025-12-11,3.773
508088.SH,2025-12-12,3.769
508088.SH,2025-12-15,3.742
508088.SH,2025-12-16,3.728
508088.SH,2025-12-17,3.712
508088.SH,2025-12-18,3.683
508088.SH,2025-12-19,3.676
508088.SH,2025-12-22,3.688
508088.SH,2025-12-23,3.68
508088.SH,2025-12-24,3.759
508088.SH,2025-12-25,3.767
508088.SH,2025-12-26,3.759
508088.SH,2025-12-29,3.764
508088.SH,2025-12-30,3.732
508088.SH,2025-12-31,3.735
508088.SH,2026-01-05,3.801
508088.SH,2026-01-06,3.859
508088.SH,2026-01-07,3.878
508088.SH,2026-01-08,3.914
508088.SH,2026-01-09,3.887
508088.SH,2026-01-12,3.911
508088.SH,2026-01-13,3.913
508088.SH,2026-01-14,3.935
508088.SH,2026-01-15,3.919
508088.SH,2026-01-16,3.93
508088.SH,2026-01-19,3.913
508088.SH,2026-01-20,3.924
508088.SH,2026-01-21,3.955
508088.SH,2026-01-22,4.034
508088.SH,2026-01-23,4.059
508088.SH,2026-01-26,4.116
508088.SH,2026-01-27,4.084
508088.SH,2026-01-28,4.1
508088.SH,2026-01-29,4.188
508088.SH,2026-01-30,4.183
508088.SH,2026-02-02,4.072
508088.SH,2026-02-03,4.095
508088.SH,2026-02-04,4.111
508088.SH,2026-02-05,4.12
508088.SH,2026-02-06,4.101
508088.SH,2026-02-09,4.064
508088.SH,2026-02-10,4.067
508088.SH,2026-02-11,4.058
508088.SH,2026-02-12,4.058
508088.SH,2026-02-13,4.09
508088.SH,2026-02-24,4.041
508088.SH,2026-02-25,4.06
508088.SH,2026-02-26,3.997
508088.SH,2026-02-27,3.949
508088.SH,2026-03-02,3.932
508088.SH,2026-03-03,3.97
508088.SH,2026-03-04,3.949
508088.SH,2026-03-05,3.936
508088.SH,2026-03-06,3.896
508088.SH,2026-03-09,3.881
508088.SH,2026-03-10,3.915
508088.SH,2026-03-11,3.926
508088.SH,2026-03-12,3.931
508088.SH,2026-03-13,3.935
508088.SH,2026-03-16,3.912
508088.SH,2026-03-17,3.911
508088.SH,2026-03-18,3.953
508088.SH,2026-03-19,3.934
508088.SH,2026-03-20,3.91
508088.SH,2026-03-23,3.886
508088.SH,2026-03-24,3.898
508088.SH,2026-03-25,3.848
508088.SH,2026-03-26,3.844
508088.SH,2026-03-27,3.875
508088.SH,2026-03-30,3.893
508088.SH,2026-03-31,3.882
508088.SH,2026-04-01,3.888
508088.SH,2026-04-02,3.933
508088.SH,2026-04-03,3.962
508088.SH,2026-04-07,3.962
508088.SH,2026-04-08,3.97
508088.SH,2026-04-09,3.958
508088.SH,2026-04-10,3.936
508088.SH,2026-04-13,3.941
508088.SH,2026-04-14,3.955
508088.SH,2026-04-15,3.944
508088.SH,2026-04-16,4.004
508088.SH,2026-04-17,3.996
508088.SH,2026-04-20,4.044
508088.SH,2026-04-21,4.021
508088.SH,2026-04-22,4.03
508088.SH,2026-04-23,4.019
508088.SH,2026-04-24,4.009
508088.SH,2026-04-27,3.847
508088.SH,2026-04-28,3.849
508088.SH,2026-04-29,3.83
508088.SH,2026-04-30,3.83
508088.SH,2026-05-06,3.86
508088.SH,2026-05-07,3.875
508088.SH,2026-05-08,3.923
508088.SH,2026-05-11,3.916
508088.SH,2026-05-12,3.909
508088.SH,2026-05-13,3.9
508088.SH,2026-05-14,3.876
508088.SH,2026-05-15,3.846
508088.SH,2026-05-18,3.818
508088.SH,2026-05-19,3.88
508088.SH,2026-05-20,3.87
508088.SH,2026-05-21,3.81
508088.SH,2026-05-22,3.735
508088.SH,2026-05-25,3.739
508088.SH,2026-05-26,3.743
508088.SH,2026-05-27,3.696
508088.SH,2026-05-28,3.703
508088.SH,2026-05-29,3.755
508088.SH,2026-06-01,3.819
508088.SH,2026-06-02,3.822
508088.SH,2026-06-03,3.829
508088.SH,2026-06-04,3.83
508088.SH,2026-06-05,3.797
508088.SH,2026-06-08,3.786
508088.SH,2026-06-09,3.785
508088.SH,2026-06-10,3.784
508088.SH,2026-06-11,3.767
508088.SH,2026-06-12,3.767
508088.SH,2026-06-15,3.795
508088.SH,2026-06-16,3.766
508088.SH,2026-06-17,3.78
508088.SH,2026-06-18,3.697
508088.SH,2026-06-22,3.614
508088.SH,2026-06-23,3.582
508088.SH,2026-06-24,3.53
508088.SH,2026-06-25,3.653
508088.SH,2026-06-26,3.517
508088.SH,2026-06-29,3.618
508088.SH,2026-06-30,3.644
508088.SH,2026-07-01,3.66
508088.SH,2026-07-02,3.639
508088.SH,2026-07-03,3.734
508088.SH,2026-07-06,3.68
508088.SH,2026-07-07,3.668
508088.SH,2026-07-08,3.625
508088.SH,2026-07-09,3.616
508088.SH,2026-07-10,3.653
508088.SH,2026-07-13,3.607
508088.SH,2026-07-14,3.602
508088.SH,2026-07-15,3.599
508088.SH,2026-07-16,3.642
508088.SH,2026-07-17,3.596
508088.SH,2026-07-20,3.587
508088.SH,2026-07-21,3.533
508088.SH,2026-07-22,3.458
508088.SH,2026-07-23,3.398
508088.SH,2026-07-24,3.428
508088.SH,2026-07-27,3.399
508088.SH,2026-07-28,3.375
508088.SH,2026-07-29,3.45
508088.SH,2026-07-30,3.505
508088.SH,2026-07-31,3.59
508088.SH,2026-08-03,3.591
508088.SH,2026-08-04,3.549
508088.SH,2026-08-05,3.488
508088.SH,2026-08-06,3.493
508088.SH,2026-08-07,3.552
508088.SH,2026-08-10,3.52
508088.SH,2026-08-11,3.481
508088.SH,2026-08-12,3.419
508088.SH,2026-08-13,3.402
508088.SH,2026-08-14,3.39
508088.SH,2026-08-17,3.389
508088.SH,2026-08-18,3.379
508088.SH,2026-08-19,3.436
508088.SH,2026-08-20,3.5
508088.SH,2026-08-21,3.489
508088.SH,2026-08-24,3.432
508088.SH,2026-08-25,3.461
508088.SH,2026-08-26,3.52
508088.SH,2026-08-27,3.52
508088.SH,2026-08-28,3.52
508088.SH,2026-08-31,3.546
508088.SH,2026-09-01,3.52
508088.SH,2026-09-02,3.471
508088.SH,2026-09-03,3.424
508088.SH,2026-09-04,3.4
508088.SH,2026-09-07,3.414
508088.SH,2026-09-08,3.396
508088.SH,2026-09-09,3.406
508088.SH,2026-09-10,3.37
508088.SH,2026-09-11,3.342
508088.SH,2026-09-14,3.314
508088.SH,2026-09-15,3.375
508088.SH,2026-09-16,3.375
508088.SH,2026-09-17,3.408
508088.SH,2026-09-18,3.398
508088.SH,2026-09-21,3.403
508088.SH,2026-09-22,3.405
508088.SH,2026-09-23,3.42
508088.SH,2026-09-24,3.412
508088.SH,2026-09-28,3.392
508088.SH,2026-09-29,3.375
508088.SH,2026-09-30,3.392
508090.SH,2025-07-29,3.929
508090.SH,2025-07-30,3.966
508090.SH,2025-07-31,4.061
508090.SH,2025-08-01,4.05
508090.SH,2025-08-04,4.047
508090.SH,2025-08-05,4.064
508090.SH,2025-08-06,4.07
508090.SH,2025-08-07,4.113
508090.SH,2025-08-08,4.116
508090.SH,2025-08-11,4.11
508090.SH,2025-08-12,4.111
508090.SH,2025-08-13,4.129
508090.SH,2025-08-14,4.131
508090.SH,2025-08-15,4.1
508090.SH,2025-08-18,4.01
508090.SH,2025-08-19,4.047
508090.SH,2025-08-20,4.043
508090.SH,2025-08-21,4.07
508090.SH,2025-08-22,4.067
508090.SH,2025-08-25,4.112
508090.SH,2025-08-26,4.125
508090.SH,2025-08-27,4.116
508090.SH,2025-08-28,4.104
508090.SH,2025-08-29,4.091
508090.SH,2025-09-01,4.082
508090.SH,2025-09-02,4.121
508090.SH,2025-09-03,4.14
508090.SH,2025-09-04,4.144
508090.SH,2025-09-05,4.1
508090.SH,2025-09-08,4.116
508090.SH,2025-09-09,4.117
508090.SH,2025-09-10,4.104
508090.SH,2025-09-11,4.119
508090.SH,2025-09-12,4.143
508090.SH,2025-09-15,4.145
508090.SH,2025-09-16,4.106
508090.SH,2025-09-17,4.118
508090.SH,2025-09-18,4.14
508090.SH,2025-09-19,4.136
508090.SH,2025-09-22,4.12
508090.SH,2025-09-23,4.123
508090.SH,2025-09-24,4.124
508090.SH,2025-09-25,4.132
508090.SH,2025-09-26,4.134
508090.SH,2025-09-29,4.132
508090.SH,2025-09-30,4.137
508090.SH,2025-10-09,4.11
508090.SH,2025-10-10,4.11
508090.SH,2025-10-13,4.129
508090.SH,2025-10-14,4.108
508090.SH,2025-10-15,4.087
508090.SH,2025-10-16,4.086
508090.SH,2025-10-17,4.047
508090.SH,2025-10-20,4.001
508090.SH,2025-10-21,3.964
508090.SH,2025-10-22,3.964
508090.SH,2025-10-23,3.998
508090.SH,2025-10-24,4.039
508090.SH,2025-10-27,4.014
508090.SH,2025-10-28,4.079
508090.SH,2025-10-29,4.118
508090.SH,2025-10-30,4.118
508090.SH,2025-10-31,4.068
508090.SH,2025-11-03,4.085
508090.SH,2025-11-04,4.053
508090.SH,2025-11-05,4.054
508090.SH,2025-11-06,4.064
508090.SH,2025-11-07,4.074
508090.SH,2025-11-10,4.085
508090.SH,2025-11-11,4.118
508090.SH,2025-11-12,4.158
508090.SH,2025-11-13,4.14
508090.SH,2025-11-14,4.146
508090.SH,2025-11-17,4.122
508090.SH,2025-11-18,4.172
508090.SH,2025-11-19,4.172
508090.SH,2025-11-20,4.151
508090.SH,2025-11-21,4.137
508090.SH,2025-11-24,4.108
508090.SH,2025-11-25,4.115
508090.SH,2025-11-26,4.2
508090.SH,2025-11-27,4.203
508090.SH,2025-11-28,4.215
508090.SH,2025-12-01,4.205
508090.SH,2025-12-02,4.189
508090.SH,2025-12-03,4.185
508090.SH,2025-12-04,4.197
508090.SH,2025-12-05,4.19
508090.SH,2025-12-08,4.15
508090.SH,2025-12-09,4.131
508090.SH,2025-12-10,4.181
508090.SH,2025-12-11,4.182
508090.SH,2025-12-12,4.227
508090.SH,2025-12-15,4.18
508090.SH,2025-12-16,4.161
508090.SH,2025-12-17,4.155
508090.SH,2025-12-18,4.11
508090.SH,2025-12-19,4.104
508090.SH,2025-12-22,4.067
508090.SH,2025-12-23,4.02
508090.SH,2025-12-24,4.11
508090.SH,2025-12-25,4.154
508090.SH,2025-12-26,4.152
508090.SH,2025-12-29,4.13
508090.SH,2025-12-30,4.131
508090.SH,2025-12-31,4.149
508090.SH,2026-01-05,4.195
508090.SH,2026-01-06,4.217
508090.SH,2026-01-07,4.247
508090.SH,2026-01-08,4.254
508090.SH,2026-01-09,4.233
508090.SH,2026-01-12,4.203
508090.SH,2026-01-13,4.196
508090.SH,2026-01-14,4.201
508090.SH,2026-01-15,4.21
508090.SH,2026-01-16,4.199
508090.SH,2026-01-19,4.22
508090.SH,2026-01-20,4.24
508090.SH,2026-01-21,4.283
508090.SH,2026-01-22,4.378
508090.SH,2026-01-23,4.398
508090.SH,2026-01-26,4.38
508090.SH,2026-01-27,4.33
508090.SH,2026-01-28,4.322
508090.SH,2026-01-29,4.335
508090.SH,2026-01-30,4.28
508090.SH,2026-02-02,4.247
508090.SH,2026-02-03,4.251
508090.SH,2026-02-04,4.23
508090.SH,2026-02-05,4.279
508090.SH,2026-02-06,4.305
508090.SH,2026-02-09,4.345
508090.SH,2026-02-10,4.379
508090.SH,2026-02-11,4.424
508090.SH,2026-02-12,4.438
508090.SH,2026-02-13,4.439
508090.SH,2026-02-24,4.4
508090.SH,2026-02-25,4.402
508090.SH,2026-02-26,4.406
508090.SH,2026-02-27,4.381
508090.SH,2026-03-02,4.331
508090.SH,2026-03-03,4.34
508090.SH,2026-03-04,4.31
508090.SH,2026-03-05,4.27
508090.SH,2026-03-06,4.265
508090.SH,2026-03-09,4.275
508090.SH,2026-03-10,4.32
508090.SH,2026-03-11,4.228
508090.SH,2026-03-12,4.148
508090.SH,2026-03-13,4.035
508090.SH,2026-03-16,4.02
508090.SH,2026-03-17,4.086
508090.SH,2026-03-18,4.056
508090.SH,2026-03-19,4.056
508090.SH,2026-03-20,4.056
508090.SH,2026-03-23,4.033
508090.SH,2026-03-24,4.055
508090.SH,2026-03-25,4.09
508090.SH,2026-03-26,4.079
508090.SH,2026-03-27,4.1
508090.SH,2026-03-30,4.112
508090.SH,2026-03-31,4.124
508090.SH,2026-04-01,4.128
508090.SH,2026-04-02,4.099
508090.SH,2026-04-03,4.12
508090.SH,2026-04-07,4.13
508090.SH,2026-04-08,4.161
508090.SH,2026-04-09,4.157
508090.SH,2026-04-10,4.18
508090.SH,2026-04-13,4.18
508090.SH,2026-04-14,4.151
508090.SH,2026-04-15,4.148
508090.SH,2026-04-16,4.195
508090.SH,2026-04-17,4.199
508090.SH,2026-04-20,4.197
508090.SH,2026-04-21,4.148
508090.SH,2026-04-22,4.065
508090.SH,2026-04-23,4.056
508090.SH,2026-04-24,4.071
508090.SH,2026-04-27,4.077
508090.SH,2026-04-28,4.091
508090.SH,2026-04-29,4.065
508090.SH,2026-04-30,4.053
508090.SH,2026-05-06,4.021
508090.SH,2026-05-07,4.021
508090.SH,2026-05-08,4.013
508090.SH,2026-05-11,4.021
508090.SH,2026-05-12,4.01
508090.SH,2026-05-13,3.996
508090.SH,2026-05-14,3.934
508090.SH,2026-05-15,3.875
508090.SH,2026-05-18,3.825
508090.SH,2026-05-19,3.934
508090.SH,2026-05-20,3.927
508090.SH,2026-05-21,3.917
508090.SH,2026-05-22,3.905
508090.SH,2026-05-25,3.878
508090.SH,2026-05-26,3.82
508090.SH,2026-05-27,3.709
508090.SH,2026-05-28,3.645
508090.SH,2026-05-29,3.694
508090.SH,2026-06-01,3.818
508090.SH,2026-06-02,3.78
508090.SH,2026-06-03,3.81
508090.SH,2026-06-04,3.819
508090.SH,2026-06-05,3.958
508090.SH,2026-06-08,3.963
508090.SH,2026-06-09,3.902
508090.SH,2026-06-10,3.88
508090.SH,2026-06-11,3.822
508090.SH,2026-06-12,3.787
508090.SH,2026-06-15,3.766
508090.SH,2026-06-16,3.737
508090.SH,2026-06-17,3.715
508090.SH,2026-06-18,3.675
508090.SH,2026-06-22,3.516
508090.SH,2026-06-23,3.443
508090.SH,2026-06-24,3.292
508090.SH,2026-06-25,3.329
508090.SH,2026-06-26,3.343
508090.SH,2026-06-29,3.483
508090.SH,2026-06-30,3.528
508090.SH,2026-07-01,3.606
508090.SH,2026-07-02,3.636
508090.SH,2026-07-03,3.695
508090.SH,2026-07-06,3.689
508090.SH,2026-07-07,3.673
508090.SH,2026-07-08,3.652
508090.SH,2026-07-09,3.763
508090.SH,2026-07-10,3.792
508090.SH,2026-07-13,3.783
508090.SH,2026-07-14,3.762
508090.SH,2026-07-15,3.773
508090.SH,2026-07-16,3.74
508090.SH,2026-07-17,3.74
508090.SH,2026-07-20,3.711
508090.SH,2026-07-21,3.688
508090.SH,2026-07-22,3.642
508090.SH,2026-07-23,3.568
508090.SH,2026-07-24,3.595
508090.SH,2026-07-27,3.493
508090.SH,2026-07-28,3.48
508090.SH,2026-07-29,3.474
508090.SH,2026-07-30,3.498
508090.SH,2026-07-31,3.536
508090.SH,2026-08-03,3.528
508090.SH,2026-08-04,3.505
508090.SH,2026-08-05,3.472
508090.SH,2026-08-06,3.467
508090.SH,2026-08-07,3.45
508090.SH,2026-08-10,3.448
508090.SH,2026-08-11,3.437
508090.SH,2026-08-12,3.431
508090.SH,2026-08-13,3.323
508090.SH,2026-08-14,3.322
508090.SH,2026-08-17,3.298
508090.SH,2026-08-18,3.321
508090.SH,2026-08-19,3.338
508090.SH,2026-08-20,3.379
508090.SH,2026-08-21,3.373
508090.SH,2026-08-24,3.356
508090.SH,2026-08-25,3.344
508090.SH,2026-08-26,3.38
508090.SH,2026-08-27,3.368
508090.SH,2026-08-28,3.363
508090.SH,2026-08-31,3.347
508090.SH,2026-09-01,3.309
508090.SH,2026-09-02,3.281
508090.SH,2026-09-03,3.262
508090.SH,2026-09-04,3.276
508090.SH,2026-09-07,3.289
508090.SH,2026-09-08,3.269
508090.SH,2026-09-09,3.268
508090.SH,2026-09-10,3.26
508090.SH,2026-09-11,3.24
508090.SH,2026-09-14,3.233
508090.SH,2026-09-15,3.292
508090.SH,2026-09-16,3.282
508090.SH,2026-09-17,3.302
508090.SH,2026-09-18,3.248
508090.SH,2026-09-21,3.312
508090.SH,2026-09-22,3.306
508090.SH,2026-09-23,3.349
508090.SH,2026-09-24,3.365
508090.SH,2026-09-28,3.376
508090.SH,2026-09-29,3.395
508090.SH,2026-09-30,3.391
508091.SH,2025-09-29,6.44
508091.SH,2025-09-30,6.418
508091.SH,2025-10-09,6.392
508091.SH,2025-10-10,6.398
508091.SH,2025-10-13,6.432
508091.SH,2025-10-14,6.42
508091.SH,2025-10-15,6.401
508091.SH,2025-10-16,6.402
508091.SH,2025-10-17,6.41
508091.SH,2025-10-20,6.391
508091.SH,2025-10-21,6.356
508091.SH,2025-10-22,6.369
508091.SH,2025-10-23,6.401
508091.SH,2025-10-24,6.439
508091.SH,2025-10-27,6.435
508091.SH,2025-10-28,6.5
508091.SH,2025-10-29,6.587
508091.SH,2025-10-30,6.567
508091.SH,2025-10-31,6.562
508091.SH,2025-11-03,6.606
508091.SH,2025-11-04,6.574
508091.SH,2025-11-05,6.575
508091.SH,2025-11-06,6.555
508091.SH,2025-11-07,6.584
508091.SH,2025-11-10,6.596
508091.SH,2025-11-11,6.608
508091.SH,2025-11-12,6.632
508091.SH,2025-11-13,6.646
508091.SH,2025-11-14,6.66
508091.SH,2025-11-17,6.66
508091.SH,2025-11-18,6.654
508091.SH,2025-11-19,6.65
508091.SH,2025-11-20,6.643
508091.SH,2025-11-21,6.642
508091.SH,2025-11-24,6.636
508091.SH,2025-11-25,6.654
508091.SH,2025-11-26,6.658
508091.SH,2025-11-27,6.65
508091.SH,2025-11-28,6.65
508091.SH,2025-12-01,6.66
508091.SH,2025-12-02,6.659
508091.SH,2025-12-03,6.64
508091.SH,2025-12-04,6.625
508091.SH,2025-12-05,6.605
508091.SH,2025-12-08,6.572
508091.SH,2025-12-09,6.569
508091.SH,2025-12-10,6.59
508091.SH,2025-12-11,6.587
508091.SH,2025-12-12,6.616
508091.SH,2025-12-15,6.609
508091.SH,2025-12-16,6.549
508091.SH,2025-12-17,6.509
508091.SH,2025-12-18,6.499
508091.SH,2025-12-19,6.502
508091.SH,2025-12-22,6.51
508091.SH,2025-12-23,6.424
508091.SH,2025-12-24,6.572
508091.SH,2025-12-25,6.596
508091.SH,2025-12-26,6.593
508091.SH,2025-12-29,6.564
508091.SH,2025-12-30,6.544
508091.SH,2025-12-31,6.525
508091.SH,2026-01-05,6.571
508091.SH,2026-01-06,6.636
508091.SH,2026-01-07,6.635
508091.SH,2026-01-08,6.709
508091.SH,2026-01-09,6.693
508091.SH,2026-01-12,6.703
508091.SH,2026-01-13,6.682
508091.SH,2026-01-14,6.687
508091.SH,2026-01-15,6.672
508091.SH,2026-01-16,6.678
508091.SH,2026-01-19,6.711
508091.SH,2026-01-20,6.735
508091.SH,2026-01-21,6.774
508091.SH,2026-01-22,6.849
508091.SH,2026-01-23,6.894
508091.SH,2026-01-26,6.902
508091.SH,2026-01-27,6.927
508091.SH,2026-01-28,7.046
508091.SH,2026-01-29,7.155
508091.SH,2026-01-30,7.081
508091.SH,2026-02-02,6.861
508091.SH,2026-02-03,6.915
508091.SH,2026-02-04,6.87
508091.SH,2026-02-05,6.78
508091.SH,2026-02-06,6.79
508091.SH,2026-02-09,6.82
508091.SH,2026-02-10,6.856
508091.SH,2026-02-11,6.865
508091.SH,2026-02-12,6.87
508091.SH,2026-02-13,6.89
508091.SH,2026-02-24,6.849
508091.SH,2026-02-25,6.849
508091.SH,2026-02-26,6.844
508091.SH,2026-02-27,6.786
508091.SH,2026-03-02,6.761
508091.SH,2026-03-03,6.758
508091.SH,2026-03-04,6.759
508091.SH,2026-03-05,6.725
508091.SH,2026-03-06,6.73
508091.SH,2026-03-09,6.699
508091.SH,2026-03-10,6.663
508091.SH,2026-03-11,6.611
508091.SH,2026-03-12,6.588
508091.SH,2026-03-13,6.637
508091.SH,2026-03-16,6.554
508091.SH,2026-03-17,6.565
508091.SH,2026-03-18,6.615
508091.SH,2026-03-19,6.68
508091.SH,2026-03-20,6.637
508091.SH,2026-03-23,6.577
508091.SH,2026-03-24,6.548
508091.SH,2026-03-25,6.535
508091.SH,2026-03-26,6.535
508091.SH,2026-03-27,6.533
508091.SH,2026-03-30,6.566
508091.SH,2026-03-31,6.555
508091.SH,2026-04-01,6.492
508091.SH,2026-04-02,6.45
508091.SH,2026-04-03,6.522
508091.SH,2026-04-07,6.599
508091.SH,2026-04-08,6.668
508091.SH,2026-04-09,6.652
508091.SH,2026-04-10,6.65
508091.SH,2026-04-13,6.632
508091.SH,2026-04-14,6.68
508091.SH,2026-04-15,6.67
508091.SH,2026-04-16,6.689
508091.SH,2026-04-17,6.69
508091.SH,2026-04-20,6.69
508091.SH,2026-04-21,6.67
508091.SH,2026-04-22,6.66
508091.SH,2026-04-23,6.639
508091.SH,2026-04-24,6.621
508091.SH,2026-04-27,6.556
508091.SH,2026-04-28,6.524
508091.SH,2026-04-29,6.52
508091.SH,2026-04-30,6.495
508091.SH,2026-05-06,6.49
508091.SH,2026-05-07,6.45
508091.SH,2026-05-08,6.454
508091.SH,2026-05-11,6.42
508091.SH,2026-05-12,6.395
508091.SH,2026-05-13,6.385
508091.SH,2026-05-14,6.35
508091.SH,2026-05-15,6.321
508091.SH,2026-05-18,6.32
508091.SH,2026-05-19,6.504
508091.SH,2026-05-20,6.52
508091.SH,2026-05-21,6.448
508091.SH,2026-05-22,6.41
508091.SH,2026-05-25,6.4
508091.SH,2026-05-26,6.35
508091.SH,2026-05-27,6.263
508091.SH,2026-05-28,6.198
508091.SH,2026-05-29,6.19
508091.SH,2026-06-01,6.27
508091.SH,2026-06-02,6.27
508091.SH,2026-06-03,6.293
508091.SH,2026-06-04,6.306
508091.SH,2026-06-05,6.349
508091.SH,2026-06-08,6.348
508091.SH,2026-06-09,6.316
508091.SH,2026-06-10,6.27
508091.SH,2026-06-11,6.25
508091.SH,2026-06-12,6.287
508091.SH,2026-06-15,6.245
508091.SH,2026-06-16,6.157
508091.SH,2026-06-17,6.097
508091.SH,2026-06-18,5.89
508091.SH,2026-06-22,5.679
508091.SH,2026-06-23,5.581
508091.SH,2026-06-24,5.454
508091.SH,2026-06-25,5.636
508091.SH,2026-06-26,5.648
508091.SH,2026-06-29,5.777
508091.SH,2026-06-30,5.841
508091.SH,2026-07-01,5.844
508091.SH,2026-07-02,5.8
508091.SH,2026-07-03,5.918
508091.SH,2026-07-06,5.95
508091.SH,2026-07-07,5.909
508091.SH,2026-07-08,5.858
508091.SH,2026-07-09,5.808
508091.SH,2026-07-10,5.899
508091.SH,2026-07-13,5.885
508091.SH,2026-07-14,5.897
508091.SH,2026-07-15,5.86
508091.SH,2026-07-16,5.885
508091.SH,2026-07-17,5.797
508091.SH,2026-07-20,5.759
508091.SH,2026-07-21,5.734
508091.SH,2026-07-22,5.65
508091.SH,2026-07-23,5.67
508091.SH,2026-07-24,5.7
508091.SH,2026-07-27,5.68
508091.SH,2026-07-28,5.6
508091.SH,2026-07-29,5.612
508091.SH,2026-07-30,5.593
508091.SH,2026-07-31,5.681
508091.SH,2026-08-03,5.676
508091.SH,2026-08-04,5.644
508091.SH,2026-08-05,5.629
508091.SH,2026-08-06,5.59
508091.SH,2026-08-07,5.613
508091.SH,2026-08-10,5.562
508091.SH,2026-08-11,5.539
508091.SH,2026-08-12,5.535
508091.SH,2026-08-13,5.484
508091.SH,2026-08-14,5.458
508091.SH,2026-08-17,5.42
508091.SH,2026-08-18,5.405
508091.SH,2026-08-19,5.399
508091.SH,2026-08-20,5.445
508091.SH,2026-08-21,5.48
508091.SH,2026-08-24,5.502
508091.SH,2026-08-25,5.566
508091.SH,2026-08-26,5.493
508091.SH,2026-08-27,5.49
508091.SH,2026-08-28,5.508
508091.SH,2026-08-31,5.448
508091.SH,2026-09-01,5.438
508091.SH,2026-09-02,5.432
508091.SH,2026-09-03,5.41
508091.SH,2026-09-04,5.386
508091.SH,2026-09-07,5.406
508091.SH,2026-09-08,5.373
508091.SH,2026-09-09,5.353
508091.SH,2026-09-10,5.302
508091.SH,2026-09-11,5.291
508091.SH,2026-09-14,5.28
508091.SH,2026-09-15,5.271
508091.SH,2026-09-16,5.266
508091.SH,2026-09-17,5.241
508091.SH,2026-09-18,5.234
508091.SH,2026-09-21,5.198
508091.SH,2026-09-22,5.178
508091.SH,2026-09-23,5.19
508091.SH,2026-09-24,5.216
508091.SH,2026-09-28,5.216
508091.SH,2026-09-29,5.2
508091.SH,2026-09-30,5.225
508092.SH,2025-02-26,3.691
508092.SH,2025-02-27,3.684
508092.SH,2025-02-28,3.686
508092.SH,2025-03-03,3.676
508092.SH,2025-03-04,3.718
508092.SH,2025-03-05,3.815
508092.SH,2025-03-06,3.89
508092.SH,2025-03-07,3.974
508092.SH,2025-03-10,4.008
508092.SH,2025-03-11,4.003
508092.SH,2025-03-12,3.991
508092.SH,2025-03-13,3.975
508092.SH,2025-03-14,3.99
508092.SH,2025-03-17,3.981
508092.SH,2025-03-18,3.985
508092.SH,2025-03-19,3.995
508092.SH,2025-03-20,4.033
508092.SH,2025-03-21,4.043
508092.SH,2025-03-24,4.04
508092.SH,2025-03-25,4.064
508092.SH,2025-03-26,4.115
508092.SH,2025-03-27,4.147
508092.SH,2025-03-28,4.277
508092.SH,2025-03-31,4.259
508092.SH,2025-04-01,4.177
508092.SH,2025-04-02,4.192
508092.SH,2025-04-03,4.219
508092.SH,2025-04-07,4.146
508092.SH,2025-04-08,4.146
508092.SH,2025-04-09,4.119
508092.SH,2025-04-10,4.145
508092.SH,2025-04-11,4.164
508092.SH,2025-04-14,4.168
508092.SH,2025-04-15,4.167
508092.SH,2025-04-16,4.204
508092.SH,2025-04-17,4.285
508092.SH,2025-04-18,4.202
508092.SH,2025-04-21,4.182
508092.SH,2025-04-22,4.188
508092.SH,2025-04-23,4.223
508092.SH,2025-04-24,4.229
508092.SH,2025-04-25,4.193
508092.SH,2025-04-28,4.183
508092.SH,2025-04-29,4.169
508092.SH,2025-04-30,4.254
508092.SH,2025-05-06,4.318
508092.SH,2025-05-07,4.358
508092.SH,2025-05-08,4.362
508092.SH,2025-05-09,4.361
508092.SH,2025-05-12,4.413
508092.SH,2025-05-13,4.473
508092.SH,2025-05-14,4.522
508092.SH,2025-05-15,4.532
508092.SH,2025-05-16,4.563
508092.SH,2025-05-19,4.6
508092.SH,2025-05-20,4.691
508092.SH,2025-05-21,4.748
508092.SH,2025-05-22,4.735
508092.SH,2025-05-23,4.76
508092.SH,2025-05-26,4.698
508092.SH,2025-05-27,4.656
508092.SH,2025-05-28,4.688
508092.SH,2025-05-29,4.73
508092.SH,2025-05-30,4.761
508092.SH,2025-06-03,4.783
508092.SH,2025-06-04,4.771
508092.SH,2025-06-05,4.776
508092.SH,2025-06-06,4.71
508092.SH,2025-06-09,4.696
508092.SH,2025-06-10,4.693
508092.SH,2025-06-11,4.695
508092.SH,2025-06-12,4.696
508092.SH,2025-06-13,4.69
508092.SH,2025-06-16,4.692
508092.SH,2025-06-17,4.694
508092.SH,2025-06-18,4.693
508092.SH,2025-06-19,4.698
508092.SH,2025-06-20,4.705
508092.SH,2025-06-23,4.707
508092.SH,2025-06-24,4.671
508092.SH,2025-06-25,4.658
508092.SH,2025-06-26,4.628
508092.SH,2025-06-27,4.598
508092.SH,2025-06-30,4.605
508092.SH,2025-07-01,4.655
508092.SH,2025-07-02,4.647
508092.SH,2025-07-03,4.604
508092.SH,2025-07-04,4.628
508092.SH,2025-07-07,4.659
508092.SH,2025-07-08,4.565
508092.SH,2025-07-09,4.545
508092.SH,2025-07-10,4.493
508092.SH,2025-07-11,4.445
508092.SH,2025-07-14,4.42
508092.SH,2025-07-15,4.416
508092.SH,2025-07-16,4.451
508092.SH,2025-07-17,4.42
508092.SH,2025-07-18,4.366
508092.SH,2025-07-21,4.303
508092.SH,2025-07-22,4.278
508092.SH,2025-07-23,4.301
508092.SH,2025-07-24,4.324
508092.SH,2025-07-25,4.303
508092.SH,2025-07-28,4.324
508092.SH,2025-07-29,4.318
508092.SH,2025-07-30,4.389
508092.SH,2025-07-31,4.475
508092.SH,2025-08-01,4.456
508092.SH,2025-08-04,4.418
508092.SH,2025-08-05,4.402
508092.SH,2025-08-06,4.427
508092.SH,2025-08-07,4.421
508092.SH,2025-08-08,4.415
508092.SH,2025-08-11,4.406
508092.SH,2025-08-12,4.41
508092.SH,2025-08-13,4.422
508092.SH,2025-08-14,4.442
508092.SH,2025-08-15,4.411
508092.SH,2025-08-18,4.279
508092.SH,2025-08-19,4.22
508092.SH,2025-08-20,4.235
508092.SH,2025-08-21,4.235
508092.SH,2025-08-22,4.212
508092.SH,2025-08-25,4.213
508092.SH,2025-08-26,4.331
508092.SH,2025-08-27,4.406
508092.SH,2025-08-28,4.363
508092.SH,2025-08-29,4.301
508092.SH,2025-09-01,4.288
508092.SH,2025-09-02,4.374
508092.SH,2025-09-03,4.431
508092.SH,2025-09-04,4.435
508092.SH,2025-09-05,4.428
508092.SH,2025-09-08,4.277
508092.SH,2025-09-09,4.328
508092.SH,2025-09-10,4.35
508092.SH,2025-09-11,4.312
508092.SH,2025-09-12,4.289
508092.SH,2025-09-15,4.29
508092.SH,2025-09-16,4.292
508092.SH,2025-09-17,4.286
508092.SH,2025-09-18,4.254
508092.SH,2025-09-19,4.245
508092.SH,2025-09-22,4.22
508092.SH,2025-09-23,4.239
508092.SH,2025-09-24,4.22
508092.SH,2025-09-25,4.189
508092.SH,2025-09-26,4.187
508092.SH,2025-09-29,4.152
508092.SH,2025-09-30,4.16
508092.SH,2025-10-09,4.169
508092.SH,2025-10-10,4.203
508092.SH,2025-10-13,4.216
508092.SH,2025-10-14,4.18
508092.SH,2025-10-15,4.174
508092.SH,2025-10-16,4.156
508092.SH,2025-10-17,4.135
508092.SH,2025-10-20,4.131
508092.SH,2025-10-21,4.074
508092.SH,2025-10-22,4.118
508092.SH,2025-10-23,4.137
508092.SH,2025-10-24,4.186
508092.SH,2025-10-27,4.187
508092.SH,2025-10-28,4.299
508092.SH,2025-10-29,4.291
508092.SH,2025-10-30,4.299
508092.SH,2025-10-31,4.236
508092.SH,2025-11-03,4.217
508092.SH,2025-11-04,4.155
508092.SH,2025-11-05,4.153
508092.SH,2025-11-06,4.142
508092.SH,2025-11-07,4.164
508092.SH,2025-11-10,4.148
508092.SH,2025-11-11,4.169
508092.SH,2025-11-12,4.163
508092.SH,2025-11-13,4.16
508092.SH,2025-11-14,4.23
508092.SH,2025-11-17,4.203
508092.SH,2025-11-18,4.23
508092.SH,2025-11-19,4.241
508092.SH,2025-11-20,4.243
508092.SH,2025-11-21,4.211
508092.SH,2025-11-24,4.152
508092.SH,2025-11-25,4.165
508092.SH,2025-11-26,4.183
508092.SH,2025-11-27,4.183
508092.SH,2025-11-28,4.185
508092.SH,2025-12-01,4.196
508092.SH,2025-12-02,4.196
508092.SH,2025-12-03,4.153
508092.SH,2025-12-04,4.106
508092.SH,2025-12-05,4.061
508092.SH,2025-12-08,4.04
508092.SH,2025-12-09,4.039
508092.SH,2025-12-10,4.039
508092.SH,2025-12-11,4.037
508092.SH,2025-12-12,4.038
508092.SH,2025-12-15,4.04
508092.SH,2025-12-16,3.983
508092.SH,2025-12-17,3.936
508092.SH,2025-12-18,3.877
508092.SH,2025-12-19,3.913
508092.SH,2025-12-22,3.892
508092.SH,2025-12-23,3.892
508092.SH,2025-12-24,4.03
508092.SH,2025-12-25,4.038
508092.SH,2025-12-26,4.011
508092.SH,2025-12-29,3.955
508092.SH,2025-12-30,3.934
508092.SH,2025-12-31,3.892
508092.SH,2026-01-05,3.936
508092.SH,2026-01-06,4.002
508092.SH,2026-01-07,4.072
508092.SH,2026-01-08,4.154
508092.SH,2026-01-09,4.068
508092.SH,2026-01-12,4.102
508092.SH,2026-01-13,4.116
508092.SH,2026-01-14,4.214
508092.SH,2026-01-15,4.165
508092.SH,2026-01-16,4.158
508092.SH,2026-01-19,4.146
508092.SH,2026-01-20,4.16
508092.SH,2026-01-21,4.22
508092.SH,2026-01-22,4.277
508092.SH,2026-01-23,4.358
508092.SH,2026-01-26,4.33
508092.SH,2026-01-27,4.323
508092.SH,2026-01-28,4.324
508092.SH,2026-01-29,4.354
508092.SH,2026-01-30,4.342
508092.SH,2026-02-02,4.253
508092.SH,2026-02-03,4.257
508092.SH,2026-02-04,4.259
508092.SH,2026-02-05,4.236
508092.SH,2026-02-06,4.201
508092.SH,2026-02-09,4.185
508092.SH,2026-02-10,4.164
508092.SH,2026-02-11,4.197
508092.SH,2026-02-12,4.139
508092.SH,2026-02-13,4.139
508092.SH,2026-02-24,4.166
508092.SH,2026-02-25,4.14
508092.SH,2026-02-26,4.118
508092.SH,2026-02-27,4.083
508092.SH,2026-03-02,4.08
508092.SH,2026-03-03,4.18
508092.SH,2026-03-04,4.123
508092.SH,2026-03-05,4.13
508092.SH,2026-03-06,4.1
508092.SH,2026-03-09,4.085
508092.SH,2026-03-10,4.091
508092.SH,2026-03-11,4.086
508092.SH,2026-03-12,4.076
508092.SH,2026-03-13,4.076
508092.SH,2026-03-16,4.064
508092.SH,2026-03-17,4.063
508092.SH,2026-03-18,4.051
508092.SH,2026-03-19,4.098
508092.SH,2026-03-20,4.066
508092.SH,2026-03-23,4.004
508092.SH,2026-03-24,3.99
508092.SH,2026-03-25,3.998
508092.SH,2026-03-26,3.964
508092.SH,2026-03-27,3.936
508092.SH,2026-03-30,3.928
508092.SH,2026-03-31,3.908
508092.SH,2026-04-01,3.915
508092.SH,2026-04-02,3.92
508092.SH,2026-04-03,3.913
508092.SH,2026-04-07,3.98
508092.SH,2026-04-08,4.002
508092.SH,2026-04-09,3.995
508092.SH,2026-04-10,3.999
508092.SH,2026-04-13,3.986
508092.SH,2026-04-14,3.992
508092.SH,2026-04-15,3.984
508092.SH,2026-04-16,4.005
508092.SH,2026-04-17,3.986
508092.SH,2026-04-20,4.0
508092.SH,2026-04-21,4.019
508092.SH,2026-04-22,4.01
508092.SH,2026-04-23,3.988
508092.SH,2026-04-24,3.986
508092.SH,2026-04-27,3.96
508092.SH,2026-04-28,3.931
508092.SH,2026-04-29,3.905
508092.SH,2026-04-30,3.904
508092.SH,2026-05-06,3.886
508092.SH,2026-05-07,3.85
508092.SH,2026-05-08,3.844
508092.SH,2026-05-11,3.839
508092.SH,2026-05-12,3.817
508092.SH,2026-05-13,3.796
508092.SH,2026-05-14,3.748
508092.SH,2026-05-15,3.707
508092.SH,2026-05-18,3.782
508092.SH,2026-05-19,3.858
508092.SH,2026-05-20,3.87
508092.SH,2026-05-21,3.869
508092.SH,2026-05-22,3.846
508092.SH,2026-05-25,3.814
508092.SH,2026-05-26,3.745
508092.SH,2026-05-27,3.624
508092.SH,2026-05-28,3.52
508092.SH,2026-05-29,3.536
508092.SH,2026-06-01,3.572
508092.SH,2026-06-02,3.54
508092.SH,2026-06-03,3.576
508092.SH,2026-06-04,3.574
508092.SH,2026-06-05,3.57
508092.SH,2026-06-08,3.587
508092.SH,2026-06-09,3.549
508092.SH,2026-06-10,3.493
508092.SH,2026-06-11,3.471
508092.SH,2026-06-12,3.467
508092.SH,2026-06-15,3.454
508092.SH,2026-06-16,3.483
508092.SH,2026-06-17,3.475
508092.SH,2026-06-18,3.403
508092.SH,2026-06-22,3.34
508092.SH,2026-06-23,3.192
508092.SH,2026-06-24,3.159
508092.SH,2026-06-25,3.144
508092.SH,2026-06-26,3.147
508092.SH,2026-06-29,3.119
508092.SH,2026-06-30,3.133
508092.SH,2026-07-01,3.09
508092.SH,2026-07-02,3.05
508092.SH,2026-07-03,3.055
508092.SH,2026-07-06,3.07
508092.SH,2026-07-07,3.062
508092.SH,2026-07-08,3.053
508092.SH,2026-07-09,3.043
508092.SH,2026-07-10,3.046
508092.SH,2026-07-13,2.999
508092.SH,2026-07-14,3.0
508092.SH,2026-07-15,2.98
508092.SH,2026-07-16,2.994
508092.SH,2026-07-17,2.988
508092.SH,2026-07-20,2.953
508092.SH,2026-07-21,2.908
508092.SH,2026-07-22,2.968
508092.SH,2026-07-23,2.966
508092.SH,2026-07-24,2.963
508092.SH,2026-07-27,2.964
508092.SH,2026-07-28,2.951
508092.SH,2026-07-29,2.938
508092.SH,2026-07-30,2.943
508092.SH,2026-07-31,2.95
508092.SH,2026-08-03,2.95
508092.SH,2026-08-04,2.949
508092.SH,2026-08-05,2.867
508092.SH,2026-08-06,2.817
508092.SH,2026-08-07,2.78
508092.SH,2026-08-10,2.781
508092.SH,2026-08-11,2.772
508092.SH,2026-08-12,2.762
508092.SH,2026-08-13,2.734
508092.SH,2026-08-14,2.742
508092.SH,2026-08-17,2.749
508092.SH,2026-08-18,2.8
508092.SH,2026-08-19,2.845
508092.SH,2026-08-20,2.938
508092.SH,2026-08-21,2.973
508092.SH,2026-08-24,2.972
508092.SH,2026-08-25,2.923
508092.SH,2026-08-26,3.01
508092.SH,2026-08-27,3.011
508092.SH,2026-08-28,3.022
508092.SH,2026-08-31,3.04
508092.SH,2026-09-01,2.963
508092.SH,2026-09-02,2.937
508092.SH,2026-09-03,2.885
508092.SH,2026-09-04,2.92
508092.SH,2026-09-07,2.899
508092.SH,2026-09-08,2.859
508092.SH,2026-09-09,2.879
508092.SH,2026-09-10,2.878
508092.SH,2026-09-11,2.877
508092.SH,2026-09-14,2.867
508092.SH,2026-09-15,2.866
508092.SH,2026-09-16,2.876
508092.SH,2026-09-17,2.9
508092.SH,2026-09-18,2.902
508092.SH,2026-09-21,2.9
508092.SH,2026-09-22,2.899
508092.SH,2026-09-23,2.922
508092.SH,2026-09-24,2.92
508092.SH,2026-09-28,2.91
508092.SH,2026-09-29,2.91
508092.SH,2026-09-30,2.924
508097.SH,2024-12-03,2.595
508097.SH,2024-12-04,2.6
508097.SH,2024-12-05,2.592
508097.SH,2024-12-06,2.694
508097.SH,2024-12-09,2.769
508097.SH,2024-12-10,2.77
508097.SH,2024-12-11,2.773
508097.SH,2024-12-12,2.786
508097.SH,2024-12-13,2.814
508097.SH,2024-12-16,2.883
508097.SH,2024-12-17,2.921
508097.SH,2024-12-18,2.894
508097.SH,2024-12-19,2.848
508097.SH,2024-12-20,2.843
508097.SH,2024-12-23,2.816
508097.SH,2024-12-24,2.83
508097.SH,2024-12-25,2.82
508097.SH,2024-12-26,2.821
508097.SH,2024-12-27,2.805
508097.SH,2024-12-30,2.781
508097.SH,2024-12-31,2.768
508097.SH,2025-01-02,2.85
508097.SH,2025-01-03,2.958
508097.SH,2025-01-06,2.999
508097.SH,2025-01-07,2.955
508097.SH,2025-01-08,2.989
508097.SH,2025-01-09,3.01
508097.SH,2025-01-10,3.04
508097.SH,2025-01-13,3.037
508097.SH,2025-01-14,3.045
508097.SH,2025-01-15,3.058
508097.SH,2025-01-16,3.073
508097.SH,2025-01-17,3.099
508097.SH,2025-01-20,3.155
508097.SH,2025-01-21,3.198
508097.SH,2025-01-22,3.212
508097.SH,2025-01-23,3.214
508097.SH,2025-01-24,3.235
508097.SH,2025-01-27,3.26
508097.SH,2025-02-05,3.349
508097.SH,2025-02-06,3.458
508097.SH,2025-02-07,3.581
508097.SH,2025-02-10,3.671
508097.SH,2025-02-11,3.795
508097.SH,2025-02-12,3.71
508097.SH,2025-02-13,3.54
508097.SH,2025-02-14,3.52
508097.SH,2025-02-17,3.487
508097.SH,2025-02-18,3.523
508097.SH,2025-02-19,3.497
508097.SH,2025-02-20,3.431
508097.SH,2025-02-21,3.395
508097.SH,2025-02-24,3.354
508097.SH,2025-02-25,3.329
508097.SH,2025-02-26,3.335
508097.SH,2025-02-27,3.263
508097.SH,2025-02-28,3.212
508097.SH,2025-03-03,3.217
508097.SH,2025-03-04,3.272
508097.SH,2025-03-05,3.338
508097.SH,2025-03-06,3.369
508097.SH,2025-03-07,3.309
508097.SH,2025-03-10,3.281
508097.SH,2025-03-11,3.219
508097.SH,2025-03-12,3.19
508097.SH,2025-03-13,3.188
508097.SH,2025-03-14,3.181
508097.SH,2025-03-17,3.219
508097.SH,2025-03-18,3.22
508097.SH,2025-03-19,3.25
508097.SH,2025-03-20,3.311
508097.SH,2025-03-21,3.347
508097.SH,2025-03-24,3.408
508097.SH,2025-03-25,3.448
508097.SH,2025-03-26,3.515
508097.SH,2025-03-27,3.57
508097.SH,2025-03-28,3.488
508097.SH,2025-03-31,3.371
508097.SH,2025-04-01,3.333
508097.SH,2025-04-02,3.36
508097.SH,2025-04-03,3.417
508097.SH,2025-04-07,3.276
508097.SH,2025-04-08,3.256
508097.SH,2025-04-09,3.24
508097.SH,2025-04-10,3.244
508097.SH,2025-04-11,3.274
508097.SH,2025-04-14,3.266
508097.SH,2025-04-15,3.24
508097.SH,2025-04-16,3.236
508097.SH,2025-04-17,3.344
508097.SH,2025-04-18,3.4
508097.SH,2025-04-21,3.47
508097.SH,2025-04-22,3.451
508097.SH,2025-04-23,3.445
508097.SH,2025-04-24,3.445
508097.SH,2025-04-25,3.433
508097.SH,2025-04-28,3.38
508097.SH,2025-04-29,3.396
508097.SH,2025-04-30,3.398
508097.SH,2025-05-06,3.388
508097.SH,2025-05-07,3.38
508097.SH,2025-05-08,3.372
508097.SH,2025-05-09,3.402
508097.SH,2025-05-12,3.462
508097.SH,2025-05-13,3.484
508097.SH,2025-05-14,3.493
508097.SH,2025-05-15,3.452
508097.SH,2025-05-16,3.46
508097.SH,2025-05-19,3.48
508097.SH,2025-05-20,3.528
508097.SH,2025-05-21,3.536
508097.SH,2025-05-22,3.476
508097.SH,2025-05-23,3.443
508097.SH,2025-05-26,3.468
508097.SH,2025-05-27,3.468
508097.SH,2025-05-28,3.504
508097.SH,2025-05-29,3.535
508097.SH,2025-05-30,3.514
508097.SH,2025-06-03,3.514
508097.SH,2025-06-04,3.501
508097.SH,2025-06-05,3.488
508097.SH,2025-06-06,3.479
508097.SH,2025-06-09,3.455
508097.SH,2025-06-10,3.496
508097.SH,2025-06-11,3.496
508097.SH,2025-06-12,3.519
508097.SH,2025-06-13,3.511
508097.SH,2025-06-16,3.525
508097.SH,2025-06-17,3.532
508097.SH,2025-06-18,3.575
508097.SH,2025-06-19,3.683
508097.SH,2025-06-20,3.741
508097.SH,2025-06-23,3.734
508097.SH,2025-06-24,3.659
508097.SH,2025-06-25,3.634
508097.SH,2025-06-26,3.615
508097.SH,2025-06-27,3.588
508097.SH,2025-06-30,3.591
508097.SH,2025-07-01,3.608
508097.SH,2025-07-02,3.639
508097.SH,2025-07-03,3.66
508097.SH,2025-07-04,3.674
508097.SH,2025-07-07,3.691
508097.SH,2025-07-08,3.652
508097.SH,2025-07-09,3.594
508097.SH,2025-07-10,3.591
508097.SH,2025-07-11,3.59
508097.SH,2025-07-14,3.558
508097.SH,2025-07-15,3.55
508097.SH,2025-07-16,3.595
508097.SH,2025-07-17,3.58
508097.SH,2025-07-18,3.588
508097.SH,2025-07-21,3.507
508097.SH,2025-07-22,3.432
508097.SH,2025-07-23,3.396
508097.SH,2025-07-24,3.389
508097.SH,2025-07-25,3.408
508097.SH,2025-07-28,3.45
508097.SH,2025-07-29,3.443
508097.SH,2025-07-30,3.498
508097.SH,2025-07-31,3.498
508097.SH,2025-08-01,3.488
508097.SH,2025-08-04,3.453
508097.SH,2025-08-05,3.455
508097.SH,2025-08-06,3.466
508097.SH,2025-08-07,3.432
508097.SH,2025-08-08,3.423
508097.SH,2025-08-11,3.383
508097.SH,2025-08-12,3.355
508097.SH,2025-08-13,3.304
508097.SH,2025-08-14,3.318
508097.SH,2025-08-15,3.31
508097.SH,2025-08-18,3.233
508097.SH,2025-08-19,3.184
508097.SH,2025-08-20,3.211
508097.SH,2025-08-21,3.204
508097.SH,2025-08-22,3.203
508097.SH,2025-08-25,3.218
508097.SH,2025-08-26,3.267
508097.SH,2025-08-27,3.302
508097.SH,2025-08-28,3.288
508097.SH,2025-08-29,3.321
508097.SH,2025-09-01,3.238
508097.SH,2025-09-02,3.259
508097.SH,2025-09-03,3.293
508097.SH,2025-09-04,3.283
508097.SH,2025-09-05,3.239
508097.SH,2025-09-08,3.219
508097.SH,2025-09-09,3.165
508097.SH,2025-09-10,3.13
508097.SH,2025-09-11,3.11
508097.SH,2025-09-12,3.071
508097.SH,2025-09-15,3.046
508097.SH,2025-09-16,3.091
508097.SH,2025-09-17,3.096
508097.SH,2025-09-18,3.09
508097.SH,2025-09-19,3.06
508097.SH,2025-09-22,3.124
508097.SH,2025-09-23,3.14
508097.SH,2025-09-24,3.13
508097.SH,2025-09-25,3.105
508097.SH,2025-09-26,3.068
508097.SH,2025-09-29,3.044
508097.SH,2025-09-30,3.118
508097.SH,2025-10-09,3.116
508097.SH,2025-10-10,3.16
508097.SH,2025-10-13,3.173
508097.SH,2025-10-14,3.18
508097.SH,2025-10-15,3.178
508097.SH,2025-10-16,3.128
508097.SH,2025-10-17,3.104
508097.SH,2025-10-20,3.107
508097.SH,2025-10-21,3.051
508097.SH,2025-10-22,3.045
508097.SH,2025-10-23,3.118
508097.SH,2025-10-24,3.127
508097.SH,2025-10-27,3.12
508097.SH,2025-10-28,3.142
508097.SH,2025-10-29,3.121
508097.SH,2025-10-30,3.121
508097.SH,2025-10-31,3.086
508097.SH,2025-11-03,2.986
508097.SH,2025-11-04,2.981
508097.SH,2025-11-05,3.063
508097.SH,2025-11-06,3.041
508097.SH,2025-11-07,2.992
508097.SH,2025-11-10,2.993
508097.SH,2025-11-11,2.94
508097.SH,2025-11-12,2.837
508097.SH,2025-11-13,2.758
508097.SH,2025-11-14,2.795
508097.SH,2025-11-17,2.769
508097.SH,2025-11-18,2.76
508097.SH,2025-11-19,2.76
508097.SH,2025-11-20,2.749
508097.SH,2025-11-21,2.753
508097.SH,2025-11-24,2.74
508097.SH,2025-11-25,2.724
508097.SH,2025-11-26,2.718
508097.SH,2025-11-27,2.657
508097.SH,2025-11-28,2.59
508097.SH,2025-12-01,2.589
508097.SH,2025-12-02,2.59
508097.SH,2025-12-03,2.61
508097.SH,2025-12-04,2.592
508097.SH,2025-12-05,2.618
508097.SH,2025-12-08,2.634
508097.SH,2025-12-09,2.675
508097.SH,2025-12-10,2.76
508097.SH,2025-12-11,2.792
508097.SH,2025-12-12,2.81
508097.SH,2025-12-15,2.724
508097.SH,2025-12-16,2.71
508097.SH,2025-12-17,2.711
508097.SH,2025-12-18,2.73
508097.SH,2025-12-19,2.715
508097.SH,2025-12-22,2.673
508097.SH,2025-12-23,2.673
508097.SH,2025-12-24,2.749
508097.SH,2025-12-25,2.807
508097.SH,2025-12-26,2.795
508097.SH,2025-12-29,2.739
508097.SH,2025-12-30,2.749
508097.SH,2025-12-31,2.789
508097.SH,2026-01-05,2.868
508097.SH,2026-01-06,2.916
508097.SH,2026-01-07,2.907
508097.SH,2026-01-08,2.931
508097.SH,2026-01-09,2.921
508097.SH,2026-01-12,2.955
508097.SH,2026-01-13,2.95
508097.SH,2026-01-14,2.954
508097.SH,2026-01-15,2.929
508097.SH,2026-01-16,2.932
508097.SH,2026-01-19,2.912
508097.SH,2026-01-20,2.967
508097.SH,2026-01-21,2.993
508097.SH,2026-01-22,3.079
508097.SH,2026-01-23,3.083
508097.SH,2026-01-26,3.081
508097.SH,2026-01-27,3.03
508097.SH,2026-01-28,3.086
508097.SH,2026-01-29,3.128
508097.SH,2026-01-30,3.119
508097.SH,2026-02-02,3.047
508097.SH,2026-02-03,3.019
508097.SH,2026-02-04,2.993
508097.SH,2026-02-05,2.991
508097.SH,2026-02-06,2.966
508097.SH,2026-02-09,2.975
508097.SH,2026-02-10,2.983
508097.SH,2026-02-11,3.084
508097.SH,2026-02-12,3.06
508097.SH,2026-02-13,3.055
508097.SH,2026-02-24,3.019
508097.SH,2026-02-25,2.986
508097.SH,2026-02-26,2.944
508097.SH,2026-02-27,2.866
508097.SH,2026-03-02,2.828
508097.SH,2026-03-03,2.9
508097.SH,2026-03-04,2.87
508097.SH,2026-03-05,2.875
508097.SH,2026-03-06,2.81
508097.SH,2026-03-09,2.731
508097.SH,2026-03-10,2.75
508097.SH,2026-03-11,2.757
508097.SH,2026-03-12,2.744
508097.SH,2026-03-13,2.793
508097.SH,2026-03-16,2.724
508097.SH,2026-03-17,2.788
508097.SH,2026-03-18,2.776
508097.SH,2026-03-19,2.795
508097.SH,2026-03-20,2.792
508097.SH,2026-03-23,2.752
508097.SH,2026-03-24,2.778
508097.SH,2026-03-25,2.761
508097.SH,2026-03-26,2.743
508097.SH,2026-03-27,2.744
508097.SH,2026-03-30,2.745
508097.SH,2026-03-31,2.733
508097.SH,2026-04-01,2.748
508097.SH,2026-04-02,2.763
508097.SH,2026-04-03,2.748
508097.SH,2026-04-07,2.75
508097.SH,2026-04-08,2.829
508097.SH,2026-04-09,2.784
508097.SH,2026-04-10,2.79
508097.SH,2026-04-13,2.774
508097.SH,2026-04-14,2.816
508097.SH,2026-04-15,2.81
508097.SH,2026-04-16,2.858
508097.SH,2026-04-17,2.852
508097.SH,2026-04-20,2.832
508097.SH,2026-04-21,2.82
508097.SH,2026-04-22,2.784
508097.SH,2026-04-23,2.734
508097.SH,2026-04-24,2.668
508097.SH,2026-04-27,2.599
508097.SH,2026-04-28,2.582
508097.SH,2026-04-29,2.594
508097.SH,2026-04-30,2.572
508097.SH,2026-05-06,2.56
508097.SH,2026-05-07,2.561
508097.SH,2026-05-08,2.585
508097.SH,2026-05-11,2.573
508097.SH,2026-05-12,2.55
508097.SH,2026-05-13,2.53
508097.SH,2026-05-14,2.524
508097.SH,2026-05-15,2.509
508097.SH,2026-05-18,2.558
508097.SH,2026-05-19,2.639
508097.SH,2026-05-20,2.622
508097.SH,2026-05-21,2.527
508097.SH,2026-05-22,2.486
508097.SH,2026-05-25,2.533
508097.SH,2026-05-26,2.55
508097.SH,2026-05-27,2.492
508097.SH,2026-05-28,2.477
508097.SH,2026-05-29,2.522
508097.SH,2026-06-01,2.637
508097.SH,2026-06-02,2.583
508097.SH,2026-06-03,2.522
508097.SH,2026-06-04,2.521
508097.SH,2026-06-05,2.528
508097.SH,2026-06-08,2.546
508097.SH,2026-06-09,2.524
508097.SH,2026-06-10,2.511
508097.SH,2026-06-11,2.531
508097.SH,2026-06-12,2.533
508097.SH,2026-06-15,2.543
508097.SH,2026-06-16,2.552
508097.SH,2026-06-17,2.539
508097.SH,2026-06-18,2.505
508097.SH,2026-06-22,2.376
508097.SH,2026-06-23,2.349
508097.SH,2026-06-24,2.255
508097.SH,2026-06-25,2.305
508097.SH,2026-06-26,2.399
508097.SH,2026-06-29,2.432
508097.SH,2026-06-30,2.431
508097.SH,2026-07-01,2.44
508097.SH,2026-07-02,2.395
508097.SH,2026-07-03,2.439
508097.SH,2026-07-06,2.409
508097.SH,2026-07-07,2.37
508097.SH,2026-07-08,2.369
508097.SH,2026-07-09,2.352
508097.SH,2026-07-10,2.356
508097.SH,2026-07-13,2.3
508097.SH,2026-07-14,2.256
508097.SH,2026-07-15,2.237
508097.SH,2026-07-16,2.242
508097.SH,2026-07-17,2.195
508097.SH,2026-07-20,2.103
508097.SH,2026-07-21,2.019
508097.SH,2026-07-22,1.975
508097.SH,2026-07-23,1.968
508097.SH,2026-07-24,1.96
508097.SH,2026-07-27,1.911
508097.SH,2026-07-28,1.86
508097.SH,2026-07-29,1.872
508097.SH,2026-07-30,1.872
508097.SH,2026-07-31,1.933
508097.SH,2026-08-03,1.886
508097.SH,2026-08-04,1.875
508097.SH,2026-08-05,1.856
508097.SH,2026-08-06,1.841
508097.SH,2026-08-07,1.887
508097.SH,2026-08-10,1.929
508097.SH,2026-08-11,1.93
508097.SH,2026-08-12,1.928
508097.SH,2026-08-13,1.915
508097.SH,2026-08-14,1.912
508097.SH,2026-08-17,1.9
508097.SH,2026-08-18,1.939
508097.SH,2026-08-19,1.988
508097.SH,2026-08-20,2.055
508097.SH,2026-08-21,2.065
508097.SH,2026-08-24,2.031
508097.SH,2026-08-25,2.012
508097.SH,2026-08-26,2.075
508097.SH,2026-08-27,2.121
508097.SH,2026-08-28,2.166
508097.SH,2026-08-31,2.201
508097.SH,2026-09-01,2.189
508097.SH,2026-09-02,2.181
508097.SH,2026-09-03,2.132
508097.SH,2026-09-04,2.148
508097.SH,2026-09-07,2.122
508097.SH,2026-09-08,2.112
508097.SH,2026-09-09,2.135
508097.SH,2026-09-10,2.12
508097.SH,2026-09-11,2.115
508097.SH,2026-09-14,2.105
508097.SH,2026-09-15,2.11
508097.SH,2026-09-16,2.077
508097.SH,2026-09-17,2.088
508097.SH,2026-09-18,2.076
508097.SH,2026-09-21,2.075
508097.SH,2026-09-22,2.071
508097.SH,2026-09-23,2.092
508097.SH,2026-09-24,2.094
508097.SH,2026-09-28,2.098
508097.SH,2026-09-29,2.099
508097.SH,2026-09-30,2.121
508098.SH,2023-02-08,3.923
508098.SH,2023-02-09,3.942
508098.SH,2023-02-10,4.025
508098.SH,2023-02-13,4.039
508098.SH,2023-02-14,4.104
508098.SH,2023-02-15,4.184
508098.SH,2023-02-16,4.151
508098.SH,2023-02-17,4.118
508098.SH,2023-02-20,4.144
508098.SH,2023-02-21,4.169
508098.SH,2023-02-22,4.162
508098.SH,2023-02-23,4.154
508098.SH,2023-02-24,4.14
508098.SH,2023-02-27,4.135
508098.SH,2023-02-28,4.125
508098.SH,2023-03-01,4.11
508098.SH,2023-03-02,4.102
508098.SH,2023-03-03,4.092
508098.SH,2023-03-06,4.085
508098.SH,2023-03-07,4.093
508098.SH,2023-03-08,4.106
508098.SH,2023-03-09,4.098
508098.SH,2023-03-10,4.1
508098.SH,2023-03-13,4.1
508098.SH,2023-03-14,4.084
508098.SH,2023-03-15,4.079
508098.SH,2023-03-16,4.066
508098.SH,2023-03-17,4.07
508098.SH,2023-03-20,4.059
508098.SH,2023-03-21,4.064
508098.SH,2023-03-22,4.066
508098.SH,2023-03-23,4.062
508098.SH,2023-03-24,4.06
508098.SH,2023-03-27,4.06
508098.SH,2023-03-28,4.059
508098.SH,2023-03-29,4.029
508098.SH,2023-03-30,4.015
508098.SH,2023-03-31,4.022
508098.SH,2023-04-03,4.011
508098.SH,2023-04-04,3.985
508098.SH,2023-04-06,3.927
508098.SH,2023-04-07,3.931
508098.SH,2023-04-10,3.934
508098.SH,2023-04-11,3.938
508098.SH,2023-04-12,3.945
508098.SH,2023-04-13,3.941
508098.SH,2023-04-14,3.954
508098.SH,2023-04-17,3.966
508098.SH,2023-04-18,3.989
508098.SH,2023-04-19,3.968
508098.SH,2023-04-20,3.967
508098.SH,2023-04-21,3.935
508098.SH,2023-04-24,3.947
508098.SH,2023-04-25,3.935
508098.SH,2023-04-26,3.918
508098.SH,2023-04-27,3.907
508098.SH,2023-04-28,3.92
508098.SH,2023-05-04,3.894
508098.SH,2023-05-05,3.891
508098.SH,2023-05-08,3.872
508098.SH,2023-05-09,3.838
508098.SH,2023-05-10,3.924
508098.SH,2023-05-11,3.925
508098.SH,2023-05-12,3.919
508098.SH,2023-05-15,3.9
508098.SH,2023-05-16,3.92
508098.SH,2023-05-17,3.914
508098.SH,2023-05-18,3.916
508098.SH,2023-05-19,3.907
508098.SH,2023-05-22,3.898
508098.SH,2023-05-23,3.88
508098.SH,2023-05-24,3.873
508098.SH,2023-05-25,3.852
508098.SH,2023-05-26,3.854
508098.SH,2023-05-29,3.831
508098.SH,2023-05-30,3.8
508098.SH,2023-05-31,3.73
508098.SH,2023-06-01,3.709
508098.SH,2023-06-02,3.731
508098.SH,2023-06-05,3.68
508098.SH,2023-06-06,3.595
508098.SH,2023-06-07,3.61
508098.SH,2023-06-08,3.706
508098.SH,2023-06-09,3.684
508098.SH,2023-06-12,3.693
508098.SH,2023-06-13,3.7
508098.SH,2023-06-14,3.678
508098.SH,2023-06-15,3.673
508098.SH,2023-06-16,3.695
508098.SH,2023-06-19,3.657
508098.SH,2023-06-20,3.66
508098.SH,2023-06-21,3.661
508098.SH,2023-06-26,3.631
508098.SH,2023-06-27,3.594
508098.SH,2023-06-28,3.552
508098.SH,2023-06-29,3.541
508098.SH,2023-06-30,3.529
508098.SH,2023-07-03,3.52
508098.SH,2023-07-04,3.534
508098.SH,2023-07-05,3.53
508098.SH,2023-07-06,3.596
508098.SH,2023-07-07,3.629
508098.SH,2023-07-10,3.626
508098.SH,2023-07-11,3.63
508098.SH,2023-07-12,3.608
508098.SH,2023-07-13,3.622
508098.SH,2023-07-14,3.673
508098.SH,2023-07-17,3.791
508098.SH,2023-07-18,3.83
508098.SH,2023-07-19,3.795
508098.SH,2023-07-20,3.753
508098.SH,2023-07-21,3.777
508098.SH,2023-07-24,3.798
508098.SH,2023-07-25,3.847
508098.SH,2023-07-26,3.835
508098.SH,2023-07-27,3.829
508098.SH,2023-07-28,3.83
508098.SH,2023-07-31,3.849
508098.SH,2023-08-01,3.803
508098.SH,2023-08-02,3.82
508098.SH,2023-08-03,3.82
508098.SH,2023-08-04,3.838
508098.SH,2023-08-07,3.863
508098.SH,2023-08-08,3.897
508098.SH,2023-08-09,3.952
508098.SH,2023-08-10,3.968
508098.SH,2023-08-11,3.966
508098.SH,2023-08-14,3.949
508098.SH,2023-08-15,3.942
508098.SH,2023-08-16,3.936
508098.SH,2023-08-17,3.943
508098.SH,2023-08-18,3.944
508098.SH,2023-08-21,3.917
508098.SH,2023-08-22,3.917
508098.SH,2023-08-23,3.886
508098.SH,2023-08-24,3.937
508098.SH,2023-08-25,3.929
508098.SH,2023-08-28,3.938
508098.SH,2023-08-29,3.924
508098.SH,2023-08-30,3.912
508098.SH,2023-08-31,3.891
508098.SH,2023-09-01,3.87
508098.SH,2023-09-04,3.85
508098.SH,2023-09-05,3.853
508098.SH,2023-09-06,3.851
508098.SH,2023-09-07,3.854
508098.SH,2023-09-08,3.838
508098.SH,2023-09-11,3.911
508098.SH,2023-09-12,3.915
508098.SH,2023-09-13,3.9
508098.SH,2023-09-14,3.887
508098.SH,2023-09-15,3.877
508098.SH,2023-09-18,3.863
508098.SH,2023-09-19,3.857
508098.SH,2023-09-20,3.879
508098.SH,2023-09-21,3.881
508098.SH,2023-09-22,3.897
508098.SH,2023-09-25,3.899
508098.SH,2023-09-26,3.904
508098.SH,2023-09-27,3.89
508098.SH,2023-09-28,3.899
508098.SH,2023-10-09,3.902
508098.SH,2023-10-10,3.895
508098.SH,2023-10-11,3.885
508098.SH,2023-10-12,3.855
508098.SH,2023-10-13,3.848
508098.SH,2023-10-16,3.821
508098.SH,2023-10-17,3.782
508098.SH,2023-10-18,3.758
508098.SH,2023-10-19,3.726
508098.SH,2023-10-20,3.682
508098.SH,2023-10-23,3.615
508098.SH,2023-10-24,3.656
508098.SH,2023-10-25,3.675
508098.SH,2023-10-26,3.675
508098.SH,2023-10-27,3.681
508098.SH,2023-10-30,3.675
508098.SH,2023-10-31,3.712
508098.SH,2023-11-01,3.703
508098.SH,2023-11-02,3.684
508098.SH,2023-11-03,3.684
508098.SH,2023-11-06,3.693
508098.SH,2023-11-07,3.675
508098.SH,2023-11-08,3.683
508098.SH,2023-11-09,3.724
508098.SH,2023-11-10,3.714
508098.SH,2023-11-13,3.722
508098.SH,2023-11-14,3.733
508098.SH,2023-11-15,3.725
508098.SH,2023-11-16,3.704
508098.SH,2023-11-17,3.702
508098.SH,2023-11-20,3.683
508098.SH,2023-11-21,3.673
508098.SH,2023-11-22,3.628
508098.SH,2023-11-23,3.586
508098.SH,2023-11-24,3.498
508098.SH,2023-11-27,3.464
508098.SH,2023-11-28,3.482
508098.SH,2023-11-29,3.424
508098.SH,2023-11-30,3.475
508098.SH,2023-12-01,3.48
508098.SH,2023-12-04,3.416
508098.SH,2023-12-05,3.417
508098.SH,2023-12-06,3.389
508098.SH,2023-12-07,3.396
508098.SH,2023-12-08,3.383
508098.SH,2023-12-11,3.31
508098.SH,2023-12-12,3.285
508098.SH,2023-12-13,3.258
508098.SH,2023-12-14,3.29
508098.SH,2023-12-15,3.319
508098.SH,2023-12-18,3.306
508098.SH,2023-12-19,3.248
508098.SH,2023-12-20,3.241
508098.SH,2023-12-21,3.36
508098.SH,2023-12-22,3.407
508098.SH,2023-12-25,3.408
508098.SH,2023-12-26,3.408
508098.SH,2023-12-27,3.349
508098.SH,2023-12-28,3.327
508098.SH,2023-12-29,3.378
508098.SH,2024-01-02,3.274
508098.SH,2024-01-03,3.198
508098.SH,2024-01-04,3.117
508098.SH,2024-01-05,2.881
508098.SH,2024-01-08,2.632
508098.SH,2024-01-10,2.371
508098.SH,2024-01-11,2.442
508098.SH,2024-01-12,2.434
508098.SH,2024-01-15,2.429
508098.SH,2024-01-16,2.437
508098.SH,2024-01-17,2.59
508098.SH,2024-01-18,2.544
508098.SH,2024-01-19,2.584
508098.SH,2024-01-22,2.547
508098.SH,2024-01-23,2.473
508098.SH,2024-01-24,2.448
508098.SH,2024-01-25,2.482
508098.SH,2024-01-26,2.468
508098.SH,2024-01-29,2.465
508098.SH,2024-01-30,2.459
508098.SH,2024-01-31,2.433
508098.SH,2024-02-01,2.444
508098.SH,2024-02-02,2.423
508098.SH,2024-02-05,2.41
508098.SH,2024-02-06,2.386
508098.SH,2024-02-07,2.384
508098.SH,2024-02-08,2.43
508098.SH,2024-02-19,2.558
508098.SH,2024-02-20,2.55
508098.SH,2024-02-21,2.628
508098.SH,2024-02-22,2.717
508098.SH,2024-02-23,2.847
508098.SH,2024-02-26,2.972
508098.SH,2024-02-27,2.973
508098.SH,2024-02-28,2.934
508098.SH,2024-02-29,2.964
508098.SH,2024-03-01,3.03
508098.SH,2024-03-04,3.17
508098.SH,2024-03-05,3.179
508098.SH,2024-03-06,3.137
508098.SH,2024-03-07,3.082
508098.SH,2024-03-08,2.999
508098.SH,2024-03-11,2.985
508098.SH,2024-03-12,2.982
508098.SH,2024-03-13,2.987
508098.SH,2024-03-14,2.972
508098.SH,2024-03-15,2.971
508098.SH,2024-03-18,2.967
508098.SH,2024-03-19,2.919
508098.SH,2024-03-20,2.867
508098.SH,2024-03-21,2.847
508098.SH,2024-03-22,2.789
508098.SH,2024-03-25,2.775
508098.SH,2024-03-26,2.809
508098.SH,2024-03-27,2.869
508098.SH,2024-03-28,2.82
508098.SH,2024-03-29,2.78
508098.SH,2024-04-01,2.828
508098.SH,2024-04-02,2.838
508098.SH,2024-04-03,2.846
508098.SH,2024-04-08,2.854
508098.SH,2024-04-09,2.861
508098.SH,2024-04-10,2.844
508098.SH,2024-04-11,2.845
508098.SH,2024-04-12,2.834
508098.SH,2024-04-15,2.828
508098.SH,2024-04-16,2.829
508098.SH,2024-04-17,2.849
508098.SH,2024-04-18,2.854
508098.SH,2024-04-19,2.856
508098.SH,2024-04-22,2.861
508098.SH,2024-04-23,2.869
508098.SH,2024-04-24,2.88
508098.SH,2024-04-25,2.948
508098.SH,2024-04-26,2.967
508098.SH,2024-04-29,2.962
508098.SH,2024-04-30,2.945
508098.SH,2024-05-06,2.964
508098.SH,2024-05-07,2.936
508098.SH,2024-05-08,2.938
508098.SH,2024-05-09,2.95
508098.SH,2024-05-10,2.944
508098.SH,2024-05-13,2.92
508098.SH,2024-05-14,2.912
508098.SH,2024-05-15,2.883
508098.SH,2024-05-16,2.889
508098.SH,2024-05-17,2.884
508098.SH,2024-05-20,2.861
508098.SH,2024-05-21,2.847
508098.SH,2024-05-22,2.838
508098.SH,2024-05-23,2.839
508098.SH,2024-05-24,2.87
508098.SH,2024-05-27,2.87
508098.SH,2024-05-28,2.871
508098.SH,2024-05-29,2.865
508098.SH,2024-05-30,2.833
508098.SH,2024-05-31,2.818
508098.SH,2024-06-03,2.804
508098.SH,2024-06-04,2.84
508098.SH,2024-06-05,2.854
508098.SH,2024-06-06,2.854
508098.SH,2024-06-07,2.827
508098.SH,2024-06-11,2.803
508098.SH,2024-06-12,2.799
508098.SH,2024-06-13,2.838
508098.SH,2024-06-14,2.831
508098.SH,2024-06-17,2.825
508098.SH,2024-06-18,2.825
508098.SH,2024-06-19,2.824
508098.SH,2024-06-20,2.813
508098.SH,2024-06-21,2.837
508098.SH,2024-06-24,2.834
508098.SH,2024-06-25,2.809
508098.SH,2024-06-26,2.812
508098.SH,2024-06-27,2.817
508098.SH,2024-06-28,2.812
508098.SH,2024-07-01,2.798
508098.SH,2024-07-02,2.79
508098.SH,2024-07-03,2.767
508098.SH,2024-07-04,2.761
508098.SH,2024-07-05,2.762
508098.SH,2024-07-08,2.76
508098.SH,2024-07-09,2.748
508098.SH,2024-07-10,2.737
508098.SH,2024-07-11,2.717
508098.SH,2024-07-12,2.714
508098.SH,2024-07-15,2.728
508098.SH,2024-07-16,2.711
508098.SH,2024-07-17,2.714
508098.SH,2024-07-18,2.705
508098.SH,2024-07-19,2.705
508098.SH,2024-07-22,2.703
508098.SH,2024-07-23,2.7
508098.SH,2024-07-24,2.685
508098.SH,2024-07-25,2.689
508098.SH,2024-07-26,2.702
508098.SH,2024-07-29,2.691
508098.SH,2024-07-30,2.68
508098.SH,2024-07-31,2.679
508098.SH,2024-08-01,2.711
508098.SH,2024-08-02,2.723
508098.SH,2024-08-05,2.736
508098.SH,2024-08-06,2.735
508098.SH,2024-08-07,2.754
508098.SH,2024-08-08,2.71
508098.SH,2024-08-09,2.692
508098.SH,2024-08-12,2.724
508098.SH,2024-08-13,2.665
508098.SH,2024-08-14,2.67
508098.SH,2024-08-15,2.702
508098.SH,2024-08-16,2.698
508098.SH,2024-08-19,2.674
508098.SH,2024-08-20,2.672
508098.SH,2024-08-21,2.671
508098.SH,2024-08-22,2.66
508098.SH,2024-08-23,2.666
508098.SH,2024-08-26,2.655
508098.SH,2024-08-27,2.662
508098.SH,2024-08-28,2.68
508098.SH,2024-08-29,2.683
508098.SH,2024-08-30,2.685
508098.SH,2024-09-02,2.672
508098.SH,2024-09-03,2.671
508098.SH,2024-09-04,2.663
508098.SH,2024-09-05,2.663
508098.SH,2024-09-06,2.664
508098.SH,2024-09-09,2.682
508098.SH,2024-09-10,2.679
508098.SH,2024-09-11,2.66
508098.SH,2024-09-12,2.652
508098.SH,2024-09-13,2.646
508098.SH,2024-09-18,2.634
508098.SH,2024-09-19,2.615
508098.SH,2024-09-20,2.625
508098.SH,2024-09-23,2.61
508098.SH,2024-09-24,2.635
508098.SH,2024-09-25,2.667
508098.SH,2024-09-26,2.67
508098.SH,2024-09-27,2.681
508098.SH,2024-09-30,2.686
508098.SH,2024-10-08,2.701
508098.SH,2024-10-09,2.669
508098.SH,2024-10-10,2.632
508098.SH,2024-10-11,2.637
508098.SH,2024-10-14,2.661
508098.SH,2024-10-15,2.683
508098.SH,2024-10-16,2.668
508098.SH,2024-10-17,2.639
508098.SH,2024-10-18,2.638
508098.SH,2024-10-21,2.624
508098.SH,2024-10-22,2.632
508098.SH,2024-10-23,2.633
508098.SH,2024-10-24,2.608
508098.SH,2024-10-25,2.604
508098.SH,2024-10-28,2.604
508098.SH,2024-10-29,2.598
508098.SH,2024-10-30,2.614
508098.SH,2024-10-31,2.617
508098.SH,2024-11-01,2.616
508098.SH,2024-11-04,2.61
508098.SH,2024-11-05,2.604
508098.SH,2024-11-06,2.61
508098.SH,2024-11-07,2.608
508098.SH,2024-11-08,2.605
508098.SH,2024-11-11,2.634
508098.SH,2024-11-12,2.658
508098.SH,2024-11-13,2.639
508098.SH,2024-11-14,2.627
508098.SH,2024-11-15,2.628
508098.SH,2024-11-18,2.609
508098.SH,2024-11-19,2.608
508098.SH,2024-11-20,2.616
508098.SH,2024-11-21,2.612
508098.SH,2024-11-22,2.613
508098.SH,2024-11-25,2.616
508098.SH,2024-11-26,2.617
508098.SH,2024-11-27,2.613
508098.SH,2024-11-28,2.615
508098.SH,2024-11-29,2.569
508098.SH,2024-12-02,2.604
508098.SH,2024-12-03,2.597
508098.SH,2024-12-04,2.6
508098.SH,2024-12-05,2.6
508098.SH,2024-12-06,2.599
508098.SH,2024-12-09,2.598
508098.SH,2024-12-10,2.599
508098.SH,2024-12-11,2.611
508098.SH,2024-12-12,2.66
508098.SH,2024-12-13,2.66
508098.SH,2024-12-16,2.685
508098.SH,2024-12-17,2.719
508098.SH,2024-12-18,2.686
508098.SH,2024-12-19,2.684
508098.SH,2024-12-20,2.679
508098.SH,2024-12-23,2.7
508098.SH,2024-12-24,2.729
508098.SH,2024-12-25,2.736
508098.SH,2024-12-26,2.736
508098.SH,2024-12-27,2.76
508098.SH,2024-12-30,2.946
508098.SH,2024-12-31,3.009
508098.SH,2025-01-02,3.023
508098.SH,2025-01-03,3.172
508098.SH,2025-01-06,3.199
508098.SH,2025-01-07,3.222
508098.SH,2025-01-08,3.265
508098.SH,2025-01-09,3.322
508098.SH,2025-01-10,3.31
508098.SH,2025-01-13,3.289
508098.SH,2025-01-14,3.27
508098.SH,2025-01-15,3.253
508098.SH,2025-01-16,3.252
508098.SH,2025-01-17,3.264
508098.SH,2025-01-20,3.295
508098.SH,2025-01-21,3.303
508098.SH,2025-01-22,3.289
508098.SH,2025-01-23,3.299
508098.SH,2025-01-24,3.339
508098.SH,2025-01-27,3.366
508098.SH,2025-02-05,3.359
508098.SH,2025-02-06,3.36
508098.SH,2025-02-07,3.371
508098.SH,2025-02-10,3.455
508098.SH,2025-02-11,3.542
508098.SH,2025-02-12,3.56
508098.SH,2025-02-13,3.535
508098.SH,2025-02-14,3.558
508098.SH,2025-02-17,3.533
508098.SH,2025-02-18,3.497
508098.SH,2025-02-19,3.535
508098.SH,2025-02-20,3.57
508098.SH,2025-02-21,3.564
508098.SH,2025-02-24,3.498
508098.SH,2025-02-25,3.467
508098.SH,2025-02-26,3.436
508098.SH,2025-02-27,3.403
508098.SH,2025-02-28,3.369
508098.SH,2025-03-03,3.389
508098.SH,2025-03-04,3.459
508098.SH,2025-03-05,3.458
508098.SH,2025-03-06,3.458
508098.SH,2025-03-07,3.441
508098.SH,2025-03-10,3.466
508098.SH,2025-03-11,3.476
508098.SH,2025-03-12,3.481
508098.SH,2025-03-13,3.452
508098.SH,2025-03-14,3.464
508098.SH,2025-03-17,3.462
508098.SH,2025-03-18,3.495
508098.SH,2025-03-19,3.497
508098.SH,2025-03-20,3.491
508098.SH,2025-03-21,3.477
508098.SH,2025-03-24,3.484
508098.SH,2025-03-25,3.506
508098.SH,2025-03-26,3.508
508098.SH,2025-03-27,3.536
508098.SH,2025-03-28,3.55
508098.SH,2025-03-31,3.551
508098.SH,2025-04-01,3.485
508098.SH,2025-04-02,3.498
508098.SH,2025-04-03,3.502
508098.SH,2025-04-07,3.39
508098.SH,2025-04-08,3.363
508098.SH,2025-04-09,3.42
508098.SH,2025-04-10,3.44
508098.SH,2025-04-11,3.455
508098.SH,2025-04-14,3.48
508098.SH,2025-04-15,3.502
508098.SH,2025-04-16,3.585
508098.SH,2025-04-17,3.628
508098.SH,2025-04-18,3.624
508098.SH,2025-04-21,3.648
508098.SH,2025-04-22,3.65
508098.SH,2025-04-23,3.653
508098.SH,2025-04-24,3.643
508098.SH,2025-04-25,3.608
508098.SH,2025-04-28,3.57
508098.SH,2025-04-29,3.582
508098.SH,2025-04-30,3.571
508098.SH,2025-05-06,3.59
508098.SH,2025-05-07,3.622
508098.SH,2025-05-08,3.609
508098.SH,2025-05-09,3.627
508098.SH,2025-05-12,3.719
508098.SH,2025-05-13,3.674
508098.SH,2025-05-14,3.7
508098.SH,2025-05-15,3.662
508098.SH,2025-05-16,3.665
508098.SH,2025-05-19,3.703
508098.SH,2025-05-20,3.72
508098.SH,2025-05-21,3.764
508098.SH,2025-05-22,3.78
508098.SH,2025-05-23,3.759
508098.SH,2025-05-26,3.743
508098.SH,2025-05-27,3.749
508098.SH,2025-05-28,3.771
508098.SH,2025-05-29,3.835
508098.SH,2025-05-30,3.786
508098.SH,2025-06-03,3.748
508098.SH,2025-06-04,3.745
508098.SH,2025-06-05,3.75
508098.SH,2025-06-06,3.74
508098.SH,2025-06-09,3.759
508098.SH,2025-06-10,3.722
508098.SH,2025-06-11,3.725
508098.SH,2025-06-12,3.745
508098.SH,2025-06-13,3.748
508098.SH,2025-06-16,3.756
508098.SH,2025-06-17,3.723
508098.SH,2025-06-18,3.737
508098.SH,2025-06-19,3.724
508098.SH,2025-06-20,3.734
508098.SH,2025-06-23,3.736
508098.SH,2025-06-24,3.712
508098.SH,2025-06-25,3.703
508098.SH,2025-06-26,3.69
508098.SH,2025-06-27,3.663
508098.SH,2025-06-30,3.657
508098.SH,2025-07-01,3.656
508098.SH,2025-07-02,3.729
508098.SH,2025-07-03,3.74
508098.SH,2025-07-04,3.739
508098.SH,2025-07-07,3.867
508098.SH,2025-07-08,3.885
508098.SH,2025-07-09,3.899
508098.SH,2025-07-10,3.894
508098.SH,2025-07-11,3.898
508098.SH,2025-07-14,3.895
508098.SH,2025-07-15,3.868
508098.SH,2025-07-16,3.882
508098.SH,2025-07-17,3.883
508098.SH,2025-07-18,3.871
508098.SH,2025-07-21,3.855
508098.SH,2025-07-22,3.849
508098.SH,2025-07-23,3.8
508098.SH,2025-07-24,3.852
508098.SH,2025-07-25,3.88
508098.SH,2025-07-28,3.876
508098.SH,2025-07-29,3.84
508098.SH,2025-07-30,3.863
508098.SH,2025-07-31,3.881
508098.SH,2025-08-01,3.888
508098.SH,2025-08-04,3.899
508098.SH,2025-08-05,3.894
508098.SH,2025-08-06,3.929
508098.SH,2025-08-07,3.944
508098.SH,2025-08-08,3.964
508098.SH,2025-08-11,3.932
508098.SH,2025-08-12,3.937
508098.SH,2025-08-13,3.95
508098.SH,2025-08-14,3.95
508098.SH,2025-08-15,3.973
508098.SH,2025-08-18,3.883
508098.SH,2025-08-19,3.825
508098.SH,2025-08-20,3.903
508098.SH,2025-08-21,3.881
508098.SH,2025-08-22,3.877
508098.SH,2025-08-25,3.877
508098.SH,2025-08-26,3.901
508098.SH,2025-08-27,3.904
508098.SH,2025-08-28,3.907
508098.SH,2025-08-29,3.912
508098.SH,2025-09-01,3.915
508098.SH,2025-09-02,3.916
508098.SH,2025-09-03,3.923
508098.SH,2025-09-04,3.912
508098.SH,2025-09-05,3.908
508098.SH,2025-09-08,3.903
508098.SH,2025-09-09,3.909
508098.SH,2025-09-10,3.904
508098.SH,2025-09-11,3.913
508098.SH,2025-09-12,3.905
508098.SH,2025-09-15,3.91
508098.SH,2025-09-16,3.906
508098.SH,2025-09-17,3.917
508098.SH,2025-09-18,3.907
508098.SH,2025-09-19,3.915
508098.SH,2025-09-22,3.888
508098.SH,2025-09-23,3.886
508098.SH,2025-09-24,3.887
508098.SH,2025-09-25,3.886
508098.SH,2025-09-26,3.884
508098.SH,2025-09-29,3.902
508098.SH,2025-09-30,3.885
508098.SH,2025-10-09,3.872
508098.SH,2025-10-10,3.864
508098.SH,2025-10-13,3.868
508098.SH,2025-10-14,3.83
508098.SH,2025-10-15,3.806
508098.SH,2025-10-16,3.771
508098.SH,2025-10-17,3.749
508098.SH,2025-10-20,3.718
508098.SH,2025-10-21,3.681
508098.SH,2025-10-22,3.685
508098.SH,2025-10-23,3.728
508098.SH,2025-10-24,3.791
508098.SH,2025-10-27,3.753
508098.SH,2025-10-28,3.793
508098.SH,2025-10-29,3.78
508098.SH,2025-10-30,3.791
508098.SH,2025-10-31,3.747
508098.SH,2025-11-03,3.743
508098.SH,2025-11-04,3.731
508098.SH,2025-11-05,3.76
508098.SH,2025-11-06,3.746
508098.SH,2025-11-07,3.729
508098.SH,2025-11-10,3.75
508098.SH,2025-11-11,3.754
508098.SH,2025-11-12,3.748
508098.SH,2025-11-13,3.754
508098.SH,2025-11-14,3.741
508098.SH,2025-11-17,3.754
508098.SH,2025-11-18,3.742
508098.SH,2025-11-19,3.717
508098.SH,2025-11-20,3.704
508098.SH,2025-11-21,3.677
508098.SH,2025-11-24,3.637
508098.SH,2025-11-25,3.629
508098.SH,2025-11-26,3.638
508098.SH,2025-11-27,3.622
508098.SH,2025-11-28,3.595
508098.SH,2025-12-01,3.543
508098.SH,2025-12-02,3.523
508098.SH,2025-12-03,3.553
508098.SH,2025-12-04,3.555
508098.SH,2025-12-05,3.584
508098.SH,2025-12-08,3.581
508098.SH,2025-12-09,3.574
508098.SH,2025-12-10,3.578
508098.SH,2025-12-11,3.591
508098.SH,2025-12-12,3.572
508098.SH,2025-12-15,3.55
508098.SH,2025-12-16,3.546
508098.SH,2025-12-17,3.552
508098.SH,2025-12-18,3.518
508098.SH,2025-12-19,3.519
508098.SH,2025-12-22,3.519
508098.SH,2025-12-23,3.486
508098.SH,2025-12-24,3.545
508098.SH,2025-12-25,3.609
508098.SH,2025-12-26,3.594
508098.SH,2025-12-29,3.566
508098.SH,2025-12-30,3.547
508098.SH,2025-12-31,3.552
508098.SH,2026-01-05,3.575
508098.SH,2026-01-06,3.621
508098.SH,2026-01-07,3.67
508098.SH,2026-01-08,3.758
508098.SH,2026-01-09,3.752
508098.SH,2026-01-12,3.753
508098.SH,2026-01-13,3.723
508098.SH,2026-01-14,3.716
508098.SH,2026-01-15,3.695
508098.SH,2026-01-16,3.701
508098.SH,2026-01-19,3.729
508098.SH,2026-01-20,3.738
508098.SH,2026-01-21,3.737
508098.SH,2026-01-22,3.77
508098.SH,2026-01-23,3.761
508098.SH,2026-01-26,3.727
508098.SH,2026-01-27,3.699
508098.SH,2026-01-28,3.663
508098.SH,2026-01-29,3.672
508098.SH,2026-01-30,3.674
508098.SH,2026-02-02,3.652
508098.SH,2026-02-03,3.613
508098.SH,2026-02-04,3.58
508098.SH,2026-02-05,3.547
508098.SH,2026-02-06,3.538
508098.SH,2026-02-09,3.52
508098.SH,2026-02-10,3.545
508098.SH,2026-02-11,3.548
508098.SH,2026-02-12,3.573
508098.SH,2026-02-13,3.598
508098.SH,2026-02-24,3.594
508098.SH,2026-02-25,3.598
508098.SH,2026-02-26,3.595
508098.SH,2026-02-27,3.58
508098.SH,2026-03-02,3.558
508098.SH,2026-03-03,3.542
508098.SH,2026-03-04,3.528
508098.SH,2026-03-05,3.513
508098.SH,2026-03-06,3.499
508098.SH,2026-03-09,3.464
508098.SH,2026-03-10,3.468
508098.SH,2026-03-11,3.418
508098.SH,2026-03-12,3.302
508098.SH,2026-03-13,3.303
508098.SH,2026-03-16,3.188
508098.SH,2026-03-17,3.285
508098.SH,2026-03-18,3.334
508098.SH,2026-03-19,3.344
508098.SH,2026-03-20,3.337
508098.SH,2026-03-23,3.336
508098.SH,2026-03-24,3.355
508098.SH,2026-03-25,3.35
508098.SH,2026-03-26,3.31
508098.SH,2026-03-27,3.31
508098.SH,2026-03-30,3.432
508098.SH,2026-03-31,3.416
508098.SH,2026-04-01,3.435
508098.SH,2026-04-02,3.506
508098.SH,2026-04-03,3.488
508098.SH,2026-04-07,3.504
508098.SH,2026-04-08,3.509
508098.SH,2026-04-09,3.509
508098.SH,2026-04-10,3.508
508098.SH,2026-04-13,3.5
508098.SH,2026-04-14,3.516
508098.SH,2026-04-15,3.492
508098.SH,2026-04-16,3.5
508098.SH,2026-04-17,3.504
508098.SH,2026-04-20,3.505
508098.SH,2026-04-21,3.492
508098.SH,2026-04-22,3.501
508098.SH,2026-04-23,3.51
508098.SH,2026-04-24,3.512
508098.SH,2026-04-27,3.48
508098.SH,2026-04-28,3.499
508098.SH,2026-04-29,3.489
508098.SH,2026-04-30,3.494
508098.SH,2026-05-06,3.49
508098.SH,2026-05-07,3.499
508098.SH,2026-05-08,3.507
508098.SH,2026-05-11,3.508
508098.SH,2026-05-12,3.52
508098.SH,2026-05-13,3.502
508098.SH,2026-05-14,3.5
508098.SH,2026-05-15,3.522
508098.SH,2026-05-18,3.513
508098.SH,2026-05-19,3.593
508098.SH,2026-05-20,3.564
508098.SH,2026-05-21,3.533
508098.SH,2026-05-22,3.55
508098.SH,2026-05-25,3.527
508098.SH,2026-05-26,3.533
508098.SH,2026-05-27,3.539
508098.SH,2026-05-28,3.51
508098.SH,2026-05-29,3.518
508098.SH,2026-06-01,3.519
508098.SH,2026-06-02,3.524
508098.SH,2026-06-03,3.53
508098.SH,2026-06-04,3.52
508098.SH,2026-06-05,3.556
508098.SH,2026-06-08,3.534
508098.SH,2026-06-09,3.531
508098.SH,2026-06-10,3.515
508098.SH,2026-06-11,3.488
508098.SH,2026-06-12,3.507
508098.SH,2026-06-15,3.526
508098.SH,2026-06-16,3.535
508098.SH,2026-06-17,3.539
508098.SH,2026-06-18,3.501
508098.SH,2026-06-22,3.407
508098.SH,2026-06-23,3.371
508098.SH,2026-06-24,3.3
508098.SH,2026-06-25,3.309
508098.SH,2026-06-26,3.341
508098.SH,2026-06-29,3.39
508098.SH,2026-06-30,3.467
508098.SH,2026-07-01,3.457
508098.SH,2026-07-02,3.453
508098.SH,2026-07-03,3.474
508098.SH,2026-07-06,3.427
508098.SH,2026-07-07,3.41
508098.SH,2026-07-08,3.384
508098.SH,2026-07-09,3.499
508098.SH,2026-07-10,3.502
508098.SH,2026-07-13,3.478
508098.SH,2026-07-14,3.429
508098.SH,2026-07-15,3.399
508098.SH,2026-07-16,3.423
508098.SH,2026-07-17,3.367
508098.SH,2026-07-20,3.36
508098.SH,2026-07-21,3.3
508098.SH,2026-07-22,3.3
508098.SH,2026-07-23,3.296
508098.SH,2026-07-24,3.32
508098.SH,2026-07-27,3.285
508098.SH,2026-07-28,3.36
508098.SH,2026-07-29,3.357
508098.SH,2026-07-30,3.394
508098.SH,2026-07-31,3.404
508098.SH,2026-08-03,3.405
508098.SH,2026-08-04,3.393
508098.SH,2026-08-05,3.386
508098.SH,2026-08-06,3.336
508098.SH,2026-08-07,3.326
508098.SH,2026-08-10,3.328
508098.SH,2026-08-11,3.348
508098.SH,2026-08-12,3.295
508098.SH,2026-08-13,3.276
508098.SH,2026-08-14,3.288
508098.SH,2026-08-17,3.269
508098.SH,2026-08-18,3.274
508098.SH,2026-08-19,3.296
508098.SH,2026-08-20,3.298
508098.SH,2026-08-21,3.3
508098.SH,2026-08-24,3.3
508098.SH,2026-08-25,3.329
508098.SH,2026-08-26,3.36
508098.SH,2026-08-27,3.37
508098.SH,2026-08-28,3.373
508098.SH,2026-08-31,3.379
508098.SH,2026-09-01,3.352
508098.SH,2026-09-02,3.33
508098.SH,2026-09-03,3.3
508098.SH,2026-09-04,3.298
508098.SH,2026-09-07,3.29
508098.SH,2026-09-08,3.298
508098.SH,2026-09-09,3.294
508098.SH,2026-09-10,3.27
508098.SH,2026-09-11,3.296
508098.SH,2026-09-14,3.294
508098.SH,2026-09-15,3.315
508098.SH,2026-09-16,3.345
508098.SH,2026-09-17,3.328
508098.SH,2026-09-18,3.292
508098.SH,2026-09-21,3.289
508098.SH,2026-09-22,3.312
508098.SH,2026-09-23,3.339
508098.SH,2026-09-24,3.347
508098.SH,2026-09-28,3.354
508098.SH,2026-09-29,3.355
508098.SH,2026-09-30,3.373
508099.SH,2021-12-17,4.16
508099.SH,2021-12-20,4.462
508099.SH,2021-12-21,4.309
508099.SH,2021-12-22,4.342
508099.SH,2021-12-23,4.49
508099.SH,2021-12-24,4.483
508099.SH,2021-12-27,4.487
508099.SH,2021-12-28,4.478
508099.SH,2021-12-29,4.451
508099.SH,2021-12-30,4.406
508099.SH,2021-12-31,4.448
508099.SH,2022-01-04,4.457
508099.SH,2022-01-05,4.448
508099.SH,2022-01-06,4.445
508099.SH,2022-01-07,4.431
508099.SH,2022-01-10,4.42
508099.SH,2022-01-11,4.425
508099.SH,2022-01-12,4.495
508099.SH,2022-01-13,4.499
508099.SH,2022-01-14,4.483
508099.SH,2022-01-17,4.52
508099.SH,2022-01-18,4.486
508099.SH,2022-01-19,4.49
508099.SH,2022-01-20,4.498
508099.SH,2022-01-21,4.544
508099.SH,2022-01-24,4.64
508099.SH,2022-01-25,4.603
508099.SH,2022-01-26,4.614
508099.SH,2022-01-27,4.593
508099.SH,2022-01-28,4.679
508099.SH,2022-02-07,4.872
508099.SH,2022-02-08,5.103
508099.SH,2022-02-09,5.069
508099.SH,2022-02-10,5.112
508099.SH,2022-02-11,5.433
508099.SH,2022-02-14,5.555
508099.SH,2022-02-16,5.417
508099.SH,2022-02-17,5.25
508099.SH,2022-02-18,5.312
508099.SH,2022-02-21,5.401
508099.SH,2022-02-22,5.191
508099.SH,2022-02-23,5.147
508099.SH,2022-02-24,5.029
508099.SH,2022-02-25,5.106
508099.SH,2022-02-28,5.07
508099.SH,2022-03-01,4.878
508099.SH,2022-03-02,4.997
508099.SH,2022-03-03,5.111
508099.SH,2022-03-04,5.066
508099.SH,2022-03-07,4.962
508099.SH,2022-03-08,4.832
508099.SH,2022-03-09,4.79
508099.SH,2022-03-10,4.796
508099.SH,2022-03-11,4.801
508099.SH,2022-03-14,4.727
508099.SH,2022-03-15,4.559
508099.SH,2022-03-16,4.735
508099.SH,2022-03-17,4.735
508099.SH,2022-03-18,4.71
508099.SH,2022-03-21,4.779
508099.SH,2022-03-22,4.912
508099.SH,2022-03-23,4.82
508099.SH,2022-03-24,4.81
508099.SH,2022-03-25,4.772
508099.SH,2022-03-28,4.722
508099.SH,2022-03-29,4.721
508099.SH,2022-03-30,4.716
508099.SH,2022-03-31,4.69
508099.SH,2022-04-01,4.735
508099.SH,2022-04-06,4.712
508099.SH,2022-04-07,4.667
508099.SH,2022-04-08,4.73
508099.SH,2022-04-11,4.695
508099.SH,2022-04-12,4.79
508099.SH,2022-04-13,4.831
508099.SH,2022-04-14,4.819
508099.SH,2022-04-15,4.786
508099.SH,2022-04-18,4.785
508099.SH,2022-04-19,4.774
508099.SH,2022-04-20,4.754
508099.SH,2022-04-21,4.683
508099.SH,2022-04-22,4.702
508099.SH,2022-04-25,4.575
508099.SH,2022-04-26,4.572
508099.SH,2022-04-27,4.631
508099.SH,2022-04-28,4.554
508099.SH,2022-04-29,4.574
508099.SH,2022-05-05,4.601
508099.SH,2022-05-06,4.549
508099.SH,2022-05-09,4.511
508099.SH,2022-05-10,4.499
508099.SH,2022-05-11,4.507
508099.SH,2022-05-12,4.503
508099.SH,2022-05-13,4.508
508099.SH,2022-05-16,4.499
508099.SH,2022-05-17,4.491
508099.SH,2022-05-18,4.52
508099.SH,2022-05-19,4.493
508099.SH,2022-05-20,4.511
508099.SH,2022-05-23,4.462
508099.SH,2022-05-24,4.411
508099.SH,2022-05-25,4.403
508099.SH,2022-05-26,4.412
508099.SH,2022-05-27,4.413
508099.SH,2022-05-30,4.4
508099.SH,2022-05-31,4.369
508099.SH,2022-06-01,4.338
508099.SH,2022-06-02,4.404
508099.SH,2022-06-06,4.499
508099.SH,2022-06-07,4.594
508099.SH,2022-06-08,4.529
508099.SH,2022-06-09,4.575
508099.SH,2022-06-10,4.614
508099.SH,2022-06-13,4.591
508099.SH,2022-06-14,4.626
508099.SH,2022-06-15,4.642
508099.SH,2022-06-16,4.636
508099.SH,2022-06-17,4.6
508099.SH,2022-06-20,4.517
508099.SH,2022-06-21,4.506
508099.SH,2022-06-22,4.507
508099.SH,2022-06-23,4.54
508099.SH,2022-06-24,4.611
508099.SH,2022-06-27,4.626
508099.SH,2022-06-28,4.638
508099.SH,2022-06-29,4.599
508099.SH,2022-06-30,4.583
508099.SH,2022-07-01,4.565
508099.SH,2022-07-04,4.546
508099.SH,2022-07-05,4.549
508099.SH,2022-07-06,4.583
508099.SH,2022-07-07,4.593
508099.SH,2022-07-08,4.599
508099.SH,2022-07-11,4.602
508099.SH,2022-07-12,4.626
508099.SH,2022-07-13,4.61
508099.SH,2022-07-14,4.622
508099.SH,2022-07-15,4.624
508099.SH,2022-07-18,4.642
508099.SH,2022-07-19,4.668
508099.SH,2022-07-20,4.712
508099.SH,2022-07-21,4.71
508099.SH,2022-07-22,4.737
508099.SH,2022-07-25,4.681
508099.SH,2022-07-26,4.684
508099.SH,2022-07-27,4.68
508099.SH,2022-07-28,4.725
508099.SH,2022-07-29,4.749
508099.SH,2022-08-01,4.755
508099.SH,2022-08-02,4.74
508099.SH,2022-08-03,4.728
508099.SH,2022-08-04,4.737
508099.SH,2022-08-05,4.757
508099.SH,2022-08-08,4.747
508099.SH,2022-08-09,4.714
508099.SH,2022-08-10,4.711
508099.SH,2022-08-11,4.702
508099.SH,2022-08-12,4.688
508099.SH,2022-08-15,4.709
508099.SH,2022-08-16,4.686
508099.SH,2022-08-17,4.687
508099.SH,2022-08-18,4.718
508099.SH,2022-08-19,4.82
508099.SH,2022-08-22,4.8
508099.SH,2022-08-23,4.786
508099.SH,2022-08-24,4.726
508099.SH,2022-08-25,4.761
508099.SH,2022-08-26,4.741
508099.SH,2022-08-29,4.741
508099.SH,2022-08-30,4.751
508099.SH,2022-08-31,4.768
508099.SH,2022-09-01,4.729
508099.SH,2022-09-02,4.715
508099.SH,2022-09-05,4.703
508099.SH,2022-09-06,4.718
508099.SH,2022-09-07,4.728
508099.SH,2022-09-08,4.749
508099.SH,2022-09-09,4.751
508099.SH,2022-09-13,4.714
508099.SH,2022-09-14,4.698
508099.SH,2022-09-15,4.699
508099.SH,2022-09-16,4.687
508099.SH,2022-09-19,4.682
508099.SH,2022-09-20,4.677
508099.SH,2022-09-21,4.677
508099.SH,2022-09-22,4.702
508099.SH,2022-09-23,4.709
508099.SH,2022-09-26,4.71
508099.SH,2022-09-27,4.701
508099.SH,2022-09-28,4.73
508099.SH,2022-09-29,4.703
508099.SH,2022-09-30,4.69
508099.SH,2022-10-10,4.625
508099.SH,2022-10-11,4.6
508099.SH,2022-10-12,4.64
508099.SH,2022-10-13,4.706
508099.SH,2022-10-14,4.704
508099.SH,2022-10-17,4.7
508099.SH,2022-10-18,4.709
508099.SH,2022-10-19,4.712
508099.SH,2022-10-20,4.707
508099.SH,2022-10-21,4.711
508099.SH,2022-10-24,4.688
508099.SH,2022-10-25,4.674
508099.SH,2022-10-26,4.68
508099.SH,2022-10-27,4.609
508099.SH,2022-10-28,4.538
508099.SH,2022-10-31,4.449
508099.SH,2022-11-01,4.442
508099.SH,2022-11-02,4.56
508099.SH,2022-11-03,4.57
508099.SH,2022-11-04,4.592
508099.SH,2022-11-07,4.554
508099.SH,2022-11-08,4.495
508099.SH,2022-11-09,4.494
508099.SH,2022-11-10,4.46
508099.SH,2022-11-11,4.48
508099.SH,2022-11-14,4.456
508099.SH,2022-11-15,4.383
508099.SH,2022-11-16,4.304
508099.SH,2022-11-17,4.225
508099.SH,2022-11-18,4.276
508099.SH,2022-11-21,4.321
508099.SH,2022-11-22,4.32
508099.SH,2022-11-23,4.312
508099.SH,2022-11-24,4.287
508099.SH,2022-11-25,4.281
508099.SH,2022-11-28,4.261
508099.SH,2022-11-29,4.299
508099.SH,2022-11-30,4.312
508099.SH,2022-12-01,4.327
508099.SH,2022-12-02,4.348
508099.SH,2022-12-05,4.382
508099.SH,2022-12-06,4.406
508099.SH,2022-12-07,4.368
508099.SH,2022-12-08,4.356
508099.SH,2022-12-09,4.331
508099.SH,2022-12-12,4.312
508099.SH,2022-12-13,4.294
508099.SH,2022-12-14,4.225
508099.SH,2022-12-15,4.195
508099.SH,2022-12-16,4.147
508099.SH,2022-12-19,4.105
508099.SH,2022-12-20,4.078
508099.SH,2022-12-21,4.034
508099.SH,2022-12-22,4.003
508099.SH,2022-12-23,4.086
508099.SH,2022-12-26,4.114
508099.SH,2022-12-27,4.074
508099.SH,2022-12-28,4.004
508099.SH,2022-12-29,4.027
508099.SH,2022-12-30,4.074
508099.SH,2023-01-03,4.084
508099.SH,2023-01-04,4.076
508099.SH,2023-01-05,4.038
508099.SH,2023-01-06,4.101
508099.SH,2023-01-09,4.101
508099.SH,2023-01-10,4.099
508099.SH,2023-01-11,4.099
508099.SH,2023-01-12,4.086
508099.SH,2023-01-13,4.047
508099.SH,2023-01-16,4.026
508099.SH,2023-01-17,4.008
508099.SH,2023-01-18,4.014
508099.SH,2023-01-19,4.026
508099.SH,2023-01-20,4.033
508099.SH,2023-01-30,4.068
508099.SH,2023-01-31,4.143
508099.SH,2023-02-01,4.215
508099.SH,2023-02-02,4.165
508099.SH,2023-02-03,4.17
508099.SH,2023-02-06,4.192
508099.SH,2023-02-07,4.206
508099.SH,2023-02-08,4.213
508099.SH,2023-02-09,4.218
508099.SH,2023-02-10,4.24
508099.SH,2023-02-13,4.253
508099.SH,2023-02-14,4.27
508099.SH,2023-02-15,4.235
508099.SH,2023-02-16,4.239
508099.SH,2023-02-17,4.244
508099.SH,2023-02-20,4.264
508099.SH,2023-02-21,4.271
508099.SH,2023-02-22,4.268
508099.SH,2023-02-23,4.247
508099.SH,2023-02-24,4.216
508099.SH,2023-02-27,4.165
508099.SH,2023-02-28,4.16
508099.SH,2023-03-01,4.164
508099.SH,2023-03-02,4.155
508099.SH,2023-03-03,4.155
508099.SH,2023-03-06,4.148
508099.SH,2023-03-07,4.131
508099.SH,2023-03-08,4.114
508099.SH,2023-03-09,4.113
508099.SH,2023-03-10,4.106
508099.SH,2023-03-13,4.106
508099.SH,2023-03-14,4.114
508099.SH,2023-03-15,4.125
508099.SH,2023-03-16,4.118
508099.SH,2023-03-17,4.107
508099.SH,2023-03-20,4.055
508099.SH,2023-03-21,4.056
508099.SH,2023-03-22,4.048
508099.SH,2023-03-23,4.04
508099.SH,2023-03-24,4.018
508099.SH,2023-03-27,4.004
508099.SH,2023-03-28,3.976
508099.SH,2023-03-29,3.929
508099.SH,2023-03-30,3.839
508099.SH,2023-03-31,3.848
508099.SH,2023-04-03,3.894
508099.SH,2023-04-04,3.884
508099.SH,2023-04-06,3.861
508099.SH,2023-04-07,3.85
508099.SH,2023-04-10,3.845
508099.SH,2023-04-11,3.82
508099.SH,2023-04-12,3.707
508099.SH,2023-04-13,3.609
508099.SH,2023-04-14,3.613
508099.SH,2023-04-17,3.599
508099.SH,2023-04-18,3.59
508099.SH,2023-04-19,3.553
508099.SH,2023-04-20,3.488
508099.SH,2023-04-21,3.282
508099.SH,2023-04-24,3.26
508099.SH,2023-04-25,3.25
508099.SH,2023-04-26,3.25
508099.SH,2023-04-27,3.147
508099.SH,2023-04-28,3.199
508099.SH,2023-05-04,3.209
508099.SH,2023-05-05,3.165
508099.SH,2023-05-08,3.202
508099.SH,2023-05-09,3.293
508099.SH,2023-05-10,3.454
508099.SH,2023-05-11,3.465
508099.SH,2023-05-12,3.451
508099.SH,2023-05-15,3.36
508099.SH,2023-05-16,3.276
508099.SH,2023-05-17,3.235
508099.SH,2023-05-18,3.232
508099.SH,2023-05-19,3.236
508099.SH,2023-05-22,3.244
508099.SH,2023-05-23,3.22
508099.SH,2023-05-24,3.221
508099.SH,2023-05-25,3.172
508099.SH,2023-05-26,3.148
508099.SH,2023-05-29,3.137
508099.SH,2023-05-30,3.096
508099.SH,2023-05-31,3.022
508099.SH,2023-06-01,2.995
508099.SH,2023-06-02,2.965
508099.SH,2023-06-05,2.908
508099.SH,2023-06-06,2.872
508099.SH,2023-06-07,3.0
508099.SH,2023-06-08,3.082
508099.SH,2023-06-09,3.063
508099.SH,2023-06-12,3.051
508099.SH,2023-06-13,3.043
508099.SH,2023-06-14,3.031
508099.SH,2023-06-15,2.988
508099.SH,2023-06-16,3.015
508099.SH,2023-06-19,2.998
508099.SH,2023-06-20,2.983
508099.SH,2023-06-21,2.942
508099.SH,2023-06-26,2.908
508099.SH,2023-06-27,2.913
508099.SH,2023-06-28,2.942
508099.SH,2023-06-29,2.912
508099.SH,2023-06-30,2.893
508099.SH,2023-07-03,2.847
508099.SH,2023-07-04,2.821
508099.SH,2023-07-05,2.77
508099.SH,2023-07-06,2.802
508099.SH,2023-07-07,2.884
508099.SH,2023-07-10,2.86
508099.SH,2023-07-11,2.832
508099.SH,2023-07-12,2.79
508099.SH,2023-07-13,2.807
508099.SH,2023-07-14,2.813
508099.SH,2023-07-17,2.898
508099.SH,2023-07-18,3.011
508099.SH,2023-07-19,2.959
508099.SH,2023-07-20,2.89
508099.SH,2023-07-21,2.9
508099.SH,2023-07-24,2.872
508099.SH,2023-07-25,2.881
508099.SH,2023-07-26,2.881
508099.SH,2023-07-27,2.88
508099.SH,2023-07-28,2.884
508099.SH,2023-07-31,2.909
508099.SH,2023-08-01,2.911
508099.SH,2023-08-02,2.918
508099.SH,2023-08-03,2.921
508099.SH,2023-08-04,2.908
508099.SH,2023-08-07,2.904
508099.SH,2023-08-08,2.898
508099.SH,2023-08-09,2.894
508099.SH,2023-08-10,2.897
508099.SH,2023-08-11,2.881
508099.SH,2023-08-14,2.825
508099.SH,2023-08-15,2.847
508099.SH,2023-08-16,2.837
508099.SH,2023-08-17,2.822
508099.SH,2023-08-18,2.799
508099.SH,2023-08-21,2.793
508099.SH,2023-08-22,2.775
508099.SH,2023-08-23,2.783
508099.SH,2023-08-24,2.825
508099.SH,2023-08-25,2.81
508099.SH,2023-08-28,2.798
508099.SH,2023-08-29,2.79
508099.SH,2023-08-30,2.792
508099.SH,2023-08-31,2.781
508099.SH,2023-09-01,2.78
508099.SH,2023-09-04,2.771
508099.SH,2023-09-05,2.771
508099.SH,2023-09-06,2.763
508099.SH,2023-09-07,2.751
508099.SH,2023-09-08,2.75
508099.SH,2023-09-11,2.752
508099.SH,2023-09-12,2.755
508099.SH,2023-09-13,2.754
508099.SH,2023-09-14,2.755
508099.SH,2023-09-15,2.766
508099.SH,2023-09-18,2.756
508099.SH,2023-09-19,2.744
508099.SH,2023-09-20,2.747
508099.SH,2023-09-21,2.741
508099.SH,2023-09-22,2.741
508099.SH,2023-09-25,2.74
508099.SH,2023-09-26,2.734
508099.SH,2023-09-27,2.75
508099.SH,2023-09-28,2.745
508099.SH,2023-10-09,2.74
508099.SH,2023-10-10,2.74
508099.SH,2023-10-11,2.739
508099.SH,2023-10-12,2.738
508099.SH,2023-10-13,2.739
508099.SH,2023-10-16,2.733
508099.SH,2023-10-17,2.729
508099.SH,2023-10-18,2.71
508099.SH,2023-10-19,2.714
508099.SH,2023-10-20,2.704
508099.SH,2023-10-23,2.676
508099.SH,2023-10-24,2.71
508099.SH,2023-10-25,2.705
508099.SH,2023-10-26,2.704
508099.SH,2023-10-27,2.687
508099.SH,2023-10-30,2.665
508099.SH,2023-10-31,2.656
508099.SH,2023-11-01,2.643
508099.SH,2023-11-02,2.615
508099.SH,2023-11-03,2.605
508099.SH,2023-11-06,2.601
508099.SH,2023-11-07,2.59
508099.SH,2023-11-08,2.605
508099.SH,2023-11-09,2.648
508099.SH,2023-11-10,2.625
508099.SH,2023-11-13,2.609
508099.SH,2023-11-14,2.59
508099.SH,2023-11-15,2.588
508099.SH,2023-11-16,2.572
508099.SH,2023-11-17,2.554
508099.SH,2023-11-20,2.545
508099.SH,2023-11-21,2.528
508099.SH,2023-11-22,2.509
508099.SH,2023-11-23,2.479
508099.SH,2023-11-24,2.466
508099.SH,2023-11-27,2.406
508099.SH,2023-11-28,2.353
508099.SH,2023-11-29,2.283
508099.SH,2023-11-30,2.253
508099.SH,2023-12-01,2.222
508099.SH,2023-12-04,2.239
508099.SH,2023-12-05,2.235
508099.SH,2023-12-06,2.226
508099.SH,2023-12-07,2.206
508099.SH,2023-12-08,2.184
508099.SH,2023-12-11,2.128
508099.SH,2023-12-12,2.089
508099.SH,2023-12-13,2.086
508099.SH,2023-12-14,2.081
508099.SH,2023-12-15,2.101
508099.SH,2023-12-18,2.112
508099.SH,2023-12-19,2.126
508099.SH,2023-12-20,2.212
508099.SH,2023-12-21,2.301
508099.SH,2023-12-22,2.242
508099.SH,2023-12-25,2.181
508099.SH,2023-12-26,2.119
508099.SH,2023-12-27,2.087
508099.SH,2023-12-28,2.097
508099.SH,2023-12-29,2.113
508099.SH,2024-01-02,2.086
508099.SH,2024-01-03,2.049
508099.SH,2024-01-04,2.002
508099.SH,2024-01-05,2.005
508099.SH,2024-01-08,1.994
508099.SH,2024-01-09,1.96
508099.SH,2024-01-10,1.934
508099.SH,2024-01-11,1.933
508099.SH,2024-01-12,1.9
508099.SH,2024-01-15,1.89
508099.SH,2024-01-16,1.979
508099.SH,2024-01-17,1.991
508099.SH,2024-01-18,1.935
508099.SH,2024-01-19,1.952
508099.SH,2024-01-22,1.949
508099.SH,2024-01-23,1.904
508099.SH,2024-01-24,1.891
508099.SH,2024-01-25,1.949
508099.SH,2024-01-26,1.933
508099.SH,2024-01-29,1.95
508099.SH,2024-01-30,1.964
508099.SH,2024-01-31,1.943
508099.SH,2024-02-01,1.947
508099.SH,2024-02-02,1.959
508099.SH,2024-02-05,1.945
508099.SH,2024-02-06,1.991
508099.SH,2024-02-07,2.031
508099.SH,2024-02-08,2.104
508099.SH,2024-02-19,2.179
508099.SH,2024-02-20,2.156
508099.SH,2024-02-21,2.128
508099.SH,2024-02-22,2.097
508099.SH,2024-02-23,2.18
508099.SH,2024-02-26,2.244
508099.SH,2024-02-27,2.24
508099.SH,2024-02-28,2.197
508099.SH,2024-02-29,2.241
508099.SH,2024-03-01,2.298
508099.SH,2024-03-04,2.366
508099.SH,2024-03-05,2.377
508099.SH,2024-03-06,2.361
508099.SH,2024-03-07,2.344
508099.SH,2024-03-08,2.338
508099.SH,2024-03-11,2.358
508099.SH,2024-03-12,2.355
508099.SH,2024-03-13,2.33
508099.SH,2024-03-14,2.326
508099.SH,2024-03-15,2.325
508099.SH,2024-03-18,2.297
508099.SH,2024-03-19,2.277
508099.SH,2024-03-20,2.237
508099.SH,2024-03-21,2.166
508099.SH,2024-03-22,2.146
508099.SH,2024-03-25,2.176
508099.SH,2024-03-26,2.18
508099.SH,2024-03-27,2.309
508099.SH,2024-03-28,2.276
508099.SH,2024-03-29,2.259
508099.SH,2024-04-01,2.292
508099.SH,2024-04-02,2.289
508099.SH,2024-04-03,2.29
508099.SH,2024-04-08,2.301
508099.SH,2024-04-09,2.301
508099.SH,2024-04-10,2.287
508099.SH,2024-04-11,2.318
508099.SH,2024-04-12,2.319
508099.SH,2024-04-15,2.293
508099.SH,2024-04-16,2.279
508099.SH,2024-04-17,2.297
508099.SH,2024-04-18,2.312
508099.SH,2024-04-19,2.317
508099.SH,2024-04-22,2.366
508099.SH,2024-04-23,2.374
508099.SH,2024-04-24,2.392
508099.SH,2024-04-25,2.42
508099.SH,2024-04-26,2.434
508099.SH,2024-04-29,2.416
508099.SH,2024-04-30,2.417
508099.SH,2024-05-06,2.501
508099.SH,2024-05-07,2.558
508099.SH,2024-05-08,2.558
508099.SH,2024-05-09,2.586
508099.SH,2024-05-10,2.578
508099.SH,2024-05-13,2.519
508099.SH,2024-05-14,2.504
508099.SH,2024-05-15,2.478
508099.SH,2024-05-16,2.468
508099.SH,2024-05-17,2.47
508099.SH,2024-05-20,2.458
508099.SH,2024-05-21,2.445
508099.SH,2024-05-22,2.44
508099.SH,2024-05-23,2.444
508099.SH,2024-05-24,2.492
508099.SH,2024-05-27,2.511
508099.SH,2024-05-28,2.505
508099.SH,2024-05-29,2.502
508099.SH,2024-05-30,2.487
508099.SH,2024-05-31,2.485
508099.SH,2024-06-03,2.478
508099.SH,2024-06-04,2.461
508099.SH,2024-06-05,2.457
508099.SH,2024-06-06,2.433
508099.SH,2024-06-07,2.426
508099.SH,2024-06-11,2.389
508099.SH,2024-06-12,2.375
508099.SH,2024-06-13,2.388
508099.SH,2024-06-14,2.379
508099.SH,2024-06-17,2.401
508099.SH,2024-06-18,2.425
508099.SH,2024-06-19,2.43
508099.SH,2024-06-20,2.416
508099.SH,2024-06-21,2.417
508099.SH,2024-06-24,2.413
508099.SH,2024-06-25,2.397
508099.SH,2024-06-26,2.398
508099.SH,2024-06-27,2.401
508099.SH,2024-06-28,2.372
508099.SH,2024-07-01,2.358
508099.SH,2024-07-02,2.345
508099.SH,2024-07-03,2.342
508099.SH,2024-07-04,2.333
508099.SH,2024-07-05,2.316
508099.SH,2024-07-08,2.303
508099.SH,2024-07-09,2.293
508099.SH,2024-07-10,2.29
508099.SH,2024-07-11,2.29
508099.SH,2024-07-12,2.331
508099.SH,2024-07-15,2.318
508099.SH,2024-07-16,2.285
508099.SH,2024-07-17,2.282
508099.SH,2024-07-18,2.285
508099.SH,2024-07-19,2.284
508099.SH,2024-07-22,2.279
508099.SH,2024-07-23,2.278
508099.SH,2024-07-24,2.274
508099.SH,2024-07-25,2.279
508099.SH,2024-07-26,2.286
508099.SH,2024-07-29,2.287
508099.SH,2024-07-30,2.285
508099.SH,2024-07-31,2.291
508099.SH,2024-08-01,2.311
508099.SH,2024-08-02,2.312
508099.SH,2024-08-05,2.358
508099.SH,2024-08-06,2.391
508099.SH,2024-08-07,2.425
508099.SH,2024-08-08,2.398
508099.SH,2024-08-09,2.398
508099.SH,2024-08-12,2.395
508099.SH,2024-08-13,2.395
508099.SH,2024-08-14,2.384
508099.SH,2024-08-15,2.364
508099.SH,2024-08-16,2.339
508099.SH,2024-08-19,2.331
508099.SH,2024-08-20,2.321
508099.SH,2024-08-21,2.283
508099.SH,2024-08-22,2.27
508099.SH,2024-08-23,2.264
508099.SH,2024-08-26,2.247
508099.SH,2024-08-27,2.249
508099.SH,2024-08-28,2.285
508099.SH,2024-08-29,2.268
508099.SH,2024-08-30,2.281
508099.SH,2024-09-02,2.277
508099.SH,2024-09-03,2.266
508099.SH,2024-09-04,2.254
508099.SH,2024-09-05,2.256
508099.SH,2024-09-06,2.246
508099.SH,2024-09-09,2.219
508099.SH,2024-09-10,2.202
508099.SH,2024-09-11,2.202
508099.SH,2024-09-12,2.201
508099.SH,2024-09-13,2.201
508099.SH,2024-09-18,2.195
508099.SH,2024-09-19,2.179
508099.SH,2024-09-20,2.173
508099.SH,2024-09-23,2.153
508099.SH,2024-09-24,2.178
508099.SH,2024-09-25,2.178
508099.SH,2024-09-26,2.173
508099.SH,2024-09-27,2.181
508099.SH,2024-09-30,2.245
508099.SH,2024-10-08,2.321
508099.SH,2024-10-09,2.262
508099.SH,2024-10-10,2.213
508099.SH,2024-10-11,2.215
508099.SH,2024-10-14,2.232
508099.SH,2024-10-15,2.232
508099.SH,2024-10-16,2.215
508099.SH,2024-10-17,2.209
508099.SH,2024-10-18,2.205
508099.SH,2024-10-21,2.203
508099.SH,2024-10-22,2.197
508099.SH,2024-10-23,2.19
508099.SH,2024-10-24,2.18
508099.SH,2024-10-25,2.189
508099.SH,2024-10-28,2.187
508099.SH,2024-10-29,2.179
508099.SH,2024-10-30,2.197
508099.SH,2024-10-31,2.213
508099.SH,2024-11-01,2.21
508099.SH,2024-11-04,2.202
508099.SH,2024-11-05,2.195
508099.SH,2024-11-06,2.193
508099.SH,2024-11-07,2.19
508099.SH,2024-11-08,2.185
508099.SH,2024-11-11,2.181
508099.SH,2024-11-12,2.181
508099.SH,2024-11-13,2.194
508099.SH,2024-11-14,2.178
508099.SH,2024-11-15,2.124
508099.SH,2024-11-18,2.116
508099.SH,2024-11-19,2.141
508099.SH,2024-11-20,2.125
508099.SH,2024-11-21,2.112
508099.SH,2024-11-22,2.1
508099.SH,2024-11-25,2.075
508099.SH,2024-11-26,2.049
508099.SH,2024-11-27,2.021
508099.SH,2024-11-28,2.018
508099.SH,2024-11-29,2.044
508099.SH,2024-12-02,2.073
508099.SH,2024-12-03,2.06
508099.SH,2024-12-04,2.048
508099.SH,2024-12-05,2.059
508099.SH,2024-12-06,2.043
508099.SH,2024-12-09,2.043
508099.SH,2024-12-10,2.046
508099.SH,2024-12-11,2.064
508099.SH,2024-12-12,2.085
508099.SH,2024-12-13,2.09
508099.SH,2024-12-16,2.084
508099.SH,2024-12-17,2.078
508099.SH,2024-12-18,2.055
508099.SH,2024-12-19,2.045
508099.SH,2024-12-20,2.045
508099.SH,2024-12-23,2.047
508099.SH,2024-12-24,2.07
508099.SH,2024-12-25,2.087
508099.SH,2024-12-26,2.089
508099.SH,2024-12-27,2.096
508099.SH,2024-12-30,2.105
508099.SH,2024-12-31,2.111
508099.SH,2025-01-02,2.118
508099.SH,2025-01-03,2.162
508099.SH,2025-01-06,2.144
508099.SH,2025-01-07,2.091
508099.SH,2025-01-08,2.128
508099.SH,2025-01-09,2.147
508099.SH,2025-01-10,2.16
508099.SH,2025-01-13,2.149
508099.SH,2025-01-14,2.128
508099.SH,2025-01-15,2.15
508099.SH,2025-01-16,2.167
508099.SH,2025-01-17,2.156
508099.SH,2025-01-20,2.148
508099.SH,2025-01-21,2.149
508099.SH,2025-01-22,2.149
508099.SH,2025-01-23,2.15
508099.SH,2025-01-24,2.162
508099.SH,2025-01-27,2.177
508099.SH,2025-02-05,2.176
508099.SH,2025-02-06,2.17
508099.SH,2025-02-07,2.187
508099.SH,2025-02-10,2.203
508099.SH,2025-02-11,2.201
508099.SH,2025-02-12,2.179
508099.SH,2025-02-13,2.185
508099.SH,2025-02-14,2.239
508099.SH,2025-02-17,2.296
508099.SH,2025-02-18,2.283
508099.SH,2025-02-19,2.269
508099.SH,2025-02-20,2.275
508099.SH,2025-02-21,2.276
508099.SH,2025-02-24,2.23
508099.SH,2025-02-25,2.228
508099.SH,2025-02-26,2.23
508099.SH,2025-02-27,2.199
508099.SH,2025-02-28,2.182
508099.SH,2025-03-03,2.209
508099.SH,2025-03-04,2.218
508099.SH,2025-03-05,2.21
508099.SH,2025-03-06,2.199
508099.SH,2025-03-07,2.198
508099.SH,2025-03-10,2.2
508099.SH,2025-03-11,2.199
508099.SH,2025-03-12,2.198
508099.SH,2025-03-13,2.198
508099.SH,2025-03-14,2.19
508099.SH,2025-03-17,2.188
508099.SH,2025-03-18,2.194
508099.SH,2025-03-19,2.2
508099.SH,2025-03-20,2.211
508099.SH,2025-03-21,2.209
508099.SH,2025-03-24,2.212
508099.SH,2025-03-25,2.217
508099.SH,2025-03-26,2.223
508099.SH,2025-03-27,2.238
508099.SH,2025-03-28,2.238
508099.SH,2025-03-31,2.222
508099.SH,2025-04-01,2.218
508099.SH,2025-04-02,2.208
508099.SH,2025-04-03,2.173
508099.SH,2025-04-07,2.107
508099.SH,2025-04-08,2.089
508099.SH,2025-04-09,2.087
508099.SH,2025-04-10,2.133
508099.SH,2025-04-11,2.126
508099.SH,2025-04-14,2.124
508099.SH,2025-04-15,2.123
508099.SH,2025-04-16,2.146
508099.SH,2025-04-17,2.149
508099.SH,2025-04-18,2.143
508099.SH,2025-04-21,2.145
508099.SH,2025-04-22,2.137
508099.SH,2025-04-23,2.132
508099.SH,2025-04-24,2.119
508099.SH,2025-04-25,2.114
508099.SH,2025-04-28,2.072
508099.SH,2025-04-29,2.069
508099.SH,2025-04-30,2.065
508099.SH,2025-05-06,2.065
508099.SH,2025-05-07,2.058
508099.SH,2025-05-08,2.063
508099.SH,2025-05-09,2.059
508099.SH,2025-05-12,2.069
508099.SH,2025-05-13,2.091
508099.SH,2025-05-14,2.11
508099.SH,2025-05-15,2.097
508099.SH,2025-05-16,2.093
508099.SH,2025-05-19,2.109
508099.SH,2025-05-20,2.103
508099.SH,2025-05-21,2.114
508099.SH,2025-05-22,2.113
508099.SH,2025-05-23,2.114
508099.SH,2025-05-26,2.117
508099.SH,2025-05-27,2.125
508099.SH,2025-05-28,2.112
508099.SH,2025-05-29,2.112
508099.SH,2025-05-30,2.115
508099.SH,2025-06-03,2.101
508099.SH,2025-06-04,2.103
508099.SH,2025-06-05,2.133
508099.SH,2025-06-06,2.122
508099.SH,2025-06-09,2.114
508099.SH,2025-06-10,2.128
508099.SH,2025-06-11,2.15
508099.SH,2025-06-12,2.174
508099.SH,2025-06-13,2.167
508099.SH,2025-06-16,2.162
508099.SH,2025-06-17,2.156
508099.SH,2025-06-18,2.157
508099.SH,2025-06-19,2.162
508099.SH,2025-06-20,2.185
508099.SH,2025-06-23,2.171
508099.SH,2025-06-24,2.158
508099.SH,2025-06-25,2.171
508099.SH,2025-06-26,2.169
508099.SH,2025-06-27,2.172
508099.SH,2025-06-30,2.173
508099.SH,2025-07-01,2.175
508099.SH,2025-07-02,2.182
508099.SH,2025-07-03,2.17
508099.SH,2025-07-04,2.163
508099.SH,2025-07-07,2.16
508099.SH,2025-07-08,2.142
508099.SH,2025-07-09,2.137
508099.SH,2025-07-10,2.136
508099.SH,2025-07-11,2.142
508099.SH,2025-07-14,2.141
508099.SH,2025-07-15,2.144
508099.SH,2025-07-16,2.159
508099.SH,2025-07-17,2.161
508099.SH,2025-07-18,2.162
508099.SH,2025-07-21,2.141
508099.SH,2025-07-22,2.134
508099.SH,2025-07-23,2.109
508099.SH,2025-07-24,2.122
508099.SH,2025-07-25,2.122
508099.SH,2025-07-28,2.124
508099.SH,2025-07-29,2.131
508099.SH,2025-07-30,2.139
508099.SH,2025-07-31,2.143
508099.SH,2025-08-01,2.134
508099.SH,2025-08-04,2.13
508099.SH,2025-08-05,2.127
508099.SH,2025-08-06,2.13
508099.SH,2025-08-07,2.14
508099.SH,2025-08-08,2.139
508099.SH,2025-08-11,2.154
508099.SH,2025-08-12,2.145
508099.SH,2025-08-13,2.153
508099.SH,2025-08-14,2.146
508099.SH,2025-08-15,2.131
508099.SH,2025-08-18,2.108
508099.SH,2025-08-19,2.087
508099.SH,2025-08-20,2.104
508099.SH,2025-08-21,2.118
508099.SH,2025-08-22,2.109
508099.SH,2025-08-25,2.129
508099.SH,2025-08-26,2.136
508099.SH,2025-08-27,2.133
508099.SH,2025-08-28,2.121
508099.SH,2025-08-29,2.12
508099.SH,2025-09-01,2.121
508099.SH,2025-09-02,2.121
508099.SH,2025-09-03,2.125
508099.SH,2025-09-04,2.117
508099.SH,2025-09-05,2.111
508099.SH,2025-09-08,2.1
508099.SH,2025-09-09,2.1
508099.SH,2025-09-10,2.099
508099.SH,2025-09-11,2.103
508099.SH,2025-09-12,2.104
508099.SH,2025-09-15,2.121
508099.SH,2025-09-16,2.116
508099.SH,2025-09-17,2.109
508099.SH,2025-09-18,2.106
508099.SH,2025-09-19,2.109
508099.SH,2025-09-22,2.108
508099.SH,2025-09-23,2.101
508099.SH,2025-09-24,2.097
508099.SH,2025-09-25,2.1
508099.SH,2025-09-26,2.102
508099.SH,2025-09-29,2.099
508099.SH,2025-09-30,2.095
508099.SH,2025-10-09,2.092
508099.SH,2025-10-10,2.078
508099.SH,2025-10-13,2.075
508099.SH,2025-10-14,2.068
508099.SH,2025-10-15,2.069
508099.SH,2025-10-16,2.07
508099.SH,2025-10-17,2.068
508099.SH,2025-10-20,2.049
508099.SH,2025-10-21,2.039
508099.SH,2025-10-22,2.017
508099.SH,2025-10-23,2.015
508099.SH,2025-10-24,2.018
508099.SH,2025-10-27,2.021
508099.SH,2025-10-28,2.063
508099.SH,2025-10-29,2.08
508099.SH,2025-10-30,2.079
508099.SH,2025-10-31,2.065
508099.SH,2025-11-03,2.045
508099.SH,2025-11-04,2.04
508099.SH,2025-11-05,2.05
508099.SH,2025-11-06,2.04
508099.SH,2025-11-07,2.043
508099.SH,2025-11-10,2.038
508099.SH,2025-11-11,2.038
508099.SH,2025-11-12,2.042
508099.SH,2025-11-13,2.036
508099.SH,2025-11-14,2.039
508099.SH,2025-11-17,2.033
508099.SH,2025-11-18,2.031
508099.SH,2025-11-19,2.029
508099.SH,2025-11-20,2.022
508099.SH,2025-11-21,2.021
508099.SH,2025-11-24,2.009
508099.SH,2025-11-25,2.007
508099.SH,2025-11-26,2.022
508099.SH,2025-11-27,2.017
508099.SH,2025-11-28,2.015
508099.SH,2025-12-01,2.009
508099.SH,2025-12-02,2.007
508099.SH,2025-12-03,2.01
508099.SH,2025-12-04,1.988
508099.SH,2025-12-05,1.966
508099.SH,2025-12-08,1.98
508099.SH,2025-12-09,1.99
508099.SH,2025-12-10,1.987
508099.SH,2025-12-11,1.974
508099.SH,2025-12-12,1.974
508099.SH,2025-12-15,1.963
508099.SH,2025-12-16,1.962
508099.SH,2025-12-17,1.958
508099.SH,2025-12-18,1.951
508099.SH,2025-12-19,1.955
508099.SH,2025-12-22,1.955
508099.SH,2025-12-23,1.952
508099.SH,2025-12-24,1.968
508099.SH,2025-12-25,2.0
508099.SH,2025-12-26,1.993
508099.SH,2025-12-29,1.987
508099.SH,2025-12-30,1.976
508099.SH,2025-12-31,1.965
508099.SH,2026-01-05,1.982
508099.SH,2026-01-06,1.996
508099.SH,2026-01-07,2.0
508099.SH,2026-01-08,2.0
508099.SH,2026-01-09,2.0
508099.SH,2026-01-12,2.001
508099.SH,2026-01-13,1.99
508099.SH,2026-01-14,1.984
508099.SH,2026-01-15,1.982
508099.SH,2026-01-16,1.983
508099.SH,2026-01-19,1.973
508099.SH,2026-01-20,1.977
508099.SH,2026-01-21,1.981
508099.SH,2026-01-22,1.984
508099.SH,2026-01-23,2.01
508099.SH,2026-01-26,1.997
508099.SH,2026-01-27,2.0
508099.SH,2026-01-28,1.999
508099.SH,2026-01-29,2.003
508099.SH,2026-01-30,1.995
508099.SH,2026-02-02,1.992
508099.SH,2026-02-03,2.0
508099.SH,2026-02-04,2.0
508099.SH,2026-02-05,2.0
508099.SH,2026-02-06,2.003
508099.SH,2026-02-09,2.004
508099.SH,2026-02-10,2.002
508099.SH,2026-02-11,2.002
508099.SH,2026-02-12,2.0
508099.SH,2026-02-13,1.993
508099.SH,2026-02-24,1.994
508099.SH,2026-02-25,1.996
508099.SH,2026-02-26,1.996
508099.SH,2026-02-27,1.989
508099.SH,2026-03-02,2.0
508099.SH,2026-03-03,1.999
508099.SH,2026-03-04,1.992
508099.SH,2026-03-05,1.984
508099.SH,2026-03-06,1.965
508099.SH,2026-03-09,1.97
508099.SH,2026-03-10,1.979
508099.SH,2026-03-11,1.975
508099.SH,2026-03-12,1.97
508099.SH,2026-03-13,1.97
508099.SH,2026-03-16,1.96
508099.SH,2026-03-17,1.964
508099.SH,2026-03-18,1.968
508099.SH,2026-03-19,1.963
508099.SH,2026-03-20,1.962
508099.SH,2026-03-23,1.941
508099.SH,2026-03-24,1.939
508099.SH,2026-03-25,1.947
508099.SH,2026-03-26,1.944
508099.SH,2026-03-27,1.946
508099.SH,2026-03-30,1.944
508099.SH,2026-03-31,1.94
508099.SH,2026-04-01,1.937
508099.SH,2026-04-02,1.937
508099.SH,2026-04-03,1.935
508099.SH,2026-04-07,1.949
508099.SH,2026-04-08,1.953
508099.SH,2026-04-09,1.928
508099.SH,2026-04-10,1.93
508099.SH,2026-04-13,1.926
508099.SH,2026-04-14,1.925
508099.SH,2026-04-15,1.922
508099.SH,2026-04-16,1.923
508099.SH,2026-04-17,1.921
508099.SH,2026-04-20,1.921
508099.SH,2026-04-21,1.925
508099.SH,2026-04-22,1.922
508099.SH,2026-04-23,1.918
508099.SH,2026-04-24,1.914
508099.SH,2026-04-27,1.899
508099.SH,2026-04-28,1.891
508099.SH,2026-04-29,1.869
508099.SH,2026-04-30,1.846
508099.SH,2026-05-06,1.835
508099.SH,2026-05-07,1.838
508099.SH,2026-05-08,1.835
508099.SH,2026-05-11,1.832
508099.SH,2026-05-12,1.822
508099.SH,2026-05-13,1.791
508099.SH,2026-05-14,1.759
508099.SH,2026-05-15,1.678
508099.SH,2026-05-18,1.624
508099.SH,2026-05-19,1.643
508099.SH,2026-05-20,1.62
508099.SH,2026-05-21,1.568
508099.SH,2026-05-22,1.55
508099.SH,2026-05-25,1.521
508099.SH,2026-05-26,1.5
508099.SH,2026-05-27,1.442
508099.SH,2026-05-28,1.393
508099.SH,2026-05-29,1.403
508099.SH,2026-06-01,1.432
508099.SH,2026-06-02,1.42
508099.SH,2026-06-03,1.456
508099.SH,2026-06-04,1.458
508099.SH,2026-06-05,1.455
508099.SH,2026-06-08,1.463
508099.SH,2026-06-09,1.448
508099.SH,2026-06-10,1.42
508099.SH,2026-06-11,1.39
508099.SH,2026-06-12,1.397
508099.SH,2026-06-15,1.403
508099.SH,2026-06-16,1.398
508099.SH,2026-06-17,1.392
508099.SH,2026-06-18,1.376
508099.SH,2026-06-22,1.317
508099.SH,2026-06-23,1.295
508099.SH,2026-06-24,1.229
508099.SH,2026-06-25,1.241
508099.SH,2026-06-26,1.199
508099.SH,2026-06-29,1.165
508099.SH,2026-06-30,1.182
508099.SH,2026-07-01,1.194
508099.SH,2026-07-02,1.182
508099.SH,2026-07-03,1.187
508099.SH,2026-07-06,1.199
508099.SH,2026-07-07,1.2
508099.SH,2026-07-08,1.182
508099.SH,2026-07-09,1.179
508099.SH,2026-07-10,1.219
508099.SH,2026-07-13,1.228
508099.SH,2026-07-14,1.218
508099.SH,2026-07-15,1.174
508099.SH,2026-07-16,1.173
508099.SH,2026-07-17,1.162
508099.SH,2026-07-20,1.158
508099.SH,2026-07-21,1.128
508099.SH,2026-07-22,1.126
508099.SH,2026-07-23,1.127
508099.SH,2026-07-24,1.13
508099.SH,2026-07-27,1.129
508099.SH,2026-07-28,1.126
508099.SH,2026-07-29,1.125
508099.SH,2026-07-30,1.125
508099.SH,2026-07-31,1.134
508099.SH,2026-08-03,1.116
508099.SH,2026-08-04,1.104
508099.SH,2026-08-05,1.1
508099.SH,2026-08-06,1.095
508099.SH,2026-08-07,1.104
508099.SH,2026-08-10,1.092
508099.SH,2026-08-11,1.078
508099.SH,2026-08-12,1.051
508099.SH,2026-08-13,1.052
508099.SH,2026-08-14,1.075
508099.SH,2026-08-17,1.051
508099.SH,2026-08-18,1.073
508099.SH,2026-08-19,1.078
508099.SH,2026-08-20,1.107
508099.SH,2026-08-21,1.114
508099.SH,2026-08-24,1.117
508099.SH,2026-08-25,1.131
508099.SH,2026-08-26,1.244
508099.SH,2026-08-27,1.262
508099.SH,2026-08-28,1.319
508099.SH,2026-08-31,1.323
508099.SH,2026-09-01,1.305
508099.SH,2026-09-02,1.303
508099.SH,2026-09-03,1.308
508099.SH,2026-09-04,1.296
508099.SH,2026-09-07,1.3
508099.SH,2026-09-08,1.252
508099.SH,2026-09-09,1.272
508099.SH,2026-09-10,1.253
508099.SH,2026-09-11,1.208
508099.SH,2026-09-14,1.18
508099.SH,2026-09-15,1.186
508099.SH,2026-09-16,1.175
508099.SH,2026-09-17,1.205
508099.SH,2026-09-18,1.205
508099.SH,2026-09-21,1.199
508099.SH,2026-09-22,1.188
508099.SH,2026-09-23,1.214
508099.SH,2026-09-24,1.202
508099.SH,2026-09-28,1.192
508099.SH,2026-09-29,1.187
508099.SH,2026-09-30,1.191
508600.SH,2026-06-18,4.093
508600.SH,2026-06-22,4.054
508600.SH,2026-06-23,4.066
508600.SH,2026-06-24,3.866
508600.SH,2026-06-25,3.858
508600.SH,2026-06-26,3.797
508600.SH,2026-06-29,3.688
508600.SH,2026-06-30,3.688
508600.SH,2026-07-01,3.686
508600.SH,2026-07-02,3.687
508600.SH,2026-07-03,3.686
508600.SH,2026-07-06,3.67
508600.SH,2026-07-07,3.68
508600.SH,2026-07-08,3.675
508600.SH,2026-07-09,3.67
508600.SH,2026-07-10,3.669
508600.SH,2026-07-13,3.663
508600.SH,2026-07-14,3.655
508600.SH,2026-07-15,3.645
508600.SH,2026-07-16,3.63
508600.SH,2026-07-17,3.63
508600.SH,2026-07-20,3.63
508600.SH,2026-07-21,3.624
508600.SH,2026-07-22,3.605
508600.SH,2026-07-23,3.604
508600.SH,2026-07-24,3.606
508600.SH,2026-07-27,3.595
508600.SH,2026-07-28,3.588
508600.SH,2026-07-29,3.587
508600.SH,2026-07-30,3.572
508600.SH,2026-07-31,3.574
508600.SH,2026-08-03,3.573
508600.SH,2026-08-04,3.565
508600.SH,2026-08-05,3.56
508600.SH,2026-08-06,3.552
508600.SH,2026-08-07,3.546
508600.SH,2026-08-10,3.575
508600.SH,2026-08-11,3.573
508600.SH,2026-08-12,3.572
508600.SH,2026-08-13,3.572
508600.SH,2026-08-14,3.572
508600.SH,2026-08-17,3.573
508600.SH,2026-08-18,3.569
508600.SH,2026-08-19,3.572
508600.SH,2026-08-20,3.569
508600.SH,2026-08-21,3.573
508600.SH,2026-08-24,3.58
508600.SH,2026-08-25,3.579
508600.SH,2026-08-26,3.615
508600.SH,2026-08-27,3.62
508600.SH,2026-08-28,3.616
508600.SH,2026-08-31,3.608
508600.SH,2026-09-01,3.598
508600.SH,2026-09-02,3.586
508600.SH,2026-09-03,3.587
508600.SH,2026-09-04,3.588
508600.SH,2026-09-07,3.57
508600.SH,2026-09-08,3.57
508600.SH,2026-09-09,3.562
508600.SH,2026-09-10,3.56
508600.SH,2026-09-11,3.563
508600.SH,2026-09-14,3.555
508600.SH,2026-09-15,3.555
508600.SH,2026-09-16,3.553
508600.SH,2026-09-17,3.552
508600.SH,2026-09-18,3.531
508600.SH,2026-09-21,3.529
508600.SH,2026-09-22,3.523
508600.SH,2026-09-23,3.517
508600.SH,2026-09-24,3.506
508600.SH,2026-09-28,3.503
508600.SH,2026-09-29,3.5
508600.SH,2026-09-30,3.5
508601.SH,2026-06-18,3.056
508601.SH,2026-06-22,3.08
508601.SH,2026-06-23,3.034
508601.SH,2026-06-24,2.998
508601.SH,2026-06-25,3.012
508601.SH,2026-06-26,2.984
508601.SH,2026-06-29,3.007
508601.SH,2026-06-30,3.087
508601.SH,2026-07-01,3.077
508601.SH,2026-07-02,3.066
508601.SH,2026-07-03,3.08
508601.SH,2026-07-06,3.075
508601.SH,2026-07-07,3.069
508601.SH,2026-07-08,3.054
508601.SH,2026-07-09,3.055
508601.SH,2026-07-10,3.059
508601.SH,2026-07-13,3.028
508601.SH,2026-07-14,3.02
508601.SH,2026-07-15,3.025
508601.SH,2026-07-16,3.021
508601.SH,2026-07-17,3.014
508601.SH,2026-07-20,3.012
508601.SH,2026-07-21,3.011
508601.SH,2026-07-22,2.989
508601.SH,2026-07-23,2.997
508601.SH,2026-07-24,3.006
508601.SH,2026-07-27,2.988
508601.SH,2026-07-28,2.977
508601.SH,2026-07-29,2.967
508601.SH,2026-07-30,2.975
508601.SH,2026-07-31,3.009
508601.SH,2026-08-03,3.013
508601.SH,2026-08-04,3.009
508601.SH,2026-08-05,2.978
508601.SH,2026-08-06,2.98
508601.SH,2026-08-07,2.98
508601.SH,2026-08-10,2.982
508601.SH,2026-08-11,2.97
508601.SH,2026-08-12,2.965
508601.SH,2026-08-13,2.964
508601.SH,2026-08-14,2.961
508601.SH,2026-08-17,2.957
508601.SH,2026-08-18,2.949
508601.SH,2026-08-19,2.96
508601.SH,2026-08-20,2.98
508601.SH,2026-08-21,2.981
508601.SH,2026-08-24,2.982
508601.SH,2026-08-25,2.989
508601.SH,2026-08-26,3.019
508601.SH,2026-08-27,3.013
508601.SH,2026-08-28,3.01
508601.SH,2026-08-31,3.007
508601.SH,2026-09-01,3.005
508601.SH,2026-09-02,2.986
508601.SH,2026-09-03,2.979
508601.SH,2026-09-04,2.98
508601.SH,2026-09-07,2.954
508601.SH,2026-09-08,2.96
508601.SH,2026-09-09,2.969
508601.SH,2026-09-10,2.958
508601.SH,2026-09-11,2.959
508601.SH,2026-09-14,2.944
508601.SH,2026-09-15,2.951
508601.SH,2026-09-16,2.949
508601.SH,2026-09-17,2.967
508601.SH,2026-09-18,2.967
508601.SH,2026-09-21,2.949
508601.SH,2026-09-22,2.944
508601.SH,2026-09-23,2.944
508601.SH,2026-09-24,2.945
508601.SH,2026-09-28,2.937
508601.SH,2026-09-29,2.924
508601.SH,2026-09-30,2.92
508602.SH,2026-06-18,6.144
508602.SH,2026-06-22,6.056
508602.SH,2026-06-23,6.06
508602.SH,2026-06-24,6.074
508602.SH,2026-06-25,6.323
508602.SH,2026-06-26,6.299
508602.SH,2026-06-29,6.35
508602.SH,2026-06-30,6.442
508602.SH,2026-07-01,6.474
508602.SH,2026-07-02,6.47
508602.SH,2026-07-03,6.519
508602.SH,2026-07-06,6.519
508602.SH,2026-07-07,6.489
508602.SH,2026-07-08,6.475
508602.SH,2026-07-09,6.474
508602.SH,2026-07-10,6.51
508602.SH,2026-07-13,6.511
508602.SH,2026-07-14,6.5
508602.SH,2026-07-15,6.498
508602.SH,2026-07-16,6.498
508602.SH,2026-07-17,6.5
508602.SH,2026-07-20,6.476
508602.SH,2026-07-21,6.498
508602.SH,2026-07-22,6.486
508602.SH,2026-07-23,6.48
508602.SH,2026-07-24,6.513
508602.SH,2026-07-27,6.48
508602.SH,2026-07-28,6.43
508602.SH,2026-07-29,6.425
508602.SH,2026-07-30,6.421
508602.SH,2026-07-31,6.46
508602.SH,2026-08-03,6.471
508602.SH,2026-08-04,6.45
508602.SH,2026-08-05,6.424
508602.SH,2026-08-06,6.435
508602.SH,2026-08-07,6.44
508602.SH,2026-08-10,6.4
508602.SH,2026-08-11,6.4
508602.SH,2026-08-12,6.349
508602.SH,2026-08-13,6.282
508602.SH,2026-08-14,6.276
508602.SH,2026-08-17,6.269
508602.SH,2026-08-18,6.328
508602.SH,2026-08-19,6.335
508602.SH,2026-08-20,6.419
508602.SH,2026-08-21,6.422
508602.SH,2026-08-24,6.409
508602.SH,2026-08-25,6.387
508602.SH,2026-08-26,6.477
508602.SH,2026-08-27,6.463
508602.SH,2026-08-28,6.456
508602.SH,2026-08-31,6.464
508602.SH,2026-09-01,6.426
508602.SH,2026-09-02,6.42
508602.SH,2026-09-03,6.386
508602.SH,2026-09-04,6.424
508602.SH,2026-09-07,6.41
508602.SH,2026-09-08,6.406
508602.SH,2026-09-09,6.402
508602.SH,2026-09-10,6.399
508602.SH,2026-09-11,6.39
508602.SH,2026-09-14,6.357
508602.SH,2026-09-15,6.372
508602.SH,2026-09-16,6.366
508602.SH,2026-09-17,6.397
508602.SH,2026-09-18,6.4
508602.SH,2026-09-21,6.395
508602.SH,2026-09-22,6.395
508602.SH,2026-09-23,6.399
508602.SH,2026-09-24,6.421
508602.SH,2026-09-28,6.405
508602.SH,2026-09-29,6.369
508602.SH,2026-09-30,6.36
508603.SH,2026-06-18,3.888
508603.SH,2026-06-22,3.848
508603.SH,2026-06-23,3.85
508603.SH,2026-06-24,3.815
508603.SH,2026-06-25,3.849
508603.SH,2026-06-26,3.847
508603.SH,2026-06-29,3.852
508603.SH,2026-06-30,3.919
508603.SH,2026-07-01,3.962
508603.SH,2026-07-02,3.96
508603.SH,2026-07-03,3.975
508603.SH,2026-07-06,3.98
508603.SH,2026-07-07,3.981
508603.SH,2026-07-08,3.983
508603.SH,2026-07-09,3.985
508603.SH,2026-07-10,4.002
508603.SH,2026-07-13,4.01
508603.SH,2026-07-14,3.99
508603.SH,2026-07-15,4.002
508603.SH,2026-07-16,4.009
508603.SH,2026-07-17,3.995
508603.SH,2026-07-20,3.982
508603.SH,2026-07-21,3.984
508603.SH,2026-07-22,3.99
508603.SH,2026-07-23,3.98
508603.SH,2026-07-24,3.977
508603.SH,2026-07-27,3.961
508603.SH,2026-07-28,3.927
508603.SH,2026-07-29,3.92
508603.SH,2026-07-30,3.92
508603.SH,2026-07-31,3.932
508603.SH,2026-08-03,3.923
508603.SH,2026-08-04,3.92
508603.SH,2026-08-05,3.89
508603.SH,2026-08-06,3.89
508603.SH,2026-08-07,3.895
508603.SH,2026-08-10,3.897
508603.SH,2026-08-11,3.897
508603.SH,2026-08-12,3.896
508603.SH,2026-08-13,3.876
508603.SH,2026-08-14,3.86
508603.SH,2026-08-17,3.849
508603.SH,2026-08-18,3.862
508603.SH,2026-08-19,3.88
508603.SH,2026-08-20,3.889
508603.SH,2026-08-21,3.891
508603.SH,2026-08-24,3.894
508603.SH,2026-08-25,3.902
508603.SH,2026-08-26,3.941
508603.SH,2026-08-27,3.948
508603.SH,2026-08-28,3.93
508603.SH,2026-08-31,3.914
508603.SH,2026-09-01,3.886
508603.SH,2026-09-02,3.886
508603.SH,2026-09-03,3.884
508603.SH,2026-09-04,3.878
508603.SH,2026-09-07,3.877
508603.SH,2026-09-08,3.866
508603.SH,2026-09-09,3.877
508603.SH,2026-09-10,3.869
508603.SH,2026-09-11,3.856
508603.SH,2026-09-14,3.841
508603.SH,2026-09-15,3.845
508603.SH,2026-09-16,3.852
508603.SH,2026-09-17,3.859
508603.SH,2026-09-18,3.857
508603.SH,2026-09-21,3.853
508603.SH,2026-09-22,3.84
508603.SH,2026-09-23,3.86
508603.SH,2026-09-24,3.861
508603.SH,2026-09-28,3.863
508603.SH,2026-09-29,3.849
508603.SH,2026-09-30,3.841
